dealer_id,dealer_name,city_id,city_name,state_code,state_name,region,tier,channel,is_urban,monthly_capacity_units,years_active,onboarded_date,latitude,longitude,credit_limit_inr,is_active
DLR-100001,New Delhi A962 Distributors,CITY-1010,New Delhi,DL,Delhi,North,A,Online Marketplace,True,2202,25,2000-09-26,28.605,77.1995,4197560,True
DLR-100002,Rohini A316 Distributors,CITY-1012,Rohini,DL,Delhi,North,A,Multi-Brand Outlet,True,2516,15,2010-09-29,28.7289,77.0471,2860997,True
DLR-100003,Dwarka A747 Distributors,CITY-1011,Dwarka,DL,Delhi,North,A,Retail Store,True,3562,20,2006-02-25,28.5416,77.0423,2873203,True
DLR-100004,Dwarka C127 Distributors,CITY-1011,Dwarka,DL,Delhi,North,C,Retail Store,True,312,3,2022-07-12,28.6006,77.0926,572745,True
DLR-100005,New Delhi B646 Distributors,CITY-1010,New Delhi,DL,Delhi,North,B,Retail Store,True,647,10,2016-02-26,28.5925,77.233,884227,True
DLR-100006,New Delhi C306 Distributors,CITY-1010,New Delhi,DL,Delhi,North,C,Retail Store,True,406,5,2020-09-21,28.5836,77.1856,533097,False
DLR-100007,New Delhi A506 Distributors,CITY-1010,New Delhi,DL,Delhi,North,A,Multi-Brand Outlet,True,2363,14,2011-09-01,28.5914,77.2109,3604285,True
DLR-100008,Rohini B673 Distributors,CITY-1012,Rohini,DL,Delhi,North,B,Retail Store,True,1124,10,2015-10-24,28.7595,77.108,1753534,True
DLR-100009,Dwarka C572 Distributors,CITY-1011,Dwarka,DL,Delhi,North,C,Retail Store,True,193,4,2021-07-15,28.6283,77.0324,228049,True
DLR-100010,Dwarka B417 Distributors,CITY-1011,Dwarka,DL,Delhi,North,B,Retail Store,True,1232,7,2018-09-07,28.5705,77.0165,1313964,True
DLR-100011,New Delhi B596 Distributors,CITY-1010,New Delhi,DL,Delhi,North,B,Retail Store,True,1426,9,2016-11-19,28.6119,77.2303,1575300,True
DLR-100012,Rohini C741 Distributors,CITY-1012,Rohini,DL,Delhi,North,C,Retail Store,True,536,1,2025-01-15,28.7185,77.0237,693179,True
DLR-100013,Rohini B515 Distributors,CITY-1012,Rohini,DL,Delhi,North,B,Institutional/B2B,True,984,6,2019-12-23,28.7045,77.0689,1487056,True
DLR-100014,New Delhi B610 Distributors,CITY-1010,New Delhi,DL,Delhi,North,B,Retail Store,True,1000,9,2016-07-22,28.607,77.2583,908347,True
DLR-100015,New Delhi B610 Distributors,CITY-1010,New Delhi,DL,Delhi,North,B,Retail Store,True,925,16,2009-08-14,28.6191,77.2278,991410,True
DLR-100016,New Delhi A250 Distributors,CITY-1010,New Delhi,DL,Delhi,North,A,Retail Store,True,3459,14,2011-05-27,28.6438,77.2276,5014642,True
DLR-100017,New Delhi B403 Distributors,CITY-1010,New Delhi,DL,Delhi,North,B,Retail Store,True,743,13,2013-01-07,28.6155,77.213,1455167,True
DLR-100018,Dwarka C153 Distributors,CITY-1011,Dwarka,DL,Delhi,North,C,Multi-Brand Outlet,True,158,9,2017-01-19,28.61,77.0847,274264,True
DLR-100019,New Delhi A198 Distributors,CITY-1010,New Delhi,DL,Delhi,North,A,Retail Store,True,2943,13,2013-01-15,28.6206,77.1609,5792991,True
DLR-100020,New Delhi B900 Distributors,CITY-1010,New Delhi,DL,Delhi,North,B,Retail Store,True,1305,9,2016-11-16,28.6252,77.1824,1817437,True
DLR-100021,Dwarka B982 Distributors,CITY-1011,Dwarka,DL,Delhi,North,B,Retail Store,True,991,10,2015-10-16,28.6058,77.0568,1549526,True
DLR-100022,New Delhi C383 Distributors,CITY-1010,New Delhi,DL,Delhi,North,C,Retail Store,True,379,3,2022-08-06,28.6231,77.2395,607426,True
DLR-100023,New Delhi B319 Distributors,CITY-1010,New Delhi,DL,Delhi,North,B,Retail Store,True,1415,6,2020-04-23,28.5624,77.2245,1929965,True
DLR-100024,New Delhi C198 Distributors,CITY-1010,New Delhi,DL,Delhi,North,C,Online Marketplace,True,529,9,2017-03-22,28.6528,77.2028,1045514,True
DLR-100025,New Delhi B422 Distributors,CITY-1010,New Delhi,DL,Delhi,North,B,Multi-Brand Outlet,True,760,6,2019-12-21,28.5973,77.1995,1127895,True
DLR-100026,Rohini C492 Distributors,CITY-1012,Rohini,DL,Delhi,North,C,Retail Store,True,491,7,2018-12-22,28.7418,77.1077,806703,True
DLR-100027,New Delhi B924 Distributors,CITY-1010,New Delhi,DL,Delhi,North,B,Retail Store,True,1358,13,2012-05-09,28.5856,77.2212,2109616,True
DLR-100028,Dwarka A953 Distributors,CITY-1011,Dwarka,DL,Delhi,North,A,Retail Store,True,1899,21,2004-12-09,28.5776,77.0094,2266994,True
DLR-100029,Dwarka C543 Distributors,CITY-1011,Dwarka,DL,Delhi,North,C,Retail Store,True,299,6,2019-06-27,28.5437,77.0823,356402,True
DLR-100030,New Delhi B146 Distributors,CITY-1010,New Delhi,DL,Delhi,North,B,Retail Store,True,1219,8,2018-01-15,28.5685,77.1652,1998446,True
DLR-100031,Dwarka A157 Distributors,CITY-1011,Dwarka,DL,Delhi,North,A,Retail Store,True,1869,17,2008-11-23,28.5441,77.0399,1671161,False
DLR-100032,New Delhi C737 Distributors,CITY-1010,New Delhi,DL,Delhi,North,C,Retail Store,True,428,9,2016-12-20,28.5773,77.1756,390613,True
DLR-100033,New Delhi C175 Distributors,CITY-1010,New Delhi,DL,Delhi,North,C,Retail Store,True,534,7,2018-10-18,28.6154,77.2212,789916,True
DLR-100034,Rohini A303 Distributors,CITY-1012,Rohini,DL,Delhi,North,A,Retail Store,True,2743,12,2014-03-13,28.6941,77.1055,2250887,True
DLR-100035,Rohini C936 Distributors,CITY-1012,Rohini,DL,Delhi,North,C,Retail Store,True,249,1,2024-08-15,28.7334,77.0599,464140,True
DLR-100036,Rohini A357 Distributors,CITY-1012,Rohini,DL,Delhi,North,A,Online Marketplace,True,3989,8,2017-06-07,28.7584,77.0816,3318104,True
DLR-100037,New Delhi C712 Distributors,CITY-1010,New Delhi,DL,Delhi,North,C,Retail Store,True,301,2,2023-11-15,28.6243,77.2058,466889,True
DLR-100038,New Delhi C875 Distributors,CITY-1010,New Delhi,DL,Delhi,North,C,Retail Store,True,192,2,2023-08-17,28.5694,77.2283,242395,True
DLR-100039,Dwarka B475 Distributors,CITY-1011,Dwarka,DL,Delhi,North,B,Online Marketplace,True,714,12,2013-10-15,28.6093,77.0348,1201008,True
DLR-100040,New Delhi B195 Distributors,CITY-1010,New Delhi,DL,Delhi,North,B,Retail Store,True,993,8,2017-10-18,28.6176,77.2332,1200501,True
DLR-100041,New Delhi C980 Distributors,CITY-1010,New Delhi,DL,Delhi,North,C,Retail Store,True,518,7,2019-04-15,28.634,77.1838,728464,True
DLR-100042,New Delhi B364 Distributors,CITY-1010,New Delhi,DL,Delhi,North,B,Multi-Brand Outlet,True,1298,6,2019-11-02,28.5653,77.2559,1535762,True
DLR-100043,New Delhi C583 Distributors,CITY-1010,New Delhi,DL,Delhi,North,C,Retail Store,True,488,5,2021-02-17,28.5893,77.1929,944491,True
DLR-100044,Rohini A942 Distributors,CITY-1012,Rohini,DL,Delhi,North,A,Retail Store,True,2565,14,2011-09-19,28.6956,77.0937,2412332,True
DLR-100045,New Delhi C894 Distributors,CITY-1010,New Delhi,DL,Delhi,North,C,Retail Store,True,550,6,2020-04-20,28.6026,77.1823,906119,True
DLR-100046,Dwarka A316 Distributors,CITY-1011,Dwarka,DL,Delhi,North,A,Online Marketplace,True,3886,15,2010-04-30,28.5771,77.0813,5868895,True
DLR-100047,New Delhi C550 Distributors,CITY-1010,New Delhi,DL,Delhi,North,C,Retail Store,True,424,6,2019-11-12,28.6024,77.2506,468273,True
DLR-100048,Dwarka C447 Distributors,CITY-1011,Dwarka,DL,Delhi,North,C,Retail Store,True,297,8,2017-06-15,28.6223,77.0744,580518,True
DLR-100049,Dwarka B928 Distributors,CITY-1011,Dwarka,DL,Delhi,North,B,Online Marketplace,True,1423,4,2021-12-31,28.6363,77.0012,1689419,True
DLR-100050,Patiala B204 Distributors,CITY-1074,Patiala,PB,Punjab,North,B,Retail Store,False,881,12,2013-05-22,30.3729,76.3969,1143347,True
DLR-100051,Patiala A664 Distributors,CITY-1074,Patiala,PB,Punjab,North,A,Retail Store,False,2017,24,2001-10-17,30.39,76.4397,3900310,True
DLR-100052,Ludhiana B980 Distributors,CITY-1070,Ludhiana,PB,Punjab,North,B,Retail Store,True,677,12,2014-04-28,30.9454,75.8706,1156586,True
DLR-100053,Hoshiarpur B367 Distributors,CITY-1073,Hoshiarpur,PB,Punjab,North,B,Retail Store,True,1150,13,2012-08-22,31.532,75.9372,2046612,True
DLR-100054,Ludhiana A677 Distributors,CITY-1070,Ludhiana,PB,Punjab,North,A,Multi-Brand Outlet,True,2262,24,2002-01-10,30.898,75.8521,3994813,True
DLR-100055,Ludhiana C546 Distributors,CITY-1070,Ludhiana,PB,Punjab,North,C,Retail Store,True,375,6,2019-06-26,30.909,75.8492,626878,True
DLR-100056,Ludhiana B237 Distributors,CITY-1070,Ludhiana,PB,Punjab,North,B,Online Marketplace,True,934,15,2011-03-31,30.9122,75.8962,1785719,True
DLR-100057,Ludhiana B851 Distributors,CITY-1070,Ludhiana,PB,Punjab,North,B,Retail Store,True,668,5,2020-08-08,30.8993,75.8429,808197,True
DLR-100058,Bathinda B963 Distributors,CITY-1075,Bathinda,PB,Punjab,North,B,Retail Store,False,1447,14,2012-04-21,30.178,74.9697,1980586,True
DLR-100059,Hoshiarpur A744 Distributors,CITY-1073,Hoshiarpur,PB,Punjab,North,A,Retail Store,True,2528,25,2001-01-30,31.5148,75.8632,3420218,True
DLR-100060,Amritsar B313 Distributors,CITY-1071,Amritsar,PB,Punjab,North,B,Retail Store,True,677,13,2012-07-02,31.6122,74.8292,608021,True
DLR-100061,Hoshiarpur C791 Distributors,CITY-1073,Hoshiarpur,PB,Punjab,North,C,Retail Store,True,210,1,2025-03-31,31.5668,75.8685,220756,True
DLR-100062,Patiala B411 Distributors,CITY-1074,Patiala,PB,Punjab,North,B,Retail Store,False,1073,15,2011-02-11,30.3363,76.4147,1029801,True
DLR-100063,Bathinda C584 Distributors,CITY-1075,Bathinda,PB,Punjab,North,C,Retail Store,False,512,2,2023-07-07,30.2133,74.9242,521595,True
DLR-100064,Ludhiana C332 Distributors,CITY-1070,Ludhiana,PB,Punjab,North,C,Retail Store,True,235,9,2016-12-04,30.8843,75.8574,328560,True
DLR-100065,Amritsar C381 Distributors,CITY-1071,Amritsar,PB,Punjab,North,C,Retail Store,True,183,8,2017-09-04,31.5928,74.8484,279819,True
DLR-100066,Ludhiana B723 Distributors,CITY-1070,Ludhiana,PB,Punjab,North,B,Retail Store,True,1340,12,2013-07-14,30.8508,75.8325,1330375,True
DLR-100067,Ludhiana B328 Distributors,CITY-1070,Ludhiana,PB,Punjab,North,B,Retail Store,True,1206,11,2014-06-22,30.9342,75.8152,2386498,True
DLR-100068,Ludhiana B673 Distributors,CITY-1070,Ludhiana,PB,Punjab,North,B,Retail Store,True,1331,14,2012-04-25,30.8505,75.9075,2549199,True
DLR-100069,Jalandhar C631 Distributors,CITY-1072,Jalandhar,PB,Punjab,North,C,Retail Store,True,584,5,2020-06-05,31.3768,75.6011,637080,True
DLR-100070,Amritsar C358 Distributors,CITY-1071,Amritsar,PB,Punjab,North,C,Retail Store,True,469,6,2019-07-09,31.6306,74.9132,404366,True
DLR-100071,Ludhiana A418 Distributors,CITY-1070,Ludhiana,PB,Punjab,North,A,Retail Store,True,3442,17,2008-11-09,30.8702,75.8785,5568478,True
DLR-100072,Ludhiana C433 Distributors,CITY-1070,Ludhiana,PB,Punjab,North,C,Retail Store,True,557,6,2020-01-24,30.8607,75.8951,1069175,True
DLR-100073,Amritsar B878 Distributors,CITY-1071,Amritsar,PB,Punjab,North,B,Multi-Brand Outlet,True,1146,4,2021-07-05,31.6522,74.8248,2010451,True
DLR-100074,Ludhiana A700 Distributors,CITY-1070,Ludhiana,PB,Punjab,North,A,Multi-Brand Outlet,True,2224,12,2014-04-24,30.8736,75.8734,4120272,True
DLR-100075,Amritsar C674 Distributors,CITY-1071,Amritsar,PB,Punjab,North,C,Retail Store,True,444,8,2018-04-14,31.67,74.8824,623049,True
DLR-100076,Ludhiana C678 Distributors,CITY-1070,Ludhiana,PB,Punjab,North,C,Retail Store,True,599,5,2021-01-13,30.8729,75.8643,930396,True
DLR-100077,Ludhiana A510 Distributors,CITY-1070,Ludhiana,PB,Punjab,North,A,Retail Store,True,3146,8,2017-09-09,30.9073,75.9098,5325346,True
DLR-100078,Amritsar C914 Distributors,CITY-1071,Amritsar,PB,Punjab,North,C,Retail Store,True,159,5,2020-12-25,31.6555,74.8303,288703,True
DLR-100079,Jalandhar B510 Distributors,CITY-1072,Jalandhar,PB,Punjab,North,B,Retail Store,True,756,11,2014-08-11,31.3286,75.5709,1186449,True
DLR-100080,Ludhiana C811 Distributors,CITY-1070,Ludhiana,PB,Punjab,North,C,Retail Store,True,448,5,2020-11-30,30.8682,75.9008,586125,True
DLR-100081,Ludhiana C559 Distributors,CITY-1070,Ludhiana,PB,Punjab,North,C,Multi-Brand Outlet,True,367,8,2017-09-30,30.9111,75.8118,338614,True
DLR-100082,Ludhiana C150 Distributors,CITY-1070,Ludhiana,PB,Punjab,North,C,Retail Store,True,442,8,2017-12-22,30.8653,75.8676,744210,True
DLR-100083,Bathinda C924 Distributors,CITY-1075,Bathinda,PB,Punjab,North,C,Retail Store,False,556,1,2024-06-28,30.1836,74.9166,666408,True
DLR-100084,Amritsar B902 Distributors,CITY-1071,Amritsar,PB,Punjab,North,B,Retail Store,True,1260,12,2013-06-24,31.6135,74.9003,1610031,True
DLR-100085,Jalandhar C975 Distributors,CITY-1072,Jalandhar,PB,Punjab,North,C,Retail Store,True,535,7,2018-09-30,31.3281,75.6218,1013985,True
DLR-100086,Patiala C765 Distributors,CITY-1074,Patiala,PB,Punjab,North,C,Retail Store,False,329,6,2019-05-19,30.3211,76.418,268369,True
DLR-100087,Ludhiana A459 Distributors,CITY-1070,Ludhiana,PB,Punjab,North,A,Retail Store,True,2607,16,2009-11-04,30.9057,75.8961,3656666,True
DLR-100088,Patiala A576 Distributors,CITY-1074,Patiala,PB,Punjab,North,A,Retail Store,False,3762,26,1999-10-04,30.3249,76.3868,5140699,True
DLR-100089,Jalandhar A930 Distributors,CITY-1072,Jalandhar,PB,Punjab,North,A,Retail Store,True,2894,22,2003-10-20,31.3334,75.5781,2672834,True
DLR-100090,Ludhiana A277 Distributors,CITY-1070,Ludhiana,PB,Punjab,North,A,Retail Store,True,2299,17,2008-11-19,30.8909,75.8125,4231062,True
DLR-100091,Amritsar C678 Distributors,CITY-1071,Amritsar,PB,Punjab,North,C,Multi-Brand Outlet,True,472,8,2017-08-16,31.582,74.8304,880257,True
DLR-100092,Hoshiarpur C599 Distributors,CITY-1073,Hoshiarpur,PB,Punjab,North,C,Online Marketplace,True,440,8,2018-02-09,31.5403,75.9407,704748,True
DLR-100093,Amritsar B647 Distributors,CITY-1071,Amritsar,PB,Punjab,North,B,Retail Store,True,606,13,2012-08-09,31.6536,74.9048,952335,True
DLR-100094,Bathinda C495 Distributors,CITY-1075,Bathinda,PB,Punjab,North,C,Retail Store,False,346,4,2022-04-16,30.1859,74.938,621687,True
DLR-100095,Panipat C154 Distributors,CITY-1078,Panipat,HR,Haryana,North,C,Online Marketplace,False,160,4,2022-01-04,29.4122,76.971,255424,True
DLR-100096,Faridabad C606 Distributors,CITY-1077,Faridabad,HR,Haryana,North,C,Retail Store,True,438,4,2021-08-31,28.3862,77.3295,664100,True
DLR-100097,Hisar C141 Distributors,CITY-1080,Hisar,HR,Haryana,North,C,Retail Store,False,222,9,2016-07-06,29.1728,75.7195,300059,True
DLR-100098,Gurugram A916 Distributors,CITY-1076,Gurugram,HR,Haryana,North,A,Retail Store,True,1607,19,2007-01-19,28.469,77.0161,1549441,True
DLR-100099,Ambala B180 Distributors,CITY-1081,Ambala,HR,Haryana,North,B,Retail Store,False,1414,15,2010-06-16,30.4158,76.8058,2249023,True
DLR-100100,Panipat C637 Distributors,CITY-1078,Panipat,HR,Haryana,North,C,Retail Store,False,174,2,2024-01-28,29.4047,76.9793,147432,True
DLR-100101,Gurugram C236 Distributors,CITY-1076,Gurugram,HR,Haryana,North,C,Retail Store,True,556,5,2021-01-31,28.5015,76.9834,573302,True
DLR-100102,Faridabad B589 Distributors,CITY-1077,Faridabad,HR,Haryana,North,B,Retail Store,True,1076,5,2020-09-16,28.4462,77.3545,1693038,True
DLR-100103,Ambala B282 Distributors,CITY-1081,Ambala,HR,Haryana,North,B,Retail Store,False,1219,15,2010-07-03,30.3277,76.7996,1566881,True
DLR-100104,Faridabad C549 Distributors,CITY-1077,Faridabad,HR,Haryana,North,C,Multi-Brand Outlet,True,153,6,2019-09-30,28.412,77.3127,126879,True
DLR-100105,Gurugram A913 Distributors,CITY-1076,Gurugram,HR,Haryana,North,A,Retail Store,True,2258,20,2005-12-11,28.4484,77.0733,2756688,True
DLR-100106,Faridabad B458 Distributors,CITY-1077,Faridabad,HR,Haryana,North,B,Retail Store,True,844,15,2010-10-27,28.4181,77.2972,1204407,True
DLR-100107,Faridabad A684 Distributors,CITY-1077,Faridabad,HR,Haryana,North,A,Retail Store,True,2665,25,2000-06-12,28.4316,77.3289,2482077,True
DLR-100108,Panipat A418 Distributors,CITY-1078,Panipat,HR,Haryana,North,A,Institutional/B2B,False,3734,12,2014-02-27,29.3659,76.9689,7220355,True
DLR-100109,Faridabad C409 Distributors,CITY-1077,Faridabad,HR,Haryana,North,C,Multi-Brand Outlet,True,302,7,2019-03-07,28.3665,77.3102,461843,True
DLR-100110,Faridabad B616 Distributors,CITY-1077,Faridabad,HR,Haryana,North,B,Multi-Brand Outlet,True,825,12,2013-09-23,28.3637,77.3657,717264,True
DLR-100111,Gurugram C161 Distributors,CITY-1076,Gurugram,HR,Haryana,North,C,Retail Store,True,248,4,2021-08-29,28.4274,77.0196,494909,True
DLR-100112,Faridabad B716 Distributors,CITY-1077,Faridabad,HR,Haryana,North,B,Retail Store,True,1380,11,2015-01-30,28.4193,77.328,1751777,True
DLR-100113,Faridabad B360 Distributors,CITY-1077,Faridabad,HR,Haryana,North,B,Retail Store,True,794,12,2013-09-15,28.4462,77.351,1335710,True
DLR-100114,Gurugram B415 Distributors,CITY-1076,Gurugram,HR,Haryana,North,B,Retail Store,True,637,11,2014-08-21,28.4823,77.0296,593277,True
DLR-100115,Hisar C667 Distributors,CITY-1080,Hisar,HR,Haryana,North,C,Multi-Brand Outlet,False,263,8,2017-07-01,29.1481,75.7292,419362,True
DLR-100116,Faridabad C670 Distributors,CITY-1077,Faridabad,HR,Haryana,North,C,Multi-Brand Outlet,True,438,6,2019-09-24,28.4397,77.3358,434706,True
DLR-100117,Faridabad B846 Distributors,CITY-1077,Faridabad,HR,Haryana,North,B,Retail Store,True,1292,13,2012-05-08,28.4219,77.3453,2524023,True
DLR-100118,Karnal C688 Distributors,CITY-1079,Karnal,HR,Haryana,North,C,Retail Store,False,575,5,2020-11-20,29.7309,76.9401,810152,False
DLR-100119,Faridabad B547 Distributors,CITY-1077,Faridabad,HR,Haryana,North,B,Retail Store,True,645,14,2012-01-07,28.416,77.2816,933948,True
DLR-100120,Karnal A434 Distributors,CITY-1079,Karnal,HR,Haryana,North,A,Retail Store,False,3961,14,2012-02-15,29.6832,77.024,7598915,True
DLR-100121,Faridabad C500 Distributors,CITY-1077,Faridabad,HR,Haryana,North,C,Retail Store,True,501,4,2021-08-28,28.4547,77.2866,750800,True
DLR-100122,Gurugram C326 Distributors,CITY-1076,Gurugram,HR,Haryana,North,C,Retail Store,True,359,2,2023-07-31,28.5073,77.0769,543265,True
DLR-100123,Faridabad A615 Distributors,CITY-1077,Faridabad,HR,Haryana,North,A,Retail Store,True,3626,26,2000-03-05,28.3601,77.2859,4755200,True
DLR-100124,Faridabad A638 Distributors,CITY-1077,Faridabad,HR,Haryana,North,A,Retail Store,True,2386,18,2007-07-17,28.3682,77.338,4394213,True
DLR-100125,Panipat A552 Distributors,CITY-1078,Panipat,HR,Haryana,North,A,Retail Store,False,2488,28,1997-07-04,29.382,76.9739,4928163,True
DLR-100126,Gurugram C370 Distributors,CITY-1076,Gurugram,HR,Haryana,North,C,Retail Store,True,164,2,2023-11-15,28.4131,77.0452,223997,True
DLR-100127,Gurugram A298 Distributors,CITY-1076,Gurugram,HR,Haryana,North,A,Multi-Brand Outlet,True,2484,24,2002-01-29,28.4877,77.0571,3853837,True
DLR-100128,Gurugram A993 Distributors,CITY-1076,Gurugram,HR,Haryana,North,A,Retail Store,True,1877,10,2016-03-13,28.4562,76.9801,3045767,True
DLR-100129,Gurugram B820 Distributors,CITY-1076,Gurugram,HR,Haryana,North,B,Institutional/B2B,True,1430,9,2017-01-01,28.469,77.0233,1163940,True
DLR-100130,Panipat B524 Distributors,CITY-1078,Panipat,HR,Haryana,North,B,Online Marketplace,False,965,9,2017-03-27,29.4057,76.9857,817878,True
DLR-100131,Gurugram A759 Distributors,CITY-1076,Gurugram,HR,Haryana,North,A,Retail Store,True,3948,19,2007-03-16,28.4242,77.0299,4797688,True
DLR-100132,Faridabad C215 Distributors,CITY-1077,Faridabad,HR,Haryana,North,C,Retail Store,True,502,2,2023-09-14,28.3688,77.3051,617139,True
DLR-100133,Faridabad C416 Distributors,CITY-1077,Faridabad,HR,Haryana,North,C,Retail Store,True,239,2,2023-12-05,28.38,77.2867,393817,True
DLR-100134,Faridabad C417 Distributors,CITY-1077,Faridabad,HR,Haryana,North,C,Multi-Brand Outlet,True,508,9,2016-10-06,28.4471,77.3414,779632,True
DLR-100135,Karnal C799 Distributors,CITY-1079,Karnal,HR,Haryana,North,C,Retail Store,False,357,4,2021-06-17,29.7184,76.9881,599012,True
DLR-100136,Faridabad A455 Distributors,CITY-1077,Faridabad,HR,Haryana,North,A,Institutional/B2B,True,3634,19,2007-04-06,28.4472,77.2919,6152852,True
DLR-100137,Panipat B451 Distributors,CITY-1078,Panipat,HR,Haryana,North,B,Retail Store,False,887,6,2019-07-02,29.3955,76.9819,1287014,True
DLR-100138,Faridabad A916 Distributors,CITY-1077,Faridabad,HR,Haryana,North,A,Multi-Brand Outlet,True,2254,10,2016-01-26,28.4018,77.2904,4151703,True
DLR-100139,Gurugram C661 Distributors,CITY-1076,Gurugram,HR,Haryana,North,C,Retail Store,True,553,5,2021-04-23,28.4835,77.0568,1017762,True
DLR-100140,Ambala B854 Distributors,CITY-1081,Ambala,HR,Haryana,North,B,Retail Store,False,716,5,2020-09-11,30.4073,76.8201,1081747,True
DLR-100141,Gurugram B199 Distributors,CITY-1076,Gurugram,HR,Haryana,North,B,Retail Store,True,836,5,2021-03-18,28.4936,77.0036,1580741,True
DLR-100142,Gurugram B927 Distributors,CITY-1076,Gurugram,HR,Haryana,North,B,Retail Store,True,933,5,2020-07-08,28.4954,77.0292,1199861,True
DLR-100143,Panipat C165 Distributors,CITY-1078,Panipat,HR,Haryana,North,C,Online Marketplace,False,233,2,2023-09-08,29.3564,76.9491,426292,False
DLR-100144,Gurugram C729 Distributors,CITY-1076,Gurugram,HR,Haryana,North,C,Multi-Brand Outlet,True,589,4,2021-06-30,28.4337,77.0035,591184,True
DLR-100145,Shimla C260 Distributors,CITY-1109,Shimla,HP,Himachal Pradesh,North,C,Retail Store,False,434,1,2024-12-28,31.0725,77.138,611367,True
DLR-100146,Dharamshala A322 Distributors,CITY-1110,Dharamshala,HP,Himachal Pradesh,North,A,Multi-Brand Outlet,False,3789,18,2007-12-26,32.2652,76.3339,4187108,True
DLR-100147,Shimla B845 Distributors,CITY-1109,Shimla,HP,Himachal Pradesh,North,B,Retail Store,False,893,7,2018-11-28,31.053,77.1508,1499774,True
DLR-100148,Shimla A901 Distributors,CITY-1109,Shimla,HP,Himachal Pradesh,North,A,Retail Store,False,2514,15,2010-11-24,31.0944,77.2068,4007212,True
DLR-100149,Dharamshala B939 Distributors,CITY-1110,Dharamshala,HP,Himachal Pradesh,North,B,Retail Store,False,1013,5,2020-12-03,32.2531,76.3565,1777422,True
DLR-100150,Dharamshala C803 Distributors,CITY-1110,Dharamshala,HP,Himachal Pradesh,North,C,Retail Store,False,436,5,2020-06-27,32.2351,76.2807,374024,True
DLR-100151,Shimla B709 Distributors,CITY-1109,Shimla,HP,Himachal Pradesh,North,B,Retail Store,False,1287,16,2010-02-16,31.059,77.1489,1653754,True
DLR-100152,Shimla C921 Distributors,CITY-1109,Shimla,HP,Himachal Pradesh,North,C,Retail Store,False,231,9,2016-07-23,31.0936,77.2018,364723,True
DLR-100153,Shimla C390 Distributors,CITY-1109,Shimla,HP,Himachal Pradesh,North,C,Retail Store,False,348,5,2020-06-15,31.1048,77.1796,373307,True
DLR-100154,Dharamshala C553 Distributors,CITY-1110,Dharamshala,HP,Himachal Pradesh,North,C,Retail Store,False,259,2,2023-08-05,32.208,76.3563,491344,True
DLR-100155,Dharamshala A442 Distributors,CITY-1110,Dharamshala,HP,Himachal Pradesh,North,A,Retail Store,False,2656,9,2016-06-28,32.228,76.3234,4715948,True
DLR-100156,Shimla C892 Distributors,CITY-1109,Shimla,HP,Himachal Pradesh,North,C,Multi-Brand Outlet,False,170,7,2019-01-11,31.0508,77.1847,269557,True
DLR-100157,Dharamshala A663 Distributors,CITY-1110,Dharamshala,HP,Himachal Pradesh,North,A,Retail Store,False,1640,29,1996-08-01,32.1801,76.3186,2630748,True
DLR-100158,Dharamshala C444 Distributors,CITY-1110,Dharamshala,HP,Himachal Pradesh,North,C,Retail Store,False,285,4,2021-11-20,32.2416,76.2973,406688,True
DLR-100159,Dharamshala C183 Distributors,CITY-1110,Dharamshala,HP,Himachal Pradesh,North,C,Multi-Brand Outlet,False,188,7,2018-06-20,32.2493,76.2885,259487,True
DLR-100160,Dharamshala C882 Distributors,CITY-1110,Dharamshala,HP,Himachal Pradesh,North,C,Multi-Brand Outlet,False,525,7,2018-12-31,32.2215,76.3294,804918,True
DLR-100161,Shimla C763 Distributors,CITY-1109,Shimla,HP,Himachal Pradesh,North,C,Retail Store,False,221,8,2017-10-02,31.1057,77.1456,394957,True
DLR-100162,Shimla C660 Distributors,CITY-1109,Shimla,HP,Himachal Pradesh,North,C,Retail Store,False,295,3,2022-11-14,31.065,77.1624,496853,True
DLR-100163,Shimla B689 Distributors,CITY-1109,Shimla,HP,Himachal Pradesh,North,B,Retail Store,False,1261,8,2017-12-06,31.073,77.1406,1965165,True
DLR-100164,Shimla A266 Distributors,CITY-1109,Shimla,HP,Himachal Pradesh,North,A,Retail Store,False,2843,10,2015-08-09,31.1195,77.1604,4746161,False
DLR-100165,Dharamshala B135 Distributors,CITY-1110,Dharamshala,HP,Himachal Pradesh,North,B,Retail Store,False,901,6,2020-02-19,32.2424,76.3278,813413,True
DLR-100166,Dehradun B747 Distributors,CITY-1111,Dehradun,UK,Uttarakhand,North,B,Retail Store,True,807,13,2012-11-22,30.315,78.0556,1415913,True
DLR-100167,Dehradun B420 Distributors,CITY-1111,Dehradun,UK,Uttarakhand,North,B,Retail Store,True,947,6,2020-01-14,30.272,78.0537,1714486,True
DLR-100168,Dehradun C903 Distributors,CITY-1111,Dehradun,UK,Uttarakhand,North,C,Retail Store,True,380,1,2024-07-28,30.3207,77.9959,442226,True
DLR-100169,Dehradun B506 Distributors,CITY-1111,Dehradun,UK,Uttarakhand,North,B,Retail Store,True,940,5,2020-08-21,30.3254,78.0106,1815012,True
DLR-100170,Dehradun A338 Distributors,CITY-1111,Dehradun,UK,Uttarakhand,North,A,Retail Store,True,1905,18,2007-12-09,30.3692,78.0651,2431950,True
DLR-100171,Dehradun C625 Distributors,CITY-1111,Dehradun,UK,Uttarakhand,North,C,Retail Store,True,307,8,2017-11-21,30.3421,77.9941,275410,True
DLR-100172,Dehradun A892 Distributors,CITY-1111,Dehradun,UK,Uttarakhand,North,A,Multi-Brand Outlet,True,1629,10,2015-10-05,30.3676,78.0441,2240242,True
DLR-100173,Haridwar C124 Distributors,CITY-1112,Haridwar,UK,Uttarakhand,North,C,Retail Store,False,470,6,2019-09-02,29.9175,78.1603,751797,True
DLR-100174,Dehradun B752 Distributors,CITY-1111,Dehradun,UK,Uttarakhand,North,B,Retail Store,True,1136,7,2018-11-06,30.325,78.0766,2185367,True
DLR-100175,Dehradun B566 Distributors,CITY-1111,Dehradun,UK,Uttarakhand,North,B,Retail Store,True,1046,9,2016-11-19,30.2916,78.042,1321885,True
DLR-100176,Haridwar A182 Distributors,CITY-1112,Haridwar,UK,Uttarakhand,North,A,Retail Store,False,3892,9,2016-08-04,29.9754,78.1719,3910672,True
DLR-100177,Dehradun C651 Distributors,CITY-1111,Dehradun,UK,Uttarakhand,North,C,Retail Store,True,520,7,2019-02-07,30.3392,78.0418,923917,True
DLR-100178,Dehradun B802 Distributors,CITY-1111,Dehradun,UK,Uttarakhand,North,B,Multi-Brand Outlet,True,1419,7,2018-12-25,30.3548,78.0524,1901093,True
DLR-100179,Dehradun B282 Distributors,CITY-1111,Dehradun,UK,Uttarakhand,North,B,Online Marketplace,True,691,9,2017-04-14,30.2877,78.0187,897874,True
DLR-100180,Dehradun A792 Distributors,CITY-1111,Dehradun,UK,Uttarakhand,North,A,Retail Store,True,3411,14,2012-02-24,30.3024,78.0634,6009651,True
DLR-100181,Dehradun B609 Distributors,CITY-1111,Dehradun,UK,Uttarakhand,North,B,Retail Store,True,1096,15,2010-10-21,30.3199,78.0066,1074144,True
DLR-100182,Haridwar C653 Distributors,CITY-1112,Haridwar,UK,Uttarakhand,North,C,Retail Store,False,381,3,2022-09-06,29.9614,78.196,712661,True
DLR-100183,Dehradun C341 Distributors,CITY-1111,Dehradun,UK,Uttarakhand,North,C,Retail Store,True,542,9,2016-12-20,30.3509,77.9876,458592,True
DLR-100184,Dehradun B954 Distributors,CITY-1111,Dehradun,UK,Uttarakhand,North,B,Retail Store,True,1314,10,2015-07-13,30.3086,78.025,1868625,True
DLR-100185,Haridwar C484 Distributors,CITY-1112,Haridwar,UK,Uttarakhand,North,C,Retail Store,False,598,7,2019-01-17,29.9048,78.1138,530127,True
DLR-100186,Dehradun A535 Distributors,CITY-1111,Dehradun,UK,Uttarakhand,North,A,Institutional/B2B,True,3168,27,1998-07-30,30.3088,78.0262,5479322,True
DLR-100187,Dehradun A649 Distributors,CITY-1111,Dehradun,UK,Uttarakhand,North,A,Retail Store,True,3989,12,2013-08-11,30.336,78.0564,3586674,True
DLR-100188,Dehradun C481 Distributors,CITY-1111,Dehradun,UK,Uttarakhand,North,C,Retail Store,True,285,8,2017-06-03,30.3082,78.0006,317163,True
DLR-100189,Haridwar C473 Distributors,CITY-1112,Haridwar,UK,Uttarakhand,North,C,Institutional/B2B,False,268,2,2023-08-04,29.9799,78.1393,370702,True
DLR-100190,Dehradun C764 Distributors,CITY-1111,Dehradun,UK,Uttarakhand,North,C,Retail Store,True,437,2,2024-04-15,30.2744,77.9911,546770,True
DLR-100191,Dehradun B221 Distributors,CITY-1111,Dehradun,UK,Uttarakhand,North,B,Retail Store,True,1225,9,2016-09-27,30.3376,78.0296,2179442,True
DLR-100192,Jammu C207 Distributors,CITY-1114,Jammu,JK,Jammu & Kashmir,North,C,Retail Store,True,333,3,2022-10-18,32.6906,74.8252,520662,True
DLR-100193,Jammu A203 Distributors,CITY-1114,Jammu,JK,Jammu & Kashmir,North,A,Institutional/B2B,True,1861,23,2003-02-19,32.7047,74.8826,1921937,True
DLR-100194,Srinagar C112 Distributors,CITY-1113,Srinagar,JK,Jammu & Kashmir,North,C,Retail Store,True,159,5,2020-06-29,34.0916,74.7688,229983,True
DLR-100195,Jammu C476 Distributors,CITY-1114,Jammu,JK,Jammu & Kashmir,North,C,Online Marketplace,True,463,6,2020-04-15,32.7546,74.8302,747307,True
DLR-100196,Srinagar C119 Distributors,CITY-1113,Srinagar,JK,Jammu & Kashmir,North,C,Retail Store,True,219,8,2017-09-29,34.1296,74.7868,380289,True
DLR-100197,Jammu A156 Distributors,CITY-1114,Jammu,JK,Jammu & Kashmir,North,A,Retail Store,True,2992,29,1996-05-09,32.6803,74.872,3785503,True
DLR-100198,Jammu C987 Distributors,CITY-1114,Jammu,JK,Jammu & Kashmir,North,C,Retail Store,True,370,3,2022-09-23,32.6904,74.8325,563948,True
DLR-100199,Jammu C175 Distributors,CITY-1114,Jammu,JK,Jammu & Kashmir,North,C,Retail Store,True,308,3,2022-06-26,32.7436,74.8249,536497,True
DLR-100200,Jammu C245 Distributors,CITY-1114,Jammu,JK,Jammu & Kashmir,North,C,Retail Store,True,341,3,2022-11-05,32.6947,74.8428,424785,True
DLR-100201,Srinagar C851 Distributors,CITY-1113,Srinagar,JK,Jammu & Kashmir,North,C,Retail Store,True,452,9,2016-12-31,34.0943,74.7921,458284,True
DLR-100202,Jammu C237 Distributors,CITY-1114,Jammu,JK,Jammu & Kashmir,North,C,Retail Store,True,273,7,2018-12-12,32.775,74.8303,327985,False
DLR-100203,Jammu A525 Distributors,CITY-1114,Jammu,JK,Jammu & Kashmir,North,A,Online Marketplace,True,3801,29,1996-10-17,32.7318,74.8399,6930263,True
DLR-100204,Jammu B701 Distributors,CITY-1114,Jammu,JK,Jammu & Kashmir,North,B,Retail Store,True,1431,8,2018-03-10,32.7235,74.9037,1283208,True
DLR-100205,Srinagar B463 Distributors,CITY-1113,Srinagar,JK,Jammu & Kashmir,North,B,Retail Store,True,1240,11,2014-06-20,34.0307,74.7557,1193406,True
DLR-100206,Srinagar C319 Distributors,CITY-1113,Srinagar,JK,Jammu & Kashmir,North,C,Retail Store,True,185,5,2020-04-28,34.0345,74.7536,322742,True
DLR-100207,Srinagar B718 Distributors,CITY-1113,Srinagar,JK,Jammu & Kashmir,North,B,Multi-Brand Outlet,True,1217,12,2013-10-06,34.0568,74.7656,1065098,True
DLR-100208,Jammu A302 Distributors,CITY-1114,Jammu,JK,Jammu & Kashmir,North,A,Retail Store,True,3743,25,2001-04-25,32.6886,74.8337,7321582,True
DLR-100209,Jammu C230 Distributors,CITY-1114,Jammu,JK,Jammu & Kashmir,North,C,Retail Store,True,575,8,2017-12-07,32.7531,74.9081,960357,True
DLR-100210,Srinagar B277 Distributors,CITY-1113,Srinagar,JK,Jammu & Kashmir,North,B,Retail Store,True,970,12,2013-05-23,34.0909,74.785,1614089,True
DLR-100211,Jammu A142 Distributors,CITY-1114,Jammu,JK,Jammu & Kashmir,North,A,Retail Store,True,2097,8,2018-02-06,32.7781,74.8327,1847880,True
DLR-100212,Jammu C156 Distributors,CITY-1114,Jammu,JK,Jammu & Kashmir,North,C,Retail Store,True,347,2,2024-02-21,32.7229,74.8241,556180,True
DLR-100213,Jammu B670 Distributors,CITY-1114,Jammu,JK,Jammu & Kashmir,North,B,Retail Store,True,1236,10,2016-02-02,32.7091,74.8887,1669944,True
DLR-100214,Jammu C313 Distributors,CITY-1114,Jammu,JK,Jammu & Kashmir,North,C,Retail Store,True,597,7,2018-07-25,32.6965,74.843,490456,True
DLR-100215,Ladakh A890 Distributors,FALLBACK-LA,Ladakh,LA,Ladakh,North,A,Retail Store,False,3491,19,2007-01-24,34.1391,77.6098,6236754,True
DLR-100216,Ladakh C263 Distributors,FALLBACK-LA,Ladakh,LA,Ladakh,North,C,Multi-Brand Outlet,False,456,8,2017-08-03,34.1523,77.5587,516068,True
DLR-100217,Ladakh C874 Distributors,FALLBACK-LA,Ladakh,LA,Ladakh,North,C,Multi-Brand Outlet,False,548,8,2017-09-30,34.1158,77.5996,841819,True
DLR-100218,Ladakh C991 Distributors,FALLBACK-LA,Ladakh,LA,Ladakh,North,C,Multi-Brand Outlet,False,512,8,2017-09-20,34.1202,77.5484,913639,True
DLR-100219,Ladakh C115 Distributors,FALLBACK-LA,Ladakh,LA,Ladakh,North,C,Retail Store,False,515,6,2019-07-27,34.1882,77.6104,1022841,True
DLR-100220,Ladakh A346 Distributors,FALLBACK-LA,Ladakh,LA,Ladakh,North,A,Retail Store,False,2169,20,2005-11-20,34.1166,77.6182,2073112,True
DLR-100221,Ladakh A576 Distributors,FALLBACK-LA,Ladakh,LA,Ladakh,North,A,Retail Store,False,3743,27,1998-11-30,34.1079,77.6031,4326113,True
DLR-100222,Ladakh A230 Distributors,FALLBACK-LA,Ladakh,LA,Ladakh,North,A,Retail Store,False,2918,9,2016-04-29,34.1459,77.5658,5415184,True
DLR-100223,Chandigarh City C914 Distributors,CITY-1118,Chandigarh City,CH,Chandigarh,North,C,Retail Store,True,150,8,2017-08-24,30.7079,76.7943,174955,True
DLR-100224,Chandigarh City A863 Distributors,CITY-1118,Chandigarh City,CH,Chandigarh,North,A,Multi-Brand Outlet,True,2448,21,2004-12-10,30.7704,76.7533,3911859,True
DLR-100225,Chandigarh City C600 Distributors,CITY-1118,Chandigarh City,CH,Chandigarh,North,C,Retail Store,True,400,7,2019-01-27,30.719,76.768,582391,True
DLR-100226,Chandigarh City C761 Distributors,CITY-1118,Chandigarh City,CH,Chandigarh,North,C,Online Marketplace,True,483,4,2021-07-20,30.7221,76.7327,883894,True
DLR-100227,Chandigarh City C172 Distributors,CITY-1118,Chandigarh City,CH,Chandigarh,North,C,Retail Store,True,575,3,2022-10-08,30.7639,76.8282,670278,True
DLR-100228,Chandigarh City B772 Distributors,CITY-1118,Chandigarh City,CH,Chandigarh,North,B,Retail Store,True,997,11,2014-06-16,30.6868,76.7563,1358433,True
DLR-100229,Chandigarh City C875 Distributors,CITY-1118,Chandigarh City,CH,Chandigarh,North,C,Multi-Brand Outlet,True,376,9,2016-05-29,30.7543,76.7348,696620,True
DLR-100230,Chandigarh City B134 Distributors,CITY-1118,Chandigarh City,CH,Chandigarh,North,B,Retail Store,True,1231,10,2016-04-12,30.704,76.8095,1380359,True
DLR-100231,Chandigarh City C300 Distributors,CITY-1118,Chandigarh City,CH,Chandigarh,North,C,Retail Store,True,298,5,2020-06-27,30.7631,76.7899,563682,True
DLR-100232,Chandigarh City C687 Distributors,CITY-1118,Chandigarh City,CH,Chandigarh,North,C,Retail Store,True,365,1,2025-04-18,30.7317,76.773,495421,True
DLR-100233,Chandigarh City B278 Distributors,CITY-1118,Chandigarh City,CH,Chandigarh,North,B,Multi-Brand Outlet,True,1419,16,2009-09-10,30.7748,76.7745,1539501,True
DLR-100234,Chandigarh City A460 Distributors,CITY-1118,Chandigarh City,CH,Chandigarh,North,A,Retail Store,True,2929,19,2007-02-23,30.7452,76.8251,4122623,True
DLR-100235,Chandigarh City A548 Distributors,CITY-1118,Chandigarh City,CH,Chandigarh,North,A,Retail Store,True,3436,19,2006-08-12,30.6846,76.744,4606158,True
DLR-100236,Chandigarh City C148 Distributors,CITY-1118,Chandigarh City,CH,Chandigarh,North,C,Retail Store,True,291,3,2022-09-02,30.7274,76.7891,235476,True
DLR-100237,Chandigarh City A717 Distributors,CITY-1118,Chandigarh City,CH,Chandigarh,North,A,Retail Store,True,2391,8,2018-01-28,30.7263,76.7739,2754878,True
DLR-100238,Chandigarh City B282 Distributors,CITY-1118,Chandigarh City,CH,Chandigarh,North,B,Multi-Brand Outlet,True,1148,4,2022-03-17,30.7618,76.7832,2122728,True
DLR-100239,Chandigarh City C208 Distributors,CITY-1118,Chandigarh City,CH,Chandigarh,North,C,Multi-Brand Outlet,True,296,1,2024-11-09,30.7222,76.7711,452727,True
DLR-100240,Chandigarh City C530 Distributors,CITY-1118,Chandigarh City,CH,Chandigarh,North,C,Retail Store,True,252,5,2021-04-19,30.7663,76.7302,219600,True
DLR-100241,Chandigarh City C511 Distributors,CITY-1118,Chandigarh City,CH,Chandigarh,North,C,Retail Store,True,599,4,2021-11-17,30.7256,76.7669,874240,True
DLR-100242,Chandigarh City B942 Distributors,CITY-1118,Chandigarh City,CH,Chandigarh,North,B,Retail Store,True,1354,12,2013-08-14,30.7469,76.7979,2055955,True
DLR-100243,Chandigarh City A486 Distributors,CITY-1118,Chandigarh City,CH,Chandigarh,North,A,Retail Store,True,3063,10,2016-02-04,30.7438,76.8041,4413050,True
DLR-100244,Chandigarh City A312 Distributors,CITY-1118,Chandigarh City,CH,Chandigarh,North,A,Retail Store,True,1767,10,2015-09-06,30.7286,76.7877,3126931,True
DLR-100245,Nagpur C402 Distributors,CITY-1002,Nagpur,MH,Maharashtra,West,C,Online Marketplace,True,353,2,2023-11-09,21.1279,79.0611,701995,True
DLR-100246,Aurangabad C648 Distributors,CITY-1005,Aurangabad,MH,Maharashtra,West,C,Retail Store,True,476,7,2019-02-20,19.9038,75.3734,384036,True
DLR-100247,Mumbai C901 Distributors,CITY-1000,Mumbai,MH,Maharashtra,West,C,Retail Store,True,350,1,2024-11-13,19.09,72.8404,312612,True
DLR-100248,Nagpur B389 Distributors,CITY-1002,Nagpur,MH,Maharashtra,West,B,Retail Store,True,957,14,2011-05-10,21.1549,79.1032,772592,True
DLR-100249,Solapur C287 Distributors,CITY-1006,Solapur,MH,Maharashtra,West,C,Retail Store,False,215,8,2017-12-04,17.6601,75.9395,209460,True
DLR-100250,Nagpur C666 Distributors,CITY-1002,Nagpur,MH,Maharashtra,West,C,Retail Store,True,564,2,2023-07-06,21.1401,79.0693,1064455,True
DLR-100251,Mumbai B886 Distributors,CITY-1000,Mumbai,MH,Maharashtra,West,B,Retail Store,True,920,4,2021-09-06,19.0419,72.8334,1451190,True
DLR-100252,Nashik C511 Distributors,CITY-1003,Nashik,MH,Maharashtra,West,C,Retail Store,True,172,4,2022-03-04,19.9572,73.8083,186032,True
DLR-100253,Solapur B389 Distributors,CITY-1006,Solapur,MH,Maharashtra,West,B,Retail Store,False,629,7,2018-10-05,17.7017,75.9321,604213,True
DLR-100254,Thane A885 Distributors,CITY-1004,Thane,MH,Maharashtra,West,A,Multi-Brand Outlet,True,3239,24,2002-02-12,19.1803,72.9489,3664615,True
DLR-100255,Pune A732 Distributors,CITY-1001,Pune,MH,Maharashtra,West,A,Online Marketplace,True,2317,15,2010-06-09,18.564,73.8183,2855194,True
DLR-100256,Nagpur C297 Distributors,CITY-1002,Nagpur,MH,Maharashtra,West,C,Retail Store,True,577,4,2022-01-17,21.1907,79.1343,722855,True
DLR-100257,Nagpur A122 Distributors,CITY-1002,Nagpur,MH,Maharashtra,West,A,Retail Store,True,1970,8,2017-06-16,21.1633,79.1104,2177002,True
DLR-100258,Thane A751 Distributors,CITY-1004,Thane,MH,Maharashtra,West,A,Multi-Brand Outlet,True,2022,24,2001-07-25,19.1998,72.9405,4042704,True
DLR-100259,Aurangabad B326 Distributors,CITY-1005,Aurangabad,MH,Maharashtra,West,B,Retail Store,True,1470,15,2011-03-20,19.8776,75.3011,1828350,True
DLR-100260,Mumbai C558 Distributors,CITY-1000,Mumbai,MH,Maharashtra,West,C,Retail Store,True,359,5,2021-01-17,19.105,72.8512,601897,True
DLR-100261,Kolhapur C425 Distributors,CITY-1007,Kolhapur,MH,Maharashtra,West,C,Retail Store,False,492,2,2023-09-23,16.7531,74.2026,774309,True
DLR-100262,Mumbai C148 Distributors,CITY-1000,Mumbai,MH,Maharashtra,West,C,Retail Store,True,587,1,2024-05-05,19.0285,72.8343,548149,True
DLR-100263,Pune B948 Distributors,CITY-1001,Pune,MH,Maharashtra,West,B,Multi-Brand Outlet,True,652,13,2013-03-14,18.4942,73.9011,618905,True
DLR-100264,Mumbai B508 Distributors,CITY-1000,Mumbai,MH,Maharashtra,West,B,Retail Store,True,710,9,2017-04-11,19.1106,72.8567,1388901,True
DLR-100265,Nagpur C894 Distributors,CITY-1002,Nagpur,MH,Maharashtra,West,C,Retail Store,True,489,7,2018-11-23,21.1267,79.062,728818,True
DLR-100266,Nashik B154 Distributors,CITY-1003,Nashik,MH,Maharashtra,West,B,Retail Store,True,1344,5,2020-12-14,19.9936,73.7732,1910566,True
DLR-100267,Nashik B875 Distributors,CITY-1003,Nashik,MH,Maharashtra,West,B,Retail Store,True,1127,14,2011-12-16,20.0379,73.8076,1960797,True
DLR-100268,Mumbai B325 Distributors,CITY-1000,Mumbai,MH,Maharashtra,West,B,Online Marketplace,True,813,14,2011-12-19,19.1099,72.901,1122665,True
DLR-100269,Thane B533 Distributors,CITY-1004,Thane,MH,Maharashtra,West,B,Retail Store,True,817,7,2019-01-28,19.269,72.9539,1285557,True
DLR-100270,Mumbai C438 Distributors,CITY-1000,Mumbai,MH,Maharashtra,West,C,Retail Store,True,166,7,2018-05-01,19.1096,72.9147,162074,True
DLR-100271,Aurangabad C668 Distributors,CITY-1005,Aurangabad,MH,Maharashtra,West,C,Retail Store,True,500,1,2025-03-08,19.9247,75.3237,934084,True
DLR-100272,Amravati A772 Distributors,CITY-1008,Amravati,MH,Maharashtra,West,A,Retail Store,False,3276,25,2001-04-27,20.9297,77.733,6386630,True
DLR-100273,Pune B545 Distributors,CITY-1001,Pune,MH,Maharashtra,West,B,Online Marketplace,True,1172,13,2012-07-26,18.5662,73.8721,1584072,True
DLR-100274,Nashik B260 Distributors,CITY-1003,Nashik,MH,Maharashtra,West,B,Retail Store,True,1333,6,2020-04-21,19.9946,73.7609,1285543,True
DLR-100275,Nagpur C931 Distributors,CITY-1002,Nagpur,MH,Maharashtra,West,C,Institutional/B2B,True,500,6,2019-11-10,21.1197,79.1351,971812,True
DLR-100276,Mumbai B253 Distributors,CITY-1000,Mumbai,MH,Maharashtra,West,B,Retail Store,True,956,12,2013-07-29,19.0794,72.8373,781078,True
DLR-100277,Nagpur C346 Distributors,CITY-1002,Nagpur,MH,Maharashtra,West,C,Institutional/B2B,True,274,2,2023-07-28,21.196,79.0921,348350,True
DLR-100278,Aurangabad C192 Distributors,CITY-1005,Aurangabad,MH,Maharashtra,West,C,Retail Store,True,243,1,2025-03-18,19.9081,75.386,339877,False
DLR-100279,Thane A421 Distributors,CITY-1004,Thane,MH,Maharashtra,West,A,Retail Store,True,3136,17,2008-08-18,19.2334,72.9522,4445657,True
DLR-100280,Mumbai B364 Distributors,CITY-1000,Mumbai,MH,Maharashtra,West,B,Retail Store,True,754,12,2013-05-15,19.0681,72.8962,742364,True
DLR-100281,Aurangabad C705 Distributors,CITY-1005,Aurangabad,MH,Maharashtra,West,C,Retail Store,True,278,9,2017-01-25,19.8782,75.3535,528787,True
DLR-100282,Nashik C181 Distributors,CITY-1003,Nashik,MH,Maharashtra,West,C,Retail Store,True,355,1,2024-07-26,20.0492,73.7786,563724,True
DLR-100283,Aurangabad A989 Distributors,CITY-1005,Aurangabad,MH,Maharashtra,West,A,Retail Store,True,3400,27,1999-01-07,19.8328,75.374,6621785,True
DLR-100284,Thane C687 Distributors,CITY-1004,Thane,MH,Maharashtra,West,C,Retail Store,True,574,4,2021-10-12,19.2419,72.9863,981845,True
DLR-100285,Nashik B890 Distributors,CITY-1003,Nashik,MH,Maharashtra,West,B,Retail Store,True,902,10,2015-06-06,20.0346,73.7801,1237185,True
DLR-100286,Mumbai B593 Distributors,CITY-1000,Mumbai,MH,Maharashtra,West,B,Retail Store,True,820,11,2015-03-19,19.0496,72.8894,726019,True
DLR-100287,Mumbai C263 Distributors,CITY-1000,Mumbai,MH,Maharashtra,West,C,Retail Store,True,570,1,2024-10-13,19.0295,72.9127,930434,True
DLR-100288,Nanded C353 Distributors,CITY-1009,Nanded,MH,Maharashtra,West,C,Retail Store,False,472,2,2023-10-28,19.1382,77.2925,687251,True
DLR-100289,Pune C184 Distributors,CITY-1001,Pune,MH,Maharashtra,West,C,Retail Store,True,337,6,2019-06-06,18.4755,73.9073,392514,True
DLR-100290,Nanded A442 Distributors,CITY-1009,Nanded,MH,Maharashtra,West,A,Retail Store,False,3338,11,2014-06-01,19.1324,77.3163,5112337,True
DLR-100291,Nashik C839 Distributors,CITY-1003,Nashik,MH,Maharashtra,West,C,Institutional/B2B,True,261,3,2022-10-03,19.9625,73.7737,517257,True
DLR-100292,Mumbai B131 Distributors,CITY-1000,Mumbai,MH,Maharashtra,West,B,Retail Store,True,1260,11,2014-08-31,19.0581,72.8714,1260989,True
DLR-100293,Mumbai C968 Distributors,CITY-1000,Mumbai,MH,Maharashtra,West,C,Retail Store,True,288,6,2019-07-29,19.0802,72.8597,265829,True
DLR-100294,Pune C297 Distributors,CITY-1001,Pune,MH,Maharashtra,West,C,Retail Store,True,441,1,2025-01-28,18.4859,73.828,840190,True
DLR-100295,Amravati C681 Distributors,CITY-1008,Amravati,MH,Maharashtra,West,C,Retail Store,False,275,9,2017-02-06,20.8831,77.7152,330751,True
DLR-100296,Nagpur C948 Distributors,CITY-1002,Nagpur,MH,Maharashtra,West,C,Retail Store,True,212,1,2025-02-09,21.1671,79.0835,266403,True
DLR-100297,Nagpur C900 Distributors,CITY-1002,Nagpur,MH,Maharashtra,West,C,Multi-Brand Outlet,True,277,4,2021-05-23,21.1782,79.0524,544113,True
DLR-100298,Pune B292 Distributors,CITY-1001,Pune,MH,Maharashtra,West,B,Retail Store,True,914,16,2009-05-26,18.5406,73.8634,1069929,True
DLR-100299,Mumbai A759 Distributors,CITY-1000,Mumbai,MH,Maharashtra,West,A,Multi-Brand Outlet,True,3355,10,2015-12-03,19.0597,72.8432,5410215,True
DLR-100300,Nashik B550 Distributors,CITY-1003,Nashik,MH,Maharashtra,West,B,Retail Store,True,621,6,2019-06-19,20.0297,73.765,1130726,True
DLR-100301,Mumbai C239 Distributors,CITY-1000,Mumbai,MH,Maharashtra,West,C,Retail Store,True,477,1,2025-01-03,19.022,72.8691,737227,True
DLR-100302,Aurangabad C588 Distributors,CITY-1005,Aurangabad,MH,Maharashtra,West,C,Retail Store,True,483,5,2020-12-30,19.8547,75.3256,783683,True
DLR-100303,Pune A314 Distributors,CITY-1001,Pune,MH,Maharashtra,West,A,Retail Store,True,1951,8,2017-12-08,18.5485,73.8833,2540203,True
DLR-100304,Pune A768 Distributors,CITY-1001,Pune,MH,Maharashtra,West,A,Retail Store,True,3315,25,2000-06-17,18.5132,73.908,6538920,True
DLR-100305,Nashik C303 Distributors,CITY-1003,Nashik,MH,Maharashtra,West,C,Retail Store,True,561,9,2017-02-05,20.0205,73.7823,498645,True
DLR-100306,Nagpur C538 Distributors,CITY-1002,Nagpur,MH,Maharashtra,West,C,Retail Store,True,440,2,2023-12-24,21.155,79.109,392645,True
DLR-100307,Nanded C513 Distributors,CITY-1009,Nanded,MH,Maharashtra,West,C,Retail Store,False,190,6,2019-12-01,19.1699,77.3124,298292,True
DLR-100308,Nashik B199 Distributors,CITY-1003,Nashik,MH,Maharashtra,West,B,Retail Store,True,882,13,2013-02-15,20.0207,73.801,969696,False
DLR-100309,Mumbai A990 Distributors,CITY-1000,Mumbai,MH,Maharashtra,West,A,Multi-Brand Outlet,True,2677,17,2008-06-25,19.1145,72.9037,4622539,True
DLR-100310,Thane B996 Distributors,CITY-1004,Thane,MH,Maharashtra,West,B,Retail Store,True,883,4,2021-06-30,19.2283,72.9553,940024,True
DLR-100311,Mumbai C789 Distributors,CITY-1000,Mumbai,MH,Maharashtra,West,C,Retail Store,True,565,6,2019-11-03,19.0865,72.8798,514800,True
DLR-100312,Mumbai C959 Distributors,CITY-1000,Mumbai,MH,Maharashtra,West,C,Institutional/B2B,True,561,4,2022-01-24,19.0713,72.8738,861667,True
DLR-100313,Nanded B535 Distributors,CITY-1009,Nanded,MH,Maharashtra,West,B,Retail Store,False,811,16,2009-11-13,19.1754,77.3318,662177,True
DLR-100314,Aurangabad B413 Distributors,CITY-1005,Aurangabad,MH,Maharashtra,West,B,Retail Store,True,668,14,2011-07-14,19.8363,75.3359,1013031,True
DLR-100315,Nanded B688 Distributors,CITY-1009,Nanded,MH,Maharashtra,West,B,Online Marketplace,False,1102,13,2012-05-26,19.1905,77.3323,1922023,True
DLR-100316,Nashik C718 Distributors,CITY-1003,Nashik,MH,Maharashtra,West,C,Retail Store,True,525,8,2017-10-31,20.0271,73.7827,759149,True
DLR-100317,Nashik B669 Distributors,CITY-1003,Nashik,MH,Maharashtra,West,B,Retail Store,True,1293,8,2017-12-12,19.9535,73.8187,1419792,True
DLR-100318,Mumbai B162 Distributors,CITY-1000,Mumbai,MH,Maharashtra,West,B,Retail Store,True,1019,5,2020-08-18,19.0344,72.9084,1172726,True
DLR-100319,Pune A228 Distributors,CITY-1001,Pune,MH,Maharashtra,West,A,Retail Store,True,1755,14,2012-02-28,18.517,73.8128,3013912,True
DLR-100320,Aurangabad C959 Distributors,CITY-1005,Aurangabad,MH,Maharashtra,West,C,Multi-Brand Outlet,True,534,6,2020-03-20,19.8412,75.3416,852831,True
DLR-100321,Pune C382 Distributors,CITY-1001,Pune,MH,Maharashtra,West,C,Online Marketplace,True,233,3,2022-07-10,18.5506,73.8108,330395,True
DLR-100322,Aurangabad B666 Distributors,CITY-1005,Aurangabad,MH,Maharashtra,West,B,Retail Store,True,918,13,2013-03-08,19.9173,75.3728,1784021,True
DLR-100323,Thane B105 Distributors,CITY-1004,Thane,MH,Maharashtra,West,B,Multi-Brand Outlet,True,961,13,2012-07-08,19.1932,72.9619,1406947,True
DLR-100324,Mumbai A924 Distributors,CITY-1000,Mumbai,MH,Maharashtra,West,A,Retail Store,True,3808,17,2009-02-02,19.1038,72.9159,3106951,True
DLR-100325,Nashik B500 Distributors,CITY-1003,Nashik,MH,Maharashtra,West,B,Retail Store,True,1198,16,2009-11-21,20.0194,73.763,2023124,True
DLR-100326,Thane C334 Distributors,CITY-1004,Thane,MH,Maharashtra,West,C,Retail Store,True,257,2,2024-01-23,19.1861,72.9384,431476,True
DLR-100327,Pune A346 Distributors,CITY-1001,Pune,MH,Maharashtra,West,A,Retail Store,True,3530,26,1999-11-22,18.5219,73.8708,3856438,True
DLR-100328,Aurangabad B580 Distributors,CITY-1005,Aurangabad,MH,Maharashtra,West,B,Retail Store,True,981,15,2010-11-29,19.8916,75.3457,1421553,True
DLR-100329,Nashik C338 Distributors,CITY-1003,Nashik,MH,Maharashtra,West,C,Retail Store,True,598,2,2023-05-08,19.9912,73.8271,561207,True
DLR-100330,Mumbai A413 Distributors,CITY-1000,Mumbai,MH,Maharashtra,West,A,Retail Store,True,1794,24,2002-02-20,19.0314,72.9065,2528402,True
DLR-100331,Thane A515 Distributors,CITY-1004,Thane,MH,Maharashtra,West,A,Multi-Brand Outlet,True,2028,18,2008-04-05,19.2373,72.9708,3361551,True
DLR-100332,Nanded C598 Distributors,CITY-1009,Nanded,MH,Maharashtra,West,C,Multi-Brand Outlet,False,222,8,2017-06-20,19.1936,77.3321,211535,True
DLR-100333,Mumbai C792 Distributors,CITY-1000,Mumbai,MH,Maharashtra,West,C,Retail Store,True,562,3,2022-12-01,19.1055,72.9183,725928,True
DLR-100334,Aurangabad A284 Distributors,CITY-1005,Aurangabad,MH,Maharashtra,West,A,Retail Store,True,1883,23,2002-10-20,19.8367,75.3777,3185467,True
DLR-100335,Pune C320 Distributors,CITY-1001,Pune,MH,Maharashtra,West,C,Retail Store,True,198,2,2023-06-09,18.5213,73.9089,291232,True
DLR-100336,Aurangabad B671 Distributors,CITY-1005,Aurangabad,MH,Maharashtra,West,B,Retail Store,True,1293,17,2008-06-14,19.8908,75.3607,2155799,True
DLR-100337,Thane C581 Distributors,CITY-1004,Thane,MH,Maharashtra,West,C,Retail Store,True,496,2,2024-02-24,19.2542,72.9673,856776,True
DLR-100338,Pune A579 Distributors,CITY-1001,Pune,MH,Maharashtra,West,A,Retail Store,True,2659,16,2009-08-23,18.5248,73.8621,3780060,True
DLR-100339,Pune C500 Distributors,CITY-1001,Pune,MH,Maharashtra,West,C,Retail Store,True,341,7,2019-01-26,18.4895,73.899,378468,True
DLR-100340,Aurangabad B368 Distributors,CITY-1005,Aurangabad,MH,Maharashtra,West,B,Retail Store,True,1457,7,2018-08-26,19.8932,75.3056,2411820,True
DLR-100341,Nagpur C399 Distributors,CITY-1002,Nagpur,MH,Maharashtra,West,C,Multi-Brand Outlet,True,462,8,2017-09-03,21.1215,79.0825,783045,True
DLR-100342,Thane C161 Distributors,CITY-1004,Thane,MH,Maharashtra,West,C,Retail Store,True,327,3,2022-05-16,19.2151,73.0258,533281,True
DLR-100343,Mumbai C967 Distributors,CITY-1000,Mumbai,MH,Maharashtra,West,C,Retail Store,True,371,1,2024-11-04,19.1026,72.8763,663541,True
DLR-100344,Solapur C439 Distributors,CITY-1006,Solapur,MH,Maharashtra,West,C,Retail Store,False,356,4,2021-07-22,17.7083,75.9387,442157,True
DLR-100345,Thane A789 Distributors,CITY-1004,Thane,MH,Maharashtra,West,A,Retail Store,True,2593,28,1998-01-27,19.1943,72.9857,4513186,True
DLR-100346,Kolhapur B357 Distributors,CITY-1007,Kolhapur,MH,Maharashtra,West,B,Multi-Brand Outlet,False,1103,11,2014-08-17,16.7501,74.2896,1872459,True
DLR-100347,Mumbai C557 Distributors,CITY-1000,Mumbai,MH,Maharashtra,West,C,Multi-Brand Outlet,True,187,4,2021-12-08,19.0527,72.9048,150883,True
DLR-100348,Thane C607 Distributors,CITY-1004,Thane,MH,Maharashtra,West,C,Multi-Brand Outlet,True,549,1,2024-07-09,19.1722,72.966,870280,True
DLR-100349,Thane A454 Distributors,CITY-1004,Thane,MH,Maharashtra,West,A,Retail Store,True,2419,25,2000-05-11,19.1739,73.0137,4659227,True
DLR-100350,Pune B173 Distributors,CITY-1001,Pune,MH,Maharashtra,West,B,Retail Store,True,938,12,2014-02-20,18.5691,73.8857,906222,True
DLR-100351,Nagpur C414 Distributors,CITY-1002,Nagpur,MH,Maharashtra,West,C,Retail Store,True,492,8,2017-12-10,21.1929,79.0742,670665,True
DLR-100352,Mumbai B288 Distributors,CITY-1000,Mumbai,MH,Maharashtra,West,B,Retail Store,True,1357,4,2021-11-08,19.0915,72.8893,2184422,True
DLR-100353,Thane B956 Distributors,CITY-1004,Thane,MH,Maharashtra,West,B,Retail Store,True,1070,14,2011-07-27,19.2332,72.9354,1688852,True
DLR-100354,Nashik A192 Distributors,CITY-1003,Nashik,MH,Maharashtra,West,A,Retail Store,True,3740,22,2004-01-18,20.0205,73.7855,7249964,True
DLR-100355,Mumbai C321 Distributors,CITY-1000,Mumbai,MH,Maharashtra,West,C,Multi-Brand Outlet,True,566,7,2019-02-28,19.09,72.9138,1071016,True
DLR-100356,Thane C686 Distributors,CITY-1004,Thane,MH,Maharashtra,West,C,Retail Store,True,162,2,2023-07-08,19.2534,72.9943,244848,True
DLR-100357,Nagpur A929 Distributors,CITY-1002,Nagpur,MH,Maharashtra,West,A,Multi-Brand Outlet,True,2552,15,2010-10-03,21.1607,79.1281,3869168,True
DLR-100358,Mumbai C311 Distributors,CITY-1000,Mumbai,MH,Maharashtra,West,C,Institutional/B2B,True,589,5,2020-09-24,19.0487,72.9103,624029,True
DLR-100359,Nanded C842 Distributors,CITY-1009,Nanded,MH,Maharashtra,West,C,Retail Store,False,462,8,2017-10-03,19.1947,77.2562,610982,True
DLR-100360,Amravati C862 Distributors,CITY-1008,Amravati,MH,Maharashtra,West,C,Retail Store,False,447,3,2023-04-16,20.9589,77.7516,609229,True
DLR-100361,Nashik A395 Distributors,CITY-1003,Nashik,MH,Maharashtra,West,A,Online Marketplace,True,2063,22,2004-02-07,20.0473,73.8159,1671952,True
DLR-100362,Mumbai B148 Distributors,CITY-1000,Mumbai,MH,Maharashtra,West,B,Retail Store,True,791,11,2015-01-26,19.0433,72.843,968528,True
DLR-100363,Thane C994 Distributors,CITY-1004,Thane,MH,Maharashtra,West,C,Multi-Brand Outlet,True,431,6,2020-04-23,19.1847,72.9643,485150,True
DLR-100364,Nashik C454 Distributors,CITY-1003,Nashik,MH,Maharashtra,West,C,Retail Store,True,160,5,2020-10-17,20.0081,73.7906,128603,True
DLR-100365,Pune C283 Distributors,CITY-1001,Pune,MH,Maharashtra,West,C,Retail Store,True,214,7,2018-09-17,18.5006,73.8922,264626,True
DLR-100366,Nashik B948 Distributors,CITY-1003,Nashik,MH,Maharashtra,West,B,Multi-Brand Outlet,True,1129,6,2020-01-12,19.9814,73.7938,1939839,True
DLR-100367,Nashik A543 Distributors,CITY-1003,Nashik,MH,Maharashtra,West,A,Retail Store,True,2605,20,2005-10-05,20.0156,73.796,3213748,True
DLR-100368,Nashik B976 Distributors,CITY-1003,Nashik,MH,Maharashtra,West,B,Multi-Brand Outlet,True,1038,10,2015-10-15,19.9916,73.7914,2015519,True
DLR-100369,Nagpur C286 Distributors,CITY-1002,Nagpur,MH,Maharashtra,West,C,Retail Store,True,337,6,2019-12-17,21.197,79.1332,326710,True
DLR-100370,Thane A521 Distributors,CITY-1004,Thane,MH,Maharashtra,West,A,Retail Store,True,3257,10,2015-12-19,19.1883,73.0126,6396460,True
DLR-100371,Kolhapur A354 Distributors,CITY-1007,Kolhapur,MH,Maharashtra,West,A,Multi-Brand Outlet,False,2729,10,2015-08-16,16.6687,74.2457,3288933,True
DLR-100372,Pune A656 Distributors,CITY-1001,Pune,MH,Maharashtra,West,A,Retail Store,True,3834,28,1997-08-26,18.5222,73.8689,7072974,True
DLR-100373,Thane C378 Distributors,CITY-1004,Thane,MH,Maharashtra,West,C,Online Marketplace,True,354,1,2024-07-27,19.1994,72.9537,407012,True
DLR-100374,Kolhapur B101 Distributors,CITY-1007,Kolhapur,MH,Maharashtra,West,B,Retail Store,False,1298,16,2009-09-13,16.7066,74.2661,2222836,True
DLR-100375,Nagpur C705 Distributors,CITY-1002,Nagpur,MH,Maharashtra,West,C,Retail Store,True,162,2,2023-09-18,21.1708,79.0876,169344,True
DLR-100376,Nagpur C791 Distributors,CITY-1002,Nagpur,MH,Maharashtra,West,C,Retail Store,True,265,9,2016-10-30,21.151,79.0901,300553,True
DLR-100377,Thane C882 Distributors,CITY-1004,Thane,MH,Maharashtra,West,C,Retail Store,True,516,1,2025-03-13,19.1725,72.9749,701150,True
DLR-100378,Thane C801 Distributors,CITY-1004,Thane,MH,Maharashtra,West,C,Multi-Brand Outlet,True,541,8,2017-11-24,19.1873,72.968,468846,True
DLR-100379,Aurangabad C713 Distributors,CITY-1005,Aurangabad,MH,Maharashtra,West,C,Retail Store,True,565,5,2020-05-21,19.9135,75.3827,464987,True
DLR-100380,Nashik C549 Distributors,CITY-1003,Nashik,MH,Maharashtra,West,C,Retail Store,True,382,1,2024-09-11,19.9919,73.7693,611750,True
DLR-100381,Nanded B392 Distributors,CITY-1009,Nanded,MH,Maharashtra,West,B,Retail Store,False,872,9,2016-12-02,19.1292,77.2796,1623512,True
DLR-100382,Mumbai B327 Distributors,CITY-1000,Mumbai,MH,Maharashtra,West,B,Retail Store,True,898,7,2019-03-01,19.0656,72.8978,1389410,True
DLR-100383,Mumbai B915 Distributors,CITY-1000,Mumbai,MH,Maharashtra,West,B,Retail Store,True,954,17,2008-05-05,19.0513,72.915,1718617,True
DLR-100384,Thane A474 Distributors,CITY-1004,Thane,MH,Maharashtra,West,A,Retail Store,True,3917,11,2014-12-13,19.194,73.001,7683946,True
DLR-100385,Pune C109 Distributors,CITY-1001,Pune,MH,Maharashtra,West,C,Retail Store,True,399,8,2017-12-31,18.5362,73.8851,404039,True
DLR-100386,Pune A450 Distributors,CITY-1001,Pune,MH,Maharashtra,West,A,Retail Store,True,1770,10,2016-01-14,18.5364,73.8511,2173776,True
DLR-100387,Pune B248 Distributors,CITY-1001,Pune,MH,Maharashtra,West,B,Online Marketplace,True,1287,10,2015-12-21,18.514,73.883,1693626,True
DLR-100388,Pune A401 Distributors,CITY-1001,Pune,MH,Maharashtra,West,A,Retail Store,True,3993,8,2017-07-08,18.5382,73.905,6223832,True
DLR-100389,Mumbai B629 Distributors,CITY-1000,Mumbai,MH,Maharashtra,West,B,Retail Store,True,669,4,2021-04-29,19.0544,72.9033,620178,True
DLR-100390,Nanded C602 Distributors,CITY-1009,Nanded,MH,Maharashtra,West,C,Retail Store,False,341,3,2023-03-18,19.15,77.2827,376711,True
DLR-100391,Pune A670 Distributors,CITY-1001,Pune,MH,Maharashtra,West,A,Retail Store,True,3216,12,2014-03-04,18.4792,73.8685,4868435,True
DLR-100392,Thane A544 Distributors,CITY-1004,Thane,MH,Maharashtra,West,A,Retail Store,True,3577,18,2008-01-13,19.1803,72.9473,3918578,True
DLR-100393,Aurangabad C687 Distributors,CITY-1005,Aurangabad,MH,Maharashtra,West,C,Retail Store,True,252,5,2020-10-25,19.8648,75.295,359932,True
DLR-100394,Amravati C308 Distributors,CITY-1008,Amravati,MH,Maharashtra,West,C,Multi-Brand Outlet,False,534,1,2024-08-20,20.9378,77.7459,476182,True
DLR-100395,Mumbai C595 Distributors,CITY-1000,Mumbai,MH,Maharashtra,West,C,Multi-Brand Outlet,True,339,1,2025-04-09,19.0757,72.8456,467331,True
DLR-100396,Solapur B344 Distributors,CITY-1006,Solapur,MH,Maharashtra,West,B,Retail Store,False,838,11,2014-12-07,17.6924,75.8985,875790,False
DLR-100397,Nashik C489 Distributors,CITY-1003,Nashik,MH,Maharashtra,West,C,Retail Store,True,207,1,2024-09-21,20.0102,73.8337,205646,True
DLR-100398,Thane C498 Distributors,CITY-1004,Thane,MH,Maharashtra,West,C,Retail Store,True,422,9,2017-04-14,19.2545,72.9524,647919,True
DLR-100399,Rajkot B675 Distributors,CITY-1041,Rajkot,GJ,Gujarat,West,B,Retail Store,True,1122,8,2017-09-26,22.3475,70.7635,1271520,True
DLR-100400,Ahmedabad C361 Distributors,CITY-1038,Ahmedabad,GJ,Gujarat,West,C,Retail Store,True,480,1,2024-08-26,23.0093,72.5229,834210,True
DLR-100401,Surat B926 Distributors,CITY-1039,Surat,GJ,Gujarat,West,B,Retail Store,True,897,15,2010-10-24,21.1598,72.8774,1293870,True
DLR-100402,Vadodara C116 Distributors,CITY-1040,Vadodara,GJ,Gujarat,West,C,Multi-Brand Outlet,True,340,7,2019-02-24,22.2651,73.1726,362487,True
DLR-100403,Surat B175 Distributors,CITY-1039,Surat,GJ,Gujarat,West,B,Retail Store,True,1119,8,2018-01-28,21.1295,72.825,1281022,True
DLR-100404,Bhavnagar B327 Distributors,CITY-1042,Bhavnagar,GJ,Gujarat,West,B,Retail Store,False,670,16,2009-11-01,21.7593,72.1442,1093819,True
DLR-100405,Bhavnagar B930 Distributors,CITY-1042,Bhavnagar,GJ,Gujarat,West,B,Retail Store,False,620,8,2018-04-01,21.8011,72.1547,764639,True
DLR-100406,Vadodara C929 Distributors,CITY-1040,Vadodara,GJ,Gujarat,West,C,Retail Store,True,587,4,2022-03-28,22.2992,73.1997,1157117,True
DLR-100407,Surat B338 Distributors,CITY-1039,Surat,GJ,Gujarat,West,B,Retail Store,True,966,7,2018-06-03,21.143,72.8211,1689171,True
DLR-100408,Ahmedabad C935 Distributors,CITY-1038,Ahmedabad,GJ,Gujarat,West,C,Retail Store,True,199,2,2024-04-21,22.9856,72.5938,223829,True
DLR-100409,Ahmedabad C540 Distributors,CITY-1038,Ahmedabad,GJ,Gujarat,West,C,Retail Store,True,255,7,2019-02-19,23.0677,72.5994,359167,True
DLR-100410,Surat C884 Distributors,CITY-1039,Surat,GJ,Gujarat,West,C,Retail Store,True,437,2,2023-10-22,21.1611,72.8227,612172,True
DLR-100411,Surat A509 Distributors,CITY-1039,Surat,GJ,Gujarat,West,A,Retail Store,True,2426,18,2008-02-02,21.2023,72.8356,3465105,True
DLR-100412,Rajkot B891 Distributors,CITY-1041,Rajkot,GJ,Gujarat,West,B,Retail Store,True,947,4,2022-03-11,22.271,70.8265,1339026,True
DLR-100413,Rajkot B980 Distributors,CITY-1041,Rajkot,GJ,Gujarat,West,B,Retail Store,True,1417,14,2011-06-03,22.3347,70.7824,2738655,True
DLR-100414,Ahmedabad A397 Distributors,CITY-1038,Ahmedabad,GJ,Gujarat,West,A,Retail Store,True,3577,27,1998-11-18,22.9843,72.5218,3863157,True
DLR-100415,Surat C462 Distributors,CITY-1039,Surat,GJ,Gujarat,West,C,Multi-Brand Outlet,True,191,5,2020-08-24,21.1331,72.8406,178800,True
DLR-100416,Ahmedabad A837 Distributors,CITY-1038,Ahmedabad,GJ,Gujarat,West,A,Retail Store,True,3559,15,2011-02-16,23.0165,72.5214,6443280,True
DLR-100417,Ahmedabad C712 Distributors,CITY-1038,Ahmedabad,GJ,Gujarat,West,C,Multi-Brand Outlet,True,584,4,2021-11-19,23.0506,72.5598,871478,True
DLR-100418,Bhavnagar C249 Distributors,CITY-1042,Bhavnagar,GJ,Gujarat,West,C,Multi-Brand Outlet,False,543,5,2020-12-02,21.7227,72.18,527762,True
DLR-100419,Ahmedabad B247 Distributors,CITY-1038,Ahmedabad,GJ,Gujarat,West,B,Multi-Brand Outlet,True,805,16,2009-05-09,23.0305,72.5508,1557763,True
DLR-100420,Surat A842 Distributors,CITY-1039,Surat,GJ,Gujarat,West,A,Retail Store,True,1622,23,2002-10-27,21.2124,72.8126,1329216,True
DLR-100421,Ahmedabad B780 Distributors,CITY-1038,Ahmedabad,GJ,Gujarat,West,B,Retail Store,True,1198,17,2008-06-17,23.0043,72.5335,1620658,True
DLR-100422,Jamnagar B964 Distributors,CITY-1043,Jamnagar,GJ,Gujarat,West,B,Retail Store,False,1394,7,2018-05-20,22.4929,70.088,1138006,True
DLR-100423,Vadodara C390 Distributors,CITY-1040,Vadodara,GJ,Gujarat,West,C,Online Marketplace,True,259,6,2019-10-20,22.314,73.2151,486543,True
DLR-100424,Ahmedabad C823 Distributors,CITY-1038,Ahmedabad,GJ,Gujarat,West,C,Retail Store,True,244,6,2019-06-07,23.0089,72.544,235610,True
DLR-100425,Vadodara C292 Distributors,CITY-1040,Vadodara,GJ,Gujarat,West,C,Retail Store,True,203,8,2018-03-05,22.3474,73.2296,240358,True
DLR-100426,Rajkot B230 Distributors,CITY-1041,Rajkot,GJ,Gujarat,West,B,Retail Store,True,1305,16,2009-05-25,22.3182,70.7815,2200500,True
DLR-100427,Gandhinagar A201 Distributors,CITY-1044,Gandhinagar,GJ,Gujarat,West,A,Retail Store,False,3759,20,2005-07-29,23.2453,72.6873,3424450,True
DLR-100428,Ahmedabad C299 Distributors,CITY-1038,Ahmedabad,GJ,Gujarat,West,C,Retail Store,True,590,6,2020-03-06,23.0192,72.5997,1154143,True
DLR-100429,Jamnagar B879 Distributors,CITY-1043,Jamnagar,GJ,Gujarat,West,B,Retail Store,False,898,16,2009-12-14,22.4286,70.0157,1229359,True
DLR-100430,Jamnagar A983 Distributors,CITY-1043,Jamnagar,GJ,Gujarat,West,A,Retail Store,False,2565,18,2007-07-11,22.4723,70.0372,2999318,True
DLR-100431,Jamnagar C416 Distributors,CITY-1043,Jamnagar,GJ,Gujarat,West,C,Retail Store,False,381,8,2018-03-07,22.493,70.0465,760429,True
DLR-100432,Vadodara C368 Distributors,CITY-1040,Vadodara,GJ,Gujarat,West,C,Online Marketplace,True,289,3,2022-12-31,22.313,73.2032,497031,True
DLR-100433,Vadodara B447 Distributors,CITY-1040,Vadodara,GJ,Gujarat,West,B,Retail Store,True,1229,7,2019-02-12,22.3531,73.1976,2361739,True
DLR-100434,Surat A263 Distributors,CITY-1039,Surat,GJ,Gujarat,West,A,Retail Store,True,2246,22,2003-06-23,21.1578,72.7862,2244344,True
DLR-100435,Rajkot B457 Distributors,CITY-1041,Rajkot,GJ,Gujarat,West,B,Institutional/B2B,True,1319,17,2009-01-27,22.3373,70.7952,1668177,True
DLR-100436,Vadodara B821 Distributors,CITY-1040,Vadodara,GJ,Gujarat,West,B,Retail Store,True,843,13,2012-06-13,22.3414,73.2241,874331,True
DLR-100437,Rajkot B287 Distributors,CITY-1041,Rajkot,GJ,Gujarat,West,B,Retail Store,True,1095,16,2009-06-28,22.2901,70.7838,1089736,True
DLR-100438,Surat B619 Distributors,CITY-1039,Surat,GJ,Gujarat,West,B,Retail Store,True,1329,7,2019-04-27,21.1242,72.8164,1614172,True
DLR-100439,Rajkot C862 Distributors,CITY-1041,Rajkot,GJ,Gujarat,West,C,Retail Store,True,272,9,2016-12-03,22.2672,70.8379,358856,True
DLR-100440,Bhavnagar A165 Distributors,CITY-1042,Bhavnagar,GJ,Gujarat,West,A,Retail Store,False,1803,21,2005-03-23,21.7602,72.1201,2805669,True
DLR-100441,Ahmedabad C848 Distributors,CITY-1038,Ahmedabad,GJ,Gujarat,West,C,Institutional/B2B,True,330,7,2018-08-18,22.9824,72.6075,420077,True
DLR-100442,Bhavnagar C328 Distributors,CITY-1042,Bhavnagar,GJ,Gujarat,West,C,Multi-Brand Outlet,False,168,5,2021-01-22,21.8096,72.101,292842,True
DLR-100443,Vadodara B370 Distributors,CITY-1040,Vadodara,GJ,Gujarat,West,B,Retail Store,True,845,8,2017-05-31,22.3414,73.158,1294922,False
DLR-100444,Bhavnagar A463 Distributors,CITY-1042,Bhavnagar,GJ,Gujarat,West,A,Retail Store,False,1773,10,2015-12-15,21.8002,72.1383,1521296,True
DLR-100445,Surat C233 Distributors,CITY-1039,Surat,GJ,Gujarat,West,C,Multi-Brand Outlet,True,359,4,2022-01-19,21.2,72.8355,488002,True
DLR-100446,Surat A730 Distributors,CITY-1039,Surat,GJ,Gujarat,West,A,Retail Store,True,3286,23,2002-05-16,21.1741,72.8405,4514972,False
DLR-100447,Jamnagar C989 Distributors,CITY-1043,Jamnagar,GJ,Gujarat,West,C,Retail Store,False,364,5,2021-03-16,22.4483,70.0937,326190,True
DLR-100448,Ahmedabad A393 Distributors,CITY-1038,Ahmedabad,GJ,Gujarat,West,A,Retail Store,True,2862,17,2008-05-17,22.9944,72.5798,4047008,True
DLR-100449,Bhavnagar B954 Distributors,CITY-1042,Bhavnagar,GJ,Gujarat,West,B,Retail Store,False,721,7,2018-11-04,21.7606,72.1062,1027092,True
DLR-100450,Vadodara B507 Distributors,CITY-1040,Vadodara,GJ,Gujarat,West,B,Retail Store,True,933,16,2009-06-07,22.2698,73.1344,1334078,True
DLR-100451,Vadodara B564 Distributors,CITY-1040,Vadodara,GJ,Gujarat,West,B,Retail Store,True,807,17,2008-10-12,22.2897,73.1377,1416915,True
DLR-100452,Ahmedabad C629 Distributors,CITY-1038,Ahmedabad,GJ,Gujarat,West,C,Online Marketplace,True,569,9,2016-07-23,23.069,72.5884,1088873,True
DLR-100453,Vadodara B210 Distributors,CITY-1040,Vadodara,GJ,Gujarat,West,B,Retail Store,True,914,15,2010-06-15,22.327,73.1942,1184922,True
DLR-100454,Surat C586 Distributors,CITY-1039,Surat,GJ,Gujarat,West,C,Online Marketplace,True,217,9,2016-06-09,21.2168,72.835,275975,True
DLR-100455,Ahmedabad A930 Distributors,CITY-1038,Ahmedabad,GJ,Gujarat,West,A,Retail Store,True,2641,25,2000-05-29,23.0378,72.5747,4589949,True
DLR-100456,Ahmedabad C656 Distributors,CITY-1038,Ahmedabad,GJ,Gujarat,West,C,Online Marketplace,True,588,3,2023-03-23,23.0025,72.5887,628918,True
DLR-100457,Ahmedabad B831 Distributors,CITY-1038,Ahmedabad,GJ,Gujarat,West,B,Multi-Brand Outlet,True,1486,9,2016-11-28,22.9717,72.5395,1937763,True
DLR-100458,Gandhinagar C226 Distributors,CITY-1044,Gandhinagar,GJ,Gujarat,West,C,Multi-Brand Outlet,False,528,4,2021-08-17,23.1881,72.6957,685862,True
DLR-100459,Gandhinagar B784 Distributors,CITY-1044,Gandhinagar,GJ,Gujarat,West,B,Retail Store,False,942,15,2010-06-24,23.1759,72.6633,903954,True
DLR-100460,Surat C163 Distributors,CITY-1039,Surat,GJ,Gujarat,West,C,Retail Store,True,234,8,2018-02-02,21.2192,72.8008,392430,True
DLR-100461,Rajkot C958 Distributors,CITY-1041,Rajkot,GJ,Gujarat,West,C,Retail Store,True,226,2,2023-05-19,22.2744,70.8156,335461,True
DLR-100462,Surat C446 Distributors,CITY-1039,Surat,GJ,Gujarat,West,C,Retail Store,True,317,3,2022-11-08,21.1673,72.7843,517960,True
DLR-100463,Rajkot C857 Distributors,CITY-1041,Rajkot,GJ,Gujarat,West,C,Retail Store,True,239,8,2018-01-06,22.2631,70.7941,311397,True
DLR-100464,Rajkot C174 Distributors,CITY-1041,Rajkot,GJ,Gujarat,West,C,Retail Store,True,174,2,2023-07-04,22.2996,70.7786,261312,True
DLR-100465,Gandhinagar A443 Distributors,CITY-1044,Gandhinagar,GJ,Gujarat,West,A,Retail Store,False,2878,8,2017-11-27,23.1731,72.6714,4103027,True
DLR-100466,Surat A822 Distributors,CITY-1039,Surat,GJ,Gujarat,West,A,Retail Store,True,3976,24,2001-12-27,21.1777,72.8691,6099087,True
DLR-100467,Rajkot B992 Distributors,CITY-1041,Rajkot,GJ,Gujarat,West,B,Retail Store,True,641,6,2019-05-27,22.2699,70.7747,969742,True
DLR-100468,Ahmedabad A373 Distributors,CITY-1038,Ahmedabad,GJ,Gujarat,West,A,Retail Store,True,3595,18,2008-03-22,23.0423,72.5973,4098088,True
DLR-100469,Gandhinagar C308 Distributors,CITY-1044,Gandhinagar,GJ,Gujarat,West,C,Retail Store,False,164,4,2021-10-18,23.2563,72.6309,135163,True
DLR-100470,Ahmedabad C871 Distributors,CITY-1038,Ahmedabad,GJ,Gujarat,West,C,Multi-Brand Outlet,True,396,5,2020-07-25,23.0508,72.6086,790550,True
DLR-100471,Vadodara B710 Distributors,CITY-1040,Vadodara,GJ,Gujarat,West,B,Retail Store,True,607,6,2019-10-19,22.2831,73.2197,1143508,False
DLR-100472,Rajkot B229 Distributors,CITY-1041,Rajkot,GJ,Gujarat,West,B,Retail Store,True,1252,15,2011-03-24,22.2739,70.8258,2023952,True
DLR-100473,Rajkot C834 Distributors,CITY-1041,Rajkot,GJ,Gujarat,West,C,Multi-Brand Outlet,True,469,7,2018-05-22,22.3435,70.7803,764463,True
DLR-100474,Ahmedabad B474 Distributors,CITY-1038,Ahmedabad,GJ,Gujarat,West,B,Retail Store,True,808,16,2009-12-21,23.0665,72.5628,1135520,True
DLR-100475,Gandhinagar B993 Distributors,CITY-1044,Gandhinagar,GJ,Gujarat,West,B,Retail Store,False,1485,7,2018-10-18,23.2336,72.6398,1541961,True
DLR-100476,Ahmedabad C618 Distributors,CITY-1038,Ahmedabad,GJ,Gujarat,West,C,Online Marketplace,True,473,9,2017-03-24,23.0546,72.5383,392913,True
DLR-100477,Vadodara C372 Distributors,CITY-1040,Vadodara,GJ,Gujarat,West,C,Retail Store,True,381,3,2023-02-14,22.2682,73.19,443087,True
DLR-100478,Ahmedabad C538 Distributors,CITY-1038,Ahmedabad,GJ,Gujarat,West,C,Retail Store,True,183,4,2022-04-21,23.039,72.6145,256327,True
DLR-100479,Ahmedabad C701 Distributors,CITY-1038,Ahmedabad,GJ,Gujarat,West,C,Retail Store,True,264,2,2023-07-17,23.0502,72.6061,237892,True
DLR-100480,Vadodara B720 Distributors,CITY-1040,Vadodara,GJ,Gujarat,West,B,Multi-Brand Outlet,True,1426,11,2014-11-01,22.3546,73.1613,2347265,True
DLR-100481,Surat C563 Distributors,CITY-1039,Surat,GJ,Gujarat,West,C,Online Marketplace,True,345,3,2022-08-24,21.1507,72.866,627526,True
DLR-100482,Ahmedabad A308 Distributors,CITY-1038,Ahmedabad,GJ,Gujarat,West,A,Retail Store,True,2342,17,2008-11-03,23.0102,72.5778,3168908,True
DLR-100483,Ahmedabad C194 Distributors,CITY-1038,Ahmedabad,GJ,Gujarat,West,C,Online Marketplace,True,521,3,2023-01-01,23.0169,72.5906,966525,True
DLR-100484,Surat A661 Distributors,CITY-1039,Surat,GJ,Gujarat,West,A,Retail Store,True,2573,29,1996-10-09,21.1526,72.7871,4007836,True
DLR-100485,Rajkot B355 Distributors,CITY-1041,Rajkot,GJ,Gujarat,West,B,Retail Store,True,1158,16,2009-05-04,22.2632,70.8478,941289,True
DLR-100486,Jamnagar C803 Distributors,CITY-1043,Jamnagar,GJ,Gujarat,West,C,Multi-Brand Outlet,False,595,9,2016-05-14,22.4721,70.0541,838539,True
DLR-100487,Ahmedabad C439 Distributors,CITY-1038,Ahmedabad,GJ,Gujarat,West,C,Retail Store,True,459,2,2023-09-30,23.0151,72.6069,599743,True
DLR-100488,Surat A581 Distributors,CITY-1039,Surat,GJ,Gujarat,West,A,Online Marketplace,True,3853,24,2001-08-02,21.1477,72.7846,6533283,True
DLR-100489,Ahmedabad C525 Distributors,CITY-1038,Ahmedabad,GJ,Gujarat,West,C,Retail Store,True,218,4,2022-04-11,23.0076,72.5771,231856,False
DLR-100490,Ahmedabad C708 Distributors,CITY-1038,Ahmedabad,GJ,Gujarat,West,C,Retail Store,True,469,6,2019-07-24,23.0522,72.5953,782683,True
DLR-100491,Rajkot B260 Distributors,CITY-1041,Rajkot,GJ,Gujarat,West,B,Retail Store,True,815,7,2018-08-11,22.2742,70.7573,1354906,True
DLR-100492,Vadodara A112 Distributors,CITY-1040,Vadodara,GJ,Gujarat,West,A,Retail Store,True,3865,23,2002-07-16,22.2654,73.149,3468439,True
DLR-100493,Ahmedabad C598 Distributors,CITY-1038,Ahmedabad,GJ,Gujarat,West,C,Multi-Brand Outlet,True,320,7,2018-10-21,23.0209,72.6061,268181,True
DLR-100494,Jaipur C100 Distributors,CITY-1045,Jaipur,RJ,Rajasthan,West,C,Retail Store,True,220,3,2022-06-17,26.9225,75.8208,324332,True
DLR-100495,Kota C308 Distributors,CITY-1048,Kota,RJ,Rajasthan,West,C,Retail Store,False,159,7,2019-01-28,25.2196,75.8914,208480,True
DLR-100496,Jaipur C820 Distributors,CITY-1045,Jaipur,RJ,Rajasthan,West,C,Multi-Brand Outlet,True,456,8,2017-10-02,26.9296,75.7763,470497,True
DLR-100497,Jodhpur B889 Distributors,CITY-1046,Jodhpur,RJ,Rajasthan,West,B,Retail Store,True,1238,7,2019-01-04,26.2784,73.0043,1097774,True
DLR-100498,Jaipur C523 Distributors,CITY-1045,Jaipur,RJ,Rajasthan,West,C,Retail Store,True,174,5,2020-11-02,26.8841,75.7787,182433,True
DLR-100499,Kota B436 Distributors,CITY-1048,Kota,RJ,Rajasthan,West,B,Retail Store,False,1424,5,2020-05-10,25.2084,75.8223,1329710,True
DLR-100500,Ajmer C373 Distributors,CITY-1049,Ajmer,RJ,Rajasthan,West,C,Retail Store,False,591,5,2020-11-29,26.4444,74.6182,989714,True
DLR-100501,Jodhpur C503 Distributors,CITY-1046,Jodhpur,RJ,Rajasthan,West,C,Online Marketplace,True,166,9,2017-04-14,26.266,73.0039,248959,True
DLR-100502,Ajmer A253 Distributors,CITY-1049,Ajmer,RJ,Rajasthan,West,A,Retail Store,False,1654,22,2003-08-28,26.4744,74.6819,1842723,True
DLR-100503,Jaipur C795 Distributors,CITY-1045,Jaipur,RJ,Rajasthan,West,C,Retail Store,True,280,2,2023-07-03,26.9154,75.7699,338861,True
DLR-100504,Jodhpur C967 Distributors,CITY-1046,Jodhpur,RJ,Rajasthan,West,C,Retail Store,True,504,8,2017-06-24,26.2691,73.0301,890122,True
DLR-100505,Ajmer B586 Distributors,CITY-1049,Ajmer,RJ,Rajasthan,West,B,Retail Store,False,1160,12,2013-08-06,26.4063,74.6287,1424919,True
DLR-100506,Jaipur A400 Distributors,CITY-1045,Jaipur,RJ,Rajasthan,West,A,Retail Store,True,2857,18,2007-11-28,26.8804,75.7692,3590044,True
DLR-100507,Bikaner C880 Distributors,CITY-1050,Bikaner,RJ,Rajasthan,West,C,Retail Store,False,559,2,2024-01-09,28.0175,73.3498,861949,True
DLR-100508,Jaipur C436 Distributors,CITY-1045,Jaipur,RJ,Rajasthan,West,C,Retail Store,True,298,4,2022-02-20,26.8622,75.7758,538462,True
DLR-100509,Jaipur A883 Distributors,CITY-1045,Jaipur,RJ,Rajasthan,West,A,Institutional/B2B,True,3222,21,2004-10-30,26.9331,75.817,3773913,True
DLR-100510,Ajmer C472 Distributors,CITY-1049,Ajmer,RJ,Rajasthan,West,C,Retail Store,False,341,4,2021-07-23,26.4108,74.6742,433875,True
DLR-100511,Jaipur C168 Distributors,CITY-1045,Jaipur,RJ,Rajasthan,West,C,Retail Store,True,411,4,2021-11-23,26.9451,75.7484,418472,True
DLR-100512,Bikaner A253 Distributors,CITY-1050,Bikaner,RJ,Rajasthan,West,A,Retail Store,False,2034,28,1997-07-14,27.9819,73.2741,1728486,True
DLR-100513,Bikaner C905 Distributors,CITY-1050,Bikaner,RJ,Rajasthan,West,C,Retail Store,False,477,8,2018-03-24,28.0006,73.2865,683591,True
DLR-100514,Jaipur A970 Distributors,CITY-1045,Jaipur,RJ,Rajasthan,West,A,Retail Store,True,2133,24,2001-12-08,26.9392,75.8212,3243652,True
DLR-100515,Jodhpur B429 Distributors,CITY-1046,Jodhpur,RJ,Rajasthan,West,B,Retail Store,True,813,12,2013-12-18,26.2483,72.9824,1227679,True
DLR-100516,Jaipur C408 Distributors,CITY-1045,Jaipur,RJ,Rajasthan,West,C,Retail Store,True,596,9,2016-12-09,26.909,75.7929,997474,True
DLR-100517,Jodhpur B953 Distributors,CITY-1046,Jodhpur,RJ,Rajasthan,West,B,Retail Store,True,1403,16,2009-05-03,26.2336,73.0358,2062137,True
DLR-100518,Jaipur C800 Distributors,CITY-1045,Jaipur,RJ,Rajasthan,West,C,Multi-Brand Outlet,True,365,7,2018-12-14,26.8888,75.8125,499948,True
DLR-100519,Jaipur C219 Distributors,CITY-1045,Jaipur,RJ,Rajasthan,West,C,Retail Store,True,527,6,2019-12-04,26.9224,75.7463,1036584,True
DLR-100520,Jaipur C451 Distributors,CITY-1045,Jaipur,RJ,Rajasthan,West,C,Retail Store,True,531,7,2018-07-13,26.9029,75.7475,963659,True
DLR-100521,Jodhpur B156 Distributors,CITY-1046,Jodhpur,RJ,Rajasthan,West,B,Multi-Brand Outlet,True,779,13,2013-03-28,26.2881,73.0166,672505,True
DLR-100522,Bikaner A325 Distributors,CITY-1050,Bikaner,RJ,Rajasthan,West,A,Retail Store,False,1954,15,2010-07-15,28.0544,73.2862,3009267,True
DLR-100523,Kota B442 Distributors,CITY-1048,Kota,RJ,Rajasthan,West,B,Retail Store,False,1001,17,2008-08-19,25.1916,75.8207,1721635,True
DLR-100524,Udaipur C840 Distributors,CITY-1047,Udaipur,RJ,Rajasthan,West,C,Retail Store,True,313,1,2025-04-13,24.6101,73.6885,359340,True
DLR-100525,Jodhpur B156 Distributors,CITY-1046,Jodhpur,RJ,Rajasthan,West,B,Retail Store,True,1319,4,2021-12-08,26.2825,72.9756,1921505,True
DLR-100526,Kota A997 Distributors,CITY-1048,Kota,RJ,Rajasthan,West,A,Retail Store,False,2862,10,2016-01-29,25.2115,75.8202,2344647,True
DLR-100527,Jaipur B353 Distributors,CITY-1045,Jaipur,RJ,Rajasthan,West,B,Retail Store,True,857,8,2017-07-20,26.9451,75.7746,1473711,True
DLR-100528,Udaipur C859 Distributors,CITY-1047,Udaipur,RJ,Rajasthan,West,C,Multi-Brand Outlet,True,154,4,2021-05-29,24.5672,73.6916,291151,True
DLR-100529,Bikaner C520 Distributors,CITY-1050,Bikaner,RJ,Rajasthan,West,C,Retail Store,False,404,4,2021-05-21,28.0073,73.2809,805823,True
DLR-100530,Jaipur B715 Distributors,CITY-1045,Jaipur,RJ,Rajasthan,West,B,Institutional/B2B,True,818,10,2015-11-29,26.9552,75.7742,1209412,False
DLR-100531,Udaipur A855 Distributors,CITY-1047,Udaipur,RJ,Rajasthan,West,A,Retail Store,True,3125,12,2013-08-16,24.6285,73.6687,3954897,True
DLR-100532,Kota A174 Distributors,CITY-1048,Kota,RJ,Rajasthan,West,A,Multi-Brand Outlet,False,2377,9,2016-05-30,25.2045,75.8588,4577667,True
DLR-100533,Ajmer B754 Distributors,CITY-1049,Ajmer,RJ,Rajasthan,West,B,Retail Store,False,1167,12,2013-10-11,26.4924,74.6898,1967859,True
DLR-100534,Udaipur B314 Distributors,CITY-1047,Udaipur,RJ,Rajasthan,West,B,Retail Store,True,906,13,2013-04-25,24.6319,73.6647,1134893,True
DLR-100535,Jaipur B325 Distributors,CITY-1045,Jaipur,RJ,Rajasthan,West,B,Retail Store,True,1172,8,2017-12-03,26.9341,75.7943,2001108,True
DLR-100536,Jaipur C965 Distributors,CITY-1045,Jaipur,RJ,Rajasthan,West,C,Retail Store,True,578,2,2023-10-02,26.8892,75.8324,791380,True
DLR-100537,Jaipur B189 Distributors,CITY-1045,Jaipur,RJ,Rajasthan,West,B,Retail Store,True,967,14,2011-05-18,26.9466,75.7977,1467296,True
DLR-100538,Udaipur B346 Distributors,CITY-1047,Udaipur,RJ,Rajasthan,West,B,Retail Store,True,1032,14,2011-06-10,24.5905,73.6607,1813093,True
DLR-100539,Jaipur C179 Distributors,CITY-1045,Jaipur,RJ,Rajasthan,West,C,Retail Store,True,197,3,2022-07-02,26.9102,75.831,284347,True
DLR-100540,Ajmer B602 Distributors,CITY-1049,Ajmer,RJ,Rajasthan,West,B,Multi-Brand Outlet,False,1063,17,2008-10-17,26.4697,74.5983,1394900,True
DLR-100541,Jaipur A502 Distributors,CITY-1045,Jaipur,RJ,Rajasthan,West,A,Multi-Brand Outlet,True,1706,23,2002-11-18,26.9002,75.7903,1988997,True
DLR-100542,Jaipur A216 Distributors,CITY-1045,Jaipur,RJ,Rajasthan,West,A,Retail Store,True,2367,27,1998-06-29,26.9573,75.7601,2838684,True
DLR-100543,Jodhpur B457 Distributors,CITY-1046,Jodhpur,RJ,Rajasthan,West,B,Retail Store,True,1377,13,2012-07-06,26.2079,73.0591,1683054,True
DLR-100544,Udaipur C244 Distributors,CITY-1047,Udaipur,RJ,Rajasthan,West,C,Retail Store,True,342,1,2024-09-07,24.6036,73.7366,591448,True
DLR-100545,Jaipur B752 Distributors,CITY-1045,Jaipur,RJ,Rajasthan,West,B,Retail Store,True,1044,11,2014-11-14,26.9057,75.769,1789695,True
DLR-100546,Jodhpur B318 Distributors,CITY-1046,Jodhpur,RJ,Rajasthan,West,B,Multi-Brand Outlet,True,1403,13,2013-01-11,26.2289,73.0587,2157931,True
DLR-100547,Jodhpur C809 Distributors,CITY-1046,Jodhpur,RJ,Rajasthan,West,C,Retail Store,True,521,4,2021-10-27,26.279,72.9963,1012080,True
DLR-100548,Jaipur C336 Distributors,CITY-1045,Jaipur,RJ,Rajasthan,West,C,Retail Store,True,386,3,2022-07-24,26.8992,75.7848,545245,True
DLR-100549,Jaipur B596 Distributors,CITY-1045,Jaipur,RJ,Rajasthan,West,B,Retail Store,True,708,5,2020-10-25,26.9567,75.8345,1339192,False
DLR-100550,Kota C116 Distributors,CITY-1048,Kota,RJ,Rajasthan,West,C,Retail Store,False,360,8,2017-12-31,25.1761,75.9061,298385,True
DLR-100551,Jodhpur C180 Distributors,CITY-1046,Jodhpur,RJ,Rajasthan,West,C,Retail Store,True,168,1,2024-06-05,26.2895,72.9988,312335,True
DLR-100552,Jaipur A936 Distributors,CITY-1045,Jaipur,RJ,Rajasthan,West,A,Retail Store,True,1703,11,2014-09-25,26.8659,75.7672,2415195,True
DLR-100553,Kota C351 Distributors,CITY-1048,Kota,RJ,Rajasthan,West,C,Retail Store,False,166,8,2017-10-07,25.177,75.8485,180537,True
DLR-100554,Bikaner B532 Distributors,CITY-1050,Bikaner,RJ,Rajasthan,West,B,Retail Store,False,1018,9,2016-07-19,28.0042,73.341,1731331,True
DLR-100555,Udaipur A629 Distributors,CITY-1047,Udaipur,RJ,Rajasthan,West,A,Retail Store,True,2619,14,2011-05-23,24.5846,73.7567,4151680,True
DLR-100556,Jodhpur B610 Distributors,CITY-1046,Jodhpur,RJ,Rajasthan,West,B,Retail Store,True,1183,9,2016-08-17,26.256,73.0089,1771493,True
DLR-100557,Ajmer A567 Distributors,CITY-1049,Ajmer,RJ,Rajasthan,West,A,Multi-Brand Outlet,False,2702,10,2016-02-06,26.4248,74.6248,3208861,True
DLR-100558,Bikaner A234 Distributors,CITY-1050,Bikaner,RJ,Rajasthan,West,A,Retail Store,False,2673,23,2002-11-17,27.9806,73.3422,3150825,True
DLR-100559,Udaipur B562 Distributors,CITY-1047,Udaipur,RJ,Rajasthan,West,B,Retail Store,True,777,13,2012-05-06,24.6164,73.7114,1159170,True
DLR-100560,Jodhpur B597 Distributors,CITY-1046,Jodhpur,RJ,Rajasthan,West,B,Retail Store,True,917,12,2013-08-20,26.2281,73.0196,1389595,True
DLR-100561,Udaipur B313 Distributors,CITY-1047,Udaipur,RJ,Rajasthan,West,B,Retail Store,True,1155,17,2008-06-08,24.6244,73.706,1862522,True
DLR-100562,Udaipur A699 Distributors,CITY-1047,Udaipur,RJ,Rajasthan,West,A,Retail Store,True,2187,24,2002-04-25,24.5654,73.7478,2376180,True
DLR-100563,Jaipur B582 Distributors,CITY-1045,Jaipur,RJ,Rajasthan,West,B,Multi-Brand Outlet,True,1330,16,2009-10-01,26.8739,75.8266,2341019,True
DLR-100564,Jodhpur A945 Distributors,CITY-1046,Jodhpur,RJ,Rajasthan,West,A,Multi-Brand Outlet,True,1809,10,2016-03-03,26.2406,73.0478,1474544,True
DLR-100565,Kota A919 Distributors,CITY-1048,Kota,RJ,Rajasthan,West,A,Retail Store,False,2764,10,2015-05-27,25.2302,75.811,2795038,True
DLR-100566,Udaipur B183 Distributors,CITY-1047,Udaipur,RJ,Rajasthan,West,B,Retail Store,True,706,10,2015-06-10,24.5694,73.7046,1286436,True
DLR-100567,Jodhpur A435 Distributors,CITY-1046,Jodhpur,RJ,Rajasthan,West,A,Retail Store,True,1992,19,2007-04-18,26.2815,72.9856,2954449,False
DLR-100568,Udaipur B678 Distributors,CITY-1047,Udaipur,RJ,Rajasthan,West,B,Retail Store,True,1329,14,2011-06-07,24.5574,73.7147,1144798,True
DLR-100569,Jaipur B563 Distributors,CITY-1045,Jaipur,RJ,Rajasthan,West,B,Retail Store,True,665,9,2016-07-05,26.8725,75.8052,902260,True
DLR-100570,Jodhpur C951 Distributors,CITY-1046,Jodhpur,RJ,Rajasthan,West,C,Multi-Brand Outlet,True,544,6,2020-01-27,26.2521,73.0002,509596,True
DLR-100571,Kota C885 Distributors,CITY-1048,Kota,RJ,Rajasthan,West,C,Retail Store,False,314,1,2025-03-05,25.1866,75.8907,491961,True
DLR-100572,Jaipur B324 Distributors,CITY-1045,Jaipur,RJ,Rajasthan,West,B,Multi-Brand Outlet,True,1078,13,2013-02-09,26.8733,75.8092,995921,True
DLR-100573,Jaipur B842 Distributors,CITY-1045,Jaipur,RJ,Rajasthan,West,B,Retail Store,True,1113,17,2008-11-12,26.8867,75.8311,1996525,True
DLR-100574,Bikaner A837 Distributors,CITY-1050,Bikaner,RJ,Rajasthan,West,A,Online Marketplace,False,2422,14,2012-03-13,27.996,73.2985,4755328,True
DLR-100575,Jaipur C871 Distributors,CITY-1045,Jaipur,RJ,Rajasthan,West,C,Retail Store,True,296,9,2017-02-23,26.8875,75.8039,401612,True
DLR-100576,Jaipur C834 Distributors,CITY-1045,Jaipur,RJ,Rajasthan,West,C,Multi-Brand Outlet,True,160,1,2024-05-03,26.9297,75.8125,194774,False
DLR-100577,Bikaner A714 Distributors,CITY-1050,Bikaner,RJ,Rajasthan,West,A,Retail Store,False,2634,25,2000-12-30,28.0347,73.2728,4534303,True
DLR-100578,Udaipur C876 Distributors,CITY-1047,Udaipur,RJ,Rajasthan,West,C,Multi-Brand Outlet,True,340,3,2022-09-29,24.5464,73.7193,446173,True
DLR-100579,Udaipur C788 Distributors,CITY-1047,Udaipur,RJ,Rajasthan,West,C,Retail Store,True,159,2,2024-02-10,24.5798,73.7531,314383,True
DLR-100580,Ajmer C222 Distributors,CITY-1049,Ajmer,RJ,Rajasthan,West,C,Retail Store,False,495,6,2019-08-16,26.4268,74.6216,456902,False
DLR-100581,Jaipur A777 Distributors,CITY-1045,Jaipur,RJ,Rajasthan,West,A,Retail Store,True,3594,20,2005-10-05,26.9059,75.7477,5036086,True
DLR-100582,Udaipur A299 Distributors,CITY-1047,Udaipur,RJ,Rajasthan,West,A,Retail Store,True,2740,18,2007-08-10,24.5846,73.7272,5187764,True
DLR-100583,Jodhpur C876 Distributors,CITY-1046,Jodhpur,RJ,Rajasthan,West,C,Retail Store,True,425,8,2018-03-01,26.2506,73.0332,386590,True
DLR-100584,Kota C524 Distributors,CITY-1048,Kota,RJ,Rajasthan,West,C,Online Marketplace,False,229,4,2022-02-02,25.1789,75.8501,414127,False
DLR-100585,Jodhpur A701 Distributors,CITY-1046,Jodhpur,RJ,Rajasthan,West,A,Institutional/B2B,True,2177,21,2004-09-18,26.2441,72.9984,2892986,True
DLR-100586,Udaipur C382 Distributors,CITY-1047,Udaipur,RJ,Rajasthan,West,C,Retail Store,True,477,7,2018-09-19,24.6075,73.6806,778767,True
DLR-100587,Jodhpur C166 Distributors,CITY-1046,Jodhpur,RJ,Rajasthan,West,C,Retail Store,True,560,1,2025-01-29,26.2528,72.9884,852716,True
DLR-100588,Jodhpur C635 Distributors,CITY-1046,Jodhpur,RJ,Rajasthan,West,C,Retail Store,True,463,2,2024-01-30,26.2709,73.0373,529376,True
DLR-100589,Udaipur B922 Distributors,CITY-1047,Udaipur,RJ,Rajasthan,West,B,Multi-Brand Outlet,True,1496,8,2018-01-02,24.6354,73.681,1512558,True
DLR-100590,Udaipur B115 Distributors,CITY-1047,Udaipur,RJ,Rajasthan,West,B,Retail Store,True,1444,4,2022-04-03,24.5544,73.7359,2461246,True
DLR-100591,Udaipur C936 Distributors,CITY-1047,Udaipur,RJ,Rajasthan,West,C,Multi-Brand Outlet,True,420,9,2016-08-04,24.6233,73.7093,540357,True
DLR-100592,Jodhpur B106 Distributors,CITY-1046,Jodhpur,RJ,Rajasthan,West,B,Multi-Brand Outlet,True,702,12,2013-11-02,26.2465,72.9952,1301856,True
DLR-100593,Margao A172 Distributors,CITY-1116,Margao,GA,Goa,West,A,Retail Store,False,2808,29,1997-02-02,15.2656,73.9991,3677749,True
DLR-100594,Panaji A613 Distributors,CITY-1115,Panaji,GA,Goa,West,A,Retail Store,True,1675,21,2005-03-03,15.5186,73.8026,1555128,True
DLR-100595,Panaji C488 Distributors,CITY-1115,Panaji,GA,Goa,West,C,Retail Store,True,293,4,2021-12-08,15.4989,73.8018,502364,True
DLR-100596,Panaji C757 Distributors,CITY-1115,Panaji,GA,Goa,West,C,Retail Store,True,486,5,2020-06-30,15.4739,73.8424,545096,True
DLR-100597,Panaji C853 Distributors,CITY-1115,Panaji,GA,Goa,West,C,Retail Store,True,558,6,2019-12-29,15.5291,73.8481,544226,True
DLR-100598,Panaji B821 Distributors,CITY-1115,Panaji,GA,Goa,West,B,Retail Store,True,869,6,2020-01-04,15.5096,73.7907,1646864,True
DLR-100599,Panaji A335 Distributors,CITY-1115,Panaji,GA,Goa,West,A,Retail Store,True,1960,11,2014-05-11,15.5465,73.8716,3050171,True
DLR-100600,Panaji B573 Distributors,CITY-1115,Panaji,GA,Goa,West,B,Multi-Brand Outlet,True,833,4,2021-12-22,15.5022,73.8013,1044564,True
DLR-100601,Panaji B410 Distributors,CITY-1115,Panaji,GA,Goa,West,B,Institutional/B2B,True,661,6,2020-02-19,15.4916,73.7967,571908,False
DLR-100602,Panaji A157 Distributors,CITY-1115,Panaji,GA,Goa,West,A,Multi-Brand Outlet,True,1671,19,2007-03-15,15.5429,73.8297,1463494,True
DLR-100603,Margao C666 Distributors,CITY-1116,Margao,GA,Goa,West,C,Retail Store,False,532,9,2016-11-17,15.2837,73.9171,617039,True
DLR-100604,Panaji C583 Distributors,CITY-1115,Panaji,GA,Goa,West,C,Multi-Brand Outlet,True,557,5,2020-10-11,15.5296,73.8395,849517,True
DLR-100605,Panaji B725 Distributors,CITY-1115,Panaji,GA,Goa,West,B,Retail Store,True,1196,7,2019-01-14,15.4529,73.8444,1452323,True
DLR-100606,Panaji C942 Distributors,CITY-1115,Panaji,GA,Goa,West,C,Retail Store,True,247,9,2016-06-03,15.4692,73.8517,423563,True
DLR-100607,Panaji A328 Distributors,CITY-1115,Panaji,GA,Goa,West,A,Retail Store,True,2051,26,1999-11-14,15.5251,73.8546,3442937,True
DLR-100608,Panaji C232 Distributors,CITY-1115,Panaji,GA,Goa,West,C,Retail Store,True,175,8,2017-12-16,15.494,73.7869,194243,True
DLR-100609,Panaji C816 Distributors,CITY-1115,Panaji,GA,Goa,West,C,Multi-Brand Outlet,True,428,1,2024-09-03,15.5201,73.7856,853763,True
DLR-100610,Panaji B524 Distributors,CITY-1115,Panaji,GA,Goa,West,B,Retail Store,True,1021,5,2020-12-14,15.5301,73.8251,1420048,True
DLR-100611,Margao B377 Distributors,CITY-1116,Margao,GA,Goa,West,B,Online Marketplace,False,785,9,2016-11-29,15.2663,73.9587,1474544,True
DLR-100612,Margao A178 Distributors,CITY-1116,Margao,GA,Goa,West,A,Retail Store,False,2100,20,2005-09-30,15.2647,73.9878,2860117,True
DLR-100613,Panaji C937 Distributors,CITY-1115,Panaji,GA,Goa,West,C,Institutional/B2B,True,335,2,2023-07-10,15.5017,73.7884,412219,True
DLR-100614,Panaji C705 Distributors,CITY-1115,Panaji,GA,Goa,West,C,Retail Store,True,359,7,2018-06-03,15.4675,73.8448,493822,True
DLR-100615,Panaji A123 Distributors,CITY-1115,Panaji,GA,Goa,West,A,Retail Store,True,3576,25,2001-04-20,15.4579,73.8131,4531749,True
DLR-100616,Panaji C941 Distributors,CITY-1115,Panaji,GA,Goa,West,C,Retail Store,True,323,3,2022-12-05,15.4911,73.8034,298569,True
DLR-100617,Panaji B294 Distributors,CITY-1115,Panaji,GA,Goa,West,B,Retail Store,True,1263,10,2015-06-11,15.518,73.8625,1995711,True
DLR-100618,Panaji A932 Distributors,CITY-1115,Panaji,GA,Goa,West,A,Retail Store,True,2960,10,2015-05-18,15.5399,73.8424,3790066,True
DLR-100619,Panaji B855 Distributors,CITY-1115,Panaji,GA,Goa,West,B,Retail Store,True,1155,7,2019-03-31,15.5398,73.8708,1222835,True
DLR-100620,Panaji B710 Distributors,CITY-1115,Panaji,GA,Goa,West,B,Online Marketplace,True,901,9,2016-09-25,15.535,73.8089,1334319,True
DLR-100621,Panaji C229 Distributors,CITY-1115,Panaji,GA,Goa,West,C,Retail Store,True,572,5,2021-01-02,15.546,73.7845,939015,False
DLR-100622,Dadra Nagar Haveli C889 Distributors,FALLBACK-DD,Dadra Nagar Haveli,DD,Dadra Nagar Haveli,West,C,Retail Store,False,552,9,2016-06-19,20.4362,72.8318,617951,True
DLR-100623,Dadra Nagar Haveli A607 Distributors,FALLBACK-DD,Dadra Nagar Haveli,DD,Dadra Nagar Haveli,West,A,Retail Store,False,2938,12,2014-01-15,20.4153,72.7932,5223818,True
DLR-100624,Dadra Nagar Haveli B748 Distributors,FALLBACK-DD,Dadra Nagar Haveli,DD,Dadra Nagar Haveli,West,B,Multi-Brand Outlet,False,1150,12,2013-08-16,20.3491,72.8063,1060610,False
DLR-100625,Dadra Nagar Haveli C268 Distributors,FALLBACK-DD,Dadra Nagar Haveli,DD,Dadra Nagar Haveli,West,C,Retail Store,False,337,2,2024-04-11,20.3634,72.8439,578217,True
DLR-100626,Dadra Nagar Haveli B640 Distributors,FALLBACK-DD,Dadra Nagar Haveli,DD,Dadra Nagar Haveli,West,B,Retail Store,False,1115,13,2013-02-28,20.3689,72.8251,1907365,True
DLR-100627,Dadra Nagar Haveli C887 Distributors,FALLBACK-DD,Dadra Nagar Haveli,DD,Dadra Nagar Haveli,West,C,Retail Store,False,302,5,2020-07-22,20.3914,72.875,453385,True
DLR-100628,Dadra Nagar Haveli B800 Distributors,FALLBACK-DD,Dadra Nagar Haveli,DD,Dadra Nagar Haveli,West,B,Retail Store,False,1065,10,2015-09-03,20.3455,72.8354,1779906,True
DLR-100629,Dadra Nagar Haveli C952 Distributors,FALLBACK-DD,Dadra Nagar Haveli,DD,Dadra Nagar Haveli,West,C,Retail Store,False,269,5,2021-03-24,20.3734,72.7907,249502,True
DLR-100630,Dadra Nagar Haveli A623 Distributors,FALLBACK-DD,Dadra Nagar Haveli,DD,Dadra Nagar Haveli,West,A,Retail Store,False,1721,24,2002-02-11,20.409,72.8677,1993247,True
DLR-100631,Dadra Nagar Haveli B703 Distributors,FALLBACK-DD,Dadra Nagar Haveli,DD,Dadra Nagar Haveli,West,B,Retail Store,False,1384,12,2013-12-16,20.3858,72.856,2210026,True
DLR-100632,Dadra Nagar Haveli B562 Distributors,FALLBACK-DD,Dadra Nagar Haveli,DD,Dadra Nagar Haveli,West,B,Retail Store,False,702,4,2022-03-03,20.3964,72.8005,951302,True
DLR-100633,Dadra Nagar Haveli C331 Distributors,FALLBACK-DD,Dadra Nagar Haveli,DD,Dadra Nagar Haveli,West,C,Retail Store,False,348,8,2017-06-17,20.4306,72.7927,376272,True
DLR-100634,Dadra Nagar Haveli A136 Distributors,FALLBACK-DD,Dadra Nagar Haveli,DD,Dadra Nagar Haveli,West,A,Retail Store,False,3226,29,1996-05-21,20.3776,72.8723,5299925,True
DLR-100635,Dadra Nagar Haveli C334 Distributors,FALLBACK-DD,Dadra Nagar Haveli,DD,Dadra Nagar Haveli,West,C,Retail Store,False,553,6,2019-05-01,20.3928,72.8002,1105642,True
DLR-100636,Salem C694 Distributors,CITY-1023,Salem,TN,Tamil Nadu,South,C,Institutional/B2B,False,305,5,2020-06-08,11.6601,78.1384,479781,True
DLR-100637,Madurai C620 Distributors,CITY-1021,Madurai,TN,Tamil Nadu,South,C,Retail Store,True,412,7,2018-10-21,9.9016,78.0921,703824,True
DLR-100638,Chennai A435 Distributors,CITY-1019,Chennai,TN,Tamil Nadu,South,A,Retail Store,True,1733,27,1999-02-14,13.0386,80.2664,2067983,True
DLR-100639,Chennai B438 Distributors,CITY-1019,Chennai,TN,Tamil Nadu,South,B,Multi-Brand Outlet,True,746,15,2010-09-29,13.0973,80.3191,1359096,True
DLR-100640,Chennai C320 Distributors,CITY-1019,Chennai,TN,Tamil Nadu,South,C,Retail Store,True,581,2,2023-10-05,13.1281,80.2297,1120781,True
DLR-100641,Coimbatore C543 Distributors,CITY-1020,Coimbatore,TN,Tamil Nadu,South,C,Retail Store,True,498,1,2024-10-06,11.0291,76.9753,761019,True
DLR-100642,Trichy C899 Distributors,CITY-1022,Trichy,TN,Tamil Nadu,South,C,Retail Store,True,386,3,2022-11-23,10.7462,78.6884,710729,True
DLR-100643,Madurai C695 Distributors,CITY-1021,Madurai,TN,Tamil Nadu,South,C,Retail Store,True,247,9,2017-01-31,9.9189,78.1652,404587,True
DLR-100644,Chennai C774 Distributors,CITY-1019,Chennai,TN,Tamil Nadu,South,C,Retail Store,True,579,8,2017-06-30,13.0318,80.2903,1003691,True
DLR-100645,Chennai B260 Distributors,CITY-1019,Chennai,TN,Tamil Nadu,South,B,Multi-Brand Outlet,True,818,15,2010-07-08,13.0663,80.2801,1169008,True
DLR-100646,Chennai B877 Distributors,CITY-1019,Chennai,TN,Tamil Nadu,South,B,Retail Store,True,608,4,2022-01-04,13.1024,80.2777,986180,True
DLR-100647,Coimbatore B294 Distributors,CITY-1020,Coimbatore,TN,Tamil Nadu,South,B,Online Marketplace,True,875,12,2013-09-02,10.9781,76.9293,1416729,True
DLR-100648,Vellore B923 Distributors,CITY-1025,Vellore,TN,Tamil Nadu,South,B,Retail Store,False,816,14,2012-01-02,12.8967,79.1222,817537,True
DLR-100649,Trichy B807 Distributors,CITY-1022,Trichy,TN,Tamil Nadu,South,B,Multi-Brand Outlet,True,1397,15,2010-07-13,10.8045,78.7151,2501046,True
DLR-100650,Salem B739 Distributors,CITY-1023,Salem,TN,Tamil Nadu,South,B,Retail Store,False,1039,4,2022-02-28,11.681,78.1007,1016734,True
DLR-100651,Madurai B444 Distributors,CITY-1021,Madurai,TN,Tamil Nadu,South,B,Retail Store,True,689,11,2014-09-08,9.972,78.1011,936261,True
DLR-100652,Coimbatore B644 Distributors,CITY-1020,Coimbatore,TN,Tamil Nadu,South,B,Retail Store,True,692,5,2020-07-17,11.0501,76.9732,1243000,True
DLR-100653,Chennai B840 Distributors,CITY-1019,Chennai,TN,Tamil Nadu,South,B,Retail Store,True,1335,17,2008-05-18,13.0826,80.2918,2618519,True
DLR-100654,Tirunelveli C161 Distributors,CITY-1024,Tirunelveli,TN,Tamil Nadu,South,C,Retail Store,False,305,9,2017-01-19,8.7492,77.7833,515804,True
DLR-100655,Salem C979 Distributors,CITY-1023,Salem,TN,Tamil Nadu,South,C,Institutional/B2B,False,531,8,2018-03-07,11.685,78.1693,782548,True
DLR-100656,Chennai B244 Distributors,CITY-1019,Chennai,TN,Tamil Nadu,South,B,Multi-Brand Outlet,True,1107,13,2013-02-24,13.1182,80.2404,1762790,True
DLR-100657,Madurai A431 Distributors,CITY-1021,Madurai,TN,Tamil Nadu,South,A,Retail Store,True,3073,28,1997-05-19,9.9741,78.0748,3157270,True
DLR-100658,Madurai B733 Distributors,CITY-1021,Madurai,TN,Tamil Nadu,South,B,Retail Store,True,1287,15,2011-01-24,9.9715,78.1462,2400164,True
DLR-100659,Trichy B993 Distributors,CITY-1022,Trichy,TN,Tamil Nadu,South,B,Multi-Brand Outlet,True,781,12,2013-06-15,10.813,78.6887,1178502,True
DLR-100660,Erode C890 Distributors,CITY-1026,Erode,TN,Tamil Nadu,South,C,Retail Store,False,333,9,2016-05-31,11.2976,77.7318,312250,True
DLR-100661,Madurai C392 Distributors,CITY-1021,Madurai,TN,Tamil Nadu,South,C,Retail Store,True,195,6,2019-10-18,9.9052,78.1357,282171,True
DLR-100662,Madurai B417 Distributors,CITY-1021,Madurai,TN,Tamil Nadu,South,B,Retail Store,True,1398,14,2012-03-06,9.9404,78.075,1955807,True
DLR-100663,Chennai A884 Distributors,CITY-1019,Chennai,TN,Tamil Nadu,South,A,Retail Store,True,3166,13,2012-09-29,13.0647,80.2465,6135195,True
DLR-100664,Chennai C937 Distributors,CITY-1019,Chennai,TN,Tamil Nadu,South,C,Retail Store,True,194,1,2024-09-10,13.1026,80.242,380770,True
DLR-100665,Chennai C422 Distributors,CITY-1019,Chennai,TN,Tamil Nadu,South,C,Retail Store,True,506,1,2024-09-06,13.084,80.295,697769,True
DLR-100666,Chennai A611 Distributors,CITY-1019,Chennai,TN,Tamil Nadu,South,A,Multi-Brand Outlet,True,1761,23,2002-10-14,13.0569,80.2692,2919095,True
DLR-100667,Trichy B410 Distributors,CITY-1022,Trichy,TN,Tamil Nadu,South,B,Multi-Brand Outlet,True,1477,10,2015-12-21,10.7789,78.6944,1227396,True
DLR-100668,Trichy C134 Distributors,CITY-1022,Trichy,TN,Tamil Nadu,South,C,Retail Store,True,243,7,2018-09-15,10.8383,78.7341,429903,True
DLR-100669,Chennai C554 Distributors,CITY-1019,Chennai,TN,Tamil Nadu,South,C,Multi-Brand Outlet,True,172,3,2022-09-10,13.0352,80.2983,156356,True
DLR-100670,Tirunelveli C942 Distributors,CITY-1024,Tirunelveli,TN,Tamil Nadu,South,C,Retail Store,False,180,2,2023-05-03,8.7581,77.7256,245886,True
DLR-100671,Chennai C396 Distributors,CITY-1019,Chennai,TN,Tamil Nadu,South,C,Multi-Brand Outlet,True,442,1,2024-12-23,13.1135,80.2565,831825,True
DLR-100672,Chennai A423 Distributors,CITY-1019,Chennai,TN,Tamil Nadu,South,A,Retail Store,True,3106,14,2011-06-08,13.08,80.2261,3187376,True
DLR-100673,Chennai C109 Distributors,CITY-1019,Chennai,TN,Tamil Nadu,South,C,Retail Store,True,241,7,2018-11-26,13.0996,80.2872,320645,True
DLR-100674,Coimbatore C500 Distributors,CITY-1020,Coimbatore,TN,Tamil Nadu,South,C,Retail Store,True,489,1,2025-03-05,10.9959,76.9126,422262,True
DLR-100675,Chennai C871 Distributors,CITY-1019,Chennai,TN,Tamil Nadu,South,C,Retail Store,True,458,1,2025-01-30,13.0908,80.2603,562164,True
DLR-100676,Madurai C248 Distributors,CITY-1021,Madurai,TN,Tamil Nadu,South,C,Multi-Brand Outlet,True,238,7,2018-11-12,9.8806,78.0779,468794,True
DLR-100677,Coimbatore A697 Distributors,CITY-1020,Coimbatore,TN,Tamil Nadu,South,A,Multi-Brand Outlet,True,1912,15,2010-05-21,11.0203,76.9762,1728340,True
DLR-100678,Erode B945 Distributors,CITY-1026,Erode,TN,Tamil Nadu,South,B,Retail Store,False,690,16,2009-07-15,11.3187,77.695,801776,True
DLR-100679,Chennai C500 Distributors,CITY-1019,Chennai,TN,Tamil Nadu,South,C,Retail Store,True,243,3,2023-03-10,13.1209,80.2229,324556,True
DLR-100680,Chennai C455 Distributors,CITY-1019,Chennai,TN,Tamil Nadu,South,C,Multi-Brand Outlet,True,597,9,2016-12-28,13.0775,80.2458,1148558,True
DLR-100681,Chennai C972 Distributors,CITY-1019,Chennai,TN,Tamil Nadu,South,C,Retail Store,True,335,9,2016-09-03,13.0357,80.2873,348267,True
DLR-100682,Trichy C292 Distributors,CITY-1022,Trichy,TN,Tamil Nadu,South,C,Retail Store,True,200,8,2017-11-03,10.7925,78.7152,356406,True
DLR-100683,Chennai C240 Distributors,CITY-1019,Chennai,TN,Tamil Nadu,South,C,Retail Store,True,416,2,2024-03-18,13.0738,80.3018,594716,True
DLR-100684,Tirunelveli B870 Distributors,CITY-1024,Tirunelveli,TN,Tamil Nadu,South,B,Retail Store,False,727,10,2015-08-19,8.6685,77.755,1106768,True
DLR-100685,Madurai A661 Distributors,CITY-1021,Madurai,TN,Tamil Nadu,South,A,Retail Store,True,2726,22,2004-01-13,9.9699,78.1596,3590495,True
DLR-100686,Madurai B705 Distributors,CITY-1021,Madurai,TN,Tamil Nadu,South,B,Retail Store,True,1216,11,2015-04-27,9.9039,78.1118,1169760,True
DLR-100687,Madurai C994 Distributors,CITY-1021,Madurai,TN,Tamil Nadu,South,C,Retail Store,True,406,3,2022-09-26,9.9546,78.1594,779182,True
DLR-100688,Chennai C962 Distributors,CITY-1019,Chennai,TN,Tamil Nadu,South,C,Retail Store,True,531,1,2024-07-20,13.1108,80.2446,788853,True
DLR-100689,Chennai C262 Distributors,CITY-1019,Chennai,TN,Tamil Nadu,South,C,Retail Store,True,587,2,2023-05-26,13.0561,80.3076,687519,True
DLR-100690,Coimbatore A815 Distributors,CITY-1020,Coimbatore,TN,Tamil Nadu,South,A,Multi-Brand Outlet,True,2818,17,2008-07-19,11.0243,76.9173,4543871,True
DLR-100691,Madurai C475 Distributors,CITY-1021,Madurai,TN,Tamil Nadu,South,C,Retail Store,True,565,3,2023-03-02,9.941,78.1082,957379,True
DLR-100692,Chennai B991 Distributors,CITY-1019,Chennai,TN,Tamil Nadu,South,B,Retail Store,True,1401,17,2009-03-12,13.1098,80.2467,2639383,True
DLR-100693,Chennai B147 Distributors,CITY-1019,Chennai,TN,Tamil Nadu,South,B,Retail Store,True,749,5,2020-10-05,13.043,80.2213,992677,True
DLR-100694,Erode B291 Distributors,CITY-1026,Erode,TN,Tamil Nadu,South,B,Retail Store,False,1496,6,2020-03-21,11.3789,77.7446,1357743,True
DLR-100695,Chennai A603 Distributors,CITY-1019,Chennai,TN,Tamil Nadu,South,A,Retail Store,True,2297,22,2004-04-11,13.0304,80.2211,2281337,True
DLR-100696,Salem C646 Distributors,CITY-1023,Salem,TN,Tamil Nadu,South,C,Multi-Brand Outlet,False,551,8,2017-10-16,11.6243,78.1764,1010651,True
DLR-100697,Salem C605 Distributors,CITY-1023,Salem,TN,Tamil Nadu,South,C,Retail Store,False,234,9,2016-10-22,11.6848,78.2,343852,True
DLR-100698,Chennai A918 Distributors,CITY-1019,Chennai,TN,Tamil Nadu,South,A,Retail Store,True,1735,16,2009-11-19,13.1299,80.2487,2641002,True
DLR-100699,Chennai C127 Distributors,CITY-1019,Chennai,TN,Tamil Nadu,South,C,Retail Store,True,211,4,2021-08-25,13.1181,80.2528,373052,True
DLR-100700,Chennai C205 Distributors,CITY-1019,Chennai,TN,Tamil Nadu,South,C,Institutional/B2B,True,456,8,2017-09-10,13.1037,80.2653,440468,True
DLR-100701,Trichy C479 Distributors,CITY-1022,Trichy,TN,Tamil Nadu,South,C,Online Marketplace,True,420,4,2021-10-21,10.8129,78.7375,770387,True
DLR-100702,Trichy B852 Distributors,CITY-1022,Trichy,TN,Tamil Nadu,South,B,Retail Store,True,865,9,2016-05-23,10.7798,78.6817,956338,True
DLR-100703,Salem A621 Distributors,CITY-1023,Salem,TN,Tamil Nadu,South,A,Retail Store,False,3333,10,2015-06-16,11.6533,78.18,5963142,True
DLR-100704,Vellore A455 Distributors,CITY-1025,Vellore,TN,Tamil Nadu,South,A,Retail Store,False,3436,18,2008-04-10,12.9508,79.1309,6593700,True
DLR-100705,Trichy C449 Distributors,CITY-1022,Trichy,TN,Tamil Nadu,South,C,Retail Store,True,364,2,2024-03-14,10.817,78.7248,377355,True
DLR-100706,Chennai C657 Distributors,CITY-1019,Chennai,TN,Tamil Nadu,South,C,Multi-Brand Outlet,True,394,8,2017-06-26,13.0389,80.2712,486978,True
DLR-100707,Chennai A941 Distributors,CITY-1019,Chennai,TN,Tamil Nadu,South,A,Retail Store,True,2662,28,1997-07-08,13.1268,80.3115,4510199,True
DLR-100708,Tirunelveli B701 Distributors,CITY-1024,Tirunelveli,TN,Tamil Nadu,South,B,Retail Store,False,1270,13,2012-08-25,8.7049,77.7699,1674243,True
DLR-100709,Chennai C203 Distributors,CITY-1019,Chennai,TN,Tamil Nadu,South,C,Retail Store,True,328,1,2024-06-04,13.0627,80.2828,510032,True
DLR-100710,Chennai B624 Distributors,CITY-1019,Chennai,TN,Tamil Nadu,South,B,Retail Store,True,944,6,2019-11-20,13.0378,80.2732,1111977,True
DLR-100711,Trichy A555 Distributors,CITY-1022,Trichy,TN,Tamil Nadu,South,A,Retail Store,True,3112,10,2015-11-11,10.7483,78.712,3553580,True
DLR-100712,Coimbatore A481 Distributors,CITY-1020,Coimbatore,TN,Tamil Nadu,South,A,Retail Store,True,3925,12,2014-01-14,10.971,76.9175,7582452,True
DLR-100713,Vellore B373 Distributors,CITY-1025,Vellore,TN,Tamil Nadu,South,B,Multi-Brand Outlet,False,1156,4,2021-11-15,12.921,79.1261,2082972,True
DLR-100714,Trichy B352 Distributors,CITY-1022,Trichy,TN,Tamil Nadu,South,B,Retail Store,True,630,13,2013-01-15,10.7404,78.682,654876,True
DLR-100715,Chennai C776 Distributors,CITY-1019,Chennai,TN,Tamil Nadu,South,C,Retail Store,True,385,6,2019-09-12,13.1102,80.3051,334896,True
DLR-100716,Erode C193 Distributors,CITY-1026,Erode,TN,Tamil Nadu,South,C,Retail Store,False,259,4,2021-12-12,11.3572,77.7231,497614,True
DLR-100717,Chennai B940 Distributors,CITY-1019,Chennai,TN,Tamil Nadu,South,B,Retail Store,True,1451,15,2010-06-10,13.0849,80.2856,2376280,True
DLR-100718,Coimbatore B541 Distributors,CITY-1020,Coimbatore,TN,Tamil Nadu,South,B,Retail Store,True,1444,10,2015-06-19,10.9829,77.0048,2141743,True
DLR-100719,Coimbatore C644 Distributors,CITY-1020,Coimbatore,TN,Tamil Nadu,South,C,Retail Store,True,354,9,2016-09-15,11.0238,76.9105,607447,True
DLR-100720,Chennai B367 Distributors,CITY-1019,Chennai,TN,Tamil Nadu,South,B,Retail Store,True,1362,5,2020-09-30,13.0774,80.2647,2540198,True
DLR-100721,Madurai B626 Distributors,CITY-1021,Madurai,TN,Tamil Nadu,South,B,Online Marketplace,True,776,17,2009-03-12,9.9331,78.11,1431569,True
DLR-100722,Chennai C657 Distributors,CITY-1019,Chennai,TN,Tamil Nadu,South,C,Retail Store,True,243,1,2024-06-29,13.096,80.2671,362671,True
DLR-100723,Coimbatore C119 Distributors,CITY-1020,Coimbatore,TN,Tamil Nadu,South,C,Retail Store,True,577,9,2017-03-07,11.0471,76.9139,960905,True
DLR-100724,Coimbatore B275 Distributors,CITY-1020,Coimbatore,TN,Tamil Nadu,South,B,Retail Store,True,1424,10,2015-12-17,11.0129,76.9571,2599572,True
DLR-100725,Salem B678 Distributors,CITY-1023,Salem,TN,Tamil Nadu,South,B,Retail Store,False,730,9,2016-06-22,11.7029,78.158,1202244,True
DLR-100726,Salem B370 Distributors,CITY-1023,Salem,TN,Tamil Nadu,South,B,Retail Store,False,1168,14,2012-01-07,11.6469,78.169,1682229,False
DLR-100727,Chennai B122 Distributors,CITY-1019,Chennai,TN,Tamil Nadu,South,B,Retail Store,True,1131,8,2017-12-18,13.0315,80.2367,1589186,True
DLR-100728,Coimbatore B492 Distributors,CITY-1020,Coimbatore,TN,Tamil Nadu,South,B,Online Marketplace,True,1418,7,2018-10-01,11.0251,76.9917,2326293,True
DLR-100729,Coimbatore A247 Distributors,CITY-1020,Coimbatore,TN,Tamil Nadu,South,A,Retail Store,True,3145,11,2014-11-28,10.9852,76.9767,4916768,True
DLR-100730,Chennai C367 Distributors,CITY-1019,Chennai,TN,Tamil Nadu,South,C,Retail Store,True,339,2,2024-01-23,13.0749,80.2738,511543,True
DLR-100731,Salem A542 Distributors,CITY-1023,Salem,TN,Tamil Nadu,South,A,Retail Store,False,3853,10,2016-01-03,11.6885,78.1795,7143088,True
DLR-100732,Trichy C356 Distributors,CITY-1022,Trichy,TN,Tamil Nadu,South,C,Retail Store,True,428,9,2016-12-31,10.7864,78.7388,549882,True
DLR-100733,Chennai A171 Distributors,CITY-1019,Chennai,TN,Tamil Nadu,South,A,Retail Store,True,2695,23,2002-08-05,13.0934,80.265,3765128,True
DLR-100734,Coimbatore A420 Distributors,CITY-1020,Coimbatore,TN,Tamil Nadu,South,A,Retail Store,True,1996,15,2011-04-07,11.0323,76.9174,1736381,True
DLR-100735,Chennai C293 Distributors,CITY-1019,Chennai,TN,Tamil Nadu,South,C,Retail Store,True,495,1,2025-01-13,13.0636,80.2965,780972,False
DLR-100736,Trichy C739 Distributors,CITY-1022,Trichy,TN,Tamil Nadu,South,C,Retail Store,True,336,6,2020-04-12,10.7438,78.7495,546717,True
DLR-100737,Chennai B681 Distributors,CITY-1019,Chennai,TN,Tamil Nadu,South,B,Retail Store,True,1430,8,2017-08-17,13.1138,80.2854,1159728,True
DLR-100738,Erode C621 Distributors,CITY-1026,Erode,TN,Tamil Nadu,South,C,Retail Store,False,479,6,2019-07-26,11.3213,77.7186,889878,True
DLR-100739,Salem C431 Distributors,CITY-1023,Salem,TN,Tamil Nadu,South,C,Multi-Brand Outlet,False,268,3,2022-08-28,11.6788,78.1158,473086,True
DLR-100740,Coimbatore C541 Distributors,CITY-1020,Coimbatore,TN,Tamil Nadu,South,C,Multi-Brand Outlet,True,241,7,2019-01-09,10.9822,76.9634,216639,True
DLR-100741,Bangalore A701 Distributors,CITY-1013,Bangalore,KA,Karnataka,South,A,Retail Store,True,1826,22,2003-08-26,13.0173,77.5839,3422110,True
DLR-100742,Mysore C714 Distributors,CITY-1014,Mysore,KA,Karnataka,South,C,Retail Store,True,409,1,2025-03-11,12.2843,76.6562,349810,True
DLR-100743,Bangalore B931 Distributors,CITY-1013,Bangalore,KA,Karnataka,South,B,Multi-Brand Outlet,True,659,12,2013-08-02,12.9862,77.5834,544952,True
DLR-100744,Hubli C987 Distributors,CITY-1016,Hubli,KA,Karnataka,South,C,Retail Store,True,314,6,2019-09-18,15.3769,75.1563,372699,True
DLR-100745,Belgaum C829 Distributors,CITY-1017,Belgaum,KA,Karnataka,South,C,Institutional/B2B,False,515,6,2020-02-13,15.8395,74.4754,857190,True
DLR-100746,Mangalore B904 Distributors,CITY-1015,Mangalore,KA,Karnataka,South,B,Retail Store,True,669,4,2021-12-30,12.9009,74.8427,688927,True
DLR-100747,Mangalore B659 Distributors,CITY-1015,Mangalore,KA,Karnataka,South,B,Retail Store,True,1030,13,2012-06-08,12.8726,74.8223,912660,True
DLR-100748,Hubli B670 Distributors,CITY-1016,Hubli,KA,Karnataka,South,B,Retail Store,True,996,4,2022-02-21,15.3706,75.127,1849776,True
DLR-100749,Bangalore C168 Distributors,CITY-1013,Bangalore,KA,Karnataka,South,C,Multi-Brand Outlet,True,206,1,2025-03-09,12.9484,77.6348,402572,True
DLR-100750,Belgaum A533 Distributors,CITY-1017,Belgaum,KA,Karnataka,South,A,Retail Store,False,1756,17,2008-09-08,15.8896,74.5153,2752115,True
DLR-100751,Bangalore B654 Distributors,CITY-1013,Bangalore,KA,Karnataka,South,B,Retail Store,True,1019,16,2009-07-31,12.987,77.5472,1179069,True
DLR-100752,Gulbarga A891 Distributors,CITY-1018,Gulbarga,KA,Karnataka,South,A,Retail Store,False,1545,17,2008-08-02,17.3571,76.8064,3070253,True
DLR-100753,Hubli C575 Distributors,CITY-1016,Hubli,KA,Karnataka,South,C,Retail Store,True,214,8,2018-01-30,15.3968,75.0933,351696,True
DLR-100754,Hubli A838 Distributors,CITY-1016,Hubli,KA,Karnataka,South,A,Retail Store,True,3621,19,2006-07-03,15.3676,75.1254,5149755,True
DLR-100755,Mangalore B391 Distributors,CITY-1015,Mangalore,KA,Karnataka,South,B,Online Marketplace,True,1246,7,2018-06-24,12.9254,74.8634,2237360,True
DLR-100756,Mysore B214 Distributors,CITY-1014,Mysore,KA,Karnataka,South,B,Retail Store,True,930,17,2008-09-15,12.2955,76.6471,1365257,True
DLR-100757,Mangalore A474 Distributors,CITY-1015,Mangalore,KA,Karnataka,South,A,Retail Store,True,2859,23,2002-09-16,12.9279,74.8276,5290396,True
DLR-100758,Bangalore B560 Distributors,CITY-1013,Bangalore,KA,Karnataka,South,B,Retail Store,True,1467,14,2011-06-12,12.968,77.5773,2079624,True
DLR-100759,Mangalore C294 Distributors,CITY-1015,Mangalore,KA,Karnataka,South,C,Retail Store,True,255,8,2017-12-23,12.9204,74.8221,315006,True
DLR-100760,Mangalore C302 Distributors,CITY-1015,Mangalore,KA,Karnataka,South,C,Retail Store,True,203,8,2017-05-21,12.9587,74.8661,231311,True
DLR-100761,Belgaum A575 Distributors,CITY-1017,Belgaum,KA,Karnataka,South,A,Retail Store,False,2265,14,2011-07-17,15.8025,74.531,3820407,True
DLR-100762,Mysore A665 Distributors,CITY-1014,Mysore,KA,Karnataka,South,A,Retail Store,True,3681,18,2007-06-30,12.2801,76.6626,4731643,True
DLR-100763,Bangalore B410 Distributors,CITY-1013,Bangalore,KA,Karnataka,South,B,Retail Store,True,763,6,2019-06-18,12.9533,77.5471,936164,True
DLR-100764,Bangalore B877 Distributors,CITY-1013,Bangalore,KA,Karnataka,South,B,Retail Store,True,651,5,2020-11-07,12.9505,77.5582,1002217,True
DLR-100765,Mangalore A685 Distributors,CITY-1015,Mangalore,KA,Karnataka,South,A,Retail Store,True,3575,28,1998-01-07,12.9069,74.8468,5707420,True
DLR-100766,Bangalore B904 Distributors,CITY-1013,Bangalore,KA,Karnataka,South,B,Multi-Brand Outlet,True,890,8,2017-10-24,12.941,77.5423,1631346,False
DLR-100767,Bangalore A486 Distributors,CITY-1013,Bangalore,KA,Karnataka,South,A,Retail Store,True,2488,11,2014-08-31,12.9334,77.6045,4505383,True
DLR-100768,Hubli A640 Distributors,CITY-1016,Hubli,KA,Karnataka,South,A,Retail Store,True,3258,28,1997-07-25,15.3537,75.0968,6511717,True
DLR-100769,Mangalore B990 Distributors,CITY-1015,Mangalore,KA,Karnataka,South,B,Retail Store,True,660,9,2016-12-02,12.9596,74.8946,819690,True
DLR-100770,Mysore B424 Distributors,CITY-1014,Mysore,KA,Karnataka,South,B,Retail Store,True,1096,15,2011-03-06,12.3333,76.6698,927256,True
DLR-100771,Bangalore C688 Distributors,CITY-1013,Bangalore,KA,Karnataka,South,C,Retail Store,True,195,1,2024-10-03,13.0054,77.554,260537,True
DLR-100772,Hubli A672 Distributors,CITY-1016,Hubli,KA,Karnataka,South,A,Online Marketplace,True,1966,20,2005-09-18,15.3978,75.1513,3477801,True
DLR-100773,Bangalore B196 Distributors,CITY-1013,Bangalore,KA,Karnataka,South,B,Retail Store,True,1300,10,2015-07-17,12.9472,77.5613,2366495,True
DLR-100774,Hubli C871 Distributors,CITY-1016,Hubli,KA,Karnataka,South,C,Online Marketplace,True,585,4,2021-12-27,15.323,75.1257,646038,True
DLR-100775,Bangalore C186 Distributors,CITY-1013,Bangalore,KA,Karnataka,South,C,Retail Store,True,349,4,2022-04-11,13.0195,77.5423,483704,True
DLR-100776,Belgaum C627 Distributors,CITY-1017,Belgaum,KA,Karnataka,South,C,Retail Store,False,470,9,2016-12-18,15.8325,74.5221,786938,True
DLR-100777,Mysore C700 Distributors,CITY-1014,Mysore,KA,Karnataka,South,C,Retail Store,True,391,8,2017-12-08,12.2928,76.6272,418174,True
DLR-100778,Mysore C357 Distributors,CITY-1014,Mysore,KA,Karnataka,South,C,Retail Store,True,234,7,2019-02-15,12.2905,76.6394,403916,True
DLR-100779,Mangalore C486 Distributors,CITY-1015,Mangalore,KA,Karnataka,South,C,Multi-Brand Outlet,True,370,6,2020-04-10,12.938,74.8353,342737,True
DLR-100780,Mangalore C103 Distributors,CITY-1015,Mangalore,KA,Karnataka,South,C,Retail Store,True,597,8,2017-09-17,12.8855,74.8776,856277,True
DLR-100781,Bangalore C443 Distributors,CITY-1013,Bangalore,KA,Karnataka,South,C,Multi-Brand Outlet,True,504,5,2021-02-15,12.9921,77.59,906538,True
DLR-100782,Hubli C801 Distributors,CITY-1016,Hubli,KA,Karnataka,South,C,Retail Store,True,168,4,2021-10-25,15.3248,75.1446,179513,True
DLR-100783,Bangalore B556 Distributors,CITY-1013,Bangalore,KA,Karnataka,South,B,Retail Store,True,658,7,2019-01-21,12.9872,77.5794,1083588,True
DLR-100784,Belgaum B616 Distributors,CITY-1017,Belgaum,KA,Karnataka,South,B,Retail Store,False,807,5,2020-12-23,15.8522,74.4574,1347605,True
DLR-100785,Hubli A779 Distributors,CITY-1016,Hubli,KA,Karnataka,South,A,Retail Store,True,3886,29,1996-12-18,15.3112,75.1697,3929708,True
DLR-100786,Mysore B746 Distributors,CITY-1014,Mysore,KA,Karnataka,South,B,Retail Store,True,1222,5,2020-09-08,12.2688,76.6625,1861122,True
DLR-100787,Hubli C756 Distributors,CITY-1016,Hubli,KA,Karnataka,South,C,Retail Store,True,309,6,2019-11-29,15.3345,75.1148,590664,True
DLR-100788,Mysore A539 Distributors,CITY-1014,Mysore,KA,Karnataka,South,A,Retail Store,True,3296,19,2006-11-13,12.323,76.6347,6155691,True
DLR-100789,Bangalore C753 Distributors,CITY-1013,Bangalore,KA,Karnataka,South,C,Institutional/B2B,True,188,4,2021-11-05,12.9803,77.5726,349555,True
DLR-100790,Gulbarga A739 Distributors,CITY-1018,Gulbarga,KA,Karnataka,South,A,Retail Store,False,2456,29,1996-12-16,17.325,76.8133,2592241,True
DLR-100791,Mangalore C856 Distributors,CITY-1015,Mangalore,KA,Karnataka,South,C,Retail Store,True,523,4,2022-03-09,12.892,74.8692,977258,True
DLR-100792,Mysore C990 Distributors,CITY-1014,Mysore,KA,Karnataka,South,C,Retail Store,True,342,1,2024-08-01,12.3216,76.6669,622414,True
DLR-100793,Mysore C933 Distributors,CITY-1014,Mysore,KA,Karnataka,South,C,Retail Store,True,218,1,2025-03-27,12.2858,76.6277,393040,True
DLR-100794,Bangalore C256 Distributors,CITY-1013,Bangalore,KA,Karnataka,South,C,Retail Store,True,437,8,2017-09-30,12.9718,77.5978,502508,True
DLR-100795,Gulbarga C458 Distributors,CITY-1018,Gulbarga,KA,Karnataka,South,C,Retail Store,False,216,7,2018-09-12,17.3415,76.8282,243376,True
DLR-100796,Bangalore C910 Distributors,CITY-1013,Bangalore,KA,Karnataka,South,C,Multi-Brand Outlet,True,445,1,2024-05-31,12.9938,77.5542,855820,True
DLR-100797,Bangalore B698 Distributors,CITY-1013,Bangalore,KA,Karnataka,South,B,Retail Store,True,689,7,2019-02-03,12.9911,77.55,844953,True
DLR-100798,Mysore A602 Distributors,CITY-1014,Mysore,KA,Karnataka,South,A,Retail Store,True,2186,29,1996-10-04,12.2516,76.6092,2370683,True
DLR-100799,Mysore A223 Distributors,CITY-1014,Mysore,KA,Karnataka,South,A,Retail Store,True,3712,13,2012-09-23,12.2642,76.664,7115901,False
DLR-100800,Mysore C206 Distributors,CITY-1014,Mysore,KA,Karnataka,South,C,Online Marketplace,True,599,8,2018-03-21,12.2596,76.6425,1058909,True
DLR-100801,Bangalore C502 Distributors,CITY-1013,Bangalore,KA,Karnataka,South,C,Retail Store,True,286,2,2023-05-26,13.0075,77.5964,457121,True
DLR-100802,Bangalore C591 Distributors,CITY-1013,Bangalore,KA,Karnataka,South,C,Retail Store,True,205,8,2017-10-31,12.9663,77.5999,167378,True
DLR-100803,Bangalore A569 Distributors,CITY-1013,Bangalore,KA,Karnataka,South,A,Retail Store,True,2687,16,2009-08-18,12.9625,77.5647,5249481,True
DLR-100804,Belgaum C628 Distributors,CITY-1017,Belgaum,KA,Karnataka,South,C,Retail Store,False,229,8,2017-08-02,15.8392,74.5213,328248,True
DLR-100805,Bangalore C616 Distributors,CITY-1013,Bangalore,KA,Karnataka,South,C,Retail Store,True,418,7,2018-06-14,12.967,77.6258,502042,False
DLR-100806,Hubli B327 Distributors,CITY-1016,Hubli,KA,Karnataka,South,B,Retail Store,True,1182,17,2008-11-18,15.3537,75.1633,2192663,False
DLR-100807,Hubli C990 Distributors,CITY-1016,Hubli,KA,Karnataka,South,C,Retail Store,True,323,7,2018-09-29,15.3952,75.12,471166,True
DLR-100808,Hubli B924 Distributors,CITY-1016,Hubli,KA,Karnataka,South,B,Multi-Brand Outlet,True,1114,14,2011-06-26,15.3303,75.0847,1203450,True
DLR-100809,Belgaum A959 Distributors,CITY-1017,Belgaum,KA,Karnataka,South,A,Retail Store,False,3571,12,2013-09-07,15.8315,74.4615,3917888,True
DLR-100810,Bangalore C667 Distributors,CITY-1013,Bangalore,KA,Karnataka,South,C,Retail Store,True,559,9,2016-09-09,12.9257,77.5503,690371,True
DLR-100811,Bangalore C961 Distributors,CITY-1013,Bangalore,KA,Karnataka,South,C,Retail Store,True,572,2,2023-09-13,12.9612,77.6128,1095665,True
DLR-100812,Mysore B802 Distributors,CITY-1014,Mysore,KA,Karnataka,South,B,Retail Store,True,1435,12,2013-11-20,12.2626,76.6814,2287754,True
DLR-100813,Bangalore C654 Distributors,CITY-1013,Bangalore,KA,Karnataka,South,C,Retail Store,True,469,1,2024-10-02,12.9611,77.5637,636727,True
DLR-100814,Hubli C397 Distributors,CITY-1016,Hubli,KA,Karnataka,South,C,Retail Store,True,456,6,2019-12-05,15.3133,75.1613,746740,True
DLR-100815,Mangalore B590 Distributors,CITY-1015,Mangalore,KA,Karnataka,South,B,Retail Store,True,834,8,2017-10-16,12.9171,74.8508,864045,True
DLR-100816,Belgaum A245 Distributors,CITY-1017,Belgaum,KA,Karnataka,South,A,Retail Store,False,3219,19,2006-10-28,15.8316,74.5473,6377902,True
DLR-100817,Bangalore C320 Distributors,CITY-1013,Bangalore,KA,Karnataka,South,C,Multi-Brand Outlet,True,213,7,2019-03-18,12.9529,77.6011,337505,True
DLR-100818,Belgaum C582 Distributors,CITY-1017,Belgaum,KA,Karnataka,South,C,Retail Store,False,393,6,2019-11-13,15.8747,74.4594,363757,True
DLR-100819,Bangalore B858 Distributors,CITY-1013,Bangalore,KA,Karnataka,South,B,Retail Store,True,1218,5,2021-01-16,12.96,77.555,1084315,True
DLR-100820,Mysore B708 Distributors,CITY-1014,Mysore,KA,Karnataka,South,B,Multi-Brand Outlet,True,958,16,2009-05-07,12.299,76.6258,1020631,True
DLR-100821,Mysore C703 Distributors,CITY-1014,Mysore,KA,Karnataka,South,C,Multi-Brand Outlet,True,577,1,2024-08-26,12.281,76.6292,802410,True
DLR-100822,Hubli B954 Distributors,CITY-1016,Hubli,KA,Karnataka,South,B,Retail Store,True,794,4,2021-12-13,15.3102,75.0945,1085708,True
DLR-100823,Mysore A135 Distributors,CITY-1014,Mysore,KA,Karnataka,South,A,Online Marketplace,True,3362,19,2006-05-15,12.2678,76.608,5245247,True
DLR-100824,Gulbarga C690 Distributors,CITY-1018,Gulbarga,KA,Karnataka,South,C,Institutional/B2B,False,317,1,2024-12-05,17.3528,76.8124,353458,True
DLR-100825,Belgaum C204 Distributors,CITY-1017,Belgaum,KA,Karnataka,South,C,Retail Store,False,178,6,2019-10-03,15.8475,74.4864,187156,True
DLR-100826,Belgaum C466 Distributors,CITY-1017,Belgaum,KA,Karnataka,South,C,Retail Store,False,322,7,2018-11-22,15.8346,74.4671,279676,True
DLR-100827,Bangalore C855 Distributors,CITY-1013,Bangalore,KA,Karnataka,South,C,Retail Store,True,599,7,2018-11-08,12.9239,77.6279,1184993,True
DLR-100828,Hubli A358 Distributors,CITY-1016,Hubli,KA,Karnataka,South,A,Retail Store,True,1554,26,1999-11-30,15.3334,75.0784,2932427,True
DLR-100829,Hubli A320 Distributors,CITY-1016,Hubli,KA,Karnataka,South,A,Retail Store,True,3412,16,2009-07-07,15.3832,75.1409,5815879,True
DLR-100830,Bangalore B896 Distributors,CITY-1013,Bangalore,KA,Karnataka,South,B,Multi-Brand Outlet,True,919,13,2012-08-03,12.9984,77.5853,886263,True
DLR-100831,Bangalore C295 Distributors,CITY-1013,Bangalore,KA,Karnataka,South,C,Retail Store,True,416,2,2023-10-31,12.9317,77.5673,478761,True
DLR-100832,Tirupati A991 Distributors,CITY-1031,Tirupati,AP,Andhra Pradesh,South,A,Retail Store,False,2428,9,2016-12-24,13.6131,79.3982,3647423,True
DLR-100833,Visakhapatnam B903 Distributors,CITY-1029,Visakhapatnam,AP,Andhra Pradesh,South,B,Multi-Brand Outlet,True,1326,14,2012-04-12,17.7178,83.2439,2112149,True
DLR-100834,Visakhapatnam C361 Distributors,CITY-1029,Visakhapatnam,AP,Andhra Pradesh,South,C,Retail Store,True,223,4,2021-08-24,17.7263,83.2143,214389,True
DLR-100835,Guntur C683 Distributors,CITY-1032,Guntur,AP,Andhra Pradesh,South,C,Retail Store,False,223,1,2024-06-22,16.3416,80.4788,433796,True
DLR-100836,Visakhapatnam C526 Distributors,CITY-1029,Visakhapatnam,AP,Andhra Pradesh,South,C,Retail Store,True,462,4,2021-06-09,17.7027,83.2385,379612,True
DLR-100837,Vijayawada B373 Distributors,CITY-1030,Vijayawada,AP,Andhra Pradesh,South,B,Retail Store,True,665,10,2016-02-15,16.4842,80.6172,1321493,True
DLR-100838,Visakhapatnam C492 Distributors,CITY-1029,Visakhapatnam,AP,Andhra Pradesh,South,C,Retail Store,True,473,9,2016-12-26,17.7334,83.2567,700302,True
DLR-100839,Tirupati B510 Distributors,CITY-1031,Tirupati,AP,Andhra Pradesh,South,B,Retail Store,False,779,9,2016-12-16,13.6111,79.4316,892309,True
DLR-100840,Visakhapatnam C539 Distributors,CITY-1029,Visakhapatnam,AP,Andhra Pradesh,South,C,Retail Store,True,456,6,2019-06-14,17.7351,83.1722,792303,True
DLR-100841,Vijayawada B941 Distributors,CITY-1030,Vijayawada,AP,Andhra Pradesh,South,B,Retail Store,True,731,11,2014-12-27,16.5543,80.6795,1347902,True
DLR-100842,Visakhapatnam C274 Distributors,CITY-1029,Visakhapatnam,AP,Andhra Pradesh,South,C,Retail Store,True,208,5,2021-04-08,17.6527,83.2121,189176,False
DLR-100843,Vijayawada C459 Distributors,CITY-1030,Vijayawada,AP,Andhra Pradesh,South,C,Multi-Brand Outlet,True,467,3,2022-05-13,16.4795,80.6816,508271,True
DLR-100844,Tirupati C803 Distributors,CITY-1031,Tirupati,AP,Andhra Pradesh,South,C,Multi-Brand Outlet,False,278,8,2018-03-08,13.5934,79.3756,273421,True
DLR-100845,Vijayawada C109 Distributors,CITY-1030,Vijayawada,AP,Andhra Pradesh,South,C,Retail Store,True,461,1,2024-12-27,16.4841,80.6936,379712,True
DLR-100846,Vijayawada C878 Distributors,CITY-1030,Vijayawada,AP,Andhra Pradesh,South,C,Retail Store,True,359,1,2024-10-08,16.5277,80.629,581691,False
DLR-100847,Vijayawada C133 Distributors,CITY-1030,Vijayawada,AP,Andhra Pradesh,South,C,Retail Store,True,314,5,2020-05-16,16.4855,80.6127,580877,True
DLR-100848,Visakhapatnam C822 Distributors,CITY-1029,Visakhapatnam,AP,Andhra Pradesh,South,C,Retail Store,True,229,5,2020-08-18,17.7132,83.2067,269313,True
DLR-100849,Tirupati C838 Distributors,CITY-1031,Tirupati,AP,Andhra Pradesh,South,C,Retail Store,False,207,6,2020-03-24,13.5898,79.4598,310082,True
DLR-100850,Visakhapatnam C704 Distributors,CITY-1029,Visakhapatnam,AP,Andhra Pradesh,South,C,Multi-Brand Outlet,True,400,6,2019-10-30,17.6603,83.2152,373296,True
DLR-100851,Tirupati B891 Distributors,CITY-1031,Tirupati,AP,Andhra Pradesh,South,B,Retail Store,False,668,17,2009-02-03,13.5953,79.441,1119899,True
DLR-100852,Visakhapatnam C991 Distributors,CITY-1029,Visakhapatnam,AP,Andhra Pradesh,South,C,Multi-Brand Outlet,True,536,5,2020-07-08,17.6991,83.2613,945293,True
DLR-100853,Visakhapatnam B619 Distributors,CITY-1029,Visakhapatnam,AP,Andhra Pradesh,South,B,Retail Store,True,1019,4,2021-11-24,17.6503,83.1881,1785537,True
DLR-100854,Visakhapatnam A456 Distributors,CITY-1029,Visakhapatnam,AP,Andhra Pradesh,South,A,Retail Store,True,2151,23,2003-01-14,17.672,83.2297,3299190,True
DLR-100855,Vijayawada B822 Distributors,CITY-1030,Vijayawada,AP,Andhra Pradesh,South,B,Retail Store,True,933,14,2012-03-31,16.5189,80.6521,784074,True
DLR-100856,Vijayawada C598 Distributors,CITY-1030,Vijayawada,AP,Andhra Pradesh,South,C,Multi-Brand Outlet,True,567,8,2017-08-06,16.4625,80.6723,1030100,True
DLR-100857,Tirupati A864 Distributors,CITY-1031,Tirupati,AP,Andhra Pradesh,South,A,Retail Store,False,3802,28,1998-04-13,13.6493,79.3771,6857519,True
DLR-100858,Visakhapatnam C739 Distributors,CITY-1029,Visakhapatnam,AP,Andhra Pradesh,South,C,Retail Store,True,203,2,2023-10-31,17.7229,83.2488,220927,True
DLR-100859,Visakhapatnam C781 Distributors,CITY-1029,Visakhapatnam,AP,Andhra Pradesh,South,C,Retail Store,True,299,6,2019-08-28,17.6738,83.2118,592949,True
DLR-100860,Tirupati C919 Distributors,CITY-1031,Tirupati,AP,Andhra Pradesh,South,C,Retail Store,False,472,7,2018-06-21,13.5879,79.3872,451759,True
DLR-100861,Tirupati B967 Distributors,CITY-1031,Tirupati,AP,Andhra Pradesh,South,B,Retail Store,False,965,8,2018-01-24,13.6011,79.4373,1818389,True
DLR-100862,Visakhapatnam A628 Distributors,CITY-1029,Visakhapatnam,AP,Andhra Pradesh,South,A,Retail Store,True,3400,17,2008-11-03,17.6798,83.1985,4607486,True
DLR-100863,Vijayawada C207 Distributors,CITY-1030,Vijayawada,AP,Andhra Pradesh,South,C,Multi-Brand Outlet,True,577,7,2018-09-22,16.5568,80.6753,1065362,True
DLR-100864,Vijayawada B937 Distributors,CITY-1030,Vijayawada,AP,Andhra Pradesh,South,B,Retail Store,True,871,14,2012-01-04,16.5452,80.6548,1060557,True
DLR-100865,Tirupati B233 Distributors,CITY-1031,Tirupati,AP,Andhra Pradesh,South,B,Retail Store,False,1170,12,2013-08-23,13.6613,79.3833,1815148,True
DLR-100866,Guntur C897 Distributors,CITY-1032,Guntur,AP,Andhra Pradesh,South,C,Retail Store,False,574,1,2025-02-14,16.2713,80.3956,877790,True
DLR-100867,Tirupati B629 Distributors,CITY-1031,Tirupati,AP,Andhra Pradesh,South,B,Retail Store,False,1209,13,2012-12-11,13.6027,79.4276,1437229,True
DLR-100868,Tirupati A337 Distributors,CITY-1031,Tirupati,AP,Andhra Pradesh,South,A,Retail Store,False,2233,29,1996-11-12,13.6503,79.3991,3410277,True
DLR-100869,Visakhapatnam C320 Distributors,CITY-1029,Visakhapatnam,AP,Andhra Pradesh,South,C,Retail Store,True,377,3,2022-08-05,17.6465,83.2278,689928,True
DLR-100870,Tirupati B745 Distributors,CITY-1031,Tirupati,AP,Andhra Pradesh,South,B,Multi-Brand Outlet,False,769,10,2016-03-14,13.6646,79.4056,618632,True
DLR-100871,Vijayawada C927 Distributors,CITY-1030,Vijayawada,AP,Andhra Pradesh,South,C,Retail Store,True,187,1,2024-10-12,16.5581,80.635,363956,True
DLR-100872,Visakhapatnam B125 Distributors,CITY-1029,Visakhapatnam,AP,Andhra Pradesh,South,B,Retail Store,True,1474,12,2013-12-19,17.6778,83.2173,1199587,True
DLR-100873,Vijayawada B110 Distributors,CITY-1030,Vijayawada,AP,Andhra Pradesh,South,B,Retail Store,True,650,14,2012-04-24,16.4602,80.6872,556081,True
DLR-100874,Guntur B417 Distributors,CITY-1032,Guntur,AP,Andhra Pradesh,South,B,Retail Store,False,1139,17,2008-09-14,16.2622,80.4441,1932631,True
DLR-100875,Guntur C234 Distributors,CITY-1032,Guntur,AP,Andhra Pradesh,South,C,Multi-Brand Outlet,False,383,1,2024-12-05,16.3459,80.3917,718418,True
DLR-100876,Visakhapatnam C755 Distributors,CITY-1029,Visakhapatnam,AP,Andhra Pradesh,South,C,Multi-Brand Outlet,True,290,9,2017-03-03,17.7139,83.1898,346831,True
DLR-100877,Tirupati C254 Distributors,CITY-1031,Tirupati,AP,Andhra Pradesh,South,C,Retail Store,False,331,7,2018-08-01,13.6796,79.3953,507631,True
DLR-100878,Tirupati A704 Distributors,CITY-1031,Tirupati,AP,Andhra Pradesh,South,A,Multi-Brand Outlet,False,3847,25,2000-08-03,13.6244,79.3871,6203393,True
DLR-100879,Visakhapatnam C624 Distributors,CITY-1029,Visakhapatnam,AP,Andhra Pradesh,South,C,Online Marketplace,True,452,6,2019-07-01,17.6648,83.2628,380899,True
DLR-100880,Vijayawada C254 Distributors,CITY-1030,Vijayawada,AP,Andhra Pradesh,South,C,Online Marketplace,True,527,4,2022-02-25,16.4735,80.6469,603446,True
DLR-100881,Vijayawada B345 Distributors,CITY-1030,Vijayawada,AP,Andhra Pradesh,South,B,Retail Store,True,1272,10,2015-08-13,16.5024,80.6309,1251696,True
DLR-100882,Vijayawada A938 Distributors,CITY-1030,Vijayawada,AP,Andhra Pradesh,South,A,Retail Store,True,3095,29,1996-12-29,16.5523,80.6884,5031345,True
DLR-100883,Visakhapatnam B943 Distributors,CITY-1029,Visakhapatnam,AP,Andhra Pradesh,South,B,Retail Store,True,656,8,2017-05-25,17.6664,83.2056,858879,True
DLR-100884,Vijayawada B587 Distributors,CITY-1030,Vijayawada,AP,Andhra Pradesh,South,B,Retail Store,True,625,13,2013-04-21,16.5044,80.6781,1226478,True
DLR-100885,Guntur B423 Distributors,CITY-1032,Guntur,AP,Andhra Pradesh,South,B,Retail Store,False,1154,12,2013-07-10,16.3141,80.4124,2246888,True
DLR-100886,Vijayawada C151 Distributors,CITY-1030,Vijayawada,AP,Andhra Pradesh,South,C,Retail Store,True,553,5,2020-07-15,16.5459,80.6595,974981,True
DLR-100887,Tirupati A563 Distributors,CITY-1031,Tirupati,AP,Andhra Pradesh,South,A,Retail Store,False,2666,20,2005-05-03,13.6448,79.4113,2347446,True
DLR-100888,Vijayawada C919 Distributors,CITY-1030,Vijayawada,AP,Andhra Pradesh,South,C,Retail Store,True,242,9,2016-06-23,16.5019,80.6965,334525,True
DLR-100889,Visakhapatnam C354 Distributors,CITY-1029,Visakhapatnam,AP,Andhra Pradesh,South,C,Retail Store,True,346,5,2020-08-15,17.6674,83.2093,388314,True
DLR-100890,Vijayawada A162 Distributors,CITY-1030,Vijayawada,AP,Andhra Pradesh,South,A,Retail Store,True,3759,25,2001-02-08,16.4913,80.6106,3629216,True
DLR-100891,Visakhapatnam C144 Distributors,CITY-1029,Visakhapatnam,AP,Andhra Pradesh,South,C,Retail Store,True,164,3,2022-09-28,17.6545,83.2437,276893,True
DLR-100892,Guntur C890 Distributors,CITY-1032,Guntur,AP,Andhra Pradesh,South,C,Retail Store,False,158,1,2025-02-20,16.3255,80.4218,282491,True
DLR-100893,Visakhapatnam B698 Distributors,CITY-1029,Visakhapatnam,AP,Andhra Pradesh,South,B,Retail Store,True,998,14,2012-01-15,17.6888,83.1855,1889432,True
DLR-100894,Vijayawada A352 Distributors,CITY-1030,Vijayawada,AP,Andhra Pradesh,South,A,Retail Store,True,1961,15,2010-12-11,16.5359,80.6511,3912617,True
DLR-100895,Vijayawada C330 Distributors,CITY-1030,Vijayawada,AP,Andhra Pradesh,South,C,Retail Store,True,520,2,2024-03-05,16.5434,80.68,684627,True
DLR-100896,Guntur B806 Distributors,CITY-1032,Guntur,AP,Andhra Pradesh,South,B,Multi-Brand Outlet,False,1076,4,2021-11-12,16.3009,80.4089,2083618,True
DLR-100897,Visakhapatnam C197 Distributors,CITY-1029,Visakhapatnam,AP,Andhra Pradesh,South,C,Retail Store,True,239,8,2017-05-30,17.6818,83.2247,278961,True
DLR-100898,Visakhapatnam C261 Distributors,CITY-1029,Visakhapatnam,AP,Andhra Pradesh,South,C,Retail Store,True,399,5,2021-03-14,17.6813,83.1928,530238,True
DLR-100899,Visakhapatnam C342 Distributors,CITY-1029,Visakhapatnam,AP,Andhra Pradesh,South,C,Multi-Brand Outlet,True,293,2,2024-03-22,17.7374,83.1708,429246,True
DLR-100900,Tirupati C274 Distributors,CITY-1031,Tirupati,AP,Andhra Pradesh,South,C,Retail Store,False,420,7,2019-04-05,13.5825,79.3764,586815,True
DLR-100901,Visakhapatnam A119 Distributors,CITY-1029,Visakhapatnam,AP,Andhra Pradesh,South,A,Retail Store,True,3066,17,2009-04-11,17.711,83.2234,6127950,True
DLR-100902,Visakhapatnam C200 Distributors,CITY-1029,Visakhapatnam,AP,Andhra Pradesh,South,C,Retail Store,True,550,6,2019-06-26,17.6985,83.2016,840093,True
DLR-100903,Hyderabad C713 Distributors,CITY-1027,Hyderabad,TS,Telangana,South,C,Retail Store,True,321,5,2020-05-28,17.4232,78.4761,382978,True
DLR-100904,Hyderabad B334 Distributors,CITY-1027,Hyderabad,TS,Telangana,South,B,Retail Store,True,1158,17,2009-04-09,17.4206,78.4653,2043790,True
DLR-100905,Hyderabad A957 Distributors,CITY-1027,Hyderabad,TS,Telangana,South,A,Retail Store,True,3094,29,1996-05-26,17.3811,78.5348,2887555,True
DLR-100906,Hyderabad C491 Distributors,CITY-1027,Hyderabad,TS,Telangana,South,C,Retail Store,True,596,4,2022-01-01,17.3709,78.5059,488320,True
DLR-100907,Hyderabad A279 Distributors,CITY-1027,Hyderabad,TS,Telangana,South,A,Retail Store,True,2363,12,2014-04-13,17.3458,78.4541,2807681,False
DLR-100908,Hyderabad C463 Distributors,CITY-1027,Hyderabad,TS,Telangana,South,C,Retail Store,True,359,1,2025-02-27,17.3877,78.5164,350488,True
DLR-100909,Hyderabad C912 Distributors,CITY-1027,Hyderabad,TS,Telangana,South,C,Retail Store,True,169,6,2020-04-13,17.4168,78.4441,257963,True
DLR-100910,Warangal A339 Distributors,CITY-1028,Warangal,TS,Telangana,South,A,Retail Store,False,1788,8,2017-07-02,17.9286,79.6159,2164765,True
DLR-100911,Hyderabad C387 Distributors,CITY-1027,Hyderabad,TS,Telangana,South,C,Retail Store,True,517,8,2018-01-14,17.4103,78.4537,617715,True
DLR-100912,Hyderabad B464 Distributors,CITY-1027,Hyderabad,TS,Telangana,South,B,Retail Store,True,1495,6,2019-05-31,17.4055,78.4408,1271133,True
DLR-100913,Hyderabad C224 Distributors,CITY-1027,Hyderabad,TS,Telangana,South,C,Retail Store,True,563,5,2020-06-26,17.3752,78.4699,1042423,False
DLR-100914,Hyderabad C441 Distributors,CITY-1027,Hyderabad,TS,Telangana,South,C,Online Marketplace,True,168,2,2023-08-16,17.3839,78.4445,234523,True
DLR-100915,Hyderabad C705 Distributors,CITY-1027,Hyderabad,TS,Telangana,South,C,Retail Store,True,195,8,2017-12-30,17.382,78.5008,274343,True
DLR-100916,Hyderabad C610 Distributors,CITY-1027,Hyderabad,TS,Telangana,South,C,Retail Store,True,523,5,2020-06-12,17.3601,78.4852,502482,True
DLR-100917,Hyderabad A433 Distributors,CITY-1027,Hyderabad,TS,Telangana,South,A,Retail Store,True,2070,18,2007-06-20,17.4193,78.5315,3109442,True
DLR-100918,Warangal A316 Distributors,CITY-1028,Warangal,TS,Telangana,South,A,Retail Store,False,3481,22,2004-04-15,17.9556,79.5407,4083796,True
DLR-100919,Warangal B802 Distributors,CITY-1028,Warangal,TS,Telangana,South,B,Retail Store,False,1017,14,2012-01-25,18.0049,79.5698,1206667,True
DLR-100920,Hyderabad A384 Distributors,CITY-1027,Hyderabad,TS,Telangana,South,A,Multi-Brand Outlet,True,3286,11,2015-02-04,17.3764,78.4931,5107974,True
DLR-100921,Hyderabad C865 Distributors,CITY-1027,Hyderabad,TS,Telangana,South,C,Retail Store,True,407,7,2018-05-03,17.3428,78.5205,561445,True
DLR-100922,Hyderabad C604 Distributors,CITY-1027,Hyderabad,TS,Telangana,South,C,Retail Store,True,390,3,2022-08-30,17.4262,78.5239,385710,True
DLR-100923,Hyderabad C202 Distributors,CITY-1027,Hyderabad,TS,Telangana,South,C,Retail Store,True,283,9,2016-07-23,17.3757,78.4508,284581,True
DLR-100924,Hyderabad C335 Distributors,CITY-1027,Hyderabad,TS,Telangana,South,C,Retail Store,True,403,4,2022-03-18,17.3463,78.5087,545997,True
DLR-100925,Hyderabad C624 Distributors,CITY-1027,Hyderabad,TS,Telangana,South,C,Multi-Brand Outlet,True,171,7,2019-03-19,17.3666,78.4615,187227,True
DLR-100926,Hyderabad B325 Distributors,CITY-1027,Hyderabad,TS,Telangana,South,B,Multi-Brand Outlet,True,1460,10,2015-07-23,17.4162,78.5173,2297875,True
DLR-100927,Warangal C508 Distributors,CITY-1028,Warangal,TS,Telangana,South,C,Retail Store,False,492,6,2019-08-19,17.9392,79.6038,851255,True
DLR-100928,Hyderabad C921 Distributors,CITY-1027,Hyderabad,TS,Telangana,South,C,Retail Store,True,315,6,2019-04-30,17.3949,78.5078,282105,True
DLR-100929,Hyderabad C316 Distributors,CITY-1027,Hyderabad,TS,Telangana,South,C,Retail Store,True,249,6,2020-02-10,17.4044,78.4733,430365,True
DLR-100930,Hyderabad C790 Distributors,CITY-1027,Hyderabad,TS,Telangana,South,C,Retail Store,True,161,3,2022-11-06,17.4088,78.4913,260139,True
DLR-100931,Warangal C579 Distributors,CITY-1028,Warangal,TS,Telangana,South,C,Retail Store,False,468,5,2020-05-21,17.9991,79.5774,887465,True
DLR-100932,Hyderabad C414 Distributors,CITY-1027,Hyderabad,TS,Telangana,South,C,Retail Store,True,270,2,2024-02-16,17.3741,78.4701,254346,True
DLR-100933,Hyderabad C798 Distributors,CITY-1027,Hyderabad,TS,Telangana,South,C,Retail Store,True,294,9,2017-02-04,17.3452,78.4653,452812,True
DLR-100934,Hyderabad B830 Distributors,CITY-1027,Hyderabad,TS,Telangana,South,B,Retail Store,True,1249,6,2020-03-07,17.3513,78.4934,1571678,True
DLR-100935,Hyderabad A630 Distributors,CITY-1027,Hyderabad,TS,Telangana,South,A,Retail Store,True,2786,23,2002-08-22,17.3441,78.4682,5014602,True
DLR-100936,Warangal C363 Distributors,CITY-1028,Warangal,TS,Telangana,South,C,Retail Store,False,395,1,2024-11-27,17.9936,79.5612,519695,True
DLR-100937,Hyderabad B133 Distributors,CITY-1027,Hyderabad,TS,Telangana,South,B,Online Marketplace,True,864,6,2019-06-22,17.3797,78.4971,1652895,True
DLR-100938,Hyderabad A969 Distributors,CITY-1027,Hyderabad,TS,Telangana,South,A,Multi-Brand Outlet,True,2065,21,2004-11-14,17.3976,78.5351,3414178,True
DLR-100939,Hyderabad C937 Distributors,CITY-1027,Hyderabad,TS,Telangana,South,C,Retail Store,True,548,5,2020-10-17,17.4142,78.5137,605034,True
DLR-100940,Hyderabad A931 Distributors,CITY-1027,Hyderabad,TS,Telangana,South,A,Retail Store,True,2276,9,2016-10-01,17.4152,78.4823,4104299,True
DLR-100941,Hyderabad C804 Distributors,CITY-1027,Hyderabad,TS,Telangana,South,C,Retail Store,True,356,1,2024-12-06,17.3738,78.487,473244,True
DLR-100942,Hyderabad C376 Distributors,CITY-1027,Hyderabad,TS,Telangana,South,C,Retail Store,True,267,5,2020-05-10,17.3441,78.4779,369915,True
DLR-100943,Hyderabad C681 Distributors,CITY-1027,Hyderabad,TS,Telangana,South,C,Retail Store,True,265,9,2016-08-20,17.4214,78.492,463856,True
DLR-100944,Hyderabad C720 Distributors,CITY-1027,Hyderabad,TS,Telangana,South,C,Retail Store,True,475,2,2023-11-26,17.3545,78.5211,531397,True
DLR-100945,Hyderabad C502 Distributors,CITY-1027,Hyderabad,TS,Telangana,South,C,Retail Store,True,580,3,2023-01-05,17.3726,78.4876,912150,True
DLR-100946,Warangal B237 Distributors,CITY-1028,Warangal,TS,Telangana,South,B,Online Marketplace,False,852,17,2008-11-14,18.0095,79.5793,1279696,True
DLR-100947,Hyderabad C273 Distributors,CITY-1027,Hyderabad,TS,Telangana,South,C,Retail Store,True,358,1,2025-02-17,17.4146,78.4921,538459,True
DLR-100948,Hyderabad B680 Distributors,CITY-1027,Hyderabad,TS,Telangana,South,B,Retail Store,True,903,16,2010-04-03,17.4017,78.4805,756383,True
DLR-100949,Hyderabad C335 Distributors,CITY-1027,Hyderabad,TS,Telangana,South,C,Retail Store,True,244,9,2016-09-11,17.3809,78.4944,380931,True
DLR-100950,Hyderabad C501 Distributors,CITY-1027,Hyderabad,TS,Telangana,South,C,Multi-Brand Outlet,True,480,5,2020-09-22,17.4059,78.4802,921586,True
DLR-100951,Hyderabad B920 Distributors,CITY-1027,Hyderabad,TS,Telangana,South,B,Retail Store,True,1466,16,2010-03-19,17.4254,78.4572,1640562,True
DLR-100952,Hyderabad A406 Distributors,CITY-1027,Hyderabad,TS,Telangana,South,A,Retail Store,True,2585,18,2007-08-01,17.3674,78.46,4967290,False
DLR-100953,Hyderabad A219 Distributors,CITY-1027,Hyderabad,TS,Telangana,South,A,Retail Store,True,3108,16,2010-01-02,17.3581,78.5072,5203305,False
DLR-100954,Hyderabad C233 Distributors,CITY-1027,Hyderabad,TS,Telangana,South,C,Retail Store,True,238,4,2021-09-11,17.3955,78.5243,217042,True
DLR-100955,Hyderabad C723 Distributors,CITY-1027,Hyderabad,TS,Telangana,South,C,Retail Store,True,472,1,2025-02-11,17.4346,78.4843,667716,True
DLR-100956,Hyderabad A496 Distributors,CITY-1027,Hyderabad,TS,Telangana,South,A,Online Marketplace,True,2609,26,1999-09-18,17.3983,78.5309,2098995,True
DLR-100957,Hyderabad C589 Distributors,CITY-1027,Hyderabad,TS,Telangana,South,C,Retail Store,True,173,3,2022-05-23,17.3647,78.519,260731,True
DLR-100958,Hyderabad B830 Distributors,CITY-1027,Hyderabad,TS,Telangana,South,B,Retail Store,True,1293,14,2011-12-04,17.3901,78.4921,2177644,True
DLR-100959,Hyderabad A963 Distributors,CITY-1027,Hyderabad,TS,Telangana,South,A,Retail Store,True,3703,23,2002-10-19,17.4134,78.4767,5167400,True
DLR-100960,Hyderabad B258 Distributors,CITY-1027,Hyderabad,TS,Telangana,South,B,Retail Store,True,612,9,2017-03-24,17.3913,78.4539,848865,True
DLR-100961,Warangal A649 Distributors,CITY-1028,Warangal,TS,Telangana,South,A,Retail Store,False,3351,22,2003-12-29,17.9416,79.6207,3360615,True
DLR-100962,Kochi A953 Distributors,CITY-1051,Kochi,KL,Kerala,South,A,Retail Store,True,2451,24,2002-04-24,9.9449,76.2925,3428084,True
DLR-100963,Thiruvananthapuram B306 Distributors,CITY-1052,Thiruvananthapuram,KL,Kerala,South,B,Multi-Brand Outlet,True,717,4,2022-02-16,8.5544,76.9078,1172161,True
DLR-100964,Thiruvananthapuram B997 Distributors,CITY-1052,Thiruvananthapuram,KL,Kerala,South,B,Institutional/B2B,True,884,12,2013-09-12,8.4911,76.9533,1444746,True
DLR-100965,Kozhikode C711 Distributors,CITY-1053,Kozhikode,KL,Kerala,South,C,Institutional/B2B,True,592,9,2016-12-12,11.2762,75.7358,1098646,True
DLR-100966,Kozhikode B664 Distributors,CITY-1053,Kozhikode,KL,Kerala,South,B,Retail Store,True,650,14,2011-09-24,11.2228,75.8122,1134732,True
DLR-100967,Thrissur A159 Distributors,CITY-1054,Thrissur,KL,Kerala,South,A,Retail Store,False,2444,17,2008-10-01,10.5247,76.2309,3436745,True
DLR-100968,Kochi C381 Distributors,CITY-1051,Kochi,KL,Kerala,South,C,Retail Store,True,565,7,2018-11-11,9.9663,76.228,834478,True
DLR-100969,Thiruvananthapuram C932 Distributors,CITY-1052,Thiruvananthapuram,KL,Kerala,South,C,Retail Store,True,386,4,2021-06-12,8.4712,76.9201,593501,True
DLR-100970,Thiruvananthapuram C962 Distributors,CITY-1052,Thiruvananthapuram,KL,Kerala,South,C,Retail Store,True,485,3,2022-12-10,8.5039,76.8971,525007,True
DLR-100971,Kochi B702 Distributors,CITY-1051,Kochi,KL,Kerala,South,B,Retail Store,True,848,17,2009-04-26,9.9288,76.2223,1534726,False
DLR-100972,Thiruvananthapuram B329 Distributors,CITY-1052,Thiruvananthapuram,KL,Kerala,South,B,Retail Store,True,1032,9,2016-05-13,8.4932,76.9435,933171,True
DLR-100973,Thiruvananthapuram A912 Distributors,CITY-1052,Thiruvananthapuram,KL,Kerala,South,A,Retail Store,True,3170,23,2002-08-06,8.5298,76.9164,2566988,True
DLR-100974,Thiruvananthapuram C767 Distributors,CITY-1052,Thiruvananthapuram,KL,Kerala,South,C,Retail Store,True,181,1,2024-07-31,8.5649,76.9677,266151,True
DLR-100975,Kozhikode B441 Distributors,CITY-1053,Kozhikode,KL,Kerala,South,B,Retail Store,True,1043,10,2016-03-02,11.2662,75.8299,1742521,True
DLR-100976,Thiruvananthapuram A951 Distributors,CITY-1052,Thiruvananthapuram,KL,Kerala,South,A,Retail Store,True,2315,23,2003-04-26,8.4804,76.9138,1891661,True
DLR-100977,Kozhikode C249 Distributors,CITY-1053,Kozhikode,KL,Kerala,South,C,Retail Store,True,391,5,2021-04-13,11.2319,75.7749,518292,True
DLR-100978,Thiruvananthapuram A504 Distributors,CITY-1052,Thiruvananthapuram,KL,Kerala,South,A,Retail Store,True,2932,28,1997-09-26,8.5363,76.9242,3922645,True
DLR-100979,Thiruvananthapuram B115 Distributors,CITY-1052,Thiruvananthapuram,KL,Kerala,South,B,Multi-Brand Outlet,True,1120,17,2009-01-05,8.5422,76.9182,1521007,True
DLR-100980,Thiruvananthapuram C364 Distributors,CITY-1052,Thiruvananthapuram,KL,Kerala,South,C,Multi-Brand Outlet,True,593,6,2020-01-11,8.5515,76.9879,740278,True
DLR-100981,Kochi C298 Distributors,CITY-1051,Kochi,KL,Kerala,South,C,Retail Store,True,415,9,2016-06-28,9.9699,76.2824,547435,True
DLR-100982,Kochi C552 Distributors,CITY-1051,Kochi,KL,Kerala,South,C,Retail Store,True,425,8,2017-09-01,9.9148,76.2379,637783,True
DLR-100983,Thiruvananthapuram A111 Distributors,CITY-1052,Thiruvananthapuram,KL,Kerala,South,A,Retail Store,True,2641,28,1997-11-16,8.5217,76.9636,3841461,True
DLR-100984,Kollam A176 Distributors,CITY-1056,Kollam,KL,Kerala,South,A,Retail Store,False,3625,25,2001-02-26,8.8688,76.576,3517409,True
DLR-100985,Kozhikode C727 Distributors,CITY-1053,Kozhikode,KL,Kerala,South,C,Retail Store,True,594,4,2022-04-17,11.2642,75.7576,704962,True
DLR-100986,Kochi C101 Distributors,CITY-1051,Kochi,KL,Kerala,South,C,Institutional/B2B,True,240,6,2020-03-05,9.9163,76.2665,476796,True
DLR-100987,Kannur A428 Distributors,CITY-1055,Kannur,KL,Kerala,South,A,Retail Store,False,2703,20,2005-11-25,11.9045,75.3618,4337892,True
DLR-100988,Kozhikode A821 Distributors,CITY-1053,Kozhikode,KL,Kerala,South,A,Retail Store,True,1720,26,1999-11-20,11.2346,75.7648,1467006,True
DLR-100989,Kozhikode B245 Distributors,CITY-1053,Kozhikode,KL,Kerala,South,B,Online Marketplace,True,1073,13,2012-06-01,11.2954,75.7416,1257530,True
DLR-100990,Thrissur B311 Distributors,CITY-1054,Thrissur,KL,Kerala,South,B,Multi-Brand Outlet,False,1464,13,2013-01-25,10.5207,76.2386,1298166,True
DLR-100991,Thiruvananthapuram C622 Distributors,CITY-1052,Thiruvananthapuram,KL,Kerala,South,C,Retail Store,True,595,1,2024-05-05,8.5196,76.9725,587298,True
DLR-100992,Thiruvananthapuram C563 Distributors,CITY-1052,Thiruvananthapuram,KL,Kerala,South,C,Online Marketplace,True,299,2,2023-09-30,8.4952,76.9057,435683,True
DLR-100993,Thiruvananthapuram A651 Distributors,CITY-1052,Thiruvananthapuram,KL,Kerala,South,A,Retail Store,True,3053,29,1997-03-04,8.4881,76.9307,4859653,True
DLR-100994,Thiruvananthapuram B929 Distributors,CITY-1052,Thiruvananthapuram,KL,Kerala,South,B,Retail Store,True,1385,4,2021-05-04,8.4963,76.9275,1199472,True
DLR-100995,Thiruvananthapuram C488 Distributors,CITY-1052,Thiruvananthapuram,KL,Kerala,South,C,Retail Store,True,345,7,2018-07-22,8.4871,76.8944,618721,False
DLR-100996,Thiruvananthapuram B718 Distributors,CITY-1052,Thiruvananthapuram,KL,Kerala,South,B,Multi-Brand Outlet,True,1278,13,2013-04-21,8.54,76.9146,2512943,True
DLR-100997,Kollam C530 Distributors,CITY-1056,Kollam,KL,Kerala,South,C,Retail Store,False,211,6,2019-07-20,8.9122,76.579,288037,True
DLR-100998,Kannur B272 Distributors,CITY-1055,Kannur,KL,Kerala,South,B,Retail Store,False,1015,6,2019-07-27,11.8795,75.4072,1977103,True
DLR-100999,Kannur C277 Distributors,CITY-1055,Kannur,KL,Kerala,South,C,Retail Store,False,215,7,2019-02-20,11.9001,75.4118,376257,True
DLR-101000,Thrissur C128 Distributors,CITY-1054,Thrissur,KL,Kerala,South,C,Multi-Brand Outlet,False,599,7,2018-08-09,10.4862,76.2016,903172,True
DLR-101001,Kollam B845 Distributors,CITY-1056,Kollam,KL,Kerala,South,B,Retail Store,False,991,15,2010-11-05,8.8625,76.6119,1865603,True
DLR-101002,Kochi C596 Distributors,CITY-1051,Kochi,KL,Kerala,South,C,Retail Store,True,155,5,2021-02-13,9.9055,76.2463,262496,True
DLR-101003,Thiruvananthapuram B606 Distributors,CITY-1052,Thiruvananthapuram,KL,Kerala,South,B,Retail Store,True,1427,9,2017-01-25,8.5278,76.9415,1415435,True
DLR-101004,Thiruvananthapuram C375 Distributors,CITY-1052,Thiruvananthapuram,KL,Kerala,South,C,Retail Store,True,324,7,2019-03-09,8.5026,76.9622,267226,True
DLR-101005,Kannur B113 Distributors,CITY-1055,Kannur,KL,Kerala,South,B,Online Marketplace,False,823,17,2008-11-06,11.8583,75.4036,1310039,True
DLR-101006,Thiruvananthapuram C971 Distributors,CITY-1052,Thiruvananthapuram,KL,Kerala,South,C,Retail Store,True,559,3,2022-10-30,8.4931,76.9644,585894,True
DLR-101007,Kozhikode C629 Distributors,CITY-1053,Kozhikode,KL,Kerala,South,C,Retail Store,True,525,6,2020-03-12,11.2942,75.8165,557279,True
DLR-101008,Kochi B455 Distributors,CITY-1051,Kochi,KL,Kerala,South,B,Retail Store,True,1297,16,2009-11-03,9.9299,76.2415,2016752,True
DLR-101009,Thiruvananthapuram A924 Distributors,CITY-1052,Thiruvananthapuram,KL,Kerala,South,A,Retail Store,True,1829,25,2000-08-14,8.4961,76.9063,2725823,True
DLR-101010,Kozhikode B629 Distributors,CITY-1053,Kozhikode,KL,Kerala,South,B,Retail Store,True,674,6,2020-02-24,11.247,75.8083,1126862,True
DLR-101011,Kochi C435 Distributors,CITY-1051,Kochi,KL,Kerala,South,C,Retail Store,True,536,8,2018-03-21,9.8833,76.3052,852912,True
DLR-101012,Thiruvananthapuram C733 Distributors,CITY-1052,Thiruvananthapuram,KL,Kerala,South,C,Retail Store,True,532,9,2016-10-11,8.5541,76.9547,916189,True
DLR-101013,Thiruvananthapuram B158 Distributors,CITY-1052,Thiruvananthapuram,KL,Kerala,South,B,Online Marketplace,True,1057,17,2008-08-16,8.477,76.954,1031923,True
DLR-101014,Thiruvananthapuram C683 Distributors,CITY-1052,Thiruvananthapuram,KL,Kerala,South,C,Retail Store,True,471,8,2017-10-27,8.4745,76.9655,809757,True
DLR-101015,Kozhikode A990 Distributors,CITY-1053,Kozhikode,KL,Kerala,South,A,Retail Store,True,2670,14,2011-10-02,11.2538,75.8295,2477416,True
DLR-101016,Thiruvananthapuram A372 Distributors,CITY-1052,Thiruvananthapuram,KL,Kerala,South,A,Retail Store,True,3412,25,2001-01-17,8.4789,76.9111,3052312,True
DLR-101017,Thiruvananthapuram C360 Distributors,CITY-1052,Thiruvananthapuram,KL,Kerala,South,C,Online Marketplace,True,181,9,2017-03-29,8.5412,76.9769,234880,True
DLR-101018,Pondicherry C993 Distributors,CITY-1117,Pondicherry,PY,Puducherry,South,C,Retail Store,False,216,4,2021-04-30,11.9253,79.8436,296027,True
DLR-101019,Pondicherry C690 Distributors,CITY-1117,Pondicherry,PY,Puducherry,South,C,Retail Store,False,584,2,2023-11-06,11.9298,79.8164,1094705,True
DLR-101020,Pondicherry C419 Distributors,CITY-1117,Pondicherry,PY,Puducherry,South,C,Retail Store,False,522,4,2021-09-01,11.9055,79.8589,925620,True
DLR-101021,Pondicherry C739 Distributors,CITY-1117,Pondicherry,PY,Puducherry,South,C,Multi-Brand Outlet,False,585,5,2021-02-23,11.9015,79.8207,905326,False
DLR-101022,Pondicherry A555 Distributors,CITY-1117,Pondicherry,PY,Puducherry,South,A,Retail Store,False,2151,14,2012-03-14,11.9763,79.8281,2588006,True
DLR-101023,Pondicherry B753 Distributors,CITY-1117,Pondicherry,PY,Puducherry,South,B,Retail Store,False,1104,4,2021-08-08,11.9706,79.8493,1327130,True
DLR-101024,Pondicherry B560 Distributors,CITY-1117,Pondicherry,PY,Puducherry,South,B,Retail Store,False,706,15,2011-04-12,11.9612,79.838,985268,True
DLR-101025,Pondicherry C424 Distributors,CITY-1117,Pondicherry,PY,Puducherry,South,C,Retail Store,False,493,2,2023-11-20,11.9323,79.8366,522909,True
DLR-101026,Pondicherry B885 Distributors,CITY-1117,Pondicherry,PY,Puducherry,South,B,Retail Store,False,630,7,2019-02-24,11.9453,79.8015,1110121,True
DLR-101027,Pondicherry C274 Distributors,CITY-1117,Pondicherry,PY,Puducherry,South,C,Retail Store,False,226,9,2016-07-20,11.9731,79.7842,309232,True
DLR-101028,Pondicherry C155 Distributors,CITY-1117,Pondicherry,PY,Puducherry,South,C,Retail Store,False,181,6,2019-08-21,11.981,79.8431,148783,True
DLR-101029,Pondicherry C114 Distributors,CITY-1117,Pondicherry,PY,Puducherry,South,C,Retail Store,False,307,9,2016-10-24,11.9838,79.7923,405461,True
DLR-101030,Pondicherry C453 Distributors,CITY-1117,Pondicherry,PY,Puducherry,South,C,Retail Store,False,317,1,2024-08-16,11.9537,79.8034,633811,True
DLR-101031,Pondicherry C570 Distributors,CITY-1117,Pondicherry,PY,Puducherry,South,C,Online Marketplace,False,257,1,2024-11-16,11.9882,79.8698,239094,True
DLR-101032,Pondicherry C434 Distributors,CITY-1117,Pondicherry,PY,Puducherry,South,C,Retail Store,False,188,1,2024-05-12,11.898,79.8637,246823,True
DLR-101033,Pondicherry C951 Distributors,CITY-1117,Pondicherry,PY,Puducherry,South,C,Retail Store,False,455,2,2023-08-21,11.9412,79.8473,799246,True
DLR-101034,Lakshadweep A330 Distributors,FALLBACK-LD,Lakshadweep,LD,Lakshadweep,South,A,Online Marketplace,False,2441,12,2014-01-05,10.5267,72.6876,4149970,True
DLR-101035,Lakshadweep B522 Distributors,FALLBACK-LD,Lakshadweep,LD,Lakshadweep,South,B,Retail Store,False,761,8,2017-07-15,10.5816,72.6024,893719,True
DLR-101036,Lakshadweep C220 Distributors,FALLBACK-LD,Lakshadweep,LD,Lakshadweep,South,C,Multi-Brand Outlet,False,325,3,2022-11-03,10.5493,72.5933,487539,True
DLR-101037,Lakshadweep B971 Distributors,FALLBACK-LD,Lakshadweep,LD,Lakshadweep,South,B,Retail Store,False,1491,4,2022-04-13,10.6098,72.6847,2421870,True
DLR-101038,Lakshadweep A679 Distributors,FALLBACK-LD,Lakshadweep,LD,Lakshadweep,South,A,Retail Store,False,2537,26,1999-11-25,10.5517,72.6839,4341780,True
DLR-101039,Lakshadweep C344 Distributors,FALLBACK-LD,Lakshadweep,LD,Lakshadweep,South,C,Retail Store,False,451,2,2023-08-03,10.5825,72.6317,415356,True
DLR-101040,Lakshadweep A460 Distributors,FALLBACK-LD,Lakshadweep,LD,Lakshadweep,South,A,Retail Store,False,3171,14,2012-04-21,10.5792,72.5912,3598774,True
DLR-101041,Lakshadweep B694 Distributors,FALLBACK-LD,Lakshadweep,LD,Lakshadweep,South,B,Online Marketplace,False,1352,14,2011-06-14,10.5816,72.6836,2531455,True
DLR-101042,Lakshadweep C962 Distributors,FALLBACK-LD,Lakshadweep,LD,Lakshadweep,South,C,Retail Store,False,157,6,2019-10-21,10.6193,72.5912,269555,True
DLR-101043,Lakshadweep B278 Distributors,FALLBACK-LD,Lakshadweep,LD,Lakshadweep,South,B,Multi-Brand Outlet,False,1018,10,2015-09-21,10.5843,72.6793,1918442,True
DLR-101044,Lakshadweep C318 Distributors,FALLBACK-LD,Lakshadweep,LD,Lakshadweep,South,C,Retail Store,False,439,6,2019-05-18,10.5928,72.6021,429236,True
DLR-101045,Lakshadweep C989 Distributors,FALLBACK-LD,Lakshadweep,LD,Lakshadweep,South,C,Institutional/B2B,False,418,4,2022-02-20,10.61,72.6718,653213,True
DLR-101046,Andaman Nicobar B382 Distributors,FALLBACK-AN,Andaman Nicobar,AN,Andaman Nicobar,South,B,Retail Store,False,1482,17,2008-10-04,11.7121,92.6261,2657958,True
DLR-101047,Andaman Nicobar C427 Distributors,FALLBACK-AN,Andaman Nicobar,AN,Andaman Nicobar,South,C,Retail Store,False,422,1,2025-03-08,11.7169,92.6632,834588,True
DLR-101048,Andaman Nicobar C692 Distributors,FALLBACK-AN,Andaman Nicobar,AN,Andaman Nicobar,South,C,Retail Store,False,491,4,2022-04-04,11.7412,92.642,720426,True
DLR-101049,Andaman Nicobar A376 Distributors,FALLBACK-AN,Andaman Nicobar,AN,Andaman Nicobar,South,A,Retail Store,False,3156,21,2004-06-13,11.7072,92.6203,5381418,False
DLR-101050,Andaman Nicobar B293 Distributors,FALLBACK-AN,Andaman Nicobar,AN,Andaman Nicobar,South,B,Retail Store,False,1406,9,2016-06-20,11.6915,92.6961,2553492,True
DLR-101051,Andaman Nicobar C359 Distributors,FALLBACK-AN,Andaman Nicobar,AN,Andaman Nicobar,South,C,Retail Store,False,220,2,2023-10-25,11.7524,92.656,341057,True
DLR-101052,Andaman Nicobar C271 Distributors,FALLBACK-AN,Andaman Nicobar,AN,Andaman Nicobar,South,C,Online Marketplace,False,308,8,2018-04-21,11.6932,92.6569,383206,True
DLR-101053,Andaman Nicobar C152 Distributors,FALLBACK-AN,Andaman Nicobar,AN,Andaman Nicobar,South,C,Retail Store,False,327,8,2017-07-21,11.7745,92.658,371556,True
DLR-101054,Andaman Nicobar C565 Distributors,FALLBACK-AN,Andaman Nicobar,AN,Andaman Nicobar,South,C,Retail Store,False,549,6,2020-03-23,11.7801,92.6934,751685,True
DLR-101055,Andaman Nicobar C124 Distributors,FALLBACK-AN,Andaman Nicobar,AN,Andaman Nicobar,South,C,Multi-Brand Outlet,False,532,1,2025-03-05,11.7305,92.6545,756859,True
DLR-101056,Andaman Nicobar C779 Distributors,FALLBACK-AN,Andaman Nicobar,AN,Andaman Nicobar,South,C,Retail Store,False,347,3,2023-04-12,11.7663,92.6527,463433,True
DLR-101057,Andaman Nicobar C931 Distributors,FALLBACK-AN,Andaman Nicobar,AN,Andaman Nicobar,South,C,Retail Store,False,422,7,2018-09-08,11.7233,92.6248,423971,True
DLR-101058,Andaman Nicobar C855 Distributors,FALLBACK-AN,Andaman Nicobar,AN,Andaman Nicobar,South,C,Retail Store,False,517,1,2024-09-10,11.758,92.6186,858696,True
DLR-101059,Kolkata A132 Distributors,CITY-1033,Kolkata,WB,West Bengal,East,A,Retail Store,True,3987,15,2010-05-02,22.5627,88.3655,4102508,True
DLR-101060,Kolkata B515 Distributors,CITY-1033,Kolkata,WB,West Bengal,East,B,Retail Store,True,1189,4,2021-05-04,22.54,88.3342,1380223,True
DLR-101061,Howrah B978 Distributors,CITY-1034,Howrah,WB,West Bengal,East,B,Retail Store,True,1427,13,2012-12-09,22.5489,88.2794,2712004,True
DLR-101062,Kolkata C931 Distributors,CITY-1033,Kolkata,WB,West Bengal,East,C,Retail Store,True,492,6,2019-06-18,22.5766,88.3242,969280,True
DLR-101063,Kolkata B478 Distributors,CITY-1033,Kolkata,WB,West Bengal,East,B,Retail Store,True,671,17,2008-07-17,22.5688,88.3678,1152901,True
DLR-101064,Kolkata B219 Distributors,CITY-1033,Kolkata,WB,West Bengal,East,B,Retail Store,True,1436,9,2016-07-20,22.5969,88.3257,1248007,True
DLR-101065,Kolkata B191 Distributors,CITY-1033,Kolkata,WB,West Bengal,East,B,Retail Store,True,677,9,2017-03-31,22.5566,88.3702,1330115,True
DLR-101066,Kolkata A765 Distributors,CITY-1033,Kolkata,WB,West Bengal,East,A,Retail Store,True,3143,10,2015-07-04,22.5694,88.3278,5514564,True
DLR-101067,Durgapur C952 Distributors,CITY-1035,Durgapur,WB,West Bengal,East,C,Multi-Brand Outlet,False,159,6,2019-09-07,23.5046,87.2619,313345,True
DLR-101068,Kolkata C325 Distributors,CITY-1033,Kolkata,WB,West Bengal,East,C,Online Marketplace,True,154,7,2018-10-09,22.6009,88.3571,260968,True
DLR-101069,Kolkata C340 Distributors,CITY-1033,Kolkata,WB,West Bengal,East,C,Retail Store,True,301,8,2017-09-16,22.5487,88.4069,592239,True
DLR-101070,Howrah B720 Distributors,CITY-1034,Howrah,WB,West Bengal,East,B,Multi-Brand Outlet,True,1197,14,2012-03-20,22.5554,88.2894,1061627,True
DLR-101071,Asansol A301 Distributors,CITY-1037,Asansol,WB,West Bengal,East,A,Retail Store,False,2397,22,2004-01-31,23.6836,86.9475,2859266,True
DLR-101072,Kolkata C435 Distributors,CITY-1033,Kolkata,WB,West Bengal,East,C,Multi-Brand Outlet,True,336,7,2019-01-04,22.5576,88.3397,527563,True
DLR-101073,Kolkata C329 Distributors,CITY-1033,Kolkata,WB,West Bengal,East,C,Retail Store,True,547,8,2018-04-02,22.5656,88.3444,846824,True
DLR-101074,Howrah A623 Distributors,CITY-1034,Howrah,WB,West Bengal,East,A,Retail Store,True,3385,14,2011-12-31,22.6345,88.2148,6577019,True
DLR-101075,Asansol C290 Distributors,CITY-1037,Asansol,WB,West Bengal,East,C,Retail Store,False,371,2,2023-05-29,23.6445,86.9782,521651,True
DLR-101076,Durgapur C963 Distributors,CITY-1035,Durgapur,WB,West Bengal,East,C,Retail Store,False,316,8,2018-03-05,23.5396,87.3542,555589,True
DLR-101077,Howrah C180 Distributors,CITY-1034,Howrah,WB,West Bengal,East,C,Retail Store,True,324,8,2017-10-25,22.5532,88.2814,386236,True
DLR-101078,Kolkata C974 Distributors,CITY-1033,Kolkata,WB,West Bengal,East,C,Retail Store,True,398,3,2023-04-20,22.5969,88.3345,367941,True
DLR-101079,Howrah C102 Distributors,CITY-1034,Howrah,WB,West Bengal,East,C,Retail Store,True,162,2,2023-07-03,22.5426,88.2897,248605,True
DLR-101080,Kolkata C668 Distributors,CITY-1033,Kolkata,WB,West Bengal,East,C,Retail Store,True,322,6,2019-07-23,22.5235,88.3137,463096,True
DLR-101081,Howrah C276 Distributors,CITY-1034,Howrah,WB,West Bengal,East,C,Multi-Brand Outlet,True,382,7,2018-10-02,22.5467,88.2353,455486,True
DLR-101082,Durgapur C907 Distributors,CITY-1035,Durgapur,WB,West Bengal,East,C,Retail Store,False,214,5,2021-04-18,23.5244,87.334,325053,True
DLR-101083,Asansol A824 Distributors,CITY-1037,Asansol,WB,West Bengal,East,A,Multi-Brand Outlet,False,1584,25,2001-01-23,23.6883,86.9271,1349177,True
DLR-101084,Kolkata C598 Distributors,CITY-1033,Kolkata,WB,West Bengal,East,C,Retail Store,True,551,4,2021-07-16,22.5797,88.3528,1075269,True
DLR-101085,Kolkata C122 Distributors,CITY-1033,Kolkata,WB,West Bengal,East,C,Retail Store,True,289,4,2022-01-04,22.5967,88.4005,402723,True
DLR-101086,Howrah B602 Distributors,CITY-1034,Howrah,WB,West Bengal,East,B,Retail Store,True,965,7,2018-06-14,22.5527,88.275,893384,True
DLR-101087,Howrah B528 Distributors,CITY-1034,Howrah,WB,West Bengal,East,B,Online Marketplace,True,1463,5,2020-11-30,22.5409,88.229,2921132,True
DLR-101088,Durgapur C709 Distributors,CITY-1035,Durgapur,WB,West Bengal,East,C,Retail Store,False,354,6,2019-07-30,23.4952,87.2943,433692,True
DLR-101089,Kolkata C997 Distributors,CITY-1033,Kolkata,WB,West Bengal,East,C,Multi-Brand Outlet,True,269,6,2020-02-03,22.5384,88.3479,393978,True
DLR-101090,Kolkata B679 Distributors,CITY-1033,Kolkata,WB,West Bengal,East,B,Retail Store,True,1064,8,2018-03-21,22.5425,88.3978,1650281,True
DLR-101091,Howrah B647 Distributors,CITY-1034,Howrah,WB,West Bengal,East,B,Retail Store,True,612,14,2011-09-28,22.5948,88.271,903657,True
DLR-101092,Kolkata C658 Distributors,CITY-1033,Kolkata,WB,West Bengal,East,C,Multi-Brand Outlet,True,342,2,2024-03-25,22.5408,88.3749,399323,True
DLR-101093,Siliguri C127 Distributors,CITY-1036,Siliguri,WB,West Bengal,East,C,Retail Store,False,168,9,2017-01-17,26.7194,88.4601,310658,True
DLR-101094,Kolkata A362 Distributors,CITY-1033,Kolkata,WB,West Bengal,East,A,Retail Store,True,2719,21,2004-11-15,22.531,88.3673,4307775,True
DLR-101095,Durgapur C808 Distributors,CITY-1035,Durgapur,WB,West Bengal,East,C,Retail Store,False,213,2,2023-06-19,23.5255,87.3342,344845,True
DLR-101096,Howrah C540 Distributors,CITY-1034,Howrah,WB,West Bengal,East,C,Retail Store,True,331,9,2017-03-12,22.5568,88.252,640200,True
DLR-101097,Durgapur A266 Distributors,CITY-1035,Durgapur,WB,West Bengal,East,A,Retail Store,False,2052,19,2006-12-05,23.5159,87.3584,3677879,True
DLR-101098,Kolkata C829 Distributors,CITY-1033,Kolkata,WB,West Bengal,East,C,Retail Store,True,506,4,2021-10-21,22.5632,88.3639,910311,True
DLR-101099,Siliguri C347 Distributors,CITY-1036,Siliguri,WB,West Bengal,East,C,Retail Store,False,355,2,2024-01-05,26.7189,88.3939,313716,True
DLR-101100,Kolkata B191 Distributors,CITY-1033,Kolkata,WB,West Bengal,East,B,Retail Store,True,1184,14,2011-05-16,22.5274,88.3323,2190449,True
DLR-101101,Howrah A979 Distributors,CITY-1034,Howrah,WB,West Bengal,East,A,Online Marketplace,True,2977,16,2010-03-02,22.5753,88.2243,3445629,True
DLR-101102,Kolkata A714 Distributors,CITY-1033,Kolkata,WB,West Bengal,East,A,Retail Store,True,3181,29,1996-06-21,22.5268,88.4055,5898275,True
DLR-101103,Kolkata A116 Distributors,CITY-1033,Kolkata,WB,West Bengal,East,A,Retail Store,True,3346,21,2004-09-26,22.5333,88.3122,6619905,True
DLR-101104,Kolkata C958 Distributors,CITY-1033,Kolkata,WB,West Bengal,East,C,Retail Store,True,508,2,2023-09-12,22.5862,88.3216,863449,True
DLR-101105,Kolkata C861 Distributors,CITY-1033,Kolkata,WB,West Bengal,East,C,Online Marketplace,True,205,9,2016-09-12,22.5778,88.3466,220847,True
DLR-101106,Asansol C388 Distributors,CITY-1037,Asansol,WB,West Bengal,East,C,Retail Store,False,272,8,2017-07-12,23.6466,86.9931,424537,True
DLR-101107,Kolkata C750 Distributors,CITY-1033,Kolkata,WB,West Bengal,East,C,Retail Store,True,529,7,2018-07-03,22.5999,88.3957,515316,True
DLR-101108,Durgapur B297 Distributors,CITY-1035,Durgapur,WB,West Bengal,East,B,Retail Store,False,939,4,2021-04-30,23.5452,87.2679,1739578,True
DLR-101109,Asansol B548 Distributors,CITY-1037,Asansol,WB,West Bengal,East,B,Retail Store,False,1360,9,2017-03-17,23.6906,86.9758,2316036,True
DLR-101110,Kolkata B203 Distributors,CITY-1033,Kolkata,WB,West Bengal,East,B,Retail Store,True,1130,8,2018-02-02,22.591,88.3148,1907100,True
DLR-101111,Howrah B860 Distributors,CITY-1034,Howrah,WB,West Bengal,East,B,Retail Store,True,680,4,2022-03-21,22.5754,88.2582,948518,True
DLR-101112,Kolkata A399 Distributors,CITY-1033,Kolkata,WB,West Bengal,East,A,Retail Store,True,2110,23,2002-08-13,22.5868,88.3906,2200647,True
DLR-101113,Kolkata C183 Distributors,CITY-1033,Kolkata,WB,West Bengal,East,C,Retail Store,True,280,9,2016-10-07,22.5922,88.3185,525554,True
DLR-101114,Kolkata C417 Distributors,CITY-1033,Kolkata,WB,West Bengal,East,C,Retail Store,True,478,5,2020-11-10,22.5331,88.3273,527194,False
DLR-101115,Asansol C346 Distributors,CITY-1037,Asansol,WB,West Bengal,East,C,Retail Store,False,555,5,2021-02-16,23.6826,87.0147,502986,True
DLR-101116,Kolkata B774 Distributors,CITY-1033,Kolkata,WB,West Bengal,East,B,Retail Store,True,1021,6,2019-10-16,22.5977,88.3421,1837648,True
DLR-101117,Howrah C631 Distributors,CITY-1034,Howrah,WB,West Bengal,East,C,Retail Store,True,372,5,2020-10-17,22.583,88.2594,354996,True
DLR-101118,Howrah C614 Distributors,CITY-1034,Howrah,WB,West Bengal,East,C,Retail Store,True,318,9,2017-03-21,22.5924,88.2329,621372,True
DLR-101119,Siliguri C228 Distributors,CITY-1036,Siliguri,WB,West Bengal,East,C,Multi-Brand Outlet,False,414,7,2018-12-15,26.7251,88.4275,728179,True
DLR-101120,Kolkata C881 Distributors,CITY-1033,Kolkata,WB,West Bengal,East,C,Online Marketplace,True,363,4,2022-02-06,22.5787,88.3989,600526,True
DLR-101121,Howrah C135 Distributors,CITY-1034,Howrah,WB,West Bengal,East,C,Retail Store,True,381,5,2020-10-17,22.5687,88.2205,676991,True
DLR-101122,Howrah C501 Distributors,CITY-1034,Howrah,WB,West Bengal,East,C,Retail Store,True,166,9,2017-04-11,22.5832,88.2917,282897,True
DLR-101123,Howrah B680 Distributors,CITY-1034,Howrah,WB,West Bengal,East,B,Retail Store,True,657,5,2020-10-01,22.6399,88.309,765360,True
DLR-101124,Asansol C571 Distributors,CITY-1037,Asansol,WB,West Bengal,East,C,Retail Store,False,547,4,2022-04-09,23.6381,86.9587,826837,True
DLR-101125,Siliguri C769 Distributors,CITY-1036,Siliguri,WB,West Bengal,East,C,Retail Store,False,374,2,2023-12-07,26.668,88.4655,677442,True
DLR-101126,Kolkata C827 Distributors,CITY-1033,Kolkata,WB,West Bengal,East,C,Retail Store,True,510,1,2024-05-31,22.5416,88.3228,816799,True
DLR-101127,Kolkata C456 Distributors,CITY-1033,Kolkata,WB,West Bengal,East,C,Retail Store,True,409,6,2019-08-11,22.5612,88.3574,402595,True
DLR-101128,Kolkata B437 Distributors,CITY-1033,Kolkata,WB,West Bengal,East,B,Retail Store,True,787,11,2014-07-22,22.609,88.3959,686472,True
DLR-101129,Kolkata C759 Distributors,CITY-1033,Kolkata,WB,West Bengal,East,C,Retail Store,True,420,2,2023-11-20,22.5879,88.311,444235,True
DLR-101130,Kolkata B414 Distributors,CITY-1033,Kolkata,WB,West Bengal,East,B,Retail Store,True,829,6,2020-01-18,22.6064,88.3472,1081855,True
DLR-101131,Kolkata A620 Distributors,CITY-1033,Kolkata,WB,West Bengal,East,A,Retail Store,True,3425,23,2003-01-16,22.5681,88.3103,4018381,True
DLR-101132,Kolkata B642 Distributors,CITY-1033,Kolkata,WB,West Bengal,East,B,Institutional/B2B,True,1306,14,2011-06-28,22.5552,88.4006,1313610,True
DLR-101133,Asansol B653 Distributors,CITY-1037,Asansol,WB,West Bengal,East,B,Retail Store,False,691,12,2013-06-02,23.7246,87.0126,1014719,True
DLR-101134,Kolkata B387 Distributors,CITY-1033,Kolkata,WB,West Bengal,East,B,Retail Store,True,842,8,2017-07-26,22.6097,88.4026,824663,True
DLR-101135,Asansol C519 Distributors,CITY-1037,Asansol,WB,West Bengal,East,C,Retail Store,False,479,6,2019-08-24,23.6689,86.9612,808637,True
DLR-101136,Howrah C931 Distributors,CITY-1034,Howrah,WB,West Bengal,East,C,Retail Store,True,457,4,2021-05-28,22.5969,88.2793,530243,True
DLR-101137,Howrah C872 Distributors,CITY-1034,Howrah,WB,West Bengal,East,C,Retail Store,True,333,4,2021-07-14,22.5443,88.297,294466,True
DLR-101138,Siliguri A182 Distributors,CITY-1036,Siliguri,WB,West Bengal,East,A,Retail Store,False,3284,16,2009-08-10,26.6959,88.4727,6137450,True
DLR-101139,Kolkata C186 Distributors,CITY-1033,Kolkata,WB,West Bengal,East,C,Retail Store,True,486,3,2022-12-21,22.5422,88.3645,900219,True
DLR-101140,Kolkata B760 Distributors,CITY-1033,Kolkata,WB,West Bengal,East,B,Retail Store,True,1259,13,2012-05-15,22.6077,88.3495,2403296,True
DLR-101141,Kolkata C440 Distributors,CITY-1033,Kolkata,WB,West Bengal,East,C,Retail Store,True,415,7,2019-03-09,22.5251,88.3766,348917,True
DLR-101142,Kolkata B720 Distributors,CITY-1033,Kolkata,WB,West Bengal,East,B,Retail Store,True,696,9,2016-12-14,22.5215,88.3373,905912,True
DLR-101143,Asansol A798 Distributors,CITY-1037,Asansol,WB,West Bengal,East,A,Retail Store,False,2921,29,1996-07-21,23.6555,87.0124,5446503,True
DLR-101144,Siliguri A434 Distributors,CITY-1036,Siliguri,WB,West Bengal,East,A,Retail Store,False,1604,9,2016-07-07,26.7313,88.384,1607308,True
DLR-101145,Kolkata C775 Distributors,CITY-1033,Kolkata,WB,West Bengal,East,C,Retail Store,True,501,1,2024-08-08,22.6002,88.4088,654682,True
DLR-101146,Kolkata B853 Distributors,CITY-1033,Kolkata,WB,West Bengal,East,B,Retail Store,True,744,10,2015-05-16,22.6061,88.3913,792874,True
DLR-101147,Kolkata B317 Distributors,CITY-1033,Kolkata,WB,West Bengal,East,B,Retail Store,True,1049,14,2012-01-07,22.5468,88.4012,1397748,True
DLR-101148,Kolkata A306 Distributors,CITY-1033,Kolkata,WB,West Bengal,East,A,Institutional/B2B,True,1838,16,2009-10-13,22.5331,88.3919,2312103,True
DLR-101149,Howrah C972 Distributors,CITY-1034,Howrah,WB,West Bengal,East,C,Retail Store,True,185,5,2020-08-11,22.596,88.255,311051,True
DLR-101150,Kolkata B817 Distributors,CITY-1033,Kolkata,WB,West Bengal,East,B,Institutional/B2B,True,1382,6,2020-01-08,22.6026,88.3831,1224915,True
DLR-101151,Howrah B469 Distributors,CITY-1034,Howrah,WB,West Bengal,East,B,Retail Store,True,630,9,2016-10-03,22.581,88.2734,999767,True
DLR-101152,Kolkata B208 Distributors,CITY-1033,Kolkata,WB,West Bengal,East,B,Retail Store,True,739,12,2013-07-03,22.6077,88.4028,980774,True
DLR-101153,Kolkata B172 Distributors,CITY-1033,Kolkata,WB,West Bengal,East,B,Retail Store,True,906,8,2018-02-27,22.5235,88.3989,1158746,True
DLR-101154,Howrah C290 Distributors,CITY-1034,Howrah,WB,West Bengal,East,C,Online Marketplace,True,491,2,2024-03-01,22.6142,88.3049,488385,True
DLR-101155,Howrah C177 Distributors,CITY-1034,Howrah,WB,West Bengal,East,C,Retail Store,True,461,7,2018-08-21,22.5522,88.2216,379984,True
DLR-101156,Asansol B398 Distributors,CITY-1037,Asansol,WB,West Bengal,East,B,Retail Store,False,771,6,2020-04-05,23.7082,87.0012,957118,True
DLR-101157,Siliguri C882 Distributors,CITY-1036,Siliguri,WB,West Bengal,East,C,Retail Store,False,356,5,2020-08-28,26.7263,88.4472,670217,False
DLR-101158,Kolkata B541 Distributors,CITY-1033,Kolkata,WB,West Bengal,East,B,Retail Store,True,1213,9,2016-12-07,22.5262,88.3309,2197954,True
DLR-101159,Kolkata C433 Distributors,CITY-1033,Kolkata,WB,West Bengal,East,C,Retail Store,True,159,4,2021-05-11,22.548,88.3374,265301,True
DLR-101160,Siliguri C185 Distributors,CITY-1036,Siliguri,WB,West Bengal,East,C,Retail Store,False,395,8,2017-11-27,26.759,88.3891,641023,True
DLR-101161,Asansol C123 Distributors,CITY-1037,Asansol,WB,West Bengal,East,C,Multi-Brand Outlet,False,453,4,2021-10-11,23.6869,86.994,874003,True
DLR-101162,Siliguri B539 Distributors,CITY-1036,Siliguri,WB,West Bengal,East,B,Retail Store,False,885,4,2022-01-31,26.7588,88.3808,950487,False
DLR-101163,Kolkata B212 Distributors,CITY-1033,Kolkata,WB,West Bengal,East,B,Multi-Brand Outlet,True,995,7,2018-05-25,22.5861,88.3144,1312079,True
DLR-101164,Asansol B255 Distributors,CITY-1037,Asansol,WB,West Bengal,East,B,Retail Store,False,822,6,2019-07-29,23.6727,86.9302,1065473,True
DLR-101165,Kolkata C548 Distributors,CITY-1033,Kolkata,WB,West Bengal,East,C,Retail Store,True,552,6,2019-07-17,22.5836,88.3494,514852,True
DLR-101166,Durgapur A673 Distributors,CITY-1035,Durgapur,WB,West Bengal,East,A,Retail Store,False,2250,12,2013-08-05,23.5244,87.3271,4160480,True
DLR-101167,Asansol B553 Distributors,CITY-1037,Asansol,WB,West Bengal,East,B,Retail Store,False,1316,16,2010-03-23,23.6774,86.9551,1993498,True
DLR-101168,Kolkata C606 Distributors,CITY-1033,Kolkata,WB,West Bengal,East,C,Retail Store,True,358,8,2017-07-07,22.5529,88.4052,671235,True
DLR-101169,Asansol B254 Distributors,CITY-1037,Asansol,WB,West Bengal,East,B,Multi-Brand Outlet,False,1480,6,2019-06-17,23.6738,86.9927,1759159,True
DLR-101170,Kolkata C306 Distributors,CITY-1033,Kolkata,WB,West Bengal,East,C,Retail Store,True,188,7,2018-08-24,22.5339,88.34,205584,True
DLR-101171,Asansol A522 Distributors,CITY-1037,Asansol,WB,West Bengal,East,A,Retail Store,False,3849,27,1999-01-27,23.6308,87.008,5920346,True
DLR-101172,Kolkata C762 Distributors,CITY-1033,Kolkata,WB,West Bengal,East,C,Retail Store,True,520,6,2020-03-05,22.5518,88.3654,574518,True
DLR-101173,Asansol C997 Distributors,CITY-1037,Asansol,WB,West Bengal,East,C,Retail Store,False,284,9,2017-03-05,23.6514,86.9633,474123,True
DLR-101174,Bhubaneswar A216 Distributors,CITY-1091,Bhubaneswar,OD,Odisha,East,A,Institutional/B2B,True,1886,22,2004-01-23,20.3229,85.812,1823518,True
DLR-101175,Bhubaneswar C774 Distributors,CITY-1091,Bhubaneswar,OD,Odisha,East,C,Retail Store,True,543,5,2020-11-24,20.2635,85.7973,738675,True
DLR-101176,Rourkela A416 Distributors,CITY-1093,Rourkela,OD,Odisha,East,A,Retail Store,False,3820,17,2008-07-30,22.2119,84.8725,3259507,True
DLR-101177,Rourkela C249 Distributors,CITY-1093,Rourkela,OD,Odisha,East,C,Retail Store,False,215,3,2022-06-22,22.227,84.8653,335605,True
DLR-101178,Bhubaneswar C268 Distributors,CITY-1091,Bhubaneswar,OD,Odisha,East,C,Retail Store,True,492,4,2022-01-08,20.3383,85.8671,642271,True
DLR-101179,Rourkela C935 Distributors,CITY-1093,Rourkela,OD,Odisha,East,C,Retail Store,False,410,7,2018-08-17,22.299,84.8845,376949,True
DLR-101180,Cuttack C358 Distributors,CITY-1092,Cuttack,OD,Odisha,East,C,Retail Store,False,258,8,2017-08-08,20.4681,85.8895,424384,True
DLR-101181,Bhubaneswar C423 Distributors,CITY-1091,Bhubaneswar,OD,Odisha,East,C,Retail Store,True,457,6,2019-07-17,20.2865,85.78,568468,True
DLR-101182,Bhubaneswar B946 Distributors,CITY-1091,Bhubaneswar,OD,Odisha,East,B,Retail Store,True,896,10,2015-09-04,20.2964,85.8517,1175084,True
DLR-101183,Bhubaneswar C998 Distributors,CITY-1091,Bhubaneswar,OD,Odisha,East,C,Retail Store,True,213,6,2020-03-24,20.346,85.8333,399424,True
DLR-101184,Rourkela A343 Distributors,CITY-1093,Rourkela,OD,Odisha,East,A,Retail Store,False,3000,25,2000-07-21,22.2367,84.8278,5949457,True
DLR-101185,Cuttack B803 Distributors,CITY-1092,Cuttack,OD,Odisha,East,B,Retail Store,False,869,15,2010-09-16,20.4661,85.8443,1349179,True
DLR-101186,Cuttack C215 Distributors,CITY-1092,Cuttack,OD,Odisha,East,C,Multi-Brand Outlet,False,166,5,2020-05-29,20.4786,85.8512,175724,True
DLR-101187,Bhubaneswar B607 Distributors,CITY-1091,Bhubaneswar,OD,Odisha,East,B,Retail Store,True,1316,13,2012-08-24,20.311,85.8426,1234666,True
DLR-101188,Cuttack B321 Distributors,CITY-1092,Cuttack,OD,Odisha,East,B,Retail Store,False,716,14,2012-03-04,20.4266,85.8703,1226746,True
DLR-101189,Cuttack C641 Distributors,CITY-1092,Cuttack,OD,Odisha,East,C,Retail Store,False,300,9,2016-11-01,20.4899,85.8437,259202,True
DLR-101190,Rourkela B825 Distributors,CITY-1093,Rourkela,OD,Odisha,East,B,Multi-Brand Outlet,False,919,8,2017-04-30,22.2424,84.8514,1662142,True
DLR-101191,Bhubaneswar A855 Distributors,CITY-1091,Bhubaneswar,OD,Odisha,East,A,Multi-Brand Outlet,True,2500,14,2011-07-25,20.2542,85.8298,2522327,True
DLR-101192,Cuttack C130 Distributors,CITY-1092,Cuttack,OD,Odisha,East,C,Retail Store,False,434,7,2019-01-05,20.4503,85.9009,383385,True
DLR-101193,Bhubaneswar C681 Distributors,CITY-1091,Bhubaneswar,OD,Odisha,East,C,Retail Store,True,381,8,2018-04-13,20.3464,85.79,716839,True
DLR-101194,Cuttack B154 Distributors,CITY-1092,Cuttack,OD,Odisha,East,B,Retail Store,False,1357,13,2012-08-12,20.4745,85.8847,2441664,True
DLR-101195,Cuttack C202 Distributors,CITY-1092,Cuttack,OD,Odisha,East,C,Multi-Brand Outlet,False,161,1,2024-09-30,20.4143,85.8422,163632,True
DLR-101196,Bhubaneswar C451 Distributors,CITY-1091,Bhubaneswar,OD,Odisha,East,C,Retail Store,True,419,7,2019-04-13,20.2723,85.8038,761869,True
DLR-101197,Cuttack B591 Distributors,CITY-1092,Cuttack,OD,Odisha,East,B,Retail Store,False,1425,9,2017-04-22,20.4908,85.8563,1461731,True
DLR-101198,Bhubaneswar C861 Distributors,CITY-1091,Bhubaneswar,OD,Odisha,East,C,Multi-Brand Outlet,True,348,1,2024-08-21,20.2866,85.7737,548653,True
DLR-101199,Rourkela C168 Distributors,CITY-1093,Rourkela,OD,Odisha,East,C,Retail Store,False,163,3,2022-11-22,22.2602,84.8023,255496,True
DLR-101200,Bhubaneswar B249 Distributors,CITY-1091,Bhubaneswar,OD,Odisha,East,B,Online Marketplace,True,662,16,2009-07-12,20.3026,85.8228,796645,True
DLR-101201,Cuttack C115 Distributors,CITY-1092,Cuttack,OD,Odisha,East,C,Retail Store,False,153,2,2023-07-03,20.4231,85.8515,146129,True
DLR-101202,Rourkela A897 Distributors,CITY-1093,Rourkela,OD,Odisha,East,A,Retail Store,False,1782,20,2005-11-27,22.2736,84.8938,2250416,True
DLR-101203,Bhubaneswar B981 Distributors,CITY-1091,Bhubaneswar,OD,Odisha,East,B,Retail Store,True,1301,12,2013-05-09,20.2717,85.8629,2132951,True
DLR-101204,Bhubaneswar C565 Distributors,CITY-1091,Bhubaneswar,OD,Odisha,East,C,Retail Store,True,174,4,2021-11-26,20.255,85.7816,240586,True
DLR-101205,Bhubaneswar B608 Distributors,CITY-1091,Bhubaneswar,OD,Odisha,East,B,Retail Store,True,617,11,2014-08-25,20.2645,85.8399,947992,True
DLR-101206,Bhubaneswar B849 Distributors,CITY-1091,Bhubaneswar,OD,Odisha,East,B,Multi-Brand Outlet,True,1448,4,2022-03-26,20.3322,85.8205,1626790,True
DLR-101207,Cuttack B272 Distributors,CITY-1092,Cuttack,OD,Odisha,East,B,Retail Store,False,1019,12,2013-08-20,20.4386,85.8552,905642,True
DLR-101208,Cuttack C770 Distributors,CITY-1092,Cuttack,OD,Odisha,East,C,Retail Store,False,199,1,2024-08-03,20.4556,85.9114,397668,True
DLR-101209,Rourkela C881 Distributors,CITY-1093,Rourkela,OD,Odisha,East,C,Retail Store,False,450,6,2020-03-07,22.2796,84.8951,541821,True
DLR-101210,Rourkela B139 Distributors,CITY-1093,Rourkela,OD,Odisha,East,B,Retail Store,False,744,5,2021-04-13,22.2272,84.8116,790070,True
DLR-101211,Bhubaneswar B271 Distributors,CITY-1091,Bhubaneswar,OD,Odisha,East,B,Retail Store,True,608,17,2009-02-05,20.2782,85.8513,1018472,True
DLR-101212,Cuttack C970 Distributors,CITY-1092,Cuttack,OD,Odisha,East,C,Multi-Brand Outlet,False,462,5,2020-07-29,20.4386,85.9165,462789,True
DLR-101213,Rourkela A698 Distributors,CITY-1093,Rourkela,OD,Odisha,East,A,Retail Store,False,3830,28,1997-07-07,22.2568,84.8984,3745979,True
DLR-101214,Bhubaneswar C881 Distributors,CITY-1091,Bhubaneswar,OD,Odisha,East,C,Retail Store,True,461,7,2019-01-21,20.3099,85.8556,679174,True
DLR-101215,Bhubaneswar B288 Distributors,CITY-1091,Bhubaneswar,OD,Odisha,East,B,Retail Store,True,976,10,2016-01-02,20.2753,85.8011,1671842,True
DLR-101216,Bhubaneswar A261 Distributors,CITY-1091,Bhubaneswar,OD,Odisha,East,A,Retail Store,True,2704,28,1997-07-24,20.3245,85.7827,3774818,True
DLR-101217,Rourkela C944 Distributors,CITY-1093,Rourkela,OD,Odisha,East,C,Retail Store,False,423,5,2020-07-26,22.2809,84.8623,486930,True
DLR-101218,Cuttack B114 Distributors,CITY-1092,Cuttack,OD,Odisha,East,B,Retail Store,False,1432,9,2016-05-24,20.5094,85.8338,1219118,True
DLR-101219,Cuttack A812 Distributors,CITY-1092,Cuttack,OD,Odisha,East,A,Retail Store,False,3743,19,2006-07-04,20.4529,85.9054,5275657,True
DLR-101220,Bhubaneswar C427 Distributors,CITY-1091,Bhubaneswar,OD,Odisha,East,C,Multi-Brand Outlet,True,283,2,2023-04-27,20.2574,85.8517,373011,True
DLR-101221,Rourkela B645 Distributors,CITY-1093,Rourkela,OD,Odisha,East,B,Online Marketplace,False,754,15,2010-05-28,22.2614,84.8798,803361,True
DLR-101222,Bhubaneswar B624 Distributors,CITY-1091,Bhubaneswar,OD,Odisha,East,B,Retail Store,True,1116,7,2018-11-03,20.266,85.8084,1644916,True
DLR-101223,Cuttack C385 Distributors,CITY-1092,Cuttack,OD,Odisha,East,C,Retail Store,False,590,5,2020-11-26,20.4832,85.9039,926231,True
DLR-101224,Bhubaneswar A622 Distributors,CITY-1091,Bhubaneswar,OD,Odisha,East,A,Retail Store,True,2537,26,2000-02-21,20.3087,85.815,3481155,True
DLR-101225,Bhubaneswar B886 Distributors,CITY-1091,Bhubaneswar,OD,Odisha,East,B,Retail Store,True,1331,17,2008-11-07,20.3493,85.8695,1320965,True
DLR-101226,Rourkela C794 Distributors,CITY-1093,Rourkela,OD,Odisha,East,C,Retail Store,False,219,7,2018-09-09,22.2856,84.8434,310685,True
DLR-101227,Rourkela B282 Distributors,CITY-1093,Rourkela,OD,Odisha,East,B,Multi-Brand Outlet,False,699,16,2010-01-08,22.253,84.8587,1245266,True
DLR-101228,Bhubaneswar B717 Distributors,CITY-1091,Bhubaneswar,OD,Odisha,East,B,Multi-Brand Outlet,True,1054,17,2009-04-08,20.2542,85.8154,2106850,True
DLR-101229,Bhubaneswar C875 Distributors,CITY-1091,Bhubaneswar,OD,Odisha,East,C,Retail Store,True,476,7,2018-10-13,20.3278,85.7793,732620,True
DLR-101230,Bhubaneswar B491 Distributors,CITY-1091,Bhubaneswar,OD,Odisha,East,B,Online Marketplace,True,1232,11,2015-02-04,20.2531,85.867,1411287,True
DLR-101231,Bhubaneswar C169 Distributors,CITY-1091,Bhubaneswar,OD,Odisha,East,C,Retail Store,True,527,4,2022-02-04,20.262,85.8232,594252,True
DLR-101232,Jamshedpur C760 Distributors,CITY-1095,Jamshedpur,JH,Jharkhand,East,C,Retail Store,True,424,4,2021-09-25,22.7728,86.1602,706484,True
DLR-101233,Jamshedpur C969 Distributors,CITY-1095,Jamshedpur,JH,Jharkhand,East,C,Retail Store,True,423,5,2021-03-10,22.8067,86.1743,455625,True
DLR-101234,Jamshedpur C134 Distributors,CITY-1095,Jamshedpur,JH,Jharkhand,East,C,Retail Store,True,546,1,2024-05-27,22.7521,86.1966,923862,True
DLR-101235,Jamshedpur C893 Distributors,CITY-1095,Jamshedpur,JH,Jharkhand,East,C,Multi-Brand Outlet,True,418,5,2020-05-06,22.8018,86.2204,379964,True
DLR-101236,Dhanbad B113 Distributors,CITY-1096,Dhanbad,JH,Jharkhand,East,B,Retail Store,False,1100,17,2009-03-09,23.787,86.3973,1604885,True
DLR-101237,Jamshedpur C407 Distributors,CITY-1095,Jamshedpur,JH,Jharkhand,East,C,Retail Store,True,242,3,2023-03-05,22.8332,86.2346,398323,True
DLR-101238,Jamshedpur A699 Distributors,CITY-1095,Jamshedpur,JH,Jharkhand,East,A,Retail Store,True,3872,12,2013-11-25,22.781,86.1696,5636932,True
DLR-101239,Jamshedpur C494 Distributors,CITY-1095,Jamshedpur,JH,Jharkhand,East,C,Retail Store,True,202,1,2025-01-02,22.7821,86.1887,266094,True
DLR-101240,Jamshedpur A345 Distributors,CITY-1095,Jamshedpur,JH,Jharkhand,East,A,Retail Store,True,2168,28,1997-08-23,22.7651,86.1603,2753518,True
DLR-101241,Jamshedpur B624 Distributors,CITY-1095,Jamshedpur,JH,Jharkhand,East,B,Multi-Brand Outlet,True,606,15,2011-04-26,22.7534,86.2185,779961,True
DLR-101242,Jamshedpur C804 Distributors,CITY-1095,Jamshedpur,JH,Jharkhand,East,C,Multi-Brand Outlet,True,469,7,2019-03-29,22.7571,86.2041,810626,True
DLR-101243,Jamshedpur C505 Distributors,CITY-1095,Jamshedpur,JH,Jharkhand,East,C,Online Marketplace,True,388,2,2023-08-26,22.7949,86.2479,692723,True
DLR-101244,Jamshedpur C393 Distributors,CITY-1095,Jamshedpur,JH,Jharkhand,East,C,Multi-Brand Outlet,True,150,9,2016-08-15,22.7764,86.241,192039,True
DLR-101245,Ranchi C441 Distributors,CITY-1094,Ranchi,JH,Jharkhand,East,C,Retail Store,True,498,6,2019-08-12,23.3568,85.2626,583219,True
DLR-101246,Ranchi B111 Distributors,CITY-1094,Ranchi,JH,Jharkhand,East,B,Retail Store,True,1496,15,2011-04-15,23.3117,85.2649,2724680,True
DLR-101247,Ranchi B654 Distributors,CITY-1094,Ranchi,JH,Jharkhand,East,B,Retail Store,True,889,8,2018-03-20,23.3744,85.3053,1133678,True
DLR-101248,Dhanbad C913 Distributors,CITY-1096,Dhanbad,JH,Jharkhand,East,C,Retail Store,False,522,8,2017-07-28,23.8023,86.4699,736985,True
DLR-101249,Ranchi B684 Distributors,CITY-1094,Ranchi,JH,Jharkhand,East,B,Retail Store,True,1393,14,2011-11-15,23.3475,85.2812,1431327,True
DLR-101250,Ranchi C876 Distributors,CITY-1094,Ranchi,JH,Jharkhand,East,C,Retail Store,True,152,2,2023-05-24,23.2968,85.3018,195346,True
DLR-101251,Ranchi A372 Distributors,CITY-1094,Ranchi,JH,Jharkhand,East,A,Retail Store,True,2253,15,2010-06-05,23.3571,85.2632,1942232,True
DLR-101252,Jamshedpur A876 Distributors,CITY-1095,Jamshedpur,JH,Jharkhand,East,A,Retail Store,True,3639,26,1999-11-23,22.8066,86.2112,5680581,True
DLR-101253,Ranchi B322 Distributors,CITY-1094,Ranchi,JH,Jharkhand,East,B,Retail Store,True,1146,5,2020-10-12,23.3077,85.3473,1398380,True
DLR-101254,Jamshedpur A440 Distributors,CITY-1095,Jamshedpur,JH,Jharkhand,East,A,Multi-Brand Outlet,True,2153,15,2010-06-27,22.8187,86.1789,4223913,True
DLR-101255,Ranchi C683 Distributors,CITY-1094,Ranchi,JH,Jharkhand,East,C,Retail Store,True,249,7,2018-08-08,23.3796,85.2836,438856,True
DLR-101256,Dhanbad C198 Distributors,CITY-1096,Dhanbad,JH,Jharkhand,East,C,Retail Store,False,523,6,2020-04-06,23.8095,86.4774,560516,True
DLR-101257,Dhanbad C363 Distributors,CITY-1096,Dhanbad,JH,Jharkhand,East,C,Retail Store,False,301,8,2017-10-20,23.8113,86.4073,558204,True
DLR-101258,Dhanbad B493 Distributors,CITY-1096,Dhanbad,JH,Jharkhand,East,B,Retail Store,False,755,13,2012-07-02,23.7603,86.4652,1013677,True
DLR-101259,Jamshedpur B259 Distributors,CITY-1095,Jamshedpur,JH,Jharkhand,East,B,Retail Store,True,730,8,2017-05-18,22.7528,86.1515,1188621,True
DLR-101260,Jamshedpur C146 Distributors,CITY-1095,Jamshedpur,JH,Jharkhand,East,C,Retail Store,True,260,7,2018-08-25,22.8096,86.1794,330208,True
DLR-101261,Jamshedpur B371 Distributors,CITY-1095,Jamshedpur,JH,Jharkhand,East,B,Retail Store,True,1400,10,2015-12-19,22.7747,86.2303,2566236,True
DLR-101262,Ranchi C573 Distributors,CITY-1094,Ranchi,JH,Jharkhand,East,C,Institutional/B2B,True,583,6,2019-05-04,23.3779,85.2639,594820,True
DLR-101263,Jamshedpur B726 Distributors,CITY-1095,Jamshedpur,JH,Jharkhand,East,B,Multi-Brand Outlet,True,1166,10,2015-12-21,22.7606,86.1778,1777703,True
DLR-101264,Ranchi C284 Distributors,CITY-1094,Ranchi,JH,Jharkhand,East,C,Multi-Brand Outlet,True,278,7,2019-03-26,23.3721,85.2659,300260,True
DLR-101265,Jamshedpur C317 Distributors,CITY-1095,Jamshedpur,JH,Jharkhand,East,C,Retail Store,True,353,4,2021-06-03,22.8306,86.1662,693068,True
DLR-101266,Ranchi A674 Distributors,CITY-1094,Ranchi,JH,Jharkhand,East,A,Online Marketplace,True,3191,28,1997-05-08,23.3772,85.3462,3900015,True
DLR-101267,Jamshedpur C661 Distributors,CITY-1095,Jamshedpur,JH,Jharkhand,East,C,Retail Store,True,563,3,2022-06-24,22.8483,86.2135,453759,True
DLR-101268,Jamshedpur C467 Distributors,CITY-1095,Jamshedpur,JH,Jharkhand,East,C,Retail Store,True,187,9,2016-05-25,22.76,86.1836,224880,True
DLR-101269,Jamshedpur C927 Distributors,CITY-1095,Jamshedpur,JH,Jharkhand,East,C,Retail Store,True,595,9,2017-01-03,22.7611,86.1712,908071,True
DLR-101270,Jamshedpur C892 Distributors,CITY-1095,Jamshedpur,JH,Jharkhand,East,C,Multi-Brand Outlet,True,471,8,2017-07-10,22.7603,86.1553,452195,True
DLR-101271,Jamshedpur C376 Distributors,CITY-1095,Jamshedpur,JH,Jharkhand,East,C,Retail Store,True,278,7,2018-09-08,22.8276,86.2151,400900,True
DLR-101272,Jamshedpur C562 Distributors,CITY-1095,Jamshedpur,JH,Jharkhand,East,C,Retail Store,True,331,4,2021-09-24,22.7799,86.249,568018,True
DLR-101273,Jamshedpur C697 Distributors,CITY-1095,Jamshedpur,JH,Jharkhand,East,C,Retail Store,True,214,1,2025-04-16,22.7863,86.2111,214245,True
DLR-101274,Ranchi C475 Distributors,CITY-1094,Ranchi,JH,Jharkhand,East,C,Retail Store,True,596,6,2019-08-23,23.3785,85.3416,755130,True
DLR-101275,Ranchi C257 Distributors,CITY-1094,Ranchi,JH,Jharkhand,East,C,Multi-Brand Outlet,True,185,4,2021-11-11,23.3114,85.3198,166068,False
DLR-101276,Patna A366 Distributors,CITY-1087,Patna,BR,Bihar,East,A,Retail Store,True,3768,13,2013-04-19,25.5859,85.1494,5961579,True
DLR-101277,Patna A801 Distributors,CITY-1087,Patna,BR,Bihar,East,A,Institutional/B2B,True,3978,11,2014-09-01,25.5768,85.1276,4349317,True
DLR-101278,Bhagalpur C328 Distributors,CITY-1090,Bhagalpur,BR,Bihar,East,C,Multi-Brand Outlet,False,428,1,2025-04-10,25.2055,86.9777,699334,True
DLR-101279,Patna C481 Distributors,CITY-1087,Patna,BR,Bihar,East,C,Retail Store,True,484,6,2020-01-10,25.6217,85.1201,437057,True
DLR-101280,Patna C297 Distributors,CITY-1087,Patna,BR,Bihar,East,C,Retail Store,True,242,5,2020-12-25,25.639,85.1678,366323,True
DLR-101281,Bhagalpur B885 Distributors,CITY-1090,Bhagalpur,BR,Bihar,East,B,Retail Store,False,931,7,2019-01-31,25.2606,86.988,1501994,True
DLR-101282,Patna B501 Distributors,CITY-1087,Patna,BR,Bihar,East,B,Retail Store,True,722,9,2016-10-18,25.5855,85.1695,767991,True
DLR-101283,Patna C342 Distributors,CITY-1087,Patna,BR,Bihar,East,C,Multi-Brand Outlet,True,525,7,2019-02-21,25.5464,85.1126,745225,True
DLR-101284,Patna A722 Distributors,CITY-1087,Patna,BR,Bihar,East,A,Multi-Brand Outlet,True,3091,27,1998-07-01,25.5699,85.1527,5588814,True
DLR-101285,Patna A777 Distributors,CITY-1087,Patna,BR,Bihar,East,A,Retail Store,True,2635,12,2013-08-14,25.5776,85.1882,2744973,True
DLR-101286,Bhagalpur B984 Distributors,CITY-1090,Bhagalpur,BR,Bihar,East,B,Institutional/B2B,False,1269,8,2017-08-22,25.2197,86.956,1123929,True
DLR-101287,Patna C898 Distributors,CITY-1087,Patna,BR,Bihar,East,C,Retail Store,True,587,3,2022-08-19,25.5804,85.0916,1160305,True
DLR-101288,Patna B839 Distributors,CITY-1087,Patna,BR,Bihar,East,B,Retail Store,True,960,7,2019-03-18,25.5733,85.1465,1436363,True
DLR-101289,Gaya C991 Distributors,CITY-1088,Gaya,BR,Bihar,East,C,Retail Store,False,484,4,2022-02-02,24.8289,85.0165,513657,True
DLR-101290,Bhagalpur A812 Distributors,CITY-1090,Bhagalpur,BR,Bihar,East,A,Retail Store,False,3384,12,2014-04-04,25.237,86.922,4840576,True
DLR-101291,Patna C961 Distributors,CITY-1087,Patna,BR,Bihar,East,C,Multi-Brand Outlet,True,175,6,2019-11-09,25.6083,85.1537,298744,True
DLR-101292,Patna B468 Distributors,CITY-1087,Patna,BR,Bihar,East,B,Retail Store,True,1432,6,2019-11-23,25.6067,85.18,2144863,True
DLR-101293,Bhagalpur C912 Distributors,CITY-1090,Bhagalpur,BR,Bihar,East,C,Retail Store,False,390,8,2018-02-15,25.2022,86.9794,358182,True
DLR-101294,Patna A358 Distributors,CITY-1087,Patna,BR,Bihar,East,A,Multi-Brand Outlet,True,3726,12,2013-09-01,25.6315,85.1657,3302232,True
DLR-101295,Gaya C608 Distributors,CITY-1088,Gaya,BR,Bihar,East,C,Retail Store,False,536,8,2017-08-02,24.8117,85.0381,486500,True
DLR-101296,Patna B726 Distributors,CITY-1087,Patna,BR,Bihar,East,B,Retail Store,True,1118,9,2017-03-11,25.6175,85.1702,1532857,True
DLR-101297,Gaya B535 Distributors,CITY-1088,Gaya,BR,Bihar,East,B,Multi-Brand Outlet,False,641,12,2013-06-26,24.8004,85.0396,629712,True
DLR-101298,Patna A543 Distributors,CITY-1087,Patna,BR,Bihar,East,A,Multi-Brand Outlet,True,3173,24,2001-08-29,25.6226,85.1476,5338562,True
DLR-101299,Patna C904 Distributors,CITY-1087,Patna,BR,Bihar,East,C,Multi-Brand Outlet,True,376,4,2022-03-22,25.564,85.1259,633872,True
DLR-101300,Gaya A832 Distributors,CITY-1088,Gaya,BR,Bihar,East,A,Retail Store,False,1583,11,2014-07-04,24.8119,84.9715,1806493,True
DLR-101301,Patna C376 Distributors,CITY-1087,Patna,BR,Bihar,East,C,Retail Store,True,191,2,2023-10-13,25.6164,85.1892,190760,True
DLR-101302,Patna C774 Distributors,CITY-1087,Patna,BR,Bihar,East,C,Retail Store,True,559,9,2016-12-30,25.5685,85.1355,1013985,True
DLR-101303,Patna C835 Distributors,CITY-1087,Patna,BR,Bihar,East,C,Retail Store,True,388,4,2022-03-24,25.5666,85.1503,559673,True
DLR-101304,Patna A227 Distributors,CITY-1087,Patna,BR,Bihar,East,A,Retail Store,True,2566,24,2002-04-03,25.5721,85.1003,3772759,True
DLR-101305,Bhagalpur C977 Distributors,CITY-1090,Bhagalpur,BR,Bihar,East,C,Retail Store,False,279,3,2022-10-11,25.2051,87.0083,467209,True
DLR-101306,Patna B766 Distributors,CITY-1087,Patna,BR,Bihar,East,B,Retail Store,True,1092,9,2016-09-01,25.5774,85.1746,1768284,True
DLR-101307,Bhagalpur C912 Distributors,CITY-1090,Bhagalpur,BR,Bihar,East,C,Retail Store,False,369,6,2019-08-19,25.2714,86.9922,665358,True
DLR-101308,Patna A142 Distributors,CITY-1087,Patna,BR,Bihar,East,A,Multi-Brand Outlet,True,3622,17,2008-12-15,25.5446,85.1102,3684181,True
DLR-101309,Patna B461 Distributors,CITY-1087,Patna,BR,Bihar,East,B,Retail Store,True,1413,9,2016-06-29,25.5568,85.1562,2683485,True
DLR-101310,Patna A591 Distributors,CITY-1087,Patna,BR,Bihar,East,A,Retail Store,True,3015,22,2003-05-21,25.6237,85.1513,5693950,True
DLR-101311,Muzaffarpur C454 Distributors,CITY-1089,Muzaffarpur,BR,Bihar,East,C,Retail Store,False,344,2,2023-12-03,26.127,85.3406,506209,True
DLR-101312,Muzaffarpur C955 Distributors,CITY-1089,Muzaffarpur,BR,Bihar,East,C,Retail Store,False,471,3,2023-04-12,26.1289,85.4023,393642,True
DLR-101313,Patna C996 Distributors,CITY-1087,Patna,BR,Bihar,East,C,Retail Store,True,582,1,2025-03-15,25.5916,85.0995,542916,True
DLR-101314,Bhagalpur C733 Distributors,CITY-1090,Bhagalpur,BR,Bihar,East,C,Retail Store,False,312,7,2018-06-07,25.2557,87.0037,499460,True
DLR-101315,Patna B623 Distributors,CITY-1087,Patna,BR,Bihar,East,B,Retail Store,True,764,16,2010-02-20,25.6013,85.1662,848423,True
DLR-101316,Patna A576 Distributors,CITY-1087,Patna,BR,Bihar,East,A,Retail Store,True,3618,24,2001-10-27,25.6013,85.1721,4715222,True
DLR-101317,Bhagalpur C762 Distributors,CITY-1090,Bhagalpur,BR,Bihar,East,C,Retail Store,False,300,7,2018-09-27,25.2045,86.9321,330134,True
DLR-101318,Bhagalpur C728 Distributors,CITY-1090,Bhagalpur,BR,Bihar,East,C,Retail Store,False,200,3,2022-06-25,25.2259,86.9493,304160,True
DLR-101319,Bhagalpur A196 Distributors,CITY-1090,Bhagalpur,BR,Bihar,East,A,Retail Store,False,3164,20,2005-11-11,25.2282,86.9575,2751590,True
DLR-101320,Patna A213 Distributors,CITY-1087,Patna,BR,Bihar,East,A,Retail Store,True,3762,13,2012-12-27,25.5881,85.1497,3463683,True
DLR-101321,Patna C493 Distributors,CITY-1087,Patna,BR,Bihar,East,C,Retail Store,True,344,4,2021-08-09,25.6382,85.1276,335818,True
DLR-101322,Patna A250 Distributors,CITY-1087,Patna,BR,Bihar,East,A,Retail Store,True,2922,19,2006-10-27,25.5549,85.1693,5657359,True
DLR-101323,Patna C608 Distributors,CITY-1087,Patna,BR,Bihar,East,C,Online Marketplace,True,405,4,2022-02-19,25.5613,85.1588,455571,True
DLR-101324,Muzaffarpur C920 Distributors,CITY-1089,Muzaffarpur,BR,Bihar,East,C,Online Marketplace,False,222,4,2021-10-30,26.115,85.3378,305069,True
DLR-101325,Patna B457 Distributors,CITY-1087,Patna,BR,Bihar,East,B,Retail Store,True,850,10,2016-01-27,25.5527,85.1246,1496331,True
DLR-101326,Gaya B651 Distributors,CITY-1088,Gaya,BR,Bihar,East,B,Retail Store,False,1102,5,2021-02-25,24.836,85.002,2009755,True
DLR-101327,Patna C196 Distributors,CITY-1087,Patna,BR,Bihar,East,C,Multi-Brand Outlet,True,170,3,2023-03-27,25.6065,85.1613,170943,True
DLR-101328,Patna C615 Distributors,CITY-1087,Patna,BR,Bihar,East,C,Retail Store,True,522,1,2024-09-26,25.6066,85.1447,731788,True
DLR-101329,Gaya C187 Distributors,CITY-1088,Gaya,BR,Bihar,East,C,Retail Store,False,350,2,2023-07-28,24.7484,84.984,339150,True
DLR-101330,Patna C479 Distributors,CITY-1087,Patna,BR,Bihar,East,C,Retail Store,True,460,6,2020-01-06,25.5775,85.1007,586164,True
DLR-101331,Muzaffarpur B488 Distributors,CITY-1089,Muzaffarpur,BR,Bihar,East,B,Multi-Brand Outlet,False,1126,10,2015-10-05,26.0739,85.3948,2116105,True
DLR-101332,Patna C621 Distributors,CITY-1087,Patna,BR,Bihar,East,C,Institutional/B2B,True,349,6,2019-10-30,25.5953,85.1868,599440,True
DLR-101333,Muzaffarpur C945 Distributors,CITY-1089,Muzaffarpur,BR,Bihar,East,C,Retail Store,False,296,6,2019-12-15,26.1206,85.3971,562913,True
DLR-101334,Patna C188 Distributors,CITY-1087,Patna,BR,Bihar,East,C,Multi-Brand Outlet,True,195,3,2022-09-23,25.5919,85.1532,362265,True
DLR-101335,Patna C480 Distributors,CITY-1087,Patna,BR,Bihar,East,C,Retail Store,True,469,6,2020-03-02,25.5958,85.0957,882544,True
DLR-101336,Gaya C735 Distributors,CITY-1088,Gaya,BR,Bihar,East,C,Retail Store,False,558,6,2020-03-14,24.7665,84.981,831461,True
DLR-101337,Muzaffarpur C690 Distributors,CITY-1089,Muzaffarpur,BR,Bihar,East,C,Retail Store,False,219,6,2020-04-06,26.1012,85.3544,430972,True
DLR-101338,Patna B101 Distributors,CITY-1087,Patna,BR,Bihar,East,B,Retail Store,True,960,8,2018-01-14,25.545,85.1081,1041194,True
DLR-101339,Patna C272 Distributors,CITY-1087,Patna,BR,Bihar,East,C,Retail Store,True,260,1,2024-08-12,25.5514,85.1768,432664,True
DLR-101340,Patna C409 Distributors,CITY-1087,Patna,BR,Bihar,East,C,Retail Store,True,409,3,2023-01-04,25.6128,85.1084,544957,True
DLR-101341,Patna A113 Distributors,CITY-1087,Patna,BR,Bihar,East,A,Retail Store,True,2717,22,2003-11-03,25.5425,85.1809,2533146,True
DLR-101342,Muzaffarpur C853 Distributors,CITY-1089,Muzaffarpur,BR,Bihar,East,C,Institutional/B2B,False,301,4,2021-11-14,26.1066,85.3143,526028,True
DLR-101343,Muzaffarpur A242 Distributors,CITY-1089,Muzaffarpur,BR,Bihar,East,A,Institutional/B2B,False,3993,29,1997-01-11,26.152,85.3718,4228603,True
DLR-101344,Patna B162 Distributors,CITY-1087,Patna,BR,Bihar,East,B,Retail Store,True,835,8,2018-03-18,25.6039,85.1747,915009,True
DLR-101345,Patna C181 Distributors,CITY-1087,Patna,BR,Bihar,East,C,Retail Store,True,295,7,2019-01-08,25.6031,85.1142,307101,True
DLR-101346,Muzaffarpur B554 Distributors,CITY-1089,Muzaffarpur,BR,Bihar,East,B,Retail Store,False,1185,8,2017-12-20,26.1176,85.3399,1906349,True
DLR-101347,Patna B331 Distributors,CITY-1087,Patna,BR,Bihar,East,B,Retail Store,True,632,7,2019-01-31,25.5943,85.1876,828679,True
DLR-101348,Gaya A587 Distributors,CITY-1088,Gaya,BR,Bihar,East,A,Online Marketplace,False,1965,13,2012-11-10,24.8059,84.9651,3927276,True
DLR-101349,Patna A915 Distributors,CITY-1087,Patna,BR,Bihar,East,A,Retail Store,True,1863,22,2004-03-02,25.5432,85.1721,1861076,True
DLR-101350,Patna C235 Distributors,CITY-1087,Patna,BR,Bihar,East,C,Retail Store,True,382,5,2020-12-02,25.6173,85.0988,614763,True
DLR-101351,Patna C294 Distributors,CITY-1087,Patna,BR,Bihar,East,C,Retail Store,True,493,2,2023-09-11,25.5672,85.1879,890971,True
DLR-101352,Muzaffarpur B497 Distributors,CITY-1089,Muzaffarpur,BR,Bihar,East,B,Multi-Brand Outlet,False,746,13,2012-05-16,26.1583,85.3397,903795,True
DLR-101353,Patna C454 Distributors,CITY-1087,Patna,BR,Bihar,East,C,Multi-Brand Outlet,True,582,7,2018-09-20,25.5653,85.1876,1098868,True
DLR-101354,Patna A695 Distributors,CITY-1087,Patna,BR,Bihar,East,A,Retail Store,True,1667,23,2003-04-08,25.5452,85.1252,1735421,True
DLR-101355,Muzaffarpur C932 Distributors,CITY-1089,Muzaffarpur,BR,Bihar,East,C,Retail Store,False,319,1,2025-01-14,26.1609,85.407,272648,True
DLR-101356,Patna A779 Distributors,CITY-1087,Patna,BR,Bihar,East,A,Retail Store,True,3100,23,2002-12-15,25.5922,85.1231,5027658,True
DLR-101357,Patna A757 Distributors,CITY-1087,Patna,BR,Bihar,East,A,Retail Store,True,1854,9,2016-05-28,25.5952,85.1005,3411627,True
DLR-101358,Patna C553 Distributors,CITY-1087,Patna,BR,Bihar,East,C,Institutional/B2B,True,170,8,2017-11-17,25.5812,85.1554,208087,True
DLR-101359,Patna B178 Distributors,CITY-1087,Patna,BR,Bihar,East,B,Retail Store,True,1439,10,2015-12-09,25.5682,85.1282,2082289,True
DLR-101360,Bhagalpur A116 Distributors,CITY-1090,Bhagalpur,BR,Bihar,East,A,Retail Store,False,2523,23,2002-09-03,25.2825,87.0016,3080025,True
DLR-101361,Muzaffarpur A795 Distributors,CITY-1089,Muzaffarpur,BR,Bihar,East,A,Retail Store,False,1733,13,2012-08-24,26.0964,85.3743,2963620,True
DLR-101362,Patna C752 Distributors,CITY-1087,Patna,BR,Bihar,East,C,Retail Store,True,597,2,2024-01-25,25.5988,85.1462,755085,True
DLR-101363,Gaya B649 Distributors,CITY-1088,Gaya,BR,Bihar,East,B,Retail Store,False,1421,8,2017-11-16,24.7819,84.9797,1735799,True
DLR-101364,Patna C753 Distributors,CITY-1087,Patna,BR,Bihar,East,C,Retail Store,True,386,5,2020-09-18,25.5467,85.1322,752964,True
DLR-101365,Bhagalpur B325 Distributors,CITY-1090,Bhagalpur,BR,Bihar,East,B,Institutional/B2B,False,1047,15,2010-12-26,25.2459,87.005,1029957,True
DLR-101366,Patna B970 Distributors,CITY-1087,Patna,BR,Bihar,East,B,Retail Store,True,980,4,2021-08-26,25.5956,85.1725,1421239,True
DLR-101367,Patna C237 Distributors,CITY-1087,Patna,BR,Bihar,East,C,Retail Store,True,163,4,2022-01-27,25.5617,85.1744,136701,True
DLR-101368,Patna B237 Distributors,CITY-1087,Patna,BR,Bihar,East,B,Institutional/B2B,True,1117,5,2020-07-30,25.576,85.1327,2060864,False
DLR-101369,Patna B233 Distributors,CITY-1087,Patna,BR,Bihar,East,B,Retail Store,True,824,7,2018-10-26,25.6116,85.1009,1255633,True
DLR-101370,Patna C687 Distributors,CITY-1087,Patna,BR,Bihar,East,C,Retail Store,True,319,2,2023-11-10,25.6047,85.1172,623560,True
DLR-101371,Patna A211 Distributors,CITY-1087,Patna,BR,Bihar,East,A,Retail Store,True,3593,24,2002-02-25,25.6126,85.1574,3396655,True
DLR-101372,Muzaffarpur C175 Distributors,CITY-1089,Muzaffarpur,BR,Bihar,East,C,Retail Store,False,541,8,2017-09-25,26.1039,85.3393,975535,True
DLR-101373,Patna C130 Distributors,CITY-1087,Patna,BR,Bihar,East,C,Retail Store,True,521,9,2016-08-07,25.5814,85.1095,572103,True
DLR-101374,Bhagalpur A486 Distributors,CITY-1090,Bhagalpur,BR,Bihar,East,A,Retail Store,False,2313,25,2000-09-28,25.2869,86.9338,2730469,True
DLR-101375,Patna C113 Distributors,CITY-1087,Patna,BR,Bihar,East,C,Retail Store,True,418,6,2019-12-28,25.6021,85.1135,695378,False
DLR-101376,Gaya C305 Distributors,CITY-1088,Gaya,BR,Bihar,East,C,Retail Store,False,342,6,2019-08-29,24.8345,85.0324,406507,True
DLR-101377,Bhagalpur C393 Distributors,CITY-1090,Bhagalpur,BR,Bihar,East,C,Retail Store,False,524,8,2018-02-07,25.2213,86.977,756506,True
DLR-101378,Gaya C312 Distributors,CITY-1088,Gaya,BR,Bihar,East,C,Retail Store,False,451,4,2022-04-23,24.7577,84.9964,526277,True
DLR-101379,Muzaffarpur A540 Distributors,CITY-1089,Muzaffarpur,BR,Bihar,East,A,Retail Store,False,3039,8,2017-06-14,26.0799,85.3533,5668059,True
DLR-101380,Muzaffarpur C166 Distributors,CITY-1089,Muzaffarpur,BR,Bihar,East,C,Retail Store,False,446,9,2016-09-22,26.1147,85.3759,488192,True
DLR-101381,Patna C221 Distributors,CITY-1087,Patna,BR,Bihar,East,C,Retail Store,True,228,7,2018-12-02,25.591,85.1763,439280,True
DLR-101382,Patna C107 Distributors,CITY-1087,Patna,BR,Bihar,East,C,Retail Store,True,155,5,2021-01-19,25.6233,85.0944,307056,True
DLR-101383,Patna C670 Distributors,CITY-1087,Patna,BR,Bihar,East,C,Retail Store,True,503,1,2024-05-05,25.5902,85.1801,918007,True
DLR-101384,Patna A968 Distributors,CITY-1087,Patna,BR,Bihar,East,A,Retail Store,True,2265,27,1998-08-15,25.6397,85.1773,2915715,True
DLR-101385,Patna A528 Distributors,CITY-1087,Patna,BR,Bihar,East,A,Multi-Brand Outlet,True,3163,20,2006-04-07,25.5564,85.1746,4764058,True
DLR-101386,Gaya C805 Distributors,CITY-1088,Gaya,BR,Bihar,East,C,Multi-Brand Outlet,False,510,2,2023-11-01,24.7858,85.0067,905628,True
DLR-101387,Patna B542 Distributors,CITY-1087,Patna,BR,Bihar,East,B,Retail Store,True,889,5,2021-02-22,25.6133,85.1331,1641935,True
DLR-101388,Patna C239 Distributors,CITY-1087,Patna,BR,Bihar,East,C,Retail Store,True,469,5,2020-07-11,25.5766,85.1305,406127,True
DLR-101389,Patna C127 Distributors,CITY-1087,Patna,BR,Bihar,East,C,Retail Store,True,199,8,2017-07-07,25.613,85.1311,246458,True
DLR-101390,Bhagalpur B991 Distributors,CITY-1090,Bhagalpur,BR,Bihar,East,B,Retail Store,False,1104,5,2020-06-28,25.2668,87.0096,1044238,True
DLR-101391,Patna A780 Distributors,CITY-1087,Patna,BR,Bihar,East,A,Online Marketplace,True,3856,13,2012-07-10,25.5859,85.0978,6576866,True
DLR-101392,Patna B335 Distributors,CITY-1087,Patna,BR,Bihar,East,B,Retail Store,True,665,14,2011-06-10,25.6115,85.1284,1149970,True
DLR-101393,Patna B209 Distributors,CITY-1087,Patna,BR,Bihar,East,B,Retail Store,True,1005,11,2015-01-30,25.6303,85.1176,1961673,True
DLR-101394,Bhagalpur C297 Distributors,CITY-1090,Bhagalpur,BR,Bihar,East,C,Multi-Brand Outlet,False,563,9,2016-11-06,25.2278,86.9948,455844,True
DLR-101395,Bhagalpur C259 Distributors,CITY-1090,Bhagalpur,BR,Bihar,East,C,Multi-Brand Outlet,False,295,5,2021-03-14,25.2685,86.9796,455015,True
DLR-101396,Gaya C993 Distributors,CITY-1088,Gaya,BR,Bihar,East,C,Retail Store,False,288,8,2017-12-01,24.7692,85.0095,355194,True
DLR-101397,Bhagalpur C273 Distributors,CITY-1090,Bhagalpur,BR,Bihar,East,C,Retail Store,False,166,2,2023-09-13,25.2346,86.9252,225553,True
DLR-101398,Patna B617 Distributors,CITY-1087,Patna,BR,Bihar,East,B,Retail Store,True,1313,11,2015-02-23,25.5427,85.0992,1353084,True
DLR-101399,Bhagalpur A354 Distributors,CITY-1090,Bhagalpur,BR,Bihar,East,A,Institutional/B2B,False,2478,25,2000-06-10,25.1994,86.9981,2813328,True
DLR-101400,Patna B871 Distributors,CITY-1087,Patna,BR,Bihar,East,B,Multi-Brand Outlet,True,928,10,2015-09-12,25.6062,85.1589,1160984,True
DLR-101401,Patna A423 Distributors,CITY-1087,Patna,BR,Bihar,East,A,Retail Store,True,3056,22,2003-12-25,25.6103,85.1145,4817215,True
DLR-101402,Patna C823 Distributors,CITY-1087,Patna,BR,Bihar,East,C,Retail Store,True,403,6,2020-03-14,25.5599,85.1755,675690,True
DLR-101403,Patna C179 Distributors,CITY-1087,Patna,BR,Bihar,East,C,Retail Store,True,247,8,2018-04-09,25.6366,85.1874,269734,True
DLR-101404,Muzaffarpur C752 Distributors,CITY-1089,Muzaffarpur,BR,Bihar,East,C,Retail Store,False,572,4,2021-09-11,26.0982,85.3648,747485,True
DLR-101405,Patna C917 Distributors,CITY-1087,Patna,BR,Bihar,East,C,Multi-Brand Outlet,True,522,7,2019-02-06,25.5775,85.17,445606,True
DLR-101406,Bhagalpur A698 Distributors,CITY-1090,Bhagalpur,BR,Bihar,East,A,Retail Store,False,2894,8,2017-10-25,25.2119,86.9879,5581651,True
DLR-101407,Patna B410 Distributors,CITY-1087,Patna,BR,Bihar,East,B,Multi-Brand Outlet,True,1340,4,2022-01-25,25.6211,85.1116,1299859,True
DLR-101408,Ghaziabad B877 Distributors,CITY-1065,Ghaziabad,UP,Uttar Pradesh,Central,B,Retail Store,True,1096,10,2016-01-30,28.6285,77.4742,1977992,True
DLR-101409,Lucknow C968 Distributors,CITY-1057,Lucknow,UP,Uttar Pradesh,Central,C,Multi-Brand Outlet,True,524,2,2023-08-18,26.8581,80.9909,426510,True
DLR-101410,Allahabad B777 Distributors,CITY-1061,Allahabad,UP,Uttar Pradesh,Central,B,Retail Store,True,725,12,2013-08-22,25.479,81.8302,687232,True
DLR-101411,Meerut A336 Distributors,CITY-1064,Meerut,UP,Uttar Pradesh,Central,A,Retail Store,True,3118,16,2009-07-17,28.9554,77.6859,6052069,True
DLR-101412,Ghaziabad B479 Distributors,CITY-1065,Ghaziabad,UP,Uttar Pradesh,Central,B,Retail Store,True,1019,16,2009-12-07,28.6597,77.4599,989567,True
DLR-101413,Varanasi C909 Distributors,CITY-1060,Varanasi,UP,Uttar Pradesh,Central,C,Retail Store,True,505,1,2024-09-23,25.3388,83.0193,474060,True
DLR-101414,Sathariya C643 Distributors,CITY-1062,Sathariya,UP,Uttar Pradesh,Central,C,Retail Store,False,237,9,2017-04-25,25.6128,82.5512,196858,True
DLR-101415,Noida C826 Distributors,CITY-1066,Noida,UP,Uttar Pradesh,Central,C,Retail Store,True,573,5,2021-01-05,28.5431,77.3546,596432,True
DLR-101416,Aligarh C886 Distributors,CITY-1068,Aligarh,UP,Uttar Pradesh,Central,C,Retail Store,False,190,1,2024-07-11,27.8583,78.081,222607,True
DLR-101417,Kanpur B926 Distributors,CITY-1058,Kanpur,UP,Uttar Pradesh,Central,B,Retail Store,True,719,14,2011-08-26,26.4331,80.33,1108447,True
DLR-101418,Agra C100 Distributors,CITY-1059,Agra,UP,Uttar Pradesh,Central,C,Retail Store,True,292,1,2024-08-23,27.2182,78.0002,551499,True
DLR-101419,Aligarh B793 Distributors,CITY-1068,Aligarh,UP,Uttar Pradesh,Central,B,Retail Store,False,1354,15,2011-04-24,27.8955,78.0403,1323078,True
DLR-101420,Allahabad A519 Distributors,CITY-1061,Allahabad,UP,Uttar Pradesh,Central,A,Retail Store,True,3759,21,2004-08-04,25.4664,81.884,5501432,True
DLR-101421,Ghaziabad C315 Distributors,CITY-1065,Ghaziabad,UP,Uttar Pradesh,Central,C,Retail Store,True,261,2,2024-03-10,28.636,77.4098,471308,True
DLR-101422,Ghaziabad B702 Distributors,CITY-1065,Ghaziabad,UP,Uttar Pradesh,Central,B,Retail Store,True,857,12,2013-08-16,28.6892,77.4048,828749,True
DLR-101423,Agra C152 Distributors,CITY-1059,Agra,UP,Uttar Pradesh,Central,C,Retail Store,True,376,9,2017-02-18,27.2058,77.9935,502411,True
DLR-101424,Ghaziabad A719 Distributors,CITY-1065,Ghaziabad,UP,Uttar Pradesh,Central,A,Retail Store,True,1642,25,2000-12-15,28.6616,77.4965,2952124,True
DLR-101425,Ghaziabad B334 Distributors,CITY-1065,Ghaziabad,UP,Uttar Pradesh,Central,B,Retail Store,True,871,12,2013-06-11,28.718,77.4616,1344506,True
DLR-101426,Meerut C373 Distributors,CITY-1064,Meerut,UP,Uttar Pradesh,Central,C,Retail Store,True,226,5,2021-01-26,29.0249,77.6957,429662,True
DLR-101427,Lucknow B536 Distributors,CITY-1057,Lucknow,UP,Uttar Pradesh,Central,B,Institutional/B2B,True,971,4,2022-02-06,26.8998,80.9753,1610141,True
DLR-101428,Gorakhpur C132 Distributors,CITY-1069,Gorakhpur,UP,Uttar Pradesh,Central,C,Retail Store,False,424,5,2020-07-04,26.7747,83.3551,737828,True
DLR-101429,Allahabad C565 Distributors,CITY-1061,Allahabad,UP,Uttar Pradesh,Central,C,Retail Store,True,309,1,2024-10-12,25.4553,81.8686,322942,True
DLR-101430,Ghaziabad C610 Distributors,CITY-1065,Ghaziabad,UP,Uttar Pradesh,Central,C,Retail Store,True,295,9,2016-09-06,28.68,77.4332,271254,True
DLR-101431,Noida A817 Distributors,CITY-1066,Noida,UP,Uttar Pradesh,Central,A,Retail Store,True,2211,9,2016-05-20,28.5279,77.341,3519190,True
DLR-101432,Allahabad A853 Distributors,CITY-1061,Allahabad,UP,Uttar Pradesh,Central,A,Retail Store,True,2433,26,2000-01-23,25.3973,81.8355,3400179,True
DLR-101433,Noida C857 Distributors,CITY-1066,Noida,UP,Uttar Pradesh,Central,C,Multi-Brand Outlet,True,267,3,2023-03-08,28.5387,77.419,518469,True
DLR-101434,Gorakhpur C748 Distributors,CITY-1069,Gorakhpur,UP,Uttar Pradesh,Central,C,Retail Store,False,295,5,2021-01-06,26.7837,83.3894,439097,True
DLR-101435,Varanasi C672 Distributors,CITY-1060,Varanasi,UP,Uttar Pradesh,Central,C,Retail Store,True,175,2,2024-01-15,25.2976,82.9551,247818,True
DLR-101436,Allahabad B457 Distributors,CITY-1061,Allahabad,UP,Uttar Pradesh,Central,B,Retail Store,True,760,13,2012-05-25,25.4788,81.8245,1149670,True
DLR-101437,Noida A172 Distributors,CITY-1066,Noida,UP,Uttar Pradesh,Central,A,Multi-Brand Outlet,True,3648,8,2017-11-26,28.5332,77.3952,3748814,True
DLR-101438,Kanpur A859 Distributors,CITY-1058,Kanpur,UP,Uttar Pradesh,Central,A,Retail Store,True,2543,24,2002-04-09,26.4672,80.348,4087054,True
DLR-101439,Lucknow B746 Distributors,CITY-1057,Lucknow,UP,Uttar Pradesh,Central,B,Retail Store,True,732,17,2009-04-15,26.8465,80.9657,1262397,True
DLR-101440,Bareilly C931 Distributors,CITY-1067,Bareilly,UP,Uttar Pradesh,Central,C,Retail Store,False,265,7,2018-11-06,28.408,79.4764,289708,True
DLR-101441,Noida B310 Distributors,CITY-1066,Noida,UP,Uttar Pradesh,Central,B,Retail Store,True,729,8,2017-06-26,28.5705,77.373,1134553,True
DLR-101442,Gorakhpur C688 Distributors,CITY-1069,Gorakhpur,UP,Uttar Pradesh,Central,C,Retail Store,False,580,3,2022-09-17,26.783,83.345,659994,False
DLR-101443,Lucknow C878 Distributors,CITY-1057,Lucknow,UP,Uttar Pradesh,Central,C,Retail Store,True,241,8,2018-03-09,26.8317,80.9126,355533,True
DLR-101444,Kanpur C442 Distributors,CITY-1058,Kanpur,UP,Uttar Pradesh,Central,C,Retail Store,True,535,2,2023-10-13,26.4156,80.3144,789298,True
DLR-101445,Lucknow C116 Distributors,CITY-1057,Lucknow,UP,Uttar Pradesh,Central,C,Retail Store,True,419,5,2020-07-02,26.8603,80.9187,357470,True
DLR-101446,Ghaziabad A530 Distributors,CITY-1065,Ghaziabad,UP,Uttar Pradesh,Central,A,Retail Store,True,2150,13,2012-06-11,28.6341,77.4126,2639120,True
DLR-101447,Ghaziabad C377 Distributors,CITY-1065,Ghaziabad,UP,Uttar Pradesh,Central,C,Retail Store,True,367,9,2016-10-01,28.6416,77.4494,476291,True
DLR-101448,Varanasi B327 Distributors,CITY-1060,Varanasi,UP,Uttar Pradesh,Central,B,Retail Store,True,1457,16,2009-05-15,25.307,82.9351,2716033,True
DLR-101449,Lucknow C754 Distributors,CITY-1057,Lucknow,UP,Uttar Pradesh,Central,C,Retail Store,True,250,9,2017-02-12,26.8521,80.959,242223,True
DLR-101450,Ghaziabad C566 Distributors,CITY-1065,Ghaziabad,UP,Uttar Pradesh,Central,C,Multi-Brand Outlet,True,590,3,2023-02-28,28.637,77.4757,1061328,True
DLR-101451,Meerut C421 Distributors,CITY-1064,Meerut,UP,Uttar Pradesh,Central,C,Multi-Brand Outlet,True,262,4,2021-10-25,28.9687,77.7283,358219,True
DLR-101452,Lucknow C649 Distributors,CITY-1057,Lucknow,UP,Uttar Pradesh,Central,C,Multi-Brand Outlet,True,325,8,2018-02-18,26.8127,80.9815,578395,True
DLR-101453,Bareilly C398 Distributors,CITY-1067,Bareilly,UP,Uttar Pradesh,Central,C,Retail Store,False,226,9,2016-06-23,28.3277,79.4058,446289,True
DLR-101454,Kanpur B660 Distributors,CITY-1058,Kanpur,UP,Uttar Pradesh,Central,B,Retail Store,True,1214,10,2015-11-16,26.4459,80.377,997721,True
DLR-101455,Ghaziabad B561 Distributors,CITY-1065,Ghaziabad,UP,Uttar Pradesh,Central,B,Retail Store,True,1147,14,2011-12-25,28.6299,77.407,1239154,True
DLR-101456,Noida B239 Distributors,CITY-1066,Noida,UP,Uttar Pradesh,Central,B,Multi-Brand Outlet,True,1462,4,2021-12-08,28.5667,77.4212,1619732,True
DLR-101457,Meerut B758 Distributors,CITY-1064,Meerut,UP,Uttar Pradesh,Central,B,Multi-Brand Outlet,True,996,12,2013-06-22,29.0257,77.6646,1261487,True
DLR-101458,Agra A222 Distributors,CITY-1059,Agra,UP,Uttar Pradesh,Central,A,Retail Store,True,3246,27,1999-04-08,27.2158,78.0151,4316557,True
DLR-101459,Varanasi C382 Distributors,CITY-1060,Varanasi,UP,Uttar Pradesh,Central,C,Retail Store,True,334,3,2022-10-14,25.339,82.9888,497925,True
DLR-101460,Noida B921 Distributors,CITY-1066,Noida,UP,Uttar Pradesh,Central,B,Multi-Brand Outlet,True,781,12,2013-05-25,28.5483,77.3549,789236,True
DLR-101461,Agra C688 Distributors,CITY-1059,Agra,UP,Uttar Pradesh,Central,C,Retail Store,True,325,6,2019-08-19,27.1544,77.9696,553762,True
DLR-101462,Ghaziabad C466 Distributors,CITY-1065,Ghaziabad,UP,Uttar Pradesh,Central,C,Online Marketplace,True,399,3,2022-12-21,28.663,77.4534,757776,True
DLR-101463,Gorakhpur C660 Distributors,CITY-1069,Gorakhpur,UP,Uttar Pradesh,Central,C,Retail Store,False,471,8,2017-10-11,26.7211,83.4101,789218,True
DLR-101464,Gorakhpur C480 Distributors,CITY-1069,Gorakhpur,UP,Uttar Pradesh,Central,C,Retail Store,False,368,3,2022-12-03,26.7404,83.37,657075,True
DLR-101465,Meerut C652 Distributors,CITY-1064,Meerut,UP,Uttar Pradesh,Central,C,Retail Store,True,547,8,2017-07-05,28.9532,77.755,875817,True
DLR-101466,Noida C786 Distributors,CITY-1066,Noida,UP,Uttar Pradesh,Central,C,Retail Store,True,484,1,2024-12-06,28.5678,77.3645,513376,True
DLR-101467,Gorakhpur C214 Distributors,CITY-1069,Gorakhpur,UP,Uttar Pradesh,Central,C,Retail Store,False,517,1,2025-02-16,26.7796,83.3974,816730,True
DLR-101468,Varanasi A836 Distributors,CITY-1060,Varanasi,UP,Uttar Pradesh,Central,A,Retail Store,True,1994,20,2006-02-10,25.2846,82.9385,3218639,True
DLR-101469,Agra C173 Distributors,CITY-1059,Agra,UP,Uttar Pradesh,Central,C,Retail Store,True,167,8,2017-08-04,27.199,78.0535,149598,True
DLR-101470,Lucknow A763 Distributors,CITY-1057,Lucknow,UP,Uttar Pradesh,Central,A,Retail Store,True,3261,11,2015-02-17,26.8987,80.9887,3770441,True
DLR-101471,Lucknow A649 Distributors,CITY-1057,Lucknow,UP,Uttar Pradesh,Central,A,Multi-Brand Outlet,True,3632,19,2006-12-31,26.8888,80.9809,7209937,True
DLR-101472,Noida B187 Distributors,CITY-1066,Noida,UP,Uttar Pradesh,Central,B,Institutional/B2B,True,1189,7,2019-03-04,28.5043,77.4345,1788768,True
DLR-101473,Meerut B910 Distributors,CITY-1064,Meerut,UP,Uttar Pradesh,Central,B,Retail Store,True,916,7,2018-12-05,28.9429,77.7057,793960,True
DLR-101474,Noida B590 Distributors,CITY-1066,Noida,UP,Uttar Pradesh,Central,B,Online Marketplace,True,905,15,2010-10-08,28.5776,77.4243,1383937,True
DLR-101475,Noida C602 Distributors,CITY-1066,Noida,UP,Uttar Pradesh,Central,C,Online Marketplace,True,196,9,2017-01-03,28.5889,77.417,380470,True
DLR-101476,Ghaziabad A969 Distributors,CITY-1065,Ghaziabad,UP,Uttar Pradesh,Central,A,Retail Store,True,3201,20,2006-02-24,28.6985,77.4455,6154838,True
DLR-101477,Ghaziabad B908 Distributors,CITY-1065,Ghaziabad,UP,Uttar Pradesh,Central,B,Retail Store,True,1409,11,2014-11-04,28.7037,77.4815,2370987,True
DLR-101478,Lucknow C507 Distributors,CITY-1057,Lucknow,UP,Uttar Pradesh,Central,C,Retail Store,True,197,7,2018-08-19,26.8631,80.9504,300769,True
DLR-101479,Noida B733 Distributors,CITY-1066,Noida,UP,Uttar Pradesh,Central,B,Multi-Brand Outlet,True,788,15,2010-10-03,28.533,77.3463,878271,True
DLR-101480,Allahabad A640 Distributors,CITY-1061,Allahabad,UP,Uttar Pradesh,Central,A,Retail Store,True,3575,21,2004-05-30,25.4307,81.8726,3824221,True
DLR-101481,Meerut C626 Distributors,CITY-1064,Meerut,UP,Uttar Pradesh,Central,C,Retail Store,True,510,5,2020-11-28,28.9932,77.7157,819237,True
DLR-101482,Lucknow B843 Distributors,CITY-1057,Lucknow,UP,Uttar Pradesh,Central,B,Retail Store,True,660,15,2010-09-22,26.8345,80.9483,1316718,True
DLR-101483,Bareilly A846 Distributors,CITY-1067,Bareilly,UP,Uttar Pradesh,Central,A,Retail Store,False,2894,21,2004-07-19,28.3243,79.3971,4590691,True
DLR-101484,Noida B331 Distributors,CITY-1066,Noida,UP,Uttar Pradesh,Central,B,Multi-Brand Outlet,True,1380,7,2018-11-09,28.5249,77.38,2750483,True
DLR-101485,Meerut A696 Distributors,CITY-1064,Meerut,UP,Uttar Pradesh,Central,A,Retail Store,True,1676,28,1998-02-27,28.9773,77.7571,2167286,True
DLR-101486,Meerut C883 Distributors,CITY-1064,Meerut,UP,Uttar Pradesh,Central,C,Retail Store,True,231,6,2019-06-04,29.0073,77.6843,279172,True
DLR-101487,Ghaziabad C669 Distributors,CITY-1065,Ghaziabad,UP,Uttar Pradesh,Central,C,Multi-Brand Outlet,True,512,6,2020-02-04,28.7193,77.4087,834478,True
DLR-101488,Agra C206 Distributors,CITY-1059,Agra,UP,Uttar Pradesh,Central,C,Retail Store,True,570,5,2020-09-15,27.1314,78.0012,1079668,True
DLR-101489,Kanpur A118 Distributors,CITY-1058,Kanpur,UP,Uttar Pradesh,Central,A,Retail Store,True,2048,15,2011-02-04,26.487,80.3546,3154075,True
DLR-101490,Ghaziabad C504 Distributors,CITY-1065,Ghaziabad,UP,Uttar Pradesh,Central,C,Retail Store,True,552,4,2021-06-27,28.6952,77.4752,474565,True
DLR-101491,Lucknow A466 Distributors,CITY-1057,Lucknow,UP,Uttar Pradesh,Central,A,Institutional/B2B,True,1507,8,2017-06-14,26.8959,80.9026,2894926,True
DLR-101492,Allahabad A872 Distributors,CITY-1061,Allahabad,UP,Uttar Pradesh,Central,A,Retail Store,True,3215,9,2016-10-14,25.407,81.8495,6192104,False
DLR-101493,Jaunpur C191 Distributors,CITY-1063,Jaunpur,UP,Uttar Pradesh,Central,C,Retail Store,False,401,6,2019-10-29,25.7427,82.6815,718444,True
DLR-101494,Varanasi C548 Distributors,CITY-1060,Varanasi,UP,Uttar Pradesh,Central,C,Retail Store,True,540,1,2024-06-26,25.3341,82.9973,828272,True
DLR-101495,Kanpur C745 Distributors,CITY-1058,Kanpur,UP,Uttar Pradesh,Central,C,Retail Store,True,574,5,2020-06-28,26.4598,80.2984,690267,True
DLR-101496,Varanasi C208 Distributors,CITY-1060,Varanasi,UP,Uttar Pradesh,Central,C,Retail Store,True,592,6,2019-12-13,25.3354,82.9508,939725,True
DLR-101497,Varanasi C962 Distributors,CITY-1060,Varanasi,UP,Uttar Pradesh,Central,C,Multi-Brand Outlet,True,193,6,2019-08-09,25.3102,82.9658,262855,True
DLR-101498,Jaunpur B563 Distributors,CITY-1063,Jaunpur,UP,Uttar Pradesh,Central,B,Retail Store,False,1337,5,2021-02-15,25.7263,82.6727,2580000,True
DLR-101499,Ghaziabad C501 Distributors,CITY-1065,Ghaziabad,UP,Uttar Pradesh,Central,C,Retail Store,True,405,6,2019-12-22,28.7186,77.4522,411276,True
DLR-101500,Aligarh A924 Distributors,CITY-1068,Aligarh,UP,Uttar Pradesh,Central,A,Institutional/B2B,False,1602,25,2001-01-05,27.9079,78.0655,2417712,True
DLR-101501,Lucknow C542 Distributors,CITY-1057,Lucknow,UP,Uttar Pradesh,Central,C,Retail Store,True,514,8,2018-01-26,26.8677,80.9658,1021342,True
DLR-101502,Noida C898 Distributors,CITY-1066,Noida,UP,Uttar Pradesh,Central,C,Retail Store,True,248,1,2024-05-21,28.576,77.3417,452230,True
DLR-101503,Agra C367 Distributors,CITY-1059,Agra,UP,Uttar Pradesh,Central,C,Retail Store,True,460,7,2018-08-23,27.1822,77.9609,753188,True
DLR-101504,Meerut C432 Distributors,CITY-1064,Meerut,UP,Uttar Pradesh,Central,C,Retail Store,True,560,8,2017-10-20,28.9613,77.7188,1045230,True
DLR-101505,Meerut C959 Distributors,CITY-1064,Meerut,UP,Uttar Pradesh,Central,C,Multi-Brand Outlet,True,339,9,2016-06-17,28.9956,77.672,542570,True
DLR-101506,Meerut B244 Distributors,CITY-1064,Meerut,UP,Uttar Pradesh,Central,B,Retail Store,True,931,16,2010-03-22,29.0164,77.6914,1339412,True
DLR-101507,Ghaziabad C624 Distributors,CITY-1065,Ghaziabad,UP,Uttar Pradesh,Central,C,Retail Store,True,261,6,2019-12-11,28.715,77.4716,466364,True
DLR-101508,Varanasi B418 Distributors,CITY-1060,Varanasi,UP,Uttar Pradesh,Central,B,Retail Store,True,1312,9,2016-07-06,25.3423,82.9229,1391489,True
DLR-101509,Varanasi C979 Distributors,CITY-1060,Varanasi,UP,Uttar Pradesh,Central,C,Retail Store,True,470,3,2023-03-14,25.2972,82.969,458281,True
DLR-101510,Noida C338 Distributors,CITY-1066,Noida,UP,Uttar Pradesh,Central,C,Retail Store,True,180,2,2023-07-27,28.5776,77.3609,180882,True
DLR-101511,Kanpur A174 Distributors,CITY-1058,Kanpur,UP,Uttar Pradesh,Central,A,Retail Store,True,3455,8,2017-07-07,26.4404,80.2842,3221025,True
DLR-101512,Kanpur A978 Distributors,CITY-1058,Kanpur,UP,Uttar Pradesh,Central,A,Multi-Brand Outlet,True,3953,11,2014-11-01,26.4158,80.3192,6126180,True
DLR-101513,Lucknow B241 Distributors,CITY-1057,Lucknow,UP,Uttar Pradesh,Central,B,Retail Store,True,862,5,2021-03-12,26.8644,80.9995,1071919,True
DLR-101514,Kanpur C718 Distributors,CITY-1058,Kanpur,UP,Uttar Pradesh,Central,C,Online Marketplace,True,590,4,2021-08-29,26.4399,80.3608,509234,True
DLR-101515,Jaunpur B858 Distributors,CITY-1063,Jaunpur,UP,Uttar Pradesh,Central,B,Online Marketplace,False,1273,11,2014-07-01,25.7438,82.6366,1626858,True
DLR-101516,Meerut B705 Distributors,CITY-1064,Meerut,UP,Uttar Pradesh,Central,B,Retail Store,True,825,12,2013-06-05,29.0153,77.718,1209938,True
DLR-101517,Agra C218 Distributors,CITY-1059,Agra,UP,Uttar Pradesh,Central,C,Retail Store,True,158,2,2023-10-24,27.1841,77.9618,162072,True
DLR-101518,Lucknow B235 Distributors,CITY-1057,Lucknow,UP,Uttar Pradesh,Central,B,Retail Store,True,1472,16,2009-08-01,26.8806,80.9427,2803504,True
DLR-101519,Ghaziabad C527 Distributors,CITY-1065,Ghaziabad,UP,Uttar Pradesh,Central,C,Retail Store,True,213,8,2017-09-08,28.6444,77.4199,247437,True
DLR-101520,Noida A377 Distributors,CITY-1066,Noida,UP,Uttar Pradesh,Central,A,Retail Store,True,1579,12,2013-05-31,28.5471,77.4284,3018215,True
DLR-101521,Gorakhpur B418 Distributors,CITY-1069,Gorakhpur,UP,Uttar Pradesh,Central,B,Multi-Brand Outlet,False,1206,16,2009-10-18,26.7165,83.4059,1708960,True
DLR-101522,Noida C470 Distributors,CITY-1066,Noida,UP,Uttar Pradesh,Central,C,Multi-Brand Outlet,True,177,2,2024-04-09,28.538,77.4259,274486,True
DLR-101523,Bareilly A808 Distributors,CITY-1067,Bareilly,UP,Uttar Pradesh,Central,A,Retail Store,False,3037,8,2017-05-31,28.394,79.4338,3555429,True
DLR-101524,Noida C234 Distributors,CITY-1066,Noida,UP,Uttar Pradesh,Central,C,Retail Store,True,457,7,2019-03-29,28.5111,77.4237,579662,True
DLR-101525,Ghaziabad B362 Distributors,CITY-1065,Ghaziabad,UP,Uttar Pradesh,Central,B,Retail Store,True,668,9,2016-06-17,28.6341,77.4071,1198168,True
DLR-101526,Lucknow C752 Distributors,CITY-1057,Lucknow,UP,Uttar Pradesh,Central,C,Institutional/B2B,True,265,6,2019-08-01,26.8127,80.9062,352964,True
DLR-101527,Ghaziabad B660 Distributors,CITY-1065,Ghaziabad,UP,Uttar Pradesh,Central,B,Retail Store,True,1482,15,2010-06-10,28.6535,77.4001,1885308,True
DLR-101528,Lucknow C218 Distributors,CITY-1057,Lucknow,UP,Uttar Pradesh,Central,C,Retail Store,True,495,6,2020-02-14,26.8804,80.9452,555716,True
DLR-101529,Noida C979 Distributors,CITY-1066,Noida,UP,Uttar Pradesh,Central,C,Retail Store,True,563,3,2022-10-22,28.5464,77.4287,606041,True
DLR-101530,Sathariya C598 Distributors,CITY-1062,Sathariya,UP,Uttar Pradesh,Central,C,Multi-Brand Outlet,False,459,5,2020-10-14,25.6594,82.5399,754488,True
DLR-101531,Ghaziabad C578 Distributors,CITY-1065,Ghaziabad,UP,Uttar Pradesh,Central,C,Retail Store,True,520,6,2020-04-22,28.6704,77.4683,548874,True
DLR-101532,Lucknow B682 Distributors,CITY-1057,Lucknow,UP,Uttar Pradesh,Central,B,Retail Store,True,652,16,2010-04-20,26.8732,80.9043,768917,True
DLR-101533,Meerut A822 Distributors,CITY-1064,Meerut,UP,Uttar Pradesh,Central,A,Retail Store,True,2220,28,1997-07-25,28.9684,77.7338,3966849,True
DLR-101534,Agra A242 Distributors,CITY-1059,Agra,UP,Uttar Pradesh,Central,A,Retail Store,True,2919,8,2017-12-29,27.1644,77.9882,3805811,True
DLR-101535,Agra B539 Distributors,CITY-1059,Agra,UP,Uttar Pradesh,Central,B,Retail Store,True,759,15,2011-01-21,27.1504,77.9881,691776,True
DLR-101536,Allahabad A495 Distributors,CITY-1061,Allahabad,UP,Uttar Pradesh,Central,A,Multi-Brand Outlet,True,2923,19,2006-10-11,25.4296,81.8586,2819703,True
DLR-101537,Lucknow A257 Distributors,CITY-1057,Lucknow,UP,Uttar Pradesh,Central,A,Retail Store,True,3078,15,2010-10-20,26.8809,80.9453,4497556,True
DLR-101538,Sathariya C408 Distributors,CITY-1062,Sathariya,UP,Uttar Pradesh,Central,C,Retail Store,False,220,7,2019-01-04,25.6605,82.5392,352818,True
DLR-101539,Sathariya C689 Distributors,CITY-1062,Sathariya,UP,Uttar Pradesh,Central,C,Retail Store,False,513,8,2017-08-25,25.6907,82.5921,762424,False
DLR-101540,Noida B421 Distributors,CITY-1066,Noida,UP,Uttar Pradesh,Central,B,Retail Store,True,1205,17,2009-02-14,28.5027,77.3903,2303833,True
DLR-101541,Allahabad C370 Distributors,CITY-1061,Allahabad,UP,Uttar Pradesh,Central,C,Retail Store,True,505,5,2020-06-22,25.4267,81.8761,981017,True
DLR-101542,Varanasi C591 Distributors,CITY-1060,Varanasi,UP,Uttar Pradesh,Central,C,Retail Store,True,169,1,2025-02-04,25.3212,82.9829,251070,True
DLR-101543,Gorakhpur C559 Distributors,CITY-1069,Gorakhpur,UP,Uttar Pradesh,Central,C,Multi-Brand Outlet,False,468,5,2021-04-03,26.7433,83.3333,592521,True
DLR-101544,Meerut C260 Distributors,CITY-1064,Meerut,UP,Uttar Pradesh,Central,C,Multi-Brand Outlet,True,420,3,2022-11-09,28.9458,77.7102,543306,True
DLR-101545,Sathariya C573 Distributors,CITY-1062,Sathariya,UP,Uttar Pradesh,Central,C,Multi-Brand Outlet,False,260,1,2024-09-17,25.6729,82.5347,377906,True
DLR-101546,Jaunpur C580 Distributors,CITY-1063,Jaunpur,UP,Uttar Pradesh,Central,C,Retail Store,False,388,7,2019-02-01,25.7344,82.729,702298,True
DLR-101547,Noida B910 Distributors,CITY-1066,Noida,UP,Uttar Pradesh,Central,B,Retail Store,True,751,10,2016-02-16,28.5755,77.4339,779309,True
DLR-101548,Varanasi C377 Distributors,CITY-1060,Varanasi,UP,Uttar Pradesh,Central,C,Retail Store,True,251,3,2022-10-05,25.3496,82.9596,425720,True
DLR-101549,Allahabad A644 Distributors,CITY-1061,Allahabad,UP,Uttar Pradesh,Central,A,Retail Store,True,2601,10,2015-05-17,25.4465,81.8504,3966060,True
DLR-101550,Noida B634 Distributors,CITY-1066,Noida,UP,Uttar Pradesh,Central,B,Retail Store,True,742,7,2018-12-29,28.5749,77.3912,1399435,True
DLR-101551,Lucknow B338 Distributors,CITY-1057,Lucknow,UP,Uttar Pradesh,Central,B,Multi-Brand Outlet,True,1014,4,2022-01-19,26.8773,80.91,1141457,True
DLR-101552,Noida B714 Distributors,CITY-1066,Noida,UP,Uttar Pradesh,Central,B,Multi-Brand Outlet,True,1436,12,2014-02-19,28.5848,77.3441,2705539,True
DLR-101553,Allahabad A416 Distributors,CITY-1061,Allahabad,UP,Uttar Pradesh,Central,A,Retail Store,True,1660,16,2009-07-29,25.4435,81.802,1703753,True
DLR-101554,Meerut A854 Distributors,CITY-1064,Meerut,UP,Uttar Pradesh,Central,A,Multi-Brand Outlet,True,3101,8,2017-12-14,28.9655,77.7096,4488668,True
DLR-101555,Noida C868 Distributors,CITY-1066,Noida,UP,Uttar Pradesh,Central,C,Retail Store,True,413,2,2024-02-18,28.504,77.4071,336772,True
DLR-101556,Agra B557 Distributors,CITY-1059,Agra,UP,Uttar Pradesh,Central,B,Retail Store,True,796,8,2018-01-26,27.14,78.0292,1102431,True
DLR-101557,Noida B881 Distributors,CITY-1066,Noida,UP,Uttar Pradesh,Central,B,Online Marketplace,True,1395,10,2015-06-24,28.5514,77.3428,1581919,True
DLR-101558,Gorakhpur C979 Distributors,CITY-1069,Gorakhpur,UP,Uttar Pradesh,Central,C,Retail Store,False,382,5,2021-03-17,26.777,83.367,730827,True
DLR-101559,Jaunpur C134 Distributors,CITY-1063,Jaunpur,UP,Uttar Pradesh,Central,C,Retail Store,False,377,6,2019-06-09,25.7595,82.6643,336134,True
DLR-101560,Bareilly B441 Distributors,CITY-1067,Bareilly,UP,Uttar Pradesh,Central,B,Multi-Brand Outlet,False,1199,14,2012-03-28,28.4156,79.4657,1629496,True
DLR-101561,Lucknow A750 Distributors,CITY-1057,Lucknow,UP,Uttar Pradesh,Central,A,Retail Store,True,1525,20,2005-07-20,26.807,80.9419,2620740,True
DLR-101562,Noida C557 Distributors,CITY-1066,Noida,UP,Uttar Pradesh,Central,C,Multi-Brand Outlet,True,579,2,2024-01-31,28.5822,77.3818,502928,True
DLR-101563,Varanasi C517 Distributors,CITY-1060,Varanasi,UP,Uttar Pradesh,Central,C,Retail Store,True,507,4,2022-02-28,25.331,82.9391,984134,True
DLR-101564,Varanasi C205 Distributors,CITY-1060,Varanasi,UP,Uttar Pradesh,Central,C,Retail Store,True,309,7,2018-05-10,25.3685,83.0111,488603,True
DLR-101565,Kanpur B500 Distributors,CITY-1058,Kanpur,UP,Uttar Pradesh,Central,B,Institutional/B2B,True,674,13,2013-04-15,26.4819,80.3511,1285352,True
DLR-101566,Varanasi C681 Distributors,CITY-1060,Varanasi,UP,Uttar Pradesh,Central,C,Retail Store,True,166,5,2021-04-15,25.3462,83.0138,251650,True
DLR-101567,Kanpur B832 Distributors,CITY-1058,Kanpur,UP,Uttar Pradesh,Central,B,Retail Store,True,1098,15,2010-07-07,26.4681,80.3047,2153688,True
DLR-101568,Noida B304 Distributors,CITY-1066,Noida,UP,Uttar Pradesh,Central,B,Retail Store,True,1013,16,2009-05-29,28.5393,77.3699,1269483,True
DLR-101569,Noida B733 Distributors,CITY-1066,Noida,UP,Uttar Pradesh,Central,B,Multi-Brand Outlet,True,842,12,2013-11-16,28.5382,77.4205,1395346,True
DLR-101570,Lucknow B746 Distributors,CITY-1057,Lucknow,UP,Uttar Pradesh,Central,B,Retail Store,True,838,10,2015-07-11,26.856,80.9166,1187134,False
DLR-101571,Lucknow C223 Distributors,CITY-1057,Lucknow,UP,Uttar Pradesh,Central,C,Retail Store,True,572,2,2024-01-14,26.8719,80.9046,652480,True
DLR-101572,Noida B427 Distributors,CITY-1066,Noida,UP,Uttar Pradesh,Central,B,Retail Store,True,1200,6,2019-11-21,28.5463,77.3752,1877134,True
DLR-101573,Allahabad B294 Distributors,CITY-1061,Allahabad,UP,Uttar Pradesh,Central,B,Retail Store,True,1270,16,2009-11-17,25.4301,81.8796,1848746,True
DLR-101574,Kanpur C130 Distributors,CITY-1058,Kanpur,UP,Uttar Pradesh,Central,C,Multi-Brand Outlet,True,521,1,2024-11-23,26.4527,80.3339,537135,True
DLR-101575,Jaunpur C439 Distributors,CITY-1063,Jaunpur,UP,Uttar Pradesh,Central,C,Online Marketplace,False,193,9,2016-05-28,25.7972,82.6765,188585,True
DLR-101576,Allahabad C311 Distributors,CITY-1061,Allahabad,UP,Uttar Pradesh,Central,C,Retail Store,True,524,3,2023-03-15,25.452,81.8917,1033227,True
DLR-101577,Kanpur C562 Distributors,CITY-1058,Kanpur,UP,Uttar Pradesh,Central,C,Retail Store,True,219,5,2021-03-05,26.4994,80.3344,362472,True
DLR-101578,Ghaziabad A826 Distributors,CITY-1065,Ghaziabad,UP,Uttar Pradesh,Central,A,Retail Store,True,2357,23,2003-01-15,28.6472,77.4033,2782001,True
DLR-101579,Ghaziabad C695 Distributors,CITY-1065,Ghaziabad,UP,Uttar Pradesh,Central,C,Multi-Brand Outlet,True,503,2,2023-07-19,28.6842,77.4669,908370,True
DLR-101580,Lucknow B525 Distributors,CITY-1057,Lucknow,UP,Uttar Pradesh,Central,B,Retail Store,True,752,17,2008-08-03,26.8617,80.9234,958883,True
DLR-101581,Bareilly C556 Distributors,CITY-1067,Bareilly,UP,Uttar Pradesh,Central,C,Retail Store,False,247,9,2016-11-27,28.3686,79.4207,483260,True
DLR-101582,Meerut C547 Distributors,CITY-1064,Meerut,UP,Uttar Pradesh,Central,C,Retail Store,True,256,1,2024-10-22,28.9387,77.7339,424856,True
DLR-101583,Agra B903 Distributors,CITY-1059,Agra,UP,Uttar Pradesh,Central,B,Retail Store,True,1389,9,2017-04-24,27.2194,78.0447,2611946,True
DLR-101584,Kanpur C339 Distributors,CITY-1058,Kanpur,UP,Uttar Pradesh,Central,C,Retail Store,True,324,9,2016-05-07,26.4228,80.3182,621260,True
DLR-101585,Lucknow A935 Distributors,CITY-1057,Lucknow,UP,Uttar Pradesh,Central,A,Retail Store,True,2748,23,2003-01-11,26.8537,80.9279,2269757,True
DLR-101586,Allahabad C629 Distributors,CITY-1061,Allahabad,UP,Uttar Pradesh,Central,C,Multi-Brand Outlet,True,430,7,2019-01-05,25.4646,81.8051,850215,False
DLR-101587,Lucknow C940 Distributors,CITY-1057,Lucknow,UP,Uttar Pradesh,Central,C,Retail Store,True,289,9,2016-10-19,26.8058,80.9937,392848,True
DLR-101588,Allahabad C137 Distributors,CITY-1061,Allahabad,UP,Uttar Pradesh,Central,C,Retail Store,True,549,9,2016-09-24,25.437,81.8077,459801,True
DLR-101589,Lucknow A292 Distributors,CITY-1057,Lucknow,UP,Uttar Pradesh,Central,A,Retail Store,True,2512,22,2004-01-19,26.8167,80.9974,2247016,True
DLR-101590,Ghaziabad A977 Distributors,CITY-1065,Ghaziabad,UP,Uttar Pradesh,Central,A,Retail Store,True,3899,13,2013-03-22,28.6798,77.4927,5613656,True
DLR-101591,Noida C337 Distributors,CITY-1066,Noida,UP,Uttar Pradesh,Central,C,Retail Store,True,404,1,2024-08-10,28.4911,77.4262,702481,True
DLR-101592,Meerut B502 Distributors,CITY-1064,Meerut,UP,Uttar Pradesh,Central,B,Retail Store,True,1343,17,2008-05-30,29.0137,77.7244,2235274,True
DLR-101593,Ghaziabad B478 Distributors,CITY-1065,Ghaziabad,UP,Uttar Pradesh,Central,B,Retail Store,True,832,4,2021-07-17,28.7122,77.4713,1493405,True
DLR-101594,Bareilly A885 Distributors,CITY-1067,Bareilly,UP,Uttar Pradesh,Central,A,Retail Store,False,3723,12,2014-03-27,28.3722,79.4119,7089803,True
DLR-101595,Ghaziabad B357 Distributors,CITY-1065,Ghaziabad,UP,Uttar Pradesh,Central,B,Retail Store,True,695,12,2013-11-07,28.6688,77.4216,1260555,True
DLR-101596,Varanasi C586 Distributors,CITY-1060,Varanasi,UP,Uttar Pradesh,Central,C,Retail Store,True,310,7,2018-12-06,25.2985,82.9518,294194,True
DLR-101597,Allahabad C653 Distributors,CITY-1061,Allahabad,UP,Uttar Pradesh,Central,C,Retail Store,True,243,8,2017-05-24,25.4248,81.8044,298118,True
DLR-101598,Noida C231 Distributors,CITY-1066,Noida,UP,Uttar Pradesh,Central,C,Retail Store,True,455,7,2019-01-02,28.5519,77.3564,836004,True
DLR-101599,Lucknow C243 Distributors,CITY-1057,Lucknow,UP,Uttar Pradesh,Central,C,Retail Store,True,216,6,2019-05-30,26.8725,80.9445,313493,True
DLR-101600,Varanasi C659 Distributors,CITY-1060,Varanasi,UP,Uttar Pradesh,Central,C,Retail Store,True,515,4,2021-11-04,25.2858,82.9714,433317,True
DLR-101601,Meerut C285 Distributors,CITY-1064,Meerut,UP,Uttar Pradesh,Central,C,Retail Store,True,216,4,2021-10-15,28.9501,77.7594,302625,True
DLR-101602,Ghaziabad B804 Distributors,CITY-1065,Ghaziabad,UP,Uttar Pradesh,Central,B,Retail Store,True,1056,11,2014-05-19,28.6428,77.492,1322580,True
DLR-101603,Noida C791 Distributors,CITY-1066,Noida,UP,Uttar Pradesh,Central,C,Multi-Brand Outlet,True,162,7,2018-05-12,28.553,77.4141,239120,True
DLR-101604,Varanasi C624 Distributors,CITY-1060,Varanasi,UP,Uttar Pradesh,Central,C,Retail Store,True,223,6,2019-09-14,25.3582,82.9543,227407,True
DLR-101605,Lucknow B799 Distributors,CITY-1057,Lucknow,UP,Uttar Pradesh,Central,B,Retail Store,True,848,10,2016-03-02,26.8191,80.9007,757031,True
DLR-101606,Aligarh C450 Distributors,CITY-1068,Aligarh,UP,Uttar Pradesh,Central,C,Multi-Brand Outlet,False,418,9,2017-03-07,27.8707,78.069,486656,True
DLR-101607,Lucknow B468 Distributors,CITY-1057,Lucknow,UP,Uttar Pradesh,Central,B,Multi-Brand Outlet,True,1206,4,2022-03-01,26.8073,80.9589,2186719,True
DLR-101608,Lucknow B338 Distributors,CITY-1057,Lucknow,UP,Uttar Pradesh,Central,B,Retail Store,True,1173,14,2011-06-05,26.8867,80.9105,1958150,True
DLR-101609,Jaunpur A844 Distributors,CITY-1063,Jaunpur,UP,Uttar Pradesh,Central,A,Institutional/B2B,False,2531,17,2008-09-25,25.7815,82.659,5030786,True
DLR-101610,Noida C185 Distributors,CITY-1066,Noida,UP,Uttar Pradesh,Central,C,Retail Store,True,294,4,2021-06-22,28.5698,77.411,536560,True
DLR-101611,Noida C675 Distributors,CITY-1066,Noida,UP,Uttar Pradesh,Central,C,Retail Store,True,425,5,2020-10-06,28.5164,77.4302,809182,True
DLR-101612,Bareilly B768 Distributors,CITY-1067,Bareilly,UP,Uttar Pradesh,Central,B,Retail Store,False,767,16,2010-01-10,28.3249,79.4544,1482903,True
DLR-101613,Lucknow C164 Distributors,CITY-1057,Lucknow,UP,Uttar Pradesh,Central,C,Retail Store,True,381,6,2019-10-27,26.8307,80.9102,658744,True
DLR-101614,Varanasi B362 Distributors,CITY-1060,Varanasi,UP,Uttar Pradesh,Central,B,Retail Store,True,1396,10,2016-03-15,25.2903,82.9505,1474811,True
DLR-101615,Agra B587 Distributors,CITY-1059,Agra,UP,Uttar Pradesh,Central,B,Retail Store,True,1371,6,2019-05-16,27.2038,78.0334,2541837,True
DLR-101616,Noida A757 Distributors,CITY-1066,Noida,UP,Uttar Pradesh,Central,A,Retail Store,True,2972,19,2006-08-10,28.5382,77.345,5738080,True
DLR-101617,Sathariya B199 Distributors,CITY-1062,Sathariya,UP,Uttar Pradesh,Central,B,Retail Store,False,688,16,2009-06-24,25.6984,82.5504,642220,True
DLR-101618,Lucknow C612 Distributors,CITY-1057,Lucknow,UP,Uttar Pradesh,Central,C,Retail Store,True,376,9,2016-11-10,26.8114,80.9291,557830,True
DLR-101619,Ghaziabad B533 Distributors,CITY-1065,Ghaziabad,UP,Uttar Pradesh,Central,B,Retail Store,True,737,6,2019-12-08,28.6244,77.4536,1196185,True
DLR-101620,Allahabad C660 Distributors,CITY-1061,Allahabad,UP,Uttar Pradesh,Central,C,Multi-Brand Outlet,True,554,7,2019-03-02,25.417,81.8353,800938,True
DLR-101621,Meerut B600 Distributors,CITY-1064,Meerut,UP,Uttar Pradesh,Central,B,Multi-Brand Outlet,True,801,6,2020-03-01,28.9728,77.7443,1450137,True
DLR-101622,Noida C153 Distributors,CITY-1066,Noida,UP,Uttar Pradesh,Central,C,Multi-Brand Outlet,True,527,3,2022-05-14,28.5398,77.3767,1039843,True
DLR-101623,Agra B602 Distributors,CITY-1059,Agra,UP,Uttar Pradesh,Central,B,Retail Store,True,1331,15,2010-09-14,27.1933,77.9766,1800325,True
DLR-101624,Agra C664 Distributors,CITY-1059,Agra,UP,Uttar Pradesh,Central,C,Retail Store,True,167,1,2025-03-10,27.1877,78.0203,162316,False
DLR-101625,Agra B858 Distributors,CITY-1059,Agra,UP,Uttar Pradesh,Central,B,Retail Store,True,863,10,2016-01-08,27.1499,77.9801,1708562,True
DLR-101626,Varanasi B727 Distributors,CITY-1060,Varanasi,UP,Uttar Pradesh,Central,B,Retail Store,True,772,4,2022-04-24,25.3297,82.9917,1375019,True
DLR-101627,Lucknow A545 Distributors,CITY-1057,Lucknow,UP,Uttar Pradesh,Central,A,Retail Store,True,2021,14,2012-03-01,26.8936,80.9392,3603878,True
DLR-101628,Ghaziabad C694 Distributors,CITY-1065,Ghaziabad,UP,Uttar Pradesh,Central,C,Retail Store,True,352,8,2017-11-26,28.6478,77.4864,531004,True
DLR-101629,Kanpur C901 Distributors,CITY-1058,Kanpur,UP,Uttar Pradesh,Central,C,Retail Store,True,188,3,2022-08-22,26.4232,80.3704,270072,True
DLR-101630,Bareilly B542 Distributors,CITY-1067,Bareilly,UP,Uttar Pradesh,Central,B,Retail Store,False,882,11,2014-07-29,28.3908,79.4422,1443857,True
DLR-101631,Kanpur C470 Distributors,CITY-1058,Kanpur,UP,Uttar Pradesh,Central,C,Retail Store,True,325,6,2019-12-03,26.4432,80.3219,439983,True
DLR-101632,Agra B672 Distributors,CITY-1059,Agra,UP,Uttar Pradesh,Central,B,Multi-Brand Outlet,True,1414,8,2017-07-18,27.2155,77.96,2239602,True
DLR-101633,Agra C338 Distributors,CITY-1059,Agra,UP,Uttar Pradesh,Central,C,Retail Store,True,448,3,2023-01-10,27.1351,78.0079,384430,True
DLR-101634,Noida A931 Distributors,CITY-1066,Noida,UP,Uttar Pradesh,Central,A,Retail Store,True,2834,17,2008-10-27,28.55,77.3971,3422287,True
DLR-101635,Indore B507 Distributors,CITY-1083,Indore,MP,Madhya Pradesh,Central,B,Retail Store,True,1060,14,2011-11-02,22.7276,75.9034,1279418,True
DLR-101636,Gwalior A293 Distributors,CITY-1084,Gwalior,MP,Madhya Pradesh,Central,A,Retail Store,True,3270,17,2009-03-12,26.2231,78.1856,3235781,True
DLR-101637,Jabalpur B908 Distributors,CITY-1085,Jabalpur,MP,Madhya Pradesh,Central,B,Retail Store,True,1322,13,2012-07-10,23.16,80.0395,1191719,True
DLR-101638,Gwalior C360 Distributors,CITY-1084,Gwalior,MP,Madhya Pradesh,Central,C,Retail Store,True,453,1,2024-05-21,26.1882,78.2274,837747,True
DLR-101639,Indore B429 Distributors,CITY-1083,Indore,MP,Madhya Pradesh,Central,B,Retail Store,True,725,17,2008-12-11,22.6863,75.893,726054,False
DLR-101640,Gwalior A116 Distributors,CITY-1084,Gwalior,MP,Madhya Pradesh,Central,A,Retail Store,True,2351,24,2001-05-08,26.2014,78.148,3273110,True
DLR-101641,Gwalior A744 Distributors,CITY-1084,Gwalior,MP,Madhya Pradesh,Central,A,Retail Store,True,3832,12,2014-01-16,26.2262,78.1893,4338761,True
DLR-101642,Bhopal C775 Distributors,CITY-1082,Bhopal,MP,Madhya Pradesh,Central,C,Retail Store,True,563,8,2017-08-15,23.2172,77.3925,873189,True
DLR-101643,Bhopal A775 Distributors,CITY-1082,Bhopal,MP,Madhya Pradesh,Central,A,Retail Store,True,2338,8,2017-07-13,23.3057,77.4062,2164309,True
DLR-101644,Bhopal B790 Distributors,CITY-1082,Bhopal,MP,Madhya Pradesh,Central,B,Retail Store,True,1284,10,2016-02-27,23.2719,77.422,1394098,True
DLR-101645,Indore A272 Distributors,CITY-1083,Indore,MP,Madhya Pradesh,Central,A,Institutional/B2B,True,3904,20,2006-01-25,22.7683,75.8142,3306526,True
DLR-101646,Jabalpur C325 Distributors,CITY-1085,Jabalpur,MP,Madhya Pradesh,Central,C,Retail Store,True,216,1,2025-02-20,23.2274,79.978,400273,True
DLR-101647,Indore B841 Distributors,CITY-1083,Indore,MP,Madhya Pradesh,Central,B,Retail Store,True,932,6,2019-07-04,22.6982,75.831,1505136,True
DLR-101648,Indore C167 Distributors,CITY-1083,Indore,MP,Madhya Pradesh,Central,C,Retail Store,True,508,5,2020-12-27,22.7646,75.8184,734225,True
DLR-101649,Jabalpur C527 Distributors,CITY-1085,Jabalpur,MP,Madhya Pradesh,Central,C,Retail Store,True,580,2,2023-07-03,23.149,79.9621,843231,True
DLR-101650,Jabalpur B719 Distributors,CITY-1085,Jabalpur,MP,Madhya Pradesh,Central,B,Retail Store,True,1426,9,2017-01-20,23.1884,79.9787,2339892,True
DLR-101651,Gwalior B788 Distributors,CITY-1084,Gwalior,MP,Madhya Pradesh,Central,B,Retail Store,True,715,9,2017-04-22,26.2315,78.2149,1392772,True
DLR-101652,Bhopal C146 Distributors,CITY-1082,Bhopal,MP,Madhya Pradesh,Central,C,Retail Store,True,235,7,2019-02-02,23.2844,77.4132,332438,True
DLR-101653,Bhopal C839 Distributors,CITY-1082,Bhopal,MP,Madhya Pradesh,Central,C,Retail Store,True,575,7,2019-04-25,23.2668,77.449,463037,False
DLR-101654,Bhopal B846 Distributors,CITY-1082,Bhopal,MP,Madhya Pradesh,Central,B,Retail Store,True,1317,8,2017-06-12,23.2315,77.3795,1878645,True
DLR-101655,Bhopal A625 Distributors,CITY-1082,Bhopal,MP,Madhya Pradesh,Central,A,Multi-Brand Outlet,True,2569,29,1997-03-18,23.2512,77.3836,5117553,True
DLR-101656,Bhopal B473 Distributors,CITY-1082,Bhopal,MP,Madhya Pradesh,Central,B,Retail Store,True,631,13,2013-01-15,23.2541,77.4409,998892,True
DLR-101657,Indore B575 Distributors,CITY-1083,Indore,MP,Madhya Pradesh,Central,B,Retail Store,True,1007,9,2016-07-12,22.691,75.8965,1735422,True
DLR-101658,Bhopal C551 Distributors,CITY-1082,Bhopal,MP,Madhya Pradesh,Central,C,Retail Store,True,423,6,2019-09-20,23.2131,77.375,776553,True
DLR-101659,Bhopal C309 Distributors,CITY-1082,Bhopal,MP,Madhya Pradesh,Central,C,Retail Store,True,488,4,2021-07-09,23.3096,77.4397,834007,True
DLR-101660,Bhopal C644 Distributors,CITY-1082,Bhopal,MP,Madhya Pradesh,Central,C,Retail Store,True,530,9,2016-05-16,23.2535,77.3624,958258,True
DLR-101661,Gwalior B793 Distributors,CITY-1084,Gwalior,MP,Madhya Pradesh,Central,B,Retail Store,True,1152,12,2013-12-20,26.1774,78.1503,1370493,True
DLR-101662,Indore A905 Distributors,CITY-1083,Indore,MP,Madhya Pradesh,Central,A,Retail Store,True,3595,9,2016-12-10,22.7576,75.8276,4664800,True
DLR-101663,Indore B200 Distributors,CITY-1083,Indore,MP,Madhya Pradesh,Central,B,Retail Store,True,995,13,2012-10-24,22.6943,75.9091,967461,True
DLR-101664,Bhopal C464 Distributors,CITY-1082,Bhopal,MP,Madhya Pradesh,Central,C,Institutional/B2B,True,309,8,2017-08-25,23.2493,77.448,353899,True
DLR-101665,Indore C971 Distributors,CITY-1083,Indore,MP,Madhya Pradesh,Central,C,Retail Store,True,252,8,2017-12-30,22.6717,75.8879,458273,True
DLR-101666,Bhopal C188 Distributors,CITY-1082,Bhopal,MP,Madhya Pradesh,Central,C,Institutional/B2B,True,584,4,2021-09-05,23.233,77.3938,796263,True
DLR-101667,Bhopal C838 Distributors,CITY-1082,Bhopal,MP,Madhya Pradesh,Central,C,Retail Store,True,236,9,2016-08-31,23.3063,77.441,295564,True
DLR-101668,Jabalpur C762 Distributors,CITY-1085,Jabalpur,MP,Madhya Pradesh,Central,C,Retail Store,True,425,9,2017-03-05,23.2018,79.9607,814429,True
DLR-101669,Ujjain A720 Distributors,CITY-1086,Ujjain,MP,Madhya Pradesh,Central,A,Retail Store,False,3913,18,2007-11-23,23.1941,75.8245,5062313,True
DLR-101670,Gwalior B825 Distributors,CITY-1084,Gwalior,MP,Madhya Pradesh,Central,B,Retail Store,True,991,9,2016-11-25,26.2485,78.1997,1941963,True
DLR-101671,Jabalpur A233 Distributors,CITY-1085,Jabalpur,MP,Madhya Pradesh,Central,A,Retail Store,True,3072,25,2001-04-20,23.1885,79.984,4052600,True
DLR-101672,Gwalior C878 Distributors,CITY-1084,Gwalior,MP,Madhya Pradesh,Central,C,Multi-Brand Outlet,True,217,4,2021-05-10,26.1861,78.1313,297611,True
DLR-101673,Bhopal B940 Distributors,CITY-1082,Bhopal,MP,Madhya Pradesh,Central,B,Online Marketplace,True,983,16,2009-07-27,23.2753,77.4451,1472762,True
DLR-101674,Ujjain C601 Distributors,CITY-1086,Ujjain,MP,Madhya Pradesh,Central,C,Retail Store,False,591,1,2025-02-12,23.1481,75.7762,671680,True
DLR-101675,Bhopal C224 Distributors,CITY-1082,Bhopal,MP,Madhya Pradesh,Central,C,Retail Store,True,408,2,2023-08-06,23.2482,77.4433,348812,True
DLR-101676,Gwalior C736 Distributors,CITY-1084,Gwalior,MP,Madhya Pradesh,Central,C,Retail Store,True,281,2,2024-01-02,26.2475,78.184,518377,True
DLR-101677,Bhopal A593 Distributors,CITY-1082,Bhopal,MP,Madhya Pradesh,Central,A,Retail Store,True,2127,22,2004-02-01,23.271,77.3864,2564594,True
DLR-101678,Indore A275 Distributors,CITY-1083,Indore,MP,Madhya Pradesh,Central,A,Retail Store,True,2979,18,2008-01-25,22.681,75.8139,4945124,True
DLR-101679,Gwalior C816 Distributors,CITY-1084,Gwalior,MP,Madhya Pradesh,Central,C,Retail Store,True,362,8,2017-06-06,26.2275,78.148,700263,True
DLR-101680,Indore C649 Distributors,CITY-1083,Indore,MP,Madhya Pradesh,Central,C,Retail Store,True,401,3,2023-04-25,22.7489,75.9065,455663,True
DLR-101681,Bhopal C796 Distributors,CITY-1082,Bhopal,MP,Madhya Pradesh,Central,C,Multi-Brand Outlet,True,436,4,2021-11-24,23.2979,77.4562,507211,True
DLR-101682,Indore C511 Distributors,CITY-1083,Indore,MP,Madhya Pradesh,Central,C,Retail Store,True,363,6,2020-04-12,22.7373,75.8791,460238,True
DLR-101683,Indore C142 Distributors,CITY-1083,Indore,MP,Madhya Pradesh,Central,C,Retail Store,True,231,1,2024-10-12,22.7696,75.8837,392377,True
DLR-101684,Ujjain C291 Distributors,CITY-1086,Ujjain,MP,Madhya Pradesh,Central,C,Retail Store,False,309,4,2022-04-10,23.1903,75.7714,462349,True
DLR-101685,Jabalpur B201 Distributors,CITY-1085,Jabalpur,MP,Madhya Pradesh,Central,B,Retail Store,True,733,5,2020-06-19,23.1867,80.0332,737370,True
DLR-101686,Indore C869 Distributors,CITY-1083,Indore,MP,Madhya Pradesh,Central,C,Retail Store,True,514,8,2018-01-07,22.7492,75.8908,801627,True
DLR-101687,Bhopal C963 Distributors,CITY-1082,Bhopal,MP,Madhya Pradesh,Central,C,Retail Store,True,480,4,2022-02-11,23.2117,77.392,870608,True
DLR-101688,Jabalpur B321 Distributors,CITY-1085,Jabalpur,MP,Madhya Pradesh,Central,B,Retail Store,True,1217,4,2022-03-15,23.1963,80.0074,1895133,True
DLR-101689,Bhopal B925 Distributors,CITY-1082,Bhopal,MP,Madhya Pradesh,Central,B,Retail Store,True,899,16,2010-03-26,23.2323,77.3713,1167115,True
DLR-101690,Bhopal C220 Distributors,CITY-1082,Bhopal,MP,Madhya Pradesh,Central,C,Retail Store,True,211,3,2023-02-24,23.275,77.3922,230179,True
DLR-101691,Indore C666 Distributors,CITY-1083,Indore,MP,Madhya Pradesh,Central,C,Retail Store,True,438,4,2021-06-07,22.7473,75.9006,585246,True
DLR-101692,Jabalpur C524 Distributors,CITY-1085,Jabalpur,MP,Madhya Pradesh,Central,C,Online Marketplace,True,414,2,2023-10-22,23.1937,80.0146,629857,True
DLR-101693,Bhopal C309 Distributors,CITY-1082,Bhopal,MP,Madhya Pradesh,Central,C,Retail Store,True,202,8,2017-06-11,23.2721,77.4006,288202,True
DLR-101694,Bhopal A431 Distributors,CITY-1082,Bhopal,MP,Madhya Pradesh,Central,A,Retail Store,True,3416,17,2009-02-24,23.218,77.4355,4844934,True
DLR-101695,Indore A129 Distributors,CITY-1083,Indore,MP,Madhya Pradesh,Central,A,Multi-Brand Outlet,True,1826,17,2008-06-28,22.6798,75.8893,3339870,True
DLR-101696,Bhopal A695 Distributors,CITY-1082,Bhopal,MP,Madhya Pradesh,Central,A,Retail Store,True,2256,8,2017-10-07,23.2354,77.4032,3852241,True
DLR-101697,Indore B496 Distributors,CITY-1083,Indore,MP,Madhya Pradesh,Central,B,Retail Store,True,1265,8,2018-01-23,22.6855,75.8582,1663214,True
DLR-101698,Indore B167 Distributors,CITY-1083,Indore,MP,Madhya Pradesh,Central,B,Retail Store,True,1436,14,2011-10-28,22.7573,75.8306,1758461,True
DLR-101699,Indore C795 Distributors,CITY-1083,Indore,MP,Madhya Pradesh,Central,C,Retail Store,True,191,6,2019-10-29,22.7175,75.8262,258057,True
DLR-101700,Bhopal A750 Distributors,CITY-1082,Bhopal,MP,Madhya Pradesh,Central,A,Retail Store,True,3221,29,1996-11-10,23.2896,77.403,5932172,True
DLR-101701,Bhopal B573 Distributors,CITY-1082,Bhopal,MP,Madhya Pradesh,Central,B,Retail Store,True,1133,11,2014-12-05,23.3,77.3922,1732913,True
DLR-101702,Jabalpur C642 Distributors,CITY-1085,Jabalpur,MP,Madhya Pradesh,Central,C,Retail Store,True,443,1,2024-07-05,23.1911,80.0129,859257,True
DLR-101703,Jabalpur B356 Distributors,CITY-1085,Jabalpur,MP,Madhya Pradesh,Central,B,Retail Store,True,749,7,2018-06-03,23.1546,79.9464,1135747,True
DLR-101704,Bhopal C776 Distributors,CITY-1082,Bhopal,MP,Madhya Pradesh,Central,C,Retail Store,True,414,8,2017-11-09,23.2826,77.4525,527363,True
DLR-101705,Bhopal A151 Distributors,CITY-1082,Bhopal,MP,Madhya Pradesh,Central,A,Retail Store,True,1588,28,1998-01-03,23.2228,77.3668,2998148,True
DLR-101706,Bhopal C628 Distributors,CITY-1082,Bhopal,MP,Madhya Pradesh,Central,C,Retail Store,True,279,7,2018-07-31,23.2602,77.4319,449121,True
DLR-101707,Indore B463 Distributors,CITY-1083,Indore,MP,Madhya Pradesh,Central,B,Retail Store,True,922,6,2020-02-27,22.7483,75.8688,985965,True
DLR-101708,Gwalior B705 Distributors,CITY-1084,Gwalior,MP,Madhya Pradesh,Central,B,Retail Store,True,1443,6,2019-06-28,26.1938,78.1642,2485134,True
DLR-101709,Indore A649 Distributors,CITY-1083,Indore,MP,Madhya Pradesh,Central,A,Retail Store,True,3998,24,2001-10-27,22.7185,75.9026,3387039,True
DLR-101710,Gwalior B440 Distributors,CITY-1084,Gwalior,MP,Madhya Pradesh,Central,B,Retail Store,True,647,14,2012-04-15,26.221,78.2287,996989,True
DLR-101711,Gwalior B861 Distributors,CITY-1084,Gwalior,MP,Madhya Pradesh,Central,B,Retail Store,True,624,4,2022-03-29,26.235,78.1973,1162963,True
DLR-101712,Jabalpur C494 Distributors,CITY-1085,Jabalpur,MP,Madhya Pradesh,Central,C,Retail Store,True,169,5,2020-11-04,23.1363,80.0306,206332,True
DLR-101713,Bhopal A137 Distributors,CITY-1082,Bhopal,MP,Madhya Pradesh,Central,A,Multi-Brand Outlet,True,3516,29,1997-01-23,23.2725,77.409,3908163,True
DLR-101714,Bhopal B170 Distributors,CITY-1082,Bhopal,MP,Madhya Pradesh,Central,B,Multi-Brand Outlet,True,792,13,2013-04-16,23.2278,77.4387,1020351,True
DLR-101715,Bhopal C584 Distributors,CITY-1082,Bhopal,MP,Madhya Pradesh,Central,C,Retail Store,True,421,6,2020-04-13,23.2208,77.4561,657247,True
DLR-101716,Jabalpur C864 Distributors,CITY-1085,Jabalpur,MP,Madhya Pradesh,Central,C,Retail Store,True,392,7,2018-06-05,23.1772,79.9794,525572,True
DLR-101717,Jabalpur C908 Distributors,CITY-1085,Jabalpur,MP,Madhya Pradesh,Central,C,Retail Store,True,435,4,2021-05-10,23.2292,79.9455,621398,True
DLR-101718,Indore A622 Distributors,CITY-1083,Indore,MP,Madhya Pradesh,Central,A,Retail Store,True,3525,12,2013-12-17,22.7426,75.8175,6269932,True
DLR-101719,Bhopal A587 Distributors,CITY-1082,Bhopal,MP,Madhya Pradesh,Central,A,Retail Store,True,2918,17,2008-12-08,23.3003,77.4508,2481250,True
DLR-101720,Bhopal C750 Distributors,CITY-1082,Bhopal,MP,Madhya Pradesh,Central,C,Retail Store,True,443,1,2024-06-28,23.2264,77.3821,742979,True
DLR-101721,Bhopal A548 Distributors,CITY-1082,Bhopal,MP,Madhya Pradesh,Central,A,Multi-Brand Outlet,True,1739,29,1996-11-08,23.2643,77.4267,1593015,True
DLR-101722,Indore B254 Distributors,CITY-1083,Indore,MP,Madhya Pradesh,Central,B,Institutional/B2B,True,1294,9,2016-05-26,22.734,75.9052,1713342,True
DLR-101723,Bhopal A249 Distributors,CITY-1082,Bhopal,MP,Madhya Pradesh,Central,A,Retail Store,True,3134,20,2005-12-30,23.2158,77.3645,6130329,True
DLR-101724,Bhopal C699 Distributors,CITY-1082,Bhopal,MP,Madhya Pradesh,Central,C,Multi-Brand Outlet,True,166,7,2018-05-30,23.2288,77.4071,237557,True
DLR-101725,Gwalior A508 Distributors,CITY-1084,Gwalior,MP,Madhya Pradesh,Central,A,Retail Store,True,3105,23,2003-03-18,26.2272,78.1997,4649357,True
DLR-101726,Bhopal B649 Distributors,CITY-1082,Bhopal,MP,Madhya Pradesh,Central,B,Retail Store,True,931,6,2020-03-18,23.2698,77.3742,1377868,True
DLR-101727,Indore A708 Distributors,CITY-1083,Indore,MP,Madhya Pradesh,Central,A,Retail Store,True,3500,22,2003-08-09,22.6796,75.8496,3399102,True
DLR-101728,Bhopal C436 Distributors,CITY-1082,Bhopal,MP,Madhya Pradesh,Central,C,Retail Store,True,240,9,2016-06-12,23.239,77.4445,363703,True
DLR-101729,Jabalpur B395 Distributors,CITY-1085,Jabalpur,MP,Madhya Pradesh,Central,B,Retail Store,True,1255,8,2017-07-30,23.2192,80.0341,2421175,True
DLR-101730,Indore C861 Distributors,CITY-1083,Indore,MP,Madhya Pradesh,Central,C,Retail Store,True,415,9,2017-03-16,22.6916,75.8125,748043,True
DLR-101731,Jabalpur C815 Distributors,CITY-1085,Jabalpur,MP,Madhya Pradesh,Central,C,Retail Store,True,557,2,2023-06-16,23.1695,80.0192,838207,True
DLR-101732,Bhilai B451 Distributors,CITY-1098,Bhilai,CG,Chhattisgarh,Central,B,Retail Store,False,1013,6,2019-09-30,21.1955,81.4066,1346857,True
DLR-101733,Bhilai B124 Distributors,CITY-1098,Bhilai,CG,Chhattisgarh,Central,B,Retail Store,False,662,13,2012-10-23,21.2236,81.4614,1164732,True
DLR-101734,Raipur B232 Distributors,CITY-1097,Raipur,CG,Chhattisgarh,Central,B,Multi-Brand Outlet,True,1195,16,2009-11-09,21.2255,81.6438,1219009,True
DLR-101735,Raipur B658 Distributors,CITY-1097,Raipur,CG,Chhattisgarh,Central,B,Multi-Brand Outlet,True,1190,5,2020-06-25,21.2517,81.6705,1059718,True
DLR-101736,Raipur B342 Distributors,CITY-1097,Raipur,CG,Chhattisgarh,Central,B,Multi-Brand Outlet,True,1089,15,2011-04-17,21.2795,81.5983,1123720,True
DLR-101737,Raipur C210 Distributors,CITY-1097,Raipur,CG,Chhattisgarh,Central,C,Retail Store,True,428,8,2018-01-17,21.2973,81.5951,374371,True
DLR-101738,Raipur A589 Distributors,CITY-1097,Raipur,CG,Chhattisgarh,Central,A,Multi-Brand Outlet,True,3820,29,1996-07-12,21.2754,81.6123,6538441,True
DLR-101739,Raipur C717 Distributors,CITY-1097,Raipur,CG,Chhattisgarh,Central,C,Retail Store,True,345,3,2022-07-17,21.2549,81.6184,446864,True
DLR-101740,Bhilai B401 Distributors,CITY-1098,Bhilai,CG,Chhattisgarh,Central,B,Retail Store,False,1242,10,2015-12-05,21.1574,81.4298,1890127,True
DLR-101741,Raipur C256 Distributors,CITY-1097,Raipur,CG,Chhattisgarh,Central,C,Retail Store,True,230,4,2022-03-10,21.2969,81.6506,261571,True
DLR-101742,Raipur A415 Distributors,CITY-1097,Raipur,CG,Chhattisgarh,Central,A,Multi-Brand Outlet,True,2436,29,1996-10-06,21.27,81.6628,3518289,True
DLR-101743,Bhilai B681 Distributors,CITY-1098,Bhilai,CG,Chhattisgarh,Central,B,Retail Store,False,858,6,2019-12-13,21.1571,81.4482,1465840,True
DLR-101744,Raipur C537 Distributors,CITY-1097,Raipur,CG,Chhattisgarh,Central,C,Multi-Brand Outlet,True,488,1,2025-03-03,21.2062,81.6322,448823,True
DLR-101745,Raipur C743 Distributors,CITY-1097,Raipur,CG,Chhattisgarh,Central,C,Retail Store,True,247,8,2017-06-28,21.2587,81.5831,466679,True
DLR-101746,Raipur C146 Distributors,CITY-1097,Raipur,CG,Chhattisgarh,Central,C,Retail Store,True,512,6,2019-12-17,21.2214,81.6396,432474,True
DLR-101747,Raipur C555 Distributors,CITY-1097,Raipur,CG,Chhattisgarh,Central,C,Retail Store,True,513,5,2021-03-30,21.2376,81.5881,612148,True
DLR-101748,Raipur C476 Distributors,CITY-1097,Raipur,CG,Chhattisgarh,Central,C,Institutional/B2B,True,390,8,2017-06-28,21.2955,81.6506,367218,True
DLR-101749,Raipur B827 Distributors,CITY-1097,Raipur,CG,Chhattisgarh,Central,B,Retail Store,True,1437,10,2015-09-24,21.2312,81.6069,2678136,True
DLR-101750,Bhilai C146 Distributors,CITY-1098,Bhilai,CG,Chhattisgarh,Central,C,Multi-Brand Outlet,False,204,7,2018-05-22,21.2167,81.447,360793,True
DLR-101751,Raipur C714 Distributors,CITY-1097,Raipur,CG,Chhattisgarh,Central,C,Online Marketplace,True,561,9,2017-03-01,21.2389,81.6468,995745,True
DLR-101752,Bhilai C863 Distributors,CITY-1098,Bhilai,CG,Chhattisgarh,Central,C,Retail Store,False,536,5,2020-06-15,21.2473,81.436,648346,True
DLR-101753,Raipur C404 Distributors,CITY-1097,Raipur,CG,Chhattisgarh,Central,C,Retail Store,True,180,6,2020-04-10,21.2704,81.6462,277760,True
DLR-101754,Bhilai A544 Distributors,CITY-1098,Bhilai,CG,Chhattisgarh,Central,A,Online Marketplace,False,2211,18,2007-11-09,21.1856,81.4482,4096624,True
DLR-101755,Raipur C174 Distributors,CITY-1097,Raipur,CG,Chhattisgarh,Central,C,Retail Store,True,338,4,2021-11-26,21.2903,81.5839,299278,True
DLR-101756,Raipur C339 Distributors,CITY-1097,Raipur,CG,Chhattisgarh,Central,C,Retail Store,True,288,6,2019-07-11,21.2662,81.5963,540575,True
DLR-101757,Raipur C500 Distributors,CITY-1097,Raipur,CG,Chhattisgarh,Central,C,Retail Store,True,431,3,2023-02-27,21.2063,81.6595,491769,True
DLR-101758,Raipur B126 Distributors,CITY-1097,Raipur,CG,Chhattisgarh,Central,B,Multi-Brand Outlet,True,815,15,2011-02-16,21.2247,81.6059,788093,True
DLR-101759,Raipur B696 Distributors,CITY-1097,Raipur,CG,Chhattisgarh,Central,B,Retail Store,True,878,15,2010-08-26,21.287,81.6739,1362935,True
DLR-101760,Bhilai C817 Distributors,CITY-1098,Bhilai,CG,Chhattisgarh,Central,C,Retail Store,False,455,8,2017-07-31,21.1971,81.3963,407257,True
DLR-101761,Raipur C121 Distributors,CITY-1097,Raipur,CG,Chhattisgarh,Central,C,Retail Store,True,292,7,2019-02-13,21.2827,81.6485,451453,True
DLR-101762,Raipur C812 Distributors,CITY-1097,Raipur,CG,Chhattisgarh,Central,C,Retail Store,True,152,6,2019-11-19,21.2506,81.6327,166149,True
DLR-101763,Raipur A691 Distributors,CITY-1097,Raipur,CG,Chhattisgarh,Central,A,Retail Store,True,3625,23,2003-04-22,21.2197,81.596,4181589,False
DLR-101764,Bhilai B213 Distributors,CITY-1098,Bhilai,CG,Chhattisgarh,Central,B,Multi-Brand Outlet,False,1246,16,2010-01-22,21.2119,81.4046,1045197,True
DLR-101765,Raipur C922 Distributors,CITY-1097,Raipur,CG,Chhattisgarh,Central,C,Retail Store,True,229,8,2017-12-11,21.2661,81.6503,330995,True
DLR-101766,Bhilai B558 Distributors,CITY-1098,Bhilai,CG,Chhattisgarh,Central,B,Retail Store,False,1166,10,2016-03-28,21.2023,81.4621,2231600,True
DLR-101767,Bhilai C103 Distributors,CITY-1098,Bhilai,CG,Chhattisgarh,Central,C,Retail Store,False,409,7,2019-03-11,21.2129,81.4471,674467,True
DLR-101768,Raipur B469 Distributors,CITY-1097,Raipur,CG,Chhattisgarh,Central,B,Retail Store,True,1384,16,2009-09-16,21.219,81.6133,2525129,True
DLR-101769,Raipur C660 Distributors,CITY-1097,Raipur,CG,Chhattisgarh,Central,C,Multi-Brand Outlet,True,189,7,2018-12-09,21.2303,81.6633,340061,True
DLR-101770,Bhilai A807 Distributors,CITY-1098,Bhilai,CG,Chhattisgarh,Central,A,Retail Store,False,2232,16,2010-02-20,21.2023,81.4015,3648241,True
DLR-101771,Raipur A451 Distributors,CITY-1097,Raipur,CG,Chhattisgarh,Central,A,Retail Store,True,3795,19,2006-07-08,21.2161,81.673,5015598,True
DLR-101772,Guwahati A311 Distributors,CITY-1099,Guwahati,AS,Assam,Northeast,A,Retail Store,True,3656,18,2007-06-27,26.1515,91.7356,6129790,True
DLR-101773,Dibrugarh C416 Distributors,CITY-1101,Dibrugarh,AS,Assam,Northeast,C,Retail Store,False,456,8,2017-04-30,27.4561,94.9155,410474,True
DLR-101774,Silchar C535 Distributors,CITY-1100,Silchar,AS,Assam,Northeast,C,Institutional/B2B,False,184,3,2022-06-19,24.8551,92.7523,254148,True
DLR-101775,Guwahati A513 Distributors,CITY-1099,Guwahati,AS,Assam,Northeast,A,Retail Store,True,2022,11,2014-12-02,26.1708,91.767,2526090,True
DLR-101776,Silchar C382 Distributors,CITY-1100,Silchar,AS,Assam,Northeast,C,Retail Store,False,233,6,2019-11-29,24.8499,92.8101,439800,True
DLR-101777,Guwahati B897 Distributors,CITY-1099,Guwahati,AS,Assam,Northeast,B,Retail Store,True,1399,15,2010-08-28,26.1204,91.693,1968279,True
DLR-101778,Guwahati C751 Distributors,CITY-1099,Guwahati,AS,Assam,Northeast,C,Retail Store,True,535,8,2017-11-12,26.1267,91.7128,875469,True
DLR-101779,Dibrugarh C969 Distributors,CITY-1101,Dibrugarh,AS,Assam,Northeast,C,Institutional/B2B,False,489,3,2022-09-29,27.5115,94.9498,961519,True
DLR-101780,Guwahati B432 Distributors,CITY-1099,Guwahati,AS,Assam,Northeast,B,Retail Store,True,754,13,2012-05-11,26.1863,91.7291,1335616,True
DLR-101781,Silchar C498 Distributors,CITY-1100,Silchar,AS,Assam,Northeast,C,Retail Store,False,526,6,2019-08-13,24.7997,92.798,561127,True
DLR-101782,Dibrugarh B340 Distributors,CITY-1101,Dibrugarh,AS,Assam,Northeast,B,Retail Store,False,1101,5,2020-11-01,27.453,94.9075,1346502,True
DLR-101783,Guwahati A981 Distributors,CITY-1099,Guwahati,AS,Assam,Northeast,A,Multi-Brand Outlet,True,2232,23,2003-02-13,26.1433,91.6998,2345873,True
DLR-101784,Guwahati C669 Distributors,CITY-1099,Guwahati,AS,Assam,Northeast,C,Multi-Brand Outlet,True,568,6,2019-11-12,26.1277,91.7518,537790,True
DLR-101785,Guwahati A463 Distributors,CITY-1099,Guwahati,AS,Assam,Northeast,A,Retail Store,True,3538,26,1999-08-17,26.0902,91.7772,3946101,True
DLR-101786,Guwahati A690 Distributors,CITY-1099,Guwahati,AS,Assam,Northeast,A,Online Marketplace,True,3869,15,2011-04-16,26.1462,91.6977,7288356,True
DLR-101787,Guwahati C825 Distributors,CITY-1099,Guwahati,AS,Assam,Northeast,C,Retail Store,True,546,1,2025-04-11,26.0993,91.6916,701655,True
DLR-101788,Dibrugarh C394 Distributors,CITY-1101,Dibrugarh,AS,Assam,Northeast,C,Retail Store,False,230,9,2017-03-29,27.46,94.934,399337,True
DLR-101789,Dibrugarh C792 Distributors,CITY-1101,Dibrugarh,AS,Assam,Northeast,C,Retail Store,False,404,6,2020-04-13,27.4535,94.9107,334375,True
DLR-101790,Silchar C762 Distributors,CITY-1100,Silchar,AS,Assam,Northeast,C,Retail Store,False,596,1,2024-05-26,24.8189,92.8052,1051543,True
DLR-101791,Guwahati A466 Distributors,CITY-1099,Guwahati,AS,Assam,Northeast,A,Multi-Brand Outlet,True,3057,27,1998-05-21,26.1324,91.7392,4597331,True
DLR-101792,Dibrugarh A603 Distributors,CITY-1101,Dibrugarh,AS,Assam,Northeast,A,Retail Store,False,2059,22,2003-08-12,27.4321,94.8822,1918901,True
DLR-101793,Guwahati B939 Distributors,CITY-1099,Guwahati,AS,Assam,Northeast,B,Institutional/B2B,True,1195,9,2016-07-19,26.1333,91.7396,1596684,True
DLR-101794,Guwahati B304 Distributors,CITY-1099,Guwahati,AS,Assam,Northeast,B,Multi-Brand Outlet,True,1127,7,2018-11-20,26.1165,91.6937,1399335,True
DLR-101795,Guwahati B558 Distributors,CITY-1099,Guwahati,AS,Assam,Northeast,B,Retail Store,True,1457,15,2010-07-06,26.1195,91.6952,2721194,True
DLR-101796,Guwahati C719 Distributors,CITY-1099,Guwahati,AS,Assam,Northeast,C,Retail Store,True,193,7,2018-10-16,26.1409,91.7625,188403,True
DLR-101797,Dibrugarh A233 Distributors,CITY-1101,Dibrugarh,AS,Assam,Northeast,A,Multi-Brand Outlet,False,3094,18,2008-02-21,27.423,94.9104,4942270,True
DLR-101798,Silchar B719 Distributors,CITY-1100,Silchar,AS,Assam,Northeast,B,Multi-Brand Outlet,False,687,13,2013-01-11,24.841,92.747,767296,True
DLR-101799,Silchar A661 Distributors,CITY-1100,Silchar,AS,Assam,Northeast,A,Retail Store,False,2138,21,2004-12-31,24.8418,92.7994,2850386,True
DLR-101800,Silchar B904 Distributors,CITY-1100,Silchar,AS,Assam,Northeast,B,Retail Store,False,864,6,2019-10-17,24.8293,92.7942,1158049,True
DLR-101801,Silchar B105 Distributors,CITY-1100,Silchar,AS,Assam,Northeast,B,Retail Store,False,989,13,2012-05-07,24.8028,92.8105,1674169,True
DLR-101802,Guwahati B389 Distributors,CITY-1099,Guwahati,AS,Assam,Northeast,B,Institutional/B2B,True,680,14,2012-04-26,26.1867,91.7627,1141836,True
DLR-101803,Guwahati B377 Distributors,CITY-1099,Guwahati,AS,Assam,Northeast,B,Retail Store,True,1105,7,2019-01-15,26.1736,91.754,1520422,True
DLR-101804,Dibrugarh B564 Distributors,CITY-1101,Dibrugarh,AS,Assam,Northeast,B,Retail Store,False,974,9,2016-08-23,27.4421,94.9101,1034202,True
DLR-101805,Guwahati A342 Distributors,CITY-1099,Guwahati,AS,Assam,Northeast,A,Retail Store,True,3502,19,2006-08-09,26.1483,91.6939,4516238,True
DLR-101806,Dibrugarh B597 Distributors,CITY-1101,Dibrugarh,AS,Assam,Northeast,B,Institutional/B2B,False,682,11,2015-01-31,27.442,94.9195,599431,True
DLR-101807,Guwahati C275 Distributors,CITY-1099,Guwahati,AS,Assam,Northeast,C,Retail Store,True,212,9,2016-10-21,26.1044,91.7783,231628,True
DLR-101808,Guwahati A288 Distributors,CITY-1099,Guwahati,AS,Assam,Northeast,A,Retail Store,True,3510,16,2010-01-12,26.182,91.743,4288327,True
DLR-101809,Guwahati A817 Distributors,CITY-1099,Guwahati,AS,Assam,Northeast,A,Retail Store,True,2363,25,2000-12-13,26.1876,91.7271,2275316,True
DLR-101810,Dibrugarh A707 Distributors,CITY-1101,Dibrugarh,AS,Assam,Northeast,A,Retail Store,False,3333,24,2002-02-01,27.4233,94.8682,5090866,True
DLR-101811,Guwahati C181 Distributors,CITY-1099,Guwahati,AS,Assam,Northeast,C,Retail Store,True,589,1,2024-12-27,26.1796,91.7047,1023087,True
DLR-101812,Silchar B779 Distributors,CITY-1100,Silchar,AS,Assam,Northeast,B,Retail Store,False,1022,4,2022-04-03,24.8782,92.7457,1793859,True
DLR-101813,Guwahati C172 Distributors,CITY-1099,Guwahati,AS,Assam,Northeast,C,Retail Store,True,302,5,2020-11-04,26.1288,91.7046,266034,True
DLR-101814,Silchar C923 Distributors,CITY-1100,Silchar,AS,Assam,Northeast,C,Retail Store,False,480,5,2020-09-09,24.8126,92.8284,571572,True
DLR-101815,Guwahati B448 Distributors,CITY-1099,Guwahati,AS,Assam,Northeast,B,Retail Store,True,1296,6,2019-06-04,26.1102,91.7211,1262961,True
DLR-101816,Agartala C116 Distributors,CITY-1102,Agartala,TR,Tripura,Northeast,C,Multi-Brand Outlet,False,404,1,2024-09-28,23.8435,91.2819,456047,True
DLR-101817,Agartala A773 Distributors,CITY-1102,Agartala,TR,Tripura,Northeast,A,Retail Store,False,2946,21,2004-10-29,23.8328,91.2781,2851818,True
DLR-101818,Agartala A582 Distributors,CITY-1102,Agartala,TR,Tripura,Northeast,A,Retail Store,False,2528,27,1999-04-03,23.841,91.2707,4851586,True
DLR-101819,Agartala C494 Distributors,CITY-1102,Agartala,TR,Tripura,Northeast,C,Retail Store,False,231,4,2021-07-11,23.8495,91.3092,435382,True
DLR-101820,Agartala C892 Distributors,CITY-1102,Agartala,TR,Tripura,Northeast,C,Online Marketplace,False,281,9,2017-02-27,23.8268,91.3206,391044,True
DLR-101821,Agartala C259 Distributors,CITY-1102,Agartala,TR,Tripura,Northeast,C,Retail Store,False,164,9,2016-10-02,23.8402,91.2431,220884,True
DLR-101822,Agartala C450 Distributors,CITY-1102,Agartala,TR,Tripura,Northeast,C,Retail Store,False,530,1,2025-01-19,23.8135,91.2669,674211,True
DLR-101823,Agartala C668 Distributors,CITY-1102,Agartala,TR,Tripura,Northeast,C,Retail Store,False,585,5,2020-10-15,23.8629,91.2841,1071410,True
DLR-101824,Agartala C711 Distributors,CITY-1102,Agartala,TR,Tripura,Northeast,C,Retail Store,False,585,8,2017-11-04,23.7841,91.3107,1118883,True
DLR-101825,Agartala C251 Distributors,CITY-1102,Agartala,TR,Tripura,Northeast,C,Retail Store,False,265,3,2022-10-07,23.8588,91.2328,520123,True
DLR-101826,Agartala B569 Distributors,CITY-1102,Agartala,TR,Tripura,Northeast,B,Online Marketplace,False,812,17,2008-07-03,23.8668,91.2463,1499269,True
DLR-101827,Agartala C761 Distributors,CITY-1102,Agartala,TR,Tripura,Northeast,C,Retail Store,False,222,5,2020-09-08,23.8641,91.233,394437,True
DLR-101828,Agartala A826 Distributors,CITY-1102,Agartala,TR,Tripura,Northeast,A,Retail Store,False,3116,25,2000-09-02,23.7819,91.2692,6180636,True
DLR-101829,Agartala C166 Distributors,CITY-1102,Agartala,TR,Tripura,Northeast,C,Retail Store,False,366,8,2017-06-09,23.8556,91.2669,657537,True
DLR-101830,Shillong C264 Distributors,CITY-1104,Shillong,ML,Meghalaya,Northeast,C,Retail Store,False,460,4,2022-02-28,25.6174,91.9146,649662,True
DLR-101831,Shillong B574 Distributors,CITY-1104,Shillong,ML,Meghalaya,Northeast,B,Retail Store,False,985,13,2012-12-12,25.5789,91.9223,964097,True
DLR-101832,Shillong B618 Distributors,CITY-1104,Shillong,ML,Meghalaya,Northeast,B,Retail Store,False,1241,15,2010-05-12,25.5378,91.912,2191713,True
DLR-101833,Shillong C777 Distributors,CITY-1104,Shillong,ML,Meghalaya,Northeast,C,Retail Store,False,379,2,2023-07-12,25.5493,91.9109,485372,True
DLR-101834,Shillong A792 Distributors,CITY-1104,Shillong,ML,Meghalaya,Northeast,A,Multi-Brand Outlet,False,2878,15,2010-07-25,25.6157,91.8578,4050509,True
DLR-101835,Shillong C691 Distributors,CITY-1104,Shillong,ML,Meghalaya,Northeast,C,Retail Store,False,553,9,2016-11-09,25.6011,91.9112,695272,True
DLR-101836,Shillong C978 Distributors,CITY-1104,Shillong,ML,Meghalaya,Northeast,C,Retail Store,False,475,3,2022-10-23,25.5774,91.8653,716975,True
DLR-101837,Shillong A593 Distributors,CITY-1104,Shillong,ML,Meghalaya,Northeast,A,Retail Store,False,2764,15,2010-09-22,25.5423,91.846,3404690,True
DLR-101838,Shillong C285 Distributors,CITY-1104,Shillong,ML,Meghalaya,Northeast,C,Retail Store,False,380,6,2019-06-17,25.5955,91.8865,355123,True
DLR-101839,Imphal C829 Distributors,CITY-1103,Imphal,MN,Manipur,Northeast,C,Multi-Brand Outlet,False,563,4,2021-10-13,24.7895,93.9674,514647,True
DLR-101840,Imphal C987 Distributors,CITY-1103,Imphal,MN,Manipur,Northeast,C,Retail Store,False,199,7,2018-11-14,24.8342,93.9831,312448,True
DLR-101841,Imphal A223 Distributors,CITY-1103,Imphal,MN,Manipur,Northeast,A,Retail Store,False,1674,8,2018-02-20,24.8356,93.9301,2704073,True
DLR-101842,Imphal B590 Distributors,CITY-1103,Imphal,MN,Manipur,Northeast,B,Retail Store,False,1495,7,2018-12-15,24.8388,93.9597,1832201,True
DLR-101843,Imphal C280 Distributors,CITY-1103,Imphal,MN,Manipur,Northeast,C,Retail Store,False,305,1,2024-09-02,24.8592,93.9756,364885,True
DLR-101844,Imphal C191 Distributors,CITY-1103,Imphal,MN,Manipur,Northeast,C,Retail Store,False,592,4,2021-09-02,24.8413,93.9249,1027764,True
DLR-101845,Imphal C500 Distributors,CITY-1103,Imphal,MN,Manipur,Northeast,C,Retail Store,False,252,5,2021-03-21,24.8429,93.9186,418519,True
DLR-101846,Imphal A694 Distributors,CITY-1103,Imphal,MN,Manipur,Northeast,A,Retail Store,False,1664,20,2006-04-06,24.7678,93.9467,1802396,True
DLR-101847,Imphal A391 Distributors,CITY-1103,Imphal,MN,Manipur,Northeast,A,Retail Store,False,3338,18,2008-01-28,24.8087,93.9752,5569937,True
DLR-101848,Kohima B148 Distributors,CITY-1106,Kohima,NL,Nagaland,Northeast,B,Multi-Brand Outlet,False,1189,13,2012-07-14,25.6871,94.1409,1043075,True
DLR-101849,Kohima C368 Distributors,CITY-1106,Kohima,NL,Nagaland,Northeast,C,Retail Store,False,565,1,2025-02-25,25.6851,94.1415,900842,True
DLR-101850,Kohima B915 Distributors,CITY-1106,Kohima,NL,Nagaland,Northeast,B,Retail Store,False,1224,4,2021-06-24,25.6418,94.0777,1322894,True
DLR-101851,Kohima A816 Distributors,CITY-1106,Kohima,NL,Nagaland,Northeast,A,Multi-Brand Outlet,False,3387,18,2007-05-30,25.6254,94.1029,4927670,True
DLR-101852,Kohima C359 Distributors,CITY-1106,Kohima,NL,Nagaland,Northeast,C,Retail Store,False,587,2,2023-08-11,25.719,94.0853,910734,True
DLR-101853,Kohima C337 Distributors,CITY-1106,Kohima,NL,Nagaland,Northeast,C,Institutional/B2B,False,393,6,2019-10-11,25.6663,94.069,389350,True
DLR-101854,Kohima A438 Distributors,CITY-1106,Kohima,NL,Nagaland,Northeast,A,Retail Store,False,3341,22,2003-07-27,25.6366,94.0892,5455759,True
DLR-101855,Kohima C237 Distributors,CITY-1106,Kohima,NL,Nagaland,Northeast,C,Retail Store,False,234,3,2023-04-22,25.6875,94.0996,265643,True
DLR-101856,Kohima C219 Distributors,CITY-1106,Kohima,NL,Nagaland,Northeast,C,Retail Store,False,402,9,2017-04-08,25.6691,94.1019,702565,True
DLR-101857,Kohima A897 Distributors,CITY-1106,Kohima,NL,Nagaland,Northeast,A,Multi-Brand Outlet,False,3797,23,2002-07-22,25.6518,94.1126,3436903,True
DLR-101858,Aizawl C356 Distributors,CITY-1105,Aizawl,MZ,Mizoram,Northeast,C,Online Marketplace,False,311,5,2020-12-25,23.7198,92.761,421568,True
DLR-101859,Aizawl A727 Distributors,CITY-1105,Aizawl,MZ,Mizoram,Northeast,A,Multi-Brand Outlet,False,2672,13,2012-12-02,23.7011,92.707,5078816,True
DLR-101860,Aizawl A602 Distributors,CITY-1105,Aizawl,MZ,Mizoram,Northeast,A,Multi-Brand Outlet,False,2046,24,2001-07-25,23.7459,92.7068,3227300,True
DLR-101861,Aizawl B342 Distributors,CITY-1105,Aizawl,MZ,Mizoram,Northeast,B,Retail Store,False,1249,11,2014-05-02,23.7181,92.7228,2178695,True
DLR-101862,Aizawl B622 Distributors,CITY-1105,Aizawl,MZ,Mizoram,Northeast,B,Retail Store,False,975,17,2008-06-09,23.6905,92.7393,1453265,True
DLR-101863,Aizawl B293 Distributors,CITY-1105,Aizawl,MZ,Mizoram,Northeast,B,Retail Store,False,612,14,2011-08-16,23.7064,92.7461,967084,True
DLR-101864,Aizawl C992 Distributors,CITY-1105,Aizawl,MZ,Mizoram,Northeast,C,Online Marketplace,False,362,7,2018-08-27,23.7738,92.6777,407462,True
DLR-101865,Aizawl A866 Distributors,CITY-1105,Aizawl,MZ,Mizoram,Northeast,A,Retail Store,False,3483,11,2015-04-25,23.7597,92.7542,3249234,True
DLR-101866,Aizawl A339 Distributors,CITY-1105,Aizawl,MZ,Mizoram,Northeast,A,Retail Store,False,3754,29,1997-02-11,23.7534,92.7239,6076105,True
DLR-101867,Aizawl A329 Distributors,CITY-1105,Aizawl,MZ,Mizoram,Northeast,A,Retail Store,False,1779,25,2000-12-01,23.7457,92.6836,1786432,False
DLR-101868,Aizawl B813 Distributors,CITY-1105,Aizawl,MZ,Mizoram,Northeast,B,Retail Store,False,632,6,2019-04-30,23.7096,92.7571,1067917,True
DLR-101869,Itanagar C595 Distributors,CITY-1107,Itanagar,AR,Arunachal Pradesh,Northeast,C,Retail Store,False,446,8,2017-10-20,27.1129,93.6205,468146,True
DLR-101870,Itanagar C766 Distributors,CITY-1107,Itanagar,AR,Arunachal Pradesh,Northeast,C,Retail Store,False,358,4,2021-10-27,27.1397,93.6005,593662,True
DLR-101871,Itanagar C775 Distributors,CITY-1107,Itanagar,AR,Arunachal Pradesh,Northeast,C,Retail Store,False,168,7,2018-05-17,27.1079,93.6375,260574,True
DLR-101872,Itanagar B209 Distributors,CITY-1107,Itanagar,AR,Arunachal Pradesh,Northeast,B,Retail Store,False,1171,7,2019-04-06,27.0983,93.656,1867390,True
DLR-101873,Itanagar C695 Distributors,CITY-1107,Itanagar,AR,Arunachal Pradesh,Northeast,C,Retail Store,False,225,3,2022-10-19,27.1416,93.5785,188303,True
DLR-101874,Itanagar A550 Distributors,CITY-1107,Itanagar,AR,Arunachal Pradesh,Northeast,A,Retail Store,False,1509,23,2003-03-08,27.1339,93.6445,1977752,True
DLR-101875,Itanagar B883 Distributors,CITY-1107,Itanagar,AR,Arunachal Pradesh,Northeast,B,Retail Store,False,930,7,2018-11-16,27.072,93.6621,970181,True
DLR-101876,Itanagar C940 Distributors,CITY-1107,Itanagar,AR,Arunachal Pradesh,Northeast,C,Retail Store,False,534,1,2024-08-16,27.1198,93.6117,468033,True
DLR-101877,Itanagar C706 Distributors,CITY-1107,Itanagar,AR,Arunachal Pradesh,Northeast,C,Retail Store,False,314,2,2024-03-30,27.0984,93.6075,508075,True
DLR-101878,Itanagar C819 Distributors,CITY-1107,Itanagar,AR,Arunachal Pradesh,Northeast,C,Retail Store,False,472,8,2017-05-10,27.074,93.6072,933239,True
DLR-101879,Gangtok B268 Distributors,CITY-1108,Gangtok,SK,Sikkim,Northeast,B,Retail Store,False,1394,9,2016-08-09,27.3625,88.5679,1116634,True
DLR-101880,Gangtok B331 Distributors,CITY-1108,Gangtok,SK,Sikkim,Northeast,B,Retail Store,False,1275,12,2014-04-22,27.3795,88.6067,2225693,True
DLR-101881,Gangtok B715 Distributors,CITY-1108,Gangtok,SK,Sikkim,Northeast,B,Multi-Brand Outlet,False,1174,8,2017-06-04,27.3549,88.6474,2326216,True
DLR-101882,Gangtok B155 Distributors,CITY-1108,Gangtok,SK,Sikkim,Northeast,B,Retail Store,False,701,7,2018-07-09,27.3105,88.5653,1158265,True
DLR-101883,Gangtok A756 Distributors,CITY-1108,Gangtok,SK,Sikkim,Northeast,A,Online Marketplace,False,3432,12,2014-04-06,27.3105,88.5796,5685690,False
DLR-101884,Gangtok B817 Distributors,CITY-1108,Gangtok,SK,Sikkim,Northeast,B,Retail Store,False,1475,9,2016-11-29,27.3552,88.6341,2387464,True
DLR-101885,Gangtok C647 Distributors,CITY-1108,Gangtok,SK,Sikkim,Northeast,C,Online Marketplace,False,386,4,2021-07-10,27.3093,88.6294,628353,True
DLR-101886,Gangtok B373 Distributors,CITY-1108,Gangtok,SK,Sikkim,Northeast,B,Retail Store,False,1345,7,2018-06-03,27.3177,88.626,2559946,True
DLR-101887,Gangtok B650 Distributors,CITY-1108,Gangtok,SK,Sikkim,Northeast,B,Retail Store,False,998,14,2011-07-27,27.2866,88.6356,951025,True
DLR-101888,Gangtok A662 Distributors,CITY-1108,Gangtok,SK,Sikkim,Northeast,A,Retail Store,False,2876,22,2004-01-18,27.327,88.6232,4615477,True
DLR-101889,Gangtok C832 Distributors,CITY-1108,Gangtok,SK,Sikkim,Northeast,C,Multi-Brand Outlet,False,536,6,2020-01-17,27.3155,88.5793,892849,True
DLR-101890,Gangtok C176 Distributors,CITY-1108,Gangtok,SK,Sikkim,Northeast,C,Retail Store,False,398,2,2023-05-06,27.2854,88.6173,327762,True
DLR-101891,Gangtok A632 Distributors,CITY-1108,Gangtok,SK,Sikkim,Northeast,A,Retail Store,False,2369,18,2007-09-02,27.338,88.5984,2384638,True
DLR-101892,Gangtok C583 Distributors,CITY-1108,Gangtok,SK,Sikkim,Northeast,C,Multi-Brand Outlet,False,572,9,2016-12-30,27.315,88.5824,966281,True
DLR-101893,Gangtok A448 Distributors,CITY-1108,Gangtok,SK,Sikkim,Northeast,A,Institutional/B2B,False,1755,11,2014-06-12,27.3681,88.5954,2158795,False
DLR-101894,Gangtok A158 Distributors,CITY-1108,Gangtok,SK,Sikkim,Northeast,A,Retail Store,False,2658,25,2000-11-04,27.3135,88.5664,2675612,True
DLR-101895,Gangtok C259 Distributors,CITY-1108,Gangtok,SK,Sikkim,Northeast,C,Retail Store,False,528,2,2023-07-22,27.3484,88.6462,907652,True
DLR-101896,Gangtok B259 Distributors,CITY-1108,Gangtok,SK,Sikkim,Northeast,B,Retail Store,False,632,11,2015-01-30,27.2976,88.6072,1004898,True
DLR-101897,Gangtok A846 Distributors,CITY-1108,Gangtok,SK,Sikkim,Northeast,A,Multi-Brand Outlet,False,2077,28,1997-06-02,27.3214,88.6229,1813565,True
DLR-101898,Gangtok C529 Distributors,CITY-1108,Gangtok,SK,Sikkim,Northeast,C,Retail Store,False,320,2,2023-07-06,27.3751,88.5737,438618,True
DLR-101899,Gangtok C824 Distributors,CITY-1108,Gangtok,SK,Sikkim,Northeast,C,Online Marketplace,False,226,3,2023-03-13,27.3629,88.5732,216814,True
DLR-101900,Gangtok C761 Distributors,CITY-1108,Gangtok,SK,Sikkim,Northeast,C,Retail Store,False,435,7,2018-10-11,27.2948,88.6346,625527,True
