snapshot_id,snapshot_date,factory_id,product_id,opening_stock,production_units,dispatch_units,closing_stock
INV-600001,2023-04-01,FAC-001,HW-PC-10001,143,374,449,68
INV-600002,2023-05-01,FAC-001,HW-PC-10001,70,295,277,88
INV-600003,2023-06-01,FAC-001,HW-PC-10001,128,366,440,54
INV-600004,2023-07-01,FAC-001,HW-PC-10001,106,240,317,29
INV-600005,2023-08-01,FAC-001,HW-PC-10001,62,256,250,68
INV-600006,2023-09-01,FAC-001,HW-PC-10001,143,434,482,95
INV-600007,2023-10-01,FAC-001,HW-PC-10001,152,433,455,130
INV-600008,2023-11-01,FAC-001,HW-PC-10001,90,309,335,64
INV-600009,2023-12-01,FAC-001,HW-PC-10001,89,358,381,66
INV-600010,2024-01-01,FAC-001,HW-PC-10001,71,339,357,53
INV-600011,2024-02-01,FAC-001,HW-PC-10001,64,297,339,22
INV-600012,2024-03-01,FAC-001,HW-PC-10001,151,376,427,100
INV-600013,2024-04-01,FAC-001,HW-PC-10001,107,290,332,65
INV-600014,2024-05-01,FAC-001,HW-PC-10001,94,292,292,94
INV-600015,2024-06-01,FAC-001,HW-PC-10001,97,370,412,55
INV-600016,2024-07-01,FAC-001,HW-PC-10001,87,264,301,50
INV-600017,2024-08-01,FAC-001,HW-PC-10001,111,253,329,35
INV-600018,2024-09-01,FAC-001,HW-PC-10001,221,522,646,97
INV-600019,2024-10-01,FAC-001,HW-PC-10001,115,520,501,134
INV-600020,2024-11-01,FAC-001,HW-PC-10001,79,284,300,63
INV-600021,2024-12-01,FAC-001,HW-PC-10001,125,307,354,78
INV-600022,2025-01-01,FAC-001,HW-PC-10001,103,308,319,92
INV-600023,2025-02-01,FAC-001,HW-PC-10001,78,359,414,23
INV-600024,2025-03-01,FAC-001,HW-PC-10001,88,356,333,111
INV-600025,2025-04-01,FAC-001,HW-PC-10001,135,361,444,52
INV-600026,2025-05-01,FAC-001,HW-PC-10001,77,356,355,78
INV-600027,2025-06-01,FAC-001,HW-PC-10001,120,291,359,52
INV-600028,2025-07-01,FAC-001,HW-PC-10001,57,266,262,61
INV-600029,2025-08-01,FAC-001,HW-PC-10001,101,265,321,45
INV-600030,2025-09-01,FAC-001,HW-PC-10001,163,515,524,154
INV-600031,2025-10-01,FAC-001,HW-PC-10001,191,491,588,94
INV-600032,2025-11-01,FAC-001,HW-PC-10001,115,356,402,69
INV-600033,2025-12-01,FAC-001,HW-PC-10001,66,322,299,89
INV-600034,2026-01-01,FAC-001,HW-PC-10001,101,283,312,72
INV-600035,2026-02-01,FAC-001,HW-PC-10001,140,330,375,95
INV-600036,2026-03-01,FAC-001,HW-PC-10001,124,321,354,91
INV-600037,2023-04-01,FAC-001,HW-PC-10002,74,309,358,25
INV-600038,2023-05-01,FAC-001,HW-PC-10002,129,360,451,38
INV-600039,2023-06-01,FAC-001,HW-PC-10002,88,360,415,33
INV-600040,2023-07-01,FAC-001,HW-PC-10002,113,283,367,29
INV-600041,2023-08-01,FAC-001,HW-PC-10002,60,265,258,67
INV-600042,2023-09-01,FAC-001,HW-PC-10002,182,451,583,50
INV-600043,2023-10-01,FAC-001,HW-PC-10002,128,393,434,87
INV-600044,2023-11-01,FAC-001,HW-PC-10002,69,302,303,68
INV-600045,2023-12-01,FAC-001,HW-PC-10002,104,373,407,70
INV-600046,2024-01-01,FAC-001,HW-PC-10002,101,350,425,26
INV-600047,2024-02-01,FAC-001,HW-PC-10002,98,375,401,72
INV-600048,2024-03-01,FAC-001,HW-PC-10002,84,310,298,96
INV-600049,2024-04-01,FAC-001,HW-PC-10002,110,340,342,108
INV-600050,2024-05-01,FAC-001,HW-PC-10002,131,308,350,89
INV-600051,2024-06-01,FAC-001,HW-PC-10002,94,294,367,21
INV-600052,2024-07-01,FAC-001,HW-PC-10002,94,258,317,35
INV-600053,2024-08-01,FAC-001,HW-PC-10002,98,258,293,63
INV-600054,2024-09-01,FAC-001,HW-PC-10002,172,480,558,94
INV-600055,2024-10-01,FAC-001,HW-PC-10002,165,405,464,106
INV-600056,2024-11-01,FAC-001,HW-PC-10002,62,298,312,48
INV-600057,2024-12-01,FAC-001,HW-PC-10002,70,347,355,62
INV-600058,2025-01-01,FAC-001,HW-PC-10002,109,302,322,89
INV-600059,2025-02-01,FAC-001,HW-PC-10002,103,348,422,29
INV-600060,2025-03-01,FAC-001,HW-PC-10002,83,294,291,86
INV-600061,2025-04-01,FAC-001,HW-PC-10002,155,372,422,105
INV-600062,2025-05-01,FAC-001,HW-PC-10002,139,345,416,68
INV-600063,2025-06-01,FAC-001,HW-PC-10002,86,332,321,97
INV-600064,2025-07-01,FAC-001,HW-PC-10002,133,313,390,56
INV-600065,2025-08-01,FAC-001,HW-PC-10002,76,266,306,36
INV-600066,2025-09-01,FAC-001,HW-PC-10002,218,517,665,70
INV-600067,2025-10-01,FAC-001,HW-PC-10002,106,481,459,128
INV-600068,2025-11-01,FAC-001,HW-PC-10002,129,369,374,124
INV-600069,2025-12-01,FAC-001,HW-PC-10002,106,290,297,99
INV-600070,2026-01-01,FAC-001,HW-PC-10002,99,296,350,45
INV-600071,2026-02-01,FAC-001,HW-PC-10002,88,345,386,47
INV-600072,2026-03-01,FAC-001,HW-PC-10002,85,303,348,40
INV-600073,2023-04-01,FAC-001,HW-PC-10003,132,364,428,68
INV-600074,2023-05-01,FAC-001,HW-PC-10003,84,289,299,74
INV-600075,2023-06-01,FAC-001,HW-PC-10003,134,304,362,76
INV-600076,2023-07-01,FAC-001,HW-PC-10003,111,313,385,39
INV-600077,2023-08-01,FAC-001,HW-PC-10003,96,280,319,57
INV-600078,2023-09-01,FAC-001,HW-PC-10003,159,419,465,113
INV-600079,2023-10-01,FAC-001,HW-PC-10003,143,396,423,116
INV-600080,2023-11-01,FAC-001,HW-PC-10003,163,373,500,36
INV-600081,2023-12-01,FAC-001,HW-PC-10003,64,317,356,25
INV-600082,2024-01-01,FAC-001,HW-PC-10003,142,322,437,27
INV-600083,2024-02-01,FAC-001,HW-PC-10003,99,364,382,81
INV-600084,2024-03-01,FAC-001,HW-PC-10003,101,364,364,101
INV-600085,2024-04-01,FAC-001,HW-PC-10003,145,335,426,54
INV-600086,2024-05-01,FAC-001,HW-PC-10003,75,336,358,53
INV-600087,2024-06-01,FAC-001,HW-PC-10003,88,378,397,69
INV-600088,2024-07-01,FAC-001,HW-PC-10003,120,312,384,48
INV-600089,2024-08-01,FAC-001,HW-PC-10003,86,297,309,74
INV-600090,2024-09-01,FAC-001,HW-PC-10003,202,504,651,55
INV-600091,2024-10-01,FAC-001,HW-PC-10003,170,519,585,104
INV-600092,2024-11-01,FAC-001,HW-PC-10003,130,359,435,54
INV-600093,2024-12-01,FAC-001,HW-PC-10003,151,359,416,94
INV-600094,2025-01-01,FAC-001,HW-PC-10003,70,317,335,52
INV-600095,2025-02-01,FAC-001,HW-PC-10003,89,284,320,53
INV-600096,2025-03-01,FAC-001,HW-PC-10003,107,308,313,102
INV-600097,2025-04-01,FAC-001,HW-PC-10003,115,284,327,72
INV-600098,2025-05-01,FAC-001,HW-PC-10003,96,293,351,38
INV-600099,2025-06-01,FAC-001,HW-PC-10003,107,301,312,96
INV-600100,2025-07-01,FAC-001,HW-PC-10003,80,242,276,46
INV-600101,2025-08-01,FAC-001,HW-PC-10003,111,292,380,23
INV-600102,2025-09-01,FAC-001,HW-PC-10003,130,464,539,55
INV-600103,2025-10-01,FAC-001,HW-PC-10003,133,430,431,132
INV-600104,2025-11-01,FAC-001,HW-PC-10003,124,283,373,34
INV-600105,2025-12-01,FAC-001,HW-PC-10003,105,349,356,98
INV-600106,2026-01-01,FAC-001,HW-PC-10003,77,295,319,53
INV-600107,2026-02-01,FAC-001,HW-PC-10003,128,351,386,93
INV-600108,2026-03-01,FAC-001,HW-PC-10003,144,375,446,73
INV-600109,2023-04-01,FAC-001,HW-PC-10004,84,322,333,73
INV-600110,2023-05-01,FAC-001,HW-PC-10004,72,355,330,97
INV-600111,2023-06-01,FAC-001,HW-PC-10004,59,285,316,28
INV-600112,2023-07-01,FAC-001,HW-PC-10004,94,297,300,91
INV-600113,2023-08-01,FAC-001,HW-PC-10004,88,279,287,80
INV-600114,2023-09-01,FAC-001,HW-PC-10004,135,452,512,75
INV-600115,2023-10-01,FAC-001,HW-PC-10004,101,480,479,102
INV-600116,2023-11-01,FAC-001,HW-PC-10004,111,342,417,36
INV-600117,2023-12-01,FAC-001,HW-PC-10004,83,345,327,101
INV-600118,2024-01-01,FAC-001,HW-PC-10004,71,344,359,56
INV-600119,2024-02-01,FAC-001,HW-PC-10004,128,373,414,87
INV-600120,2024-03-01,FAC-001,HW-PC-10004,108,344,388,64
INV-600121,2024-04-01,FAC-001,HW-PC-10004,110,373,455,28
INV-600122,2024-05-01,FAC-001,HW-PC-10004,92,370,352,110
INV-600123,2024-06-01,FAC-001,HW-PC-10004,59,290,268,81
INV-600124,2024-07-01,FAC-001,HW-PC-10004,64,295,292,67
INV-600125,2024-08-01,FAC-001,HW-PC-10004,63,309,339,33
INV-600126,2024-09-01,FAC-001,HW-PC-10004,98,431,470,59
INV-600127,2024-10-01,FAC-001,HW-PC-10004,200,479,609,70
INV-600128,2024-11-01,FAC-001,HW-PC-10004,97,360,358,99
INV-600129,2024-12-01,FAC-001,HW-PC-10004,142,354,470,26
INV-600130,2025-01-01,FAC-001,HW-PC-10004,94,321,375,40
INV-600131,2025-02-01,FAC-001,HW-PC-10004,135,314,413,36
INV-600132,2025-03-01,FAC-001,HW-PC-10004,124,322,401,45
INV-600133,2025-04-01,FAC-001,HW-PC-10004,123,290,351,62
INV-600134,2025-05-01,FAC-001,HW-PC-10004,101,362,430,33
INV-600135,2025-06-01,FAC-001,HW-PC-10004,64,319,356,27
INV-600136,2025-07-01,FAC-001,HW-PC-10004,68,246,295,19
INV-600137,2025-08-01,FAC-001,HW-PC-10004,109,318,374,53
INV-600138,2025-09-01,FAC-001,HW-PC-10004,124,454,471,107
INV-600139,2025-10-01,FAC-001,HW-PC-10004,188,485,611,62
INV-600140,2025-11-01,FAC-001,HW-PC-10004,79,358,370,67
INV-600141,2025-12-01,FAC-001,HW-PC-10004,96,286,320,62
INV-600142,2026-01-01,FAC-001,HW-PC-10004,105,368,365,108
INV-600143,2026-02-01,FAC-001,HW-PC-10004,114,294,356,52
INV-600144,2026-03-01,FAC-001,HW-PC-10004,64,290,315,39
INV-600145,2023-04-01,FAC-001,HW-PC-10005,135,361,380,116
INV-600146,2023-05-01,FAC-001,HW-PC-10005,128,288,343,73
INV-600147,2023-06-01,FAC-001,HW-PC-10005,127,317,417,27
INV-600148,2023-07-01,FAC-001,HW-PC-10005,124,321,367,78
INV-600149,2023-08-01,FAC-001,HW-PC-10005,96,245,293,48
INV-600150,2023-09-01,FAC-001,HW-PC-10005,192,451,496,147
INV-600151,2023-10-01,FAC-001,HW-PC-10005,93,460,466,87
INV-600152,2023-11-01,FAC-001,HW-PC-10005,65,286,271,80
INV-600153,2023-12-01,FAC-001,HW-PC-10005,132,344,412,64
INV-600154,2024-01-01,FAC-001,HW-PC-10005,110,375,391,94
INV-600155,2024-02-01,FAC-001,HW-PC-10005,93,366,432,27
INV-600156,2024-03-01,FAC-001,HW-PC-10005,124,281,307,98
INV-600157,2024-04-01,FAC-001,HW-PC-10005,122,368,464,26
INV-600158,2024-05-01,FAC-001,HW-PC-10005,97,287,362,22
INV-600159,2024-06-01,FAC-001,HW-PC-10005,118,332,400,50
INV-600160,2024-07-01,FAC-001,HW-PC-10005,98,276,324,50
INV-600161,2024-08-01,FAC-001,HW-PC-10005,66,314,306,74
INV-600162,2024-09-01,FAC-001,HW-PC-10005,221,524,626,119
INV-600163,2024-10-01,FAC-001,HW-PC-10005,128,478,477,129
INV-600164,2024-11-01,FAC-001,HW-PC-10005,93,326,363,56
INV-600165,2024-12-01,FAC-001,HW-PC-10005,127,288,393,22
INV-600166,2025-01-01,FAC-001,HW-PC-10005,116,349,377,88
INV-600167,2025-02-01,FAC-001,HW-PC-10005,133,361,386,108
INV-600168,2025-03-01,FAC-001,HW-PC-10005,150,370,488,32
INV-600169,2025-04-01,FAC-001,HW-PC-10005,124,352,396,80
INV-600170,2025-05-01,FAC-001,HW-PC-10005,154,372,399,127
INV-600171,2025-06-01,FAC-001,HW-PC-10005,83,283,333,33
INV-600172,2025-07-01,FAC-001,HW-PC-10005,76,321,344,53
INV-600173,2025-08-01,FAC-001,HW-PC-10005,119,270,357,32
INV-600174,2025-09-01,FAC-001,HW-PC-10005,161,508,557,112
INV-600175,2025-10-01,FAC-001,HW-PC-10005,92,430,481,41
INV-600176,2025-11-01,FAC-001,HW-PC-10005,161,360,494,27
INV-600177,2025-12-01,FAC-001,HW-PC-10005,131,335,437,29
INV-600178,2026-01-01,FAC-001,HW-PC-10005,95,364,385,74
INV-600179,2026-02-01,FAC-001,HW-PC-10005,128,293,366,55
INV-600180,2026-03-01,FAC-001,HW-PC-10005,111,303,361,53
INV-600181,2023-04-01,FAC-001,HW-PC-10006,107,291,339,59
INV-600182,2023-05-01,FAC-001,HW-PC-10006,117,356,435,38
INV-600183,2023-06-01,FAC-001,HW-PC-10006,113,335,414,34
INV-600184,2023-07-01,FAC-001,HW-PC-10006,63,272,253,82
INV-600185,2023-08-01,FAC-001,HW-PC-10006,106,301,362,45
INV-600186,2023-09-01,FAC-001,HW-PC-10006,98,422,391,129
INV-600187,2023-10-01,FAC-001,HW-PC-10006,153,441,492,102
INV-600188,2023-11-01,FAC-001,HW-PC-10006,137,323,377,83
INV-600189,2023-12-01,FAC-001,HW-PC-10006,131,331,383,79
INV-600190,2024-01-01,FAC-001,HW-PC-10006,142,342,454,30
INV-600191,2024-02-01,FAC-001,HW-PC-10006,127,295,358,64
INV-600192,2024-03-01,FAC-001,HW-PC-10006,96,306,380,22
INV-600193,2024-04-01,FAC-001,HW-PC-10006,92,329,369,52
INV-600194,2024-05-01,FAC-001,HW-PC-10006,66,304,287,83
INV-600195,2024-06-01,FAC-001,HW-PC-10006,69,293,281,81
INV-600196,2024-07-01,FAC-001,HW-PC-10006,71,292,297,66
INV-600197,2024-08-01,FAC-001,HW-PC-10006,99,313,364,48
INV-600198,2024-09-01,FAC-001,HW-PC-10006,103,416,393,126
INV-600199,2024-10-01,FAC-001,HW-PC-10006,112,416,414,114
INV-600200,2024-11-01,FAC-001,HW-PC-10006,66,289,298,57
INV-600201,2024-12-01,FAC-001,HW-PC-10006,87,300,329,58
INV-600202,2025-01-01,FAC-001,HW-PC-10006,73,348,383,38
INV-600203,2025-02-01,FAC-001,HW-PC-10006,75,342,385,32
INV-600204,2025-03-01,FAC-001,HW-PC-10006,79,371,362,88
INV-600205,2025-04-01,FAC-001,HW-PC-10006,139,360,392,107
INV-600206,2025-05-01,FAC-001,HW-PC-10006,88,301,329,60
INV-600207,2025-06-01,FAC-001,HW-PC-10006,99,341,370,70
INV-600208,2025-07-01,FAC-001,HW-PC-10006,62,301,290,73
INV-600209,2025-08-01,FAC-001,HW-PC-10006,126,298,361,63
INV-600210,2025-09-01,FAC-001,HW-PC-10006,105,466,479,92
INV-600211,2025-10-01,FAC-001,HW-PC-10006,121,466,471,116
INV-600212,2025-11-01,FAC-001,HW-PC-10006,64,317,310,71
INV-600213,2025-12-01,FAC-001,HW-PC-10006,84,301,297,88
INV-600214,2026-01-01,FAC-001,HW-PC-10006,128,368,439,57
INV-600215,2026-02-01,FAC-001,HW-PC-10006,116,358,363,111
INV-600216,2026-03-01,FAC-001,HW-PC-10006,115,333,402,46
INV-600217,2023-04-01,FAC-001,HW-PC-10007,79,293,306,66
INV-600218,2023-05-01,FAC-001,HW-PC-10007,117,344,378,83
INV-600219,2023-06-01,FAC-001,HW-PC-10007,132,378,406,104
INV-600220,2023-07-01,FAC-001,HW-PC-10007,58,246,242,62
INV-600221,2023-08-01,FAC-001,HW-PC-10007,61,251,251,61
INV-600222,2023-09-01,FAC-001,HW-PC-10007,176,416,453,139
INV-600223,2023-10-01,FAC-001,HW-PC-10007,140,465,572,33
INV-600224,2023-11-01,FAC-001,HW-PC-10007,87,291,356,22
INV-600225,2023-12-01,FAC-001,HW-PC-10007,147,366,411,102
INV-600226,2024-01-01,FAC-001,HW-PC-10007,109,297,379,27
INV-600227,2024-02-01,FAC-001,HW-PC-10007,114,335,361,88
INV-600228,2024-03-01,FAC-001,HW-PC-10007,87,356,360,83
INV-600229,2024-04-01,FAC-001,HW-PC-10007,105,322,340,87
INV-600230,2024-05-01,FAC-001,HW-PC-10007,102,291,317,76
INV-600231,2024-06-01,FAC-001,HW-PC-10007,80,338,353,65
INV-600232,2024-07-01,FAC-001,HW-PC-10007,60,283,280,63
INV-600233,2024-08-01,FAC-001,HW-PC-10007,53,249,286,16
INV-600234,2024-09-01,FAC-001,HW-PC-10007,175,437,490,122
INV-600235,2024-10-01,FAC-001,HW-PC-10007,189,487,587,89
INV-600236,2024-11-01,FAC-001,HW-PC-10007,99,327,349,77
INV-600237,2024-12-01,FAC-001,HW-PC-10007,151,372,493,30
INV-600238,2025-01-01,FAC-001,HW-PC-10007,111,292,377,26
INV-600239,2025-02-01,FAC-001,HW-PC-10007,64,298,325,37
INV-600240,2025-03-01,FAC-001,HW-PC-10007,138,337,369,106
INV-600241,2025-04-01,FAC-001,HW-PC-10007,89,359,350,98
INV-600242,2025-05-01,FAC-001,HW-PC-10007,119,296,366,49
INV-600243,2025-06-01,FAC-001,HW-PC-10007,96,332,396,32
INV-600244,2025-07-01,FAC-001,HW-PC-10007,109,271,318,62
INV-600245,2025-08-01,FAC-001,HW-PC-10007,85,270,287,68
INV-600246,2025-09-01,FAC-001,HW-PC-10007,161,496,523,134
INV-600247,2025-10-01,FAC-001,HW-PC-10007,153,517,575,95
INV-600248,2025-11-01,FAC-001,HW-PC-10007,131,370,387,114
INV-600249,2025-12-01,FAC-001,HW-PC-10007,133,373,413,93
INV-600250,2026-01-01,FAC-001,HW-PC-10007,117,294,359,52
INV-600251,2026-02-01,FAC-001,HW-PC-10007,141,333,430,44
INV-600252,2026-03-01,FAC-001,HW-PC-10007,81,295,300,76
INV-600253,2023-04-01,FAC-001,HW-PC-10008,96,283,342,37
INV-600254,2023-05-01,FAC-001,HW-PC-10008,104,367,430,41
INV-600255,2023-06-01,FAC-001,HW-PC-10008,119,291,317,93
INV-600256,2023-07-01,FAC-001,HW-PC-10008,108,271,295,84
INV-600257,2023-08-01,FAC-001,HW-PC-10008,97,257,316,38
INV-600258,2023-09-01,FAC-001,HW-PC-10008,179,481,566,94
INV-600259,2023-10-01,FAC-001,HW-PC-10008,122,427,431,118
INV-600260,2023-11-01,FAC-001,HW-PC-10008,127,370,412,85
INV-600261,2023-12-01,FAC-001,HW-PC-10008,142,326,365,103
INV-600262,2024-01-01,FAC-001,HW-PC-10008,110,338,390,58
INV-600263,2024-02-01,FAC-001,HW-PC-10008,117,282,373,26
INV-600264,2024-03-01,FAC-001,HW-PC-10008,125,336,430,31
INV-600265,2024-04-01,FAC-001,HW-PC-10008,83,350,374,59
INV-600266,2024-05-01,FAC-001,HW-PC-10008,104,340,398,46
INV-600267,2024-06-01,FAC-001,HW-PC-10008,160,373,447,86
INV-600268,2024-07-01,FAC-001,HW-PC-10008,110,247,327,30
INV-600269,2024-08-01,FAC-001,HW-PC-10008,106,248,327,27
INV-600270,2024-09-01,FAC-001,HW-PC-10008,161,464,518,107
INV-600271,2024-10-01,FAC-001,HW-PC-10008,113,400,467,46
INV-600272,2024-11-01,FAC-001,HW-PC-10008,79,280,297,62
INV-600273,2024-12-01,FAC-001,HW-PC-10008,143,333,389,87
INV-600274,2025-01-01,FAC-001,HW-PC-10008,120,314,364,70
INV-600275,2025-02-01,FAC-001,HW-PC-10008,94,302,308,88
INV-600276,2025-03-01,FAC-001,HW-PC-10008,96,297,327,66
INV-600277,2025-04-01,FAC-001,HW-PC-10008,107,371,414,64
INV-600278,2025-05-01,FAC-001,HW-PC-10008,69,343,363,49
INV-600279,2025-06-01,FAC-001,HW-PC-10008,131,298,334,95
INV-600280,2025-07-01,FAC-001,HW-PC-10008,60,273,316,17
INV-600281,2025-08-01,FAC-001,HW-PC-10008,97,280,287,90
INV-600282,2025-09-01,FAC-001,HW-PC-10008,125,496,577,44
INV-600283,2025-10-01,FAC-001,HW-PC-10008,104,421,397,128
INV-600284,2025-11-01,FAC-001,HW-PC-10008,111,327,334,104
INV-600285,2025-12-01,FAC-001,HW-PC-10008,111,357,400,68
INV-600286,2026-01-01,FAC-001,HW-PC-10008,97,324,362,59
INV-600287,2026-02-01,FAC-001,HW-PC-10008,72,295,338,29
INV-600288,2026-03-01,FAC-001,HW-PC-10008,109,374,388,95
INV-600289,2023-04-01,FAC-001,HW-PC-10009,66,320,301,85
INV-600290,2023-05-01,FAC-001,HW-PC-10009,128,351,361,118
INV-600291,2023-06-01,FAC-001,HW-PC-10009,77,302,335,44
INV-600292,2023-07-01,FAC-001,HW-PC-10009,54,240,267,27
INV-600293,2023-08-01,FAC-001,HW-PC-10009,91,253,274,70
INV-600294,2023-09-01,FAC-001,HW-PC-10009,105,406,457,54
INV-600295,2023-10-01,FAC-001,HW-PC-10009,208,511,596,123
INV-600296,2023-11-01,FAC-001,HW-PC-10009,86,346,349,83
INV-600297,2023-12-01,FAC-001,HW-PC-10009,74,369,339,104
INV-600298,2024-01-01,FAC-001,HW-PC-10009,62,301,285,78
INV-600299,2024-02-01,FAC-001,HW-PC-10009,103,338,409,32
INV-600300,2024-03-01,FAC-001,HW-PC-10009,103,361,372,92
INV-600301,2024-04-01,FAC-001,HW-PC-10009,110,318,343,85
INV-600302,2024-05-01,FAC-001,HW-PC-10009,103,342,382,63
INV-600303,2024-06-01,FAC-001,HW-PC-10009,88,323,386,25
INV-600304,2024-07-01,FAC-001,HW-PC-10009,70,302,343,29
INV-600305,2024-08-01,FAC-001,HW-PC-10009,118,279,361,36
INV-600306,2024-09-01,FAC-001,HW-PC-10009,92,451,436,107
INV-600307,2024-10-01,FAC-001,HW-PC-10009,167,467,508,126
INV-600308,2024-11-01,FAC-001,HW-PC-10009,120,294,392,22
INV-600309,2024-12-01,FAC-001,HW-PC-10009,80,332,331,81
INV-600310,2025-01-01,FAC-001,HW-PC-10009,120,282,310,92
INV-600311,2025-02-01,FAC-001,HW-PC-10009,90,337,367,60
INV-600312,2025-03-01,FAC-001,HW-PC-10009,140,344,382,102
INV-600313,2025-04-01,FAC-001,HW-PC-10009,65,281,321,25
INV-600314,2025-05-01,FAC-001,HW-PC-10009,128,367,430,65
INV-600315,2025-06-01,FAC-001,HW-PC-10009,84,346,401,29
INV-600316,2025-07-01,FAC-001,HW-PC-10009,80,273,301,52
INV-600317,2025-08-01,FAC-001,HW-PC-10009,58,242,269,31
INV-600318,2025-09-01,FAC-001,HW-PC-10009,141,404,435,110
INV-600319,2025-10-01,FAC-001,HW-PC-10009,121,446,465,102
INV-600320,2025-11-01,FAC-001,HW-PC-10009,96,351,385,62
INV-600321,2025-12-01,FAC-001,HW-PC-10009,119,327,418,28
INV-600322,2026-01-01,FAC-001,HW-PC-10009,89,353,334,108
INV-600323,2026-02-01,FAC-001,HW-PC-10009,106,306,313,99
INV-600324,2026-03-01,FAC-001,HW-PC-10009,114,329,361,82
INV-600325,2023-04-01,FAC-001,HW-PC-10010,63,291,317,37
INV-600326,2023-05-01,FAC-001,HW-PC-10010,122,329,377,74
INV-600327,2023-06-01,FAC-001,HW-PC-10010,123,304,388,39
INV-600328,2023-07-01,FAC-001,HW-PC-10010,79,296,325,50
INV-600329,2023-08-01,FAC-001,HW-PC-10010,59,268,305,22
INV-600330,2023-09-01,FAC-001,HW-PC-10010,179,411,495,95
INV-600331,2023-10-01,FAC-001,HW-PC-10010,140,418,515,43
INV-600332,2023-11-01,FAC-001,HW-PC-10010,141,352,434,59
INV-600333,2023-12-01,FAC-001,HW-PC-10010,143,349,393,99
INV-600334,2024-01-01,FAC-001,HW-PC-10010,83,328,389,22
INV-600335,2024-02-01,FAC-001,HW-PC-10010,78,373,401,50
INV-600336,2024-03-01,FAC-001,HW-PC-10010,91,372,399,64
INV-600337,2024-04-01,FAC-001,HW-PC-10010,77,371,398,50
INV-600338,2024-05-01,FAC-001,HW-PC-10010,133,309,417,25
INV-600339,2024-06-01,FAC-001,HW-PC-10010,118,373,452,39
INV-600340,2024-07-01,FAC-001,HW-PC-10010,86,309,361,34
INV-600341,2024-08-01,FAC-001,HW-PC-10010,84,241,258,67
INV-600342,2024-09-01,FAC-001,HW-PC-10010,89,409,442,56
INV-600343,2024-10-01,FAC-001,HW-PC-10010,167,439,462,144
INV-600344,2024-11-01,FAC-001,HW-PC-10010,104,311,376,39
INV-600345,2024-12-01,FAC-001,HW-PC-10010,111,312,392,31
INV-600346,2025-01-01,FAC-001,HW-PC-10010,88,341,323,106
INV-600347,2025-02-01,FAC-001,HW-PC-10010,75,366,407,34
INV-600348,2025-03-01,FAC-001,HW-PC-10010,144,332,433,43
INV-600349,2025-04-01,FAC-001,HW-PC-10010,109,379,440,48
INV-600350,2025-05-01,FAC-001,HW-PC-10010,102,320,369,53
INV-600351,2025-06-01,FAC-001,HW-PC-10010,163,366,478,51
INV-600352,2025-07-01,FAC-001,HW-PC-10010,83,273,319,37
INV-600353,2025-08-01,FAC-001,HW-PC-10010,58,258,259,57
INV-600354,2025-09-01,FAC-001,HW-PC-10010,118,432,438,112
INV-600355,2025-10-01,FAC-001,HW-PC-10010,81,398,453,26
INV-600356,2025-11-01,FAC-001,HW-PC-10010,95,322,369,48
INV-600357,2025-12-01,FAC-001,HW-PC-10010,132,302,393,41
INV-600358,2026-01-01,FAC-001,HW-PC-10010,87,289,348,28
INV-600359,2026-02-01,FAC-001,HW-PC-10010,118,374,429,63
INV-600360,2026-03-01,FAC-001,HW-PC-10010,132,297,341,88
INV-600361,2023-04-01,FAC-001,HW-PC-10011,66,189,217,38
INV-600362,2023-05-01,FAC-001,HW-PC-10011,40,166,163,43
INV-600363,2023-06-01,FAC-001,HW-PC-10011,64,163,186,41
INV-600364,2023-07-01,FAC-001,HW-PC-10011,58,133,177,14
INV-600365,2023-08-01,FAC-001,HW-PC-10011,77,173,196,54
INV-600366,2023-09-01,FAC-001,HW-PC-10011,95,245,302,38
INV-600367,2023-10-01,FAC-001,HW-PC-10011,91,227,252,66
INV-600368,2023-11-01,FAC-001,HW-PC-10011,55,166,191,30
INV-600369,2023-12-01,FAC-001,HW-PC-10011,41,185,209,17
INV-600370,2024-01-01,FAC-001,HW-PC-10011,39,168,192,15
INV-600371,2024-02-01,FAC-001,HW-PC-10011,85,205,264,26
INV-600372,2024-03-01,FAC-001,HW-PC-10011,63,189,193,59
INV-600373,2024-04-01,FAC-001,HW-PC-10011,51,176,182,45
INV-600374,2024-05-01,FAC-001,HW-PC-10011,62,193,195,60
INV-600375,2024-06-01,FAC-001,HW-PC-10011,61,165,172,54
INV-600376,2024-07-01,FAC-001,HW-PC-10011,55,170,190,35
INV-600377,2024-08-01,FAC-001,HW-PC-10011,64,158,181,41
INV-600378,2024-09-01,FAC-001,HW-PC-10011,90,266,286,70
INV-600379,2024-10-01,FAC-001,HW-PC-10011,112,282,347,47
INV-600380,2024-11-01,FAC-001,HW-PC-10011,83,200,252,31
INV-600381,2024-12-01,FAC-001,HW-PC-10011,74,199,241,32
INV-600382,2025-01-01,FAC-001,HW-PC-10011,72,187,202,57
INV-600383,2025-02-01,FAC-001,HW-PC-10011,84,201,215,70
INV-600384,2025-03-01,FAC-001,HW-PC-10011,45,198,198,45
INV-600385,2025-04-01,FAC-001,HW-PC-10011,46,194,219,21
INV-600386,2025-05-01,FAC-001,HW-PC-10011,65,199,198,66
INV-600387,2025-06-01,FAC-001,HW-PC-10011,59,169,215,13
INV-600388,2025-07-01,FAC-001,HW-PC-10011,42,159,176,25
INV-600389,2025-08-01,FAC-001,HW-PC-10011,61,155,166,50
INV-600390,2025-09-01,FAC-001,HW-PC-10011,91,273,343,21
INV-600391,2025-10-01,FAC-001,HW-PC-10011,86,241,306,21
INV-600392,2025-11-01,FAC-001,HW-PC-10011,69,159,202,26
INV-600393,2025-12-01,FAC-001,HW-PC-10011,43,157,178,22
INV-600394,2026-01-01,FAC-001,HW-PC-10011,54,157,172,39
INV-600395,2026-02-01,FAC-001,HW-PC-10011,39,187,208,18
INV-600396,2026-03-01,FAC-001,HW-PC-10011,91,206,267,30
INV-600397,2023-04-01,FAC-001,HW-PC-10012,40,195,177,58
INV-600398,2023-05-01,FAC-001,HW-PC-10012,55,171,204,22
INV-600399,2023-06-01,FAC-001,HW-PC-10012,59,190,200,49
INV-600400,2023-07-01,FAC-001,HW-PC-10012,53,176,192,37
INV-600401,2023-08-01,FAC-001,HW-PC-10012,55,138,171,22
INV-600402,2023-09-01,FAC-001,HW-PC-10012,51,232,250,33
INV-600403,2023-10-01,FAC-001,HW-PC-10012,71,265,315,21
INV-600404,2023-11-01,FAC-001,HW-PC-10012,49,162,198,13
INV-600405,2023-12-01,FAC-001,HW-PC-10012,63,176,198,41
INV-600406,2024-01-01,FAC-001,HW-PC-10012,74,168,201,41
INV-600407,2024-02-01,FAC-001,HW-PC-10012,52,202,201,53
INV-600408,2024-03-01,FAC-001,HW-PC-10012,56,155,173,38
INV-600409,2024-04-01,FAC-001,HW-PC-10012,63,200,248,15
INV-600410,2024-05-01,FAC-001,HW-PC-10012,67,163,208,22
INV-600411,2024-06-01,FAC-001,HW-PC-10012,80,195,248,27
INV-600412,2024-07-01,FAC-001,HW-PC-10012,37,159,148,48
INV-600413,2024-08-01,FAC-001,HW-PC-10012,61,173,212,22
INV-600414,2024-09-01,FAC-001,HW-PC-10012,57,251,238,70
INV-600415,2024-10-01,FAC-001,HW-PC-10012,82,267,275,74
INV-600416,2024-11-01,FAC-001,HW-PC-10012,38,180,188,30
INV-600417,2024-12-01,FAC-001,HW-PC-10012,67,168,190,45
INV-600418,2025-01-01,FAC-001,HW-PC-10012,36,178,163,51
INV-600419,2025-02-01,FAC-001,HW-PC-10012,55,175,200,30
INV-600420,2025-03-01,FAC-001,HW-PC-10012,63,169,213,19
INV-600421,2025-04-01,FAC-001,HW-PC-10012,41,196,200,37
INV-600422,2025-05-01,FAC-001,HW-PC-10012,41,159,189,11
INV-600423,2025-06-01,FAC-001,HW-PC-10012,52,161,186,27
INV-600424,2025-07-01,FAC-001,HW-PC-10012,55,163,163,55
INV-600425,2025-08-01,FAC-001,HW-PC-10012,47,145,147,45
INV-600426,2025-09-01,FAC-001,HW-PC-10012,50,242,223,69
INV-600427,2025-10-01,FAC-001,HW-PC-10012,57,245,260,42
INV-600428,2025-11-01,FAC-001,HW-PC-10012,76,191,210,57
INV-600429,2025-12-01,FAC-001,HW-PC-10012,36,162,173,25
INV-600430,2026-01-01,FAC-001,HW-PC-10012,39,192,216,15
INV-600431,2026-02-01,FAC-001,HW-PC-10012,52,156,185,23
INV-600432,2026-03-01,FAC-001,HW-PC-10012,76,201,252,25
INV-600433,2023-04-01,FAC-001,HW-PC-10013,43,198,223,18
INV-600434,2023-05-01,FAC-001,HW-PC-10013,73,183,215,41
INV-600435,2023-06-01,FAC-001,HW-PC-10013,62,188,224,26
INV-600436,2023-07-01,FAC-001,HW-PC-10013,28,134,129,33
INV-600437,2023-08-01,FAC-001,HW-PC-10013,57,138,154,41
INV-600438,2023-09-01,FAC-001,HW-PC-10013,82,289,291,80
INV-600439,2023-10-01,FAC-001,HW-PC-10013,100,275,318,57
INV-600440,2023-11-01,FAC-001,HW-PC-10013,69,184,201,52
INV-600441,2023-12-01,FAC-001,HW-PC-10013,91,207,262,36
INV-600442,2024-01-01,FAC-001,HW-PC-10013,60,164,171,53
INV-600443,2024-02-01,FAC-001,HW-PC-10013,40,155,164,31
INV-600444,2024-03-01,FAC-001,HW-PC-10013,76,200,247,29
INV-600445,2024-04-01,FAC-001,HW-PC-10013,50,176,186,40
INV-600446,2024-05-01,FAC-001,HW-PC-10013,43,207,230,20
INV-600447,2024-06-01,FAC-001,HW-PC-10013,57,185,216,26
INV-600448,2024-07-01,FAC-001,HW-PC-10013,64,153,201,16
INV-600449,2024-08-01,FAC-001,HW-PC-10013,40,150,165,25
INV-600450,2024-09-01,FAC-001,HW-PC-10013,71,284,310,45
INV-600451,2024-10-01,FAC-001,HW-PC-10013,100,263,281,82
INV-600452,2024-11-01,FAC-001,HW-PC-10013,82,192,215,59
INV-600453,2024-12-01,FAC-001,HW-PC-10013,73,166,187,52
INV-600454,2025-01-01,FAC-001,HW-PC-10013,64,200,211,53
INV-600455,2025-02-01,FAC-001,HW-PC-10013,62,201,224,39
INV-600456,2025-03-01,FAC-001,HW-PC-10013,60,173,182,51
INV-600457,2025-04-01,FAC-001,HW-PC-10013,77,175,202,50
INV-600458,2025-05-01,FAC-001,HW-PC-10013,53,189,218,24
INV-600459,2025-06-01,FAC-001,HW-PC-10013,70,160,193,37
INV-600460,2025-07-01,FAC-001,HW-PC-10013,30,141,134,37
INV-600461,2025-08-01,FAC-001,HW-PC-10013,43,154,180,17
INV-600462,2025-09-01,FAC-001,HW-PC-10013,65,248,273,40
INV-600463,2025-10-01,FAC-001,HW-PC-10013,65,269,261,73
INV-600464,2025-11-01,FAC-001,HW-PC-10013,59,155,188,26
INV-600465,2025-12-01,FAC-001,HW-PC-10013,73,179,229,23
INV-600466,2026-01-01,FAC-001,HW-PC-10013,77,185,207,55
INV-600467,2026-02-01,FAC-001,HW-PC-10013,42,159,153,48
INV-600468,2026-03-01,FAC-001,HW-PC-10013,79,182,197,64
INV-600469,2023-04-01,FAC-001,HW-PC-10014,77,178,207,48
INV-600470,2023-05-01,FAC-001,HW-PC-10014,38,181,170,49
INV-600471,2023-06-01,FAC-001,HW-PC-10014,91,207,223,75
INV-600472,2023-07-01,FAC-001,HW-PC-10014,62,174,217,19
INV-600473,2023-08-01,FAC-001,HW-PC-10014,49,151,169,31
INV-600474,2023-09-01,FAC-001,HW-PC-10014,62,266,247,81
INV-600475,2023-10-01,FAC-001,HW-PC-10014,89,238,258,69
INV-600476,2023-11-01,FAC-001,HW-PC-10014,84,190,210,64
INV-600477,2023-12-01,FAC-001,HW-PC-10014,59,190,229,20
INV-600478,2024-01-01,FAC-001,HW-PC-10014,60,163,204,19
INV-600479,2024-02-01,FAC-001,HW-PC-10014,76,205,238,43
INV-600480,2024-03-01,FAC-001,HW-PC-10014,78,187,228,37
INV-600481,2024-04-01,FAC-001,HW-PC-10014,67,155,197,25
INV-600482,2024-05-01,FAC-001,HW-PC-10014,48,190,209,29
INV-600483,2024-06-01,FAC-001,HW-PC-10014,63,175,183,55
INV-600484,2024-07-01,FAC-001,HW-PC-10014,72,161,176,57
INV-600485,2024-08-01,FAC-001,HW-PC-10014,52,175,209,18
INV-600486,2024-09-01,FAC-001,HW-PC-10014,93,274,329,38
INV-600487,2024-10-01,FAC-001,HW-PC-10014,84,282,298,68
INV-600488,2024-11-01,FAC-001,HW-PC-10014,76,190,240,26
INV-600489,2024-12-01,FAC-001,HW-PC-10014,60,197,234,23
INV-600490,2025-01-01,FAC-001,HW-PC-10014,53,160,159,54
INV-600491,2025-02-01,FAC-001,HW-PC-10014,49,171,182,38
INV-600492,2025-03-01,FAC-001,HW-PC-10014,56,191,207,40
INV-600493,2025-04-01,FAC-001,HW-PC-10014,48,166,170,44
INV-600494,2025-05-01,FAC-001,HW-PC-10014,55,157,187,25
INV-600495,2025-06-01,FAC-001,HW-PC-10014,59,187,203,43
INV-600496,2025-07-01,FAC-001,HW-PC-10014,56,170,191,35
INV-600497,2025-08-01,FAC-001,HW-PC-10014,37,131,138,30
INV-600498,2025-09-01,FAC-001,HW-PC-10014,84,245,281,48
INV-600499,2025-10-01,FAC-001,HW-PC-10014,102,261,331,32
INV-600500,2025-11-01,FAC-001,HW-PC-10014,84,192,208,68
INV-600501,2025-12-01,FAC-001,HW-PC-10014,33,164,173,24
INV-600502,2026-01-01,FAC-001,HW-PC-10014,52,202,237,17
INV-600503,2026-02-01,FAC-001,HW-PC-10014,68,157,184,41
INV-600504,2026-03-01,FAC-001,HW-PC-10014,51,159,168,42
INV-600505,2023-04-01,FAC-001,HW-PC-10015,105,263,315,53
INV-600506,2023-05-01,FAC-001,HW-PC-10015,93,264,318,39
INV-600507,2023-06-01,FAC-001,HW-PC-10015,78,260,261,77
INV-600508,2023-07-01,FAC-001,HW-PC-10015,79,215,231,63
INV-600509,2023-08-01,FAC-001,HW-PC-10015,90,239,253,76
INV-600510,2023-09-01,FAC-001,HW-PC-10015,105,399,475,29
INV-600511,2023-10-01,FAC-001,HW-PC-10015,156,390,469,77
INV-600512,2023-11-01,FAC-001,HW-PC-10015,86,241,307,20
INV-600513,2023-12-01,FAC-001,HW-PC-10015,116,288,374,30
INV-600514,2024-01-01,FAC-001,HW-PC-10015,65,257,280,42
INV-600515,2024-02-01,FAC-001,HW-PC-10015,111,272,356,27
INV-600516,2024-03-01,FAC-001,HW-PC-10015,69,267,304,32
INV-600517,2024-04-01,FAC-001,HW-PC-10015,105,261,305,61
INV-600518,2024-05-01,FAC-001,HW-PC-10015,65,294,314,45
INV-600519,2024-06-01,FAC-001,HW-PC-10015,95,275,289,81
INV-600520,2024-07-01,FAC-001,HW-PC-10015,105,254,284,75
INV-600521,2024-08-01,FAC-001,HW-PC-10015,43,209,221,31
INV-600522,2024-09-01,FAC-001,HW-PC-10015,136,404,430,110
INV-600523,2024-10-01,FAC-001,HW-PC-10015,132,379,434,77
INV-600524,2024-11-01,FAC-001,HW-PC-10015,74,320,350,44
INV-600525,2024-12-01,FAC-001,HW-PC-10015,83,271,316,38
INV-600526,2025-01-01,FAC-001,HW-PC-10015,132,296,331,97
INV-600527,2025-02-01,FAC-001,HW-PC-10015,93,246,293,46
INV-600528,2025-03-01,FAC-001,HW-PC-10015,57,261,243,75
INV-600529,2025-04-01,FAC-001,HW-PC-10015,77,313,317,73
INV-600530,2025-05-01,FAC-001,HW-PC-10015,74,257,252,79
INV-600531,2025-06-01,FAC-001,HW-PC-10015,60,281,310,31
INV-600532,2025-07-01,FAC-001,HW-PC-10015,73,218,269,22
INV-600533,2025-08-01,FAC-001,HW-PC-10015,82,248,268,62
INV-600534,2025-09-01,FAC-001,HW-PC-10015,136,372,482,26
INV-600535,2025-10-01,FAC-001,HW-PC-10015,139,411,492,58
INV-600536,2025-11-01,FAC-001,HW-PC-10015,59,277,289,47
INV-600537,2025-12-01,FAC-001,HW-PC-10015,77,318,350,45
INV-600538,2026-01-01,FAC-001,HW-PC-10015,84,254,260,78
INV-600539,2026-02-01,FAC-001,HW-PC-10015,106,275,312,69
INV-600540,2026-03-01,FAC-001,HW-PC-10015,116,293,382,27
INV-600541,2023-04-01,FAC-001,HW-PC-10016,64,271,317,18
INV-600542,2023-05-01,FAC-001,HW-PC-10016,105,315,385,35
INV-600543,2023-06-01,FAC-001,HW-PC-10016,100,281,292,89
INV-600544,2023-07-01,FAC-001,HW-PC-10016,59,256,288,27
INV-600545,2023-08-01,FAC-001,HW-PC-10016,97,258,268,87
INV-600546,2023-09-01,FAC-001,HW-PC-10016,97,368,382,83
INV-600547,2023-10-01,FAC-001,HW-PC-10016,148,343,422,69
INV-600548,2023-11-01,FAC-001,HW-PC-10016,78,263,286,55
INV-600549,2023-12-01,FAC-001,HW-PC-10016,94,288,356,26
INV-600550,2024-01-01,FAC-001,HW-PC-10016,125,279,371,33
INV-600551,2024-02-01,FAC-001,HW-PC-10016,110,255,282,83
INV-600552,2024-03-01,FAC-001,HW-PC-10016,90,306,366,30
INV-600553,2024-04-01,FAC-001,HW-PC-10016,124,310,394,40
INV-600554,2024-05-01,FAC-001,HW-PC-10016,57,263,265,55
INV-600555,2024-06-01,FAC-001,HW-PC-10016,94,252,283,63
INV-600556,2024-07-01,FAC-001,HW-PC-10016,97,271,336,32
INV-600557,2024-08-01,FAC-001,HW-PC-10016,87,211,278,20
INV-600558,2024-09-01,FAC-001,HW-PC-10016,137,390,475,52
INV-600559,2024-10-01,FAC-001,HW-PC-10016,114,353,387,80
INV-600560,2024-11-01,FAC-001,HW-PC-10016,72,250,245,77
INV-600561,2024-12-01,FAC-001,HW-PC-10016,56,240,279,17
INV-600562,2025-01-01,FAC-001,HW-PC-10016,125,284,342,67
INV-600563,2025-02-01,FAC-001,HW-PC-10016,86,264,293,57
INV-600564,2025-03-01,FAC-001,HW-PC-10016,88,246,264,70
INV-600565,2025-04-01,FAC-001,HW-PC-10016,105,290,308,87
INV-600566,2025-05-01,FAC-001,HW-PC-10016,96,243,285,54
INV-600567,2025-06-01,FAC-001,HW-PC-10016,108,242,266,84
INV-600568,2025-07-01,FAC-001,HW-PC-10016,111,251,288,74
INV-600569,2025-08-01,FAC-001,HW-PC-10016,48,212,210,50
INV-600570,2025-09-01,FAC-001,HW-PC-10016,128,345,360,113
INV-600571,2025-10-01,FAC-001,HW-PC-10016,176,393,519,50
INV-600572,2025-11-01,FAC-001,HW-PC-10016,79,289,321,47
INV-600573,2025-12-01,FAC-001,HW-PC-10016,86,282,285,83
INV-600574,2026-01-01,FAC-001,HW-PC-10016,97,312,322,87
INV-600575,2026-02-01,FAC-001,HW-PC-10016,81,268,319,30
INV-600576,2026-03-01,FAC-001,HW-PC-10016,117,299,312,104
INV-600577,2023-04-01,FAC-001,HW-PC-10017,56,278,267,67
INV-600578,2023-05-01,FAC-001,HW-PC-10017,70,301,317,54
INV-600579,2023-06-01,FAC-001,HW-PC-10017,51,256,245,62
INV-600580,2023-07-01,FAC-001,HW-PC-10017,108,271,356,23
INV-600581,2023-08-01,FAC-001,HW-PC-10017,53,237,249,41
INV-600582,2023-09-01,FAC-001,HW-PC-10017,158,386,418,126
INV-600583,2023-10-01,FAC-001,HW-PC-10017,92,390,392,90
INV-600584,2023-11-01,FAC-001,HW-PC-10017,95,299,325,69
INV-600585,2023-12-01,FAC-001,HW-PC-10017,85,271,322,34
INV-600586,2024-01-01,FAC-001,HW-PC-10017,136,312,406,42
INV-600587,2024-02-01,FAC-001,HW-PC-10017,98,264,303,59
INV-600588,2024-03-01,FAC-001,HW-PC-10017,106,259,276,89
INV-600589,2024-04-01,FAC-001,HW-PC-10017,98,313,360,51
INV-600590,2024-05-01,FAC-001,HW-PC-10017,124,293,365,52
INV-600591,2024-06-01,FAC-001,HW-PC-10017,62,289,299,52
INV-600592,2024-07-01,FAC-001,HW-PC-10017,81,213,250,44
INV-600593,2024-08-01,FAC-001,HW-PC-10017,52,250,231,71
INV-600594,2024-09-01,FAC-001,HW-PC-10017,90,417,387,120
INV-600595,2024-10-01,FAC-001,HW-PC-10017,146,334,430,50
INV-600596,2024-11-01,FAC-001,HW-PC-10017,73,267,278,62
INV-600597,2024-12-01,FAC-001,HW-PC-10017,110,303,325,88
INV-600598,2025-01-01,FAC-001,HW-PC-10017,56,252,271,37
INV-600599,2025-02-01,FAC-001,HW-PC-10017,80,302,288,94
INV-600600,2025-03-01,FAC-001,HW-PC-10017,107,244,283,68
INV-600601,2025-04-01,FAC-001,HW-PC-10017,107,302,337,72
INV-600602,2025-05-01,FAC-001,HW-PC-10017,58,255,273,40
INV-600603,2025-06-01,FAC-001,HW-PC-10017,109,303,352,60
INV-600604,2025-07-01,FAC-001,HW-PC-10017,90,205,268,27
INV-600605,2025-08-01,FAC-001,HW-PC-10017,99,223,280,42
INV-600606,2025-09-01,FAC-001,HW-PC-10017,155,401,507,49
INV-600607,2025-10-01,FAC-001,HW-PC-10017,95,410,412,93
INV-600608,2025-11-01,FAC-001,HW-PC-10017,80,315,325,70
INV-600609,2025-12-01,FAC-001,HW-PC-10017,84,274,312,46
INV-600610,2026-01-01,FAC-001,HW-PC-10017,82,317,308,91
INV-600611,2026-02-01,FAC-001,HW-PC-10017,107,254,317,44
INV-600612,2026-03-01,FAC-001,HW-PC-10017,105,262,338,29
INV-600613,2023-04-01,FAC-001,HW-PC-10018,82,315,357,40
INV-600614,2023-05-01,FAC-001,HW-PC-10018,113,276,348,41
INV-600615,2023-06-01,FAC-001,HW-PC-10018,110,303,324,89
INV-600616,2023-07-01,FAC-001,HW-PC-10018,107,241,326,22
INV-600617,2023-08-01,FAC-001,HW-PC-10018,49,205,197,57
INV-600618,2023-09-01,FAC-001,HW-PC-10018,169,418,465,122
INV-600619,2023-10-01,FAC-001,HW-PC-10018,160,392,494,58
INV-600620,2023-11-01,FAC-001,HW-PC-10018,98,283,324,57
INV-600621,2023-12-01,FAC-001,HW-PC-10018,89,262,311,40
INV-600622,2024-01-01,FAC-001,HW-PC-10018,111,311,380,42
INV-600623,2024-02-01,FAC-001,HW-PC-10018,79,251,248,82
INV-600624,2024-03-01,FAC-001,HW-PC-10018,98,258,337,19
INV-600625,2024-04-01,FAC-001,HW-PC-10018,73,246,290,29
INV-600626,2024-05-01,FAC-001,HW-PC-10018,86,255,305,36
INV-600627,2024-06-01,FAC-001,HW-PC-10018,71,289,295,65
INV-600628,2024-07-01,FAC-001,HW-PC-10018,87,258,259,86
INV-600629,2024-08-01,FAC-001,HW-PC-10018,53,256,277,32
INV-600630,2024-09-01,FAC-001,HW-PC-10018,156,357,422,91
INV-600631,2024-10-01,FAC-001,HW-PC-10018,88,371,372,87
INV-600632,2024-11-01,FAC-001,HW-PC-10018,139,311,370,80
INV-600633,2024-12-01,FAC-001,HW-PC-10018,104,275,351,28
INV-600634,2025-01-01,FAC-001,HW-PC-10018,85,287,309,63
INV-600635,2025-02-01,FAC-001,HW-PC-10018,59,296,310,45
INV-600636,2025-03-01,FAC-001,HW-PC-10018,106,267,286,87
INV-600637,2025-04-01,FAC-001,HW-PC-10018,91,287,332,46
INV-600638,2025-05-01,FAC-001,HW-PC-10018,83,243,281,45
INV-600639,2025-06-01,FAC-001,HW-PC-10018,99,285,339,45
INV-600640,2025-07-01,FAC-001,HW-PC-10018,69,259,300,28
INV-600641,2025-08-01,FAC-001,HW-PC-10018,51,237,219,69
INV-600642,2025-09-01,FAC-001,HW-PC-10018,147,372,462,57
INV-600643,2025-10-01,FAC-001,HW-PC-10018,139,425,472,92
INV-600644,2025-11-01,FAC-001,HW-PC-10018,70,250,267,53
INV-600645,2025-12-01,FAC-001,HW-PC-10018,62,245,266,41
INV-600646,2026-01-01,FAC-001,HW-PC-10018,134,299,405,28
INV-600647,2026-02-01,FAC-001,HW-PC-10018,88,291,332,47
INV-600648,2026-03-01,FAC-001,HW-PC-10018,69,303,309,63
INV-600649,2023-04-01,FAC-001,HW-PC-10019,92,270,314,48
INV-600650,2023-05-01,FAC-001,HW-PC-10019,73,253,266,60
INV-600651,2023-06-01,FAC-001,HW-PC-10019,49,240,264,25
INV-600652,2023-07-01,FAC-001,HW-PC-10019,72,221,237,56
INV-600653,2023-08-01,FAC-001,HW-PC-10019,71,269,284,56
INV-600654,2023-09-01,FAC-001,HW-PC-10019,178,435,482,131
INV-600655,2023-10-01,FAC-001,HW-PC-10019,134,427,474,87
INV-600656,2023-11-01,FAC-001,HW-PC-10019,54,249,271,32
INV-600657,2023-12-01,FAC-001,HW-PC-10019,86,279,327,38
INV-600658,2024-01-01,FAC-001,HW-PC-10019,72,302,326,48
INV-600659,2024-02-01,FAC-001,HW-PC-10019,96,249,304,41
INV-600660,2024-03-01,FAC-001,HW-PC-10019,69,318,294,93
INV-600661,2024-04-01,FAC-001,HW-PC-10019,69,261,263,67
INV-600662,2024-05-01,FAC-001,HW-PC-10019,82,314,318,78
INV-600663,2024-06-01,FAC-001,HW-PC-10019,94,301,357,38
INV-600664,2024-07-01,FAC-001,HW-PC-10019,66,206,205,67
INV-600665,2024-08-01,FAC-001,HW-PC-10019,87,206,227,66
INV-600666,2024-09-01,FAC-001,HW-PC-10019,119,395,421,93
INV-600667,2024-10-01,FAC-001,HW-PC-10019,90,439,466,63
INV-600668,2024-11-01,FAC-001,HW-PC-10019,108,318,399,27
INV-600669,2024-12-01,FAC-001,HW-PC-10019,73,242,252,63
INV-600670,2025-01-01,FAC-001,HW-PC-10019,133,299,346,86
INV-600671,2025-02-01,FAC-001,HW-PC-10019,72,292,314,50
INV-600672,2025-03-01,FAC-001,HW-PC-10019,122,276,346,52
INV-600673,2025-04-01,FAC-001,HW-PC-10019,61,267,255,73
INV-600674,2025-05-01,FAC-001,HW-PC-10019,67,256,297,26
INV-600675,2025-06-01,FAC-001,HW-PC-10019,94,285,292,87
INV-600676,2025-07-01,FAC-001,HW-PC-10019,100,263,277,86
INV-600677,2025-08-01,FAC-001,HW-PC-10019,84,252,257,79
INV-600678,2025-09-01,FAC-001,HW-PC-10019,124,387,400,111
INV-600679,2025-10-01,FAC-001,HW-PC-10019,183,444,554,73
INV-600680,2025-11-01,FAC-001,HW-PC-10019,83,276,315,44
INV-600681,2025-12-01,FAC-001,HW-PC-10019,61,283,293,51
INV-600682,2026-01-01,FAC-001,HW-PC-10019,96,305,304,97
INV-600683,2026-02-01,FAC-001,HW-PC-10019,76,304,304,76
INV-600684,2026-03-01,FAC-001,HW-PC-10019,70,251,289,32
INV-600685,2023-04-01,FAC-001,HW-PC-10020,106,255,334,27
INV-600686,2023-05-01,FAC-001,HW-PC-10020,80,311,328,63
INV-600687,2023-06-01,FAC-001,HW-PC-10020,125,320,336,109
INV-600688,2023-07-01,FAC-001,HW-PC-10020,65,206,252,19
INV-600689,2023-08-01,FAC-001,HW-PC-10020,77,240,244,73
INV-600690,2023-09-01,FAC-001,HW-PC-10020,166,410,475,101
INV-600691,2023-10-01,FAC-001,HW-PC-10020,187,424,483,128
INV-600692,2023-11-01,FAC-001,HW-PC-10020,76,281,324,33
INV-600693,2023-12-01,FAC-001,HW-PC-10020,102,286,352,36
INV-600694,2024-01-01,FAC-001,HW-PC-10020,116,271,331,56
INV-600695,2024-02-01,FAC-001,HW-PC-10020,93,251,312,32
INV-600696,2024-03-01,FAC-001,HW-PC-10020,109,264,347,26
INV-600697,2024-04-01,FAC-001,HW-PC-10020,116,261,293,84
INV-600698,2024-05-01,FAC-001,HW-PC-10020,62,254,293,23
INV-600699,2024-06-01,FAC-001,HW-PC-10020,69,292,302,59
INV-600700,2024-07-01,FAC-001,HW-PC-10020,54,246,277,23
INV-600701,2024-08-01,FAC-001,HW-PC-10020,84,259,323,20
INV-600702,2024-09-01,FAC-001,HW-PC-10020,170,382,487,65
INV-600703,2024-10-01,FAC-001,HW-PC-10020,98,407,467,38
INV-600704,2024-11-01,FAC-001,HW-PC-10020,65,273,254,84
INV-600705,2024-12-01,FAC-001,HW-PC-10020,94,285,338,41
INV-600706,2025-01-01,FAC-001,HW-PC-10020,68,312,340,40
INV-600707,2025-02-01,FAC-001,HW-PC-10020,104,253,326,31
INV-600708,2025-03-01,FAC-001,HW-PC-10020,106,283,316,73
INV-600709,2025-04-01,FAC-001,HW-PC-10020,112,277,327,62
INV-600710,2025-05-01,FAC-001,HW-PC-10020,86,268,324,30
INV-600711,2025-06-01,FAC-001,HW-PC-10020,64,266,294,36
INV-600712,2025-07-01,FAC-001,HW-PC-10020,58,261,254,65
INV-600713,2025-08-01,FAC-001,HW-PC-10020,60,212,228,44
INV-600714,2025-09-01,FAC-001,HW-PC-10020,152,421,500,73
INV-600715,2025-10-01,FAC-001,HW-PC-10020,153,374,444,83
INV-600716,2025-11-01,FAC-001,HW-PC-10020,114,320,336,98
INV-600717,2025-12-01,FAC-001,HW-PC-10020,82,294,333,43
INV-600718,2026-01-01,FAC-001,HW-PC-10020,59,243,278,24
INV-600719,2026-02-01,FAC-001,HW-PC-10020,105,257,291,71
INV-600720,2026-03-01,FAC-001,HW-PC-10020,109,292,341,60
INV-600721,2023-04-01,FAC-001,HW-PC-10021,53,255,249,59
INV-600722,2023-05-01,FAC-001,HW-PC-10021,126,292,386,32
INV-600723,2023-06-01,FAC-001,HW-PC-10021,119,302,371,50
INV-600724,2023-07-01,FAC-001,HW-PC-10021,93,220,276,37
INV-600725,2023-08-01,FAC-001,HW-PC-10021,55,242,249,48
INV-600726,2023-09-01,FAC-001,HW-PC-10021,161,387,470,78
INV-600727,2023-10-01,FAC-001,HW-PC-10021,167,377,420,124
INV-600728,2023-11-01,FAC-001,HW-PC-10021,57,273,296,34
INV-600729,2023-12-01,FAC-001,HW-PC-10021,85,315,368,32
INV-600730,2024-01-01,FAC-001,HW-PC-10021,112,262,336,38
INV-600731,2024-02-01,FAC-001,HW-PC-10021,62,305,345,22
INV-600732,2024-03-01,FAC-001,HW-PC-10021,82,299,348,33
INV-600733,2024-04-01,FAC-001,HW-PC-10021,109,261,285,85
INV-600734,2024-05-01,FAC-001,HW-PC-10021,99,297,304,92
INV-600735,2024-06-01,FAC-001,HW-PC-10021,52,258,261,49
INV-600736,2024-07-01,FAC-001,HW-PC-10021,77,223,242,58
INV-600737,2024-08-01,FAC-001,HW-PC-10021,86,223,234,75
INV-600738,2024-09-01,FAC-001,HW-PC-10021,181,439,547,73
INV-600739,2024-10-01,FAC-001,HW-PC-10021,170,402,450,122
INV-600740,2024-11-01,FAC-001,HW-PC-10021,63,244,279,28
INV-600741,2024-12-01,FAC-001,HW-PC-10021,82,240,305,17
INV-600742,2025-01-01,FAC-001,HW-PC-10021,102,309,313,98
INV-600743,2025-02-01,FAC-001,HW-PC-10021,107,307,320,94
INV-600744,2025-03-01,FAC-001,HW-PC-10021,104,245,308,41
INV-600745,2025-04-01,FAC-001,HW-PC-10021,128,307,375,60
INV-600746,2025-05-01,FAC-001,HW-PC-10021,86,281,298,69
INV-600747,2025-06-01,FAC-001,HW-PC-10021,107,274,331,50
INV-600748,2025-07-01,FAC-001,HW-PC-10021,82,266,303,45
INV-600749,2025-08-01,FAC-001,HW-PC-10021,85,247,295,37
INV-600750,2025-09-01,FAC-001,HW-PC-10021,118,361,369,110
INV-600751,2025-10-01,FAC-001,HW-PC-10021,121,378,439,60
INV-600752,2025-11-01,FAC-001,HW-PC-10021,111,317,384,44
INV-600753,2025-12-01,FAC-001,HW-PC-10021,100,280,290,90
INV-600754,2026-01-01,FAC-001,HW-PC-10021,75,259,282,52
INV-600755,2026-02-01,FAC-001,HW-PC-10021,56,241,239,58
INV-600756,2026-03-01,FAC-001,HW-PC-10021,90,319,346,63
INV-600757,2023-04-01,FAC-001,HW-PC-10022,29,110,110,29
INV-600758,2023-05-01,FAC-001,HW-PC-10022,21,107,96,32
INV-600759,2023-06-01,FAC-001,HW-PC-10022,20,97,90,27
INV-600760,2023-07-01,FAC-001,HW-PC-10022,34,86,103,17
INV-600761,2023-08-01,FAC-001,HW-PC-10022,24,91,107,8
INV-600762,2023-09-01,FAC-001,HW-PC-10022,32,145,154,23
INV-600763,2023-10-01,FAC-001,HW-PC-10022,37,132,143,26
INV-600764,2023-11-01,FAC-001,HW-PC-10022,38,119,139,18
INV-600765,2023-12-01,FAC-001,HW-PC-10022,28,122,120,30
INV-600766,2024-01-01,FAC-001,HW-PC-10022,31,103,111,23
INV-600767,2024-02-01,FAC-001,HW-PC-10022,45,120,143,22
INV-600768,2024-03-01,FAC-001,HW-PC-10022,40,100,131,9
INV-600769,2024-04-01,FAC-001,HW-PC-10022,23,117,122,18
INV-600770,2024-05-01,FAC-001,HW-PC-10022,24,92,88,28
INV-600771,2024-06-01,FAC-001,HW-PC-10022,40,110,115,35
INV-600772,2024-07-01,FAC-001,HW-PC-10022,27,87,93,21
INV-600773,2024-08-01,FAC-001,HW-PC-10022,24,80,93,11
INV-600774,2024-09-01,FAC-001,HW-PC-10022,28,130,129,29
INV-600775,2024-10-01,FAC-001,HW-PC-10022,62,169,204,27
INV-600776,2024-11-01,FAC-001,HW-PC-10022,35,102,103,34
INV-600777,2024-12-01,FAC-001,HW-PC-10022,47,111,137,21
INV-600778,2025-01-01,FAC-001,HW-PC-10022,44,118,125,37
INV-600779,2025-02-01,FAC-001,HW-PC-10022,25,119,123,21
INV-600780,2025-03-01,FAC-001,HW-PC-10022,19,95,95,19
INV-600781,2025-04-01,FAC-001,HW-PC-10022,32,100,114,18
INV-600782,2025-05-01,FAC-001,HW-PC-10022,21,92,97,16
INV-600783,2025-06-01,FAC-001,HW-PC-10022,38,101,122,17
INV-600784,2025-07-01,FAC-001,HW-PC-10022,37,100,114,23
INV-600785,2025-08-01,FAC-001,HW-PC-10022,25,95,97,23
INV-600786,2025-09-01,FAC-001,HW-PC-10022,50,162,192,20
INV-600787,2025-10-01,FAC-001,HW-PC-10022,67,164,215,16
INV-600788,2025-11-01,FAC-001,HW-PC-10022,29,104,115,18
INV-600789,2025-12-01,FAC-001,HW-PC-10022,35,102,122,15
INV-600790,2026-01-01,FAC-001,HW-PC-10022,33,113,114,32
INV-600791,2026-02-01,FAC-001,HW-PC-10022,24,104,118,10
INV-600792,2026-03-01,FAC-001,HW-PC-10022,24,102,95,31
INV-600793,2023-04-01,FAC-001,HW-PC-10023,31,111,108,34
INV-600794,2023-05-01,FAC-001,HW-PC-10023,28,104,116,16
INV-600795,2023-06-01,FAC-001,HW-PC-10023,32,110,112,30
INV-600796,2023-07-01,FAC-001,HW-PC-10023,32,104,120,16
INV-600797,2023-08-01,FAC-001,HW-PC-10023,26,81,80,27
INV-600798,2023-09-01,FAC-001,HW-PC-10023,66,150,178,38
INV-600799,2023-10-01,FAC-001,HW-PC-10023,26,129,128,27
INV-600800,2023-11-01,FAC-001,HW-PC-10023,19,96,103,12
INV-600801,2023-12-01,FAC-001,HW-PC-10023,28,105,123,10
INV-600802,2024-01-01,FAC-001,HW-PC-10023,41,94,109,26
INV-600803,2024-02-01,FAC-001,HW-PC-10023,41,119,146,14
INV-600804,2024-03-01,FAC-001,HW-PC-10023,33,122,146,9
INV-600805,2024-04-01,FAC-001,HW-PC-10023,30,103,108,25
INV-600806,2024-05-01,FAC-001,HW-PC-10023,25,108,114,19
INV-600807,2024-06-01,FAC-001,HW-PC-10023,42,108,137,13
INV-600808,2024-07-01,FAC-001,HW-PC-10023,24,89,90,23
INV-600809,2024-08-01,FAC-001,HW-PC-10023,17,82,81,18
INV-600810,2024-09-01,FAC-001,HW-PC-10023,61,139,172,28
INV-600811,2024-10-01,FAC-001,HW-PC-10023,49,142,148,43
INV-600812,2024-11-01,FAC-001,HW-PC-10023,37,105,120,22
INV-600813,2024-12-01,FAC-001,HW-PC-10023,46,103,137,12
INV-600814,2025-01-01,FAC-001,HW-PC-10023,37,110,128,19
INV-600815,2025-02-01,FAC-001,HW-PC-10023,28,97,94,31
INV-600816,2025-03-01,FAC-001,HW-PC-10023,35,106,112,29
INV-600817,2025-04-01,FAC-001,HW-PC-10023,51,121,153,19
INV-600818,2025-05-01,FAC-001,HW-PC-10023,45,108,118,35
INV-600819,2025-06-01,FAC-001,HW-PC-10023,26,116,129,13
INV-600820,2025-07-01,FAC-001,HW-PC-10023,35,84,111,8
INV-600821,2025-08-01,FAC-001,HW-PC-10023,25,81,100,6
INV-600822,2025-09-01,FAC-001,HW-PC-10023,61,149,182,28
INV-600823,2025-10-01,FAC-001,HW-PC-10023,39,144,144,39
INV-600824,2025-11-01,FAC-001,HW-PC-10023,34,115,126,23
INV-600825,2025-12-01,FAC-001,HW-PC-10023,36,106,131,11
INV-600826,2026-01-01,FAC-001,HW-PC-10023,36,122,144,14
INV-600827,2026-02-01,FAC-001,HW-PC-10023,39,115,144,10
INV-600828,2026-03-01,FAC-001,HW-PC-10023,22,97,109,10
INV-600829,2023-04-01,FAC-001,HW-PC-10024,49,118,127,40
INV-600830,2023-05-01,FAC-001,HW-PC-10024,37,119,132,24
INV-600831,2023-06-01,FAC-001,HW-PC-10024,47,111,119,39
INV-600832,2023-07-01,FAC-001,HW-PC-10024,33,90,110,13
INV-600833,2023-08-01,FAC-001,HW-PC-10024,22,96,95,23
INV-600834,2023-09-01,FAC-001,HW-PC-10024,57,143,161,39
INV-600835,2023-10-01,FAC-001,HW-PC-10024,59,136,146,49
INV-600836,2023-11-01,FAC-001,HW-PC-10024,45,122,152,15
INV-600837,2023-12-01,FAC-001,HW-PC-10024,20,100,107,13
INV-600838,2024-01-01,FAC-001,HW-PC-10024,45,117,126,36
INV-600839,2024-02-01,FAC-001,HW-PC-10024,45,115,141,19
INV-600840,2024-03-01,FAC-001,HW-PC-10024,47,115,141,21
INV-600841,2024-04-01,FAC-001,HW-PC-10024,29,93,93,29
INV-600842,2024-05-01,FAC-001,HW-PC-10024,31,104,103,32
INV-600843,2024-06-01,FAC-001,HW-PC-10024,23,102,113,12
INV-600844,2024-07-01,FAC-001,HW-PC-10024,22,103,117,8
INV-600845,2024-08-01,FAC-001,HW-PC-10024,25,91,88,28
INV-600846,2024-09-01,FAC-001,HW-PC-10024,59,149,185,23
INV-600847,2024-10-01,FAC-001,HW-PC-10024,28,129,130,27
INV-600848,2024-11-01,FAC-001,HW-PC-10024,25,100,100,25
INV-600849,2024-12-01,FAC-001,HW-PC-10024,50,116,137,29
INV-600850,2025-01-01,FAC-001,HW-PC-10024,33,120,129,24
INV-600851,2025-02-01,FAC-001,HW-PC-10024,35,98,125,8
INV-600852,2025-03-01,FAC-001,HW-PC-10024,31,110,124,17
INV-600853,2025-04-01,FAC-001,HW-PC-10024,39,94,113,20
INV-600854,2025-05-01,FAC-001,HW-PC-10024,36,105,123,18
INV-600855,2025-06-01,FAC-001,HW-PC-10024,34,93,101,26
INV-600856,2025-07-01,FAC-001,HW-PC-10024,38,96,122,12
INV-600857,2025-08-01,FAC-001,HW-PC-10024,30,92,94,28
INV-600858,2025-09-01,FAC-001,HW-PC-10024,43,162,174,31
INV-600859,2025-10-01,FAC-001,HW-PC-10024,32,140,150,22
INV-600860,2025-11-01,FAC-001,HW-PC-10024,35,92,103,24
INV-600861,2025-12-01,FAC-001,HW-PC-10024,29,90,90,29
INV-600862,2026-01-01,FAC-001,HW-PC-10024,37,99,103,33
INV-600863,2026-02-01,FAC-001,HW-PC-10024,23,117,111,29
INV-600864,2026-03-01,FAC-001,HW-PC-10024,31,114,111,34
INV-600865,2023-04-01,FAC-001,HW-PC-10025,40,99,112,27
INV-600866,2023-05-01,FAC-001,HW-PC-10025,49,116,138,27
INV-600867,2023-06-01,FAC-001,HW-PC-10025,35,120,146,9
INV-600868,2023-07-01,FAC-001,HW-PC-10025,29,79,91,17
INV-600869,2023-08-01,FAC-001,HW-PC-10025,31,87,105,13
INV-600870,2023-09-01,FAC-001,HW-PC-10025,30,127,140,17
INV-600871,2023-10-01,FAC-001,HW-PC-10025,69,157,203,23
INV-600872,2023-11-01,FAC-001,HW-PC-10025,45,121,134,32
INV-600873,2023-12-01,FAC-001,HW-PC-10025,37,94,115,16
INV-600874,2024-01-01,FAC-001,HW-PC-10025,26,92,111,7
INV-600875,2024-02-01,FAC-001,HW-PC-10025,32,107,116,23
INV-600876,2024-03-01,FAC-001,HW-PC-10025,28,97,102,23
INV-600877,2024-04-01,FAC-001,HW-PC-10025,36,92,106,22
INV-600878,2024-05-01,FAC-001,HW-PC-10025,48,117,130,35
INV-600879,2024-06-01,FAC-001,HW-PC-10025,35,112,136,11
INV-600880,2024-07-01,FAC-001,HW-PC-10025,30,83,98,15
INV-600881,2024-08-01,FAC-001,HW-PC-10025,19,85,91,13
INV-600882,2024-09-01,FAC-001,HW-PC-10025,44,160,179,25
INV-600883,2024-10-01,FAC-001,HW-PC-10025,54,145,157,42
INV-600884,2024-11-01,FAC-001,HW-PC-10025,32,119,124,27
INV-600885,2024-12-01,FAC-001,HW-PC-10025,20,92,95,17
INV-600886,2025-01-01,FAC-001,HW-PC-10025,40,99,104,35
INV-600887,2025-02-01,FAC-001,HW-PC-10025,29,103,99,33
INV-600888,2025-03-01,FAC-001,HW-PC-10025,28,94,103,19
INV-600889,2025-04-01,FAC-001,HW-PC-10025,34,103,119,18
INV-600890,2025-05-01,FAC-001,HW-PC-10025,28,91,112,7
INV-600891,2025-06-01,FAC-001,HW-PC-10025,39,107,118,28
INV-600892,2025-07-01,FAC-001,HW-PC-10025,38,98,116,20
INV-600893,2025-08-01,FAC-001,HW-PC-10025,23,103,94,32
INV-600894,2025-09-01,FAC-001,HW-PC-10025,64,161,174,51
INV-600895,2025-10-01,FAC-001,HW-PC-10025,28,139,135,32
INV-600896,2025-11-01,FAC-001,HW-PC-10025,37,115,124,28
INV-600897,2025-12-01,FAC-001,HW-PC-10025,20,102,98,24
INV-600898,2026-01-01,FAC-001,HW-PC-10025,49,111,147,13
INV-600899,2026-02-01,FAC-001,HW-PC-10025,38,91,116,13
INV-600900,2026-03-01,FAC-001,HW-PC-10025,36,116,126,26
INV-600901,2023-04-01,FAC-001,HW-PC-10026,23,93,92,24
INV-600902,2023-05-01,FAC-001,HW-PC-10026,41,106,124,23
INV-600903,2023-06-01,FAC-001,HW-PC-10026,40,92,123,9
INV-600904,2023-07-01,FAC-001,HW-PC-10026,43,98,121,20
INV-600905,2023-08-01,FAC-001,HW-PC-10026,22,103,102,23
INV-600906,2023-09-01,FAC-001,HW-PC-10026,34,137,133,38
INV-600907,2023-10-01,FAC-001,HW-PC-10026,61,155,186,30
INV-600908,2023-11-01,FAC-001,HW-PC-10026,38,95,116,17
INV-600909,2023-12-01,FAC-001,HW-PC-10026,37,103,112,28
INV-600910,2024-01-01,FAC-001,HW-PC-10026,43,102,117,28
INV-600911,2024-02-01,FAC-001,HW-PC-10026,44,106,133,17
INV-600912,2024-03-01,FAC-001,HW-PC-10026,21,92,84,29
INV-600913,2024-04-01,FAC-001,HW-PC-10026,34,111,112,33
INV-600914,2024-05-01,FAC-001,HW-PC-10026,40,121,128,33
INV-600915,2024-06-01,FAC-001,HW-PC-10026,39,107,111,35
INV-600916,2024-07-01,FAC-001,HW-PC-10026,33,84,98,19
INV-600917,2024-08-01,FAC-001,HW-PC-10026,28,92,91,29
INV-600918,2024-09-01,FAC-001,HW-PC-10026,41,134,138,37
INV-600919,2024-10-01,FAC-001,HW-PC-10026,53,129,172,10
INV-600920,2024-11-01,FAC-001,HW-PC-10026,47,116,130,33
INV-600921,2024-12-01,FAC-001,HW-PC-10026,30,121,141,10
INV-600922,2025-01-01,FAC-001,HW-PC-10026,46,122,158,10
INV-600923,2025-02-01,FAC-001,HW-PC-10026,28,109,114,23
INV-600924,2025-03-01,FAC-001,HW-PC-10026,24,110,117,17
INV-600925,2025-04-01,FAC-001,HW-PC-10026,30,122,138,14
INV-600926,2025-05-01,FAC-001,HW-PC-10026,52,120,162,10
INV-600927,2025-06-01,FAC-001,HW-PC-10026,47,107,138,16
INV-600928,2025-07-01,FAC-001,HW-PC-10026,25,81,94,12
INV-600929,2025-08-01,FAC-001,HW-PC-10026,30,84,100,14
INV-600930,2025-09-01,FAC-001,HW-PC-10026,45,134,161,18
INV-600931,2025-10-01,FAC-001,HW-PC-10026,30,149,134,45
INV-600932,2025-11-01,FAC-001,HW-PC-10026,44,102,116,30
INV-600933,2025-12-01,FAC-001,HW-PC-10026,28,111,113,26
INV-600934,2026-01-01,FAC-001,HW-PC-10026,45,118,125,38
INV-600935,2026-02-01,FAC-001,HW-PC-10026,21,104,105,20
INV-600936,2026-03-01,FAC-001,HW-PC-10026,25,112,110,27
INV-600937,2023-04-01,FAC-001,HW-PC-10027,42,94,103,33
INV-600938,2023-05-01,FAC-001,HW-PC-10027,26,90,96,20
INV-600939,2023-06-01,FAC-001,HW-PC-10027,38,90,120,8
INV-600940,2023-07-01,FAC-001,HW-PC-10027,21,73,85,9
INV-600941,2023-08-01,FAC-001,HW-PC-10027,22,66,72,16
INV-600942,2023-09-01,FAC-001,HW-PC-10027,31,123,121,33
INV-600943,2023-10-01,FAC-001,HW-PC-10027,29,132,137,24
INV-600944,2023-11-01,FAC-001,HW-PC-10027,15,76,68,23
INV-600945,2023-12-01,FAC-001,HW-PC-10027,31,75,85,21
INV-600946,2024-01-01,FAC-001,HW-PC-10027,32,95,106,21
INV-600947,2024-02-01,FAC-001,HW-PC-10027,28,86,102,12
INV-600948,2024-03-01,FAC-001,HW-PC-10027,22,78,92,8
INV-600949,2024-04-01,FAC-001,HW-PC-10027,40,95,112,23
INV-600950,2024-05-01,FAC-001,HW-PC-10027,29,91,101,19
INV-600951,2024-06-01,FAC-001,HW-PC-10027,26,76,80,22
INV-600952,2024-07-01,FAC-001,HW-PC-10027,27,67,74,20
INV-600953,2024-08-01,FAC-001,HW-PC-10027,13,62,70,5
INV-600954,2024-09-01,FAC-001,HW-PC-10027,35,117,138,14
INV-600955,2024-10-01,FAC-001,HW-PC-10027,36,129,146,19
INV-600956,2024-11-01,FAC-001,HW-PC-10027,32,90,95,27
INV-600957,2024-12-01,FAC-001,HW-PC-10027,31,93,100,24
INV-600958,2025-01-01,FAC-001,HW-PC-10027,17,82,76,23
INV-600959,2025-02-01,FAC-001,HW-PC-10027,18,90,89,19
INV-600960,2025-03-01,FAC-001,HW-PC-10027,17,84,95,6
INV-600961,2025-04-01,FAC-001,HW-PC-10027,21,77,79,19
INV-600962,2025-05-01,FAC-001,HW-PC-10027,15,77,82,10
INV-600963,2025-06-01,FAC-001,HW-PC-10027,24,95,105,14
INV-600964,2025-07-01,FAC-001,HW-PC-10027,31,76,89,18
INV-600965,2025-08-01,FAC-001,HW-PC-10027,18,67,75,10
INV-600966,2025-09-01,FAC-001,HW-PC-10027,31,128,131,28
INV-600967,2025-10-01,FAC-001,HW-PC-10027,52,131,173,10
INV-600968,2025-11-01,FAC-001,HW-PC-10027,26,90,100,16
INV-600969,2025-12-01,FAC-001,HW-PC-10027,19,88,91,16
INV-600970,2026-01-01,FAC-001,HW-PC-10027,21,89,99,11
INV-600971,2026-02-01,FAC-001,HW-PC-10027,37,86,93,30
INV-600972,2026-03-01,FAC-001,HW-PC-10027,27,78,84,21
INV-600973,2023-04-01,FAC-001,HW-PC-10030,27,84,91,20
INV-600974,2023-05-01,FAC-001,HW-PC-10030,38,94,117,15
INV-600975,2023-06-01,FAC-001,HW-PC-10030,28,89,109,8
INV-600976,2023-07-01,FAC-001,HW-PC-10030,28,75,95,8
INV-600977,2023-08-01,FAC-001,HW-PC-10030,26,66,72,20
INV-600978,2023-09-01,FAC-001,HW-PC-10030,31,112,135,8
INV-600979,2023-10-01,FAC-001,HW-PC-10030,48,130,159,19
INV-600980,2023-11-01,FAC-001,HW-PC-10030,37,85,103,19
INV-600981,2023-12-01,FAC-001,HW-PC-10030,19,80,89,10
INV-600982,2024-01-01,FAC-001,HW-PC-10030,26,89,86,29
INV-600983,2024-02-01,FAC-001,HW-PC-10030,18,92,97,13
INV-600984,2024-03-01,FAC-001,HW-PC-10030,29,95,98,26
INV-600985,2024-04-01,FAC-001,HW-PC-10030,35,89,106,18
INV-600986,2024-05-01,FAC-001,HW-PC-10030,20,95,97,18
INV-600987,2024-06-01,FAC-001,HW-PC-10030,36,89,98,27
INV-600988,2024-07-01,FAC-001,HW-PC-10030,26,77,85,18
INV-600989,2024-08-01,FAC-001,HW-PC-10030,26,63,69,20
INV-600990,2024-09-01,FAC-001,HW-PC-10030,29,110,128,11
INV-600991,2024-10-01,FAC-001,HW-PC-10030,49,123,137,35
INV-600992,2024-11-01,FAC-001,HW-PC-10030,29,87,106,10
INV-600993,2024-12-01,FAC-001,HW-PC-10030,19,94,99,14
INV-600994,2025-01-01,FAC-001,HW-PC-10030,24,72,77,19
INV-600995,2025-02-01,FAC-001,HW-PC-10030,22,79,88,13
INV-600996,2025-03-01,FAC-001,HW-PC-10030,30,79,90,19
INV-600997,2025-04-01,FAC-001,HW-PC-10030,28,73,81,20
INV-600998,2025-05-01,FAC-001,HW-PC-10030,30,82,91,21
INV-600999,2025-06-01,FAC-001,HW-PC-10030,21,72,87,6
INV-601000,2025-07-01,FAC-001,HW-PC-10030,27,74,88,13
INV-601001,2025-08-01,FAC-001,HW-PC-10030,19,64,74,9
INV-601002,2025-09-01,FAC-001,HW-PC-10030,27,103,104,26
INV-601003,2025-10-01,FAC-001,HW-PC-10030,51,115,126,40
INV-601004,2025-11-01,FAC-001,HW-PC-10030,20,84,98,6
INV-601005,2025-12-01,FAC-001,HW-PC-10030,22,74,86,10
INV-601006,2026-01-01,FAC-001,HW-PC-10030,27,89,95,21
INV-601007,2026-02-01,FAC-001,HW-PC-10030,21,81,80,22
INV-601008,2026-03-01,FAC-001,HW-PC-10030,22,83,84,21
INV-601009,2023-04-01,FAC-001,HW-PC-10034,18,43,49,12
INV-601010,2023-05-01,FAC-001,HW-PC-10034,15,43,50,8
INV-601011,2023-06-01,FAC-001,HW-PC-10034,13,52,48,17
INV-601012,2023-07-01,FAC-001,HW-PC-10034,12,48,53,7
INV-601013,2023-08-01,FAC-001,HW-PC-10034,15,45,48,12
INV-601014,2023-09-01,FAC-001,HW-PC-10034,22,65,80,7
INV-601015,2023-10-01,FAC-001,HW-PC-10034,17,79,74,22
INV-601016,2023-11-01,FAC-001,HW-PC-10034,21,56,71,6
INV-601017,2023-12-01,FAC-001,HW-PC-10034,15,45,53,7
INV-601018,2024-01-01,FAC-001,HW-PC-10034,15,52,50,17
INV-601019,2024-02-01,FAC-001,HW-PC-10034,13,51,53,11
INV-601020,2024-03-01,FAC-001,HW-PC-10034,16,56,66,6
INV-601021,2024-04-01,FAC-001,HW-PC-10034,16,45,57,4
INV-601022,2024-05-01,FAC-001,HW-PC-10034,8,44,43,9
INV-601023,2024-06-01,FAC-001,HW-PC-10034,16,43,55,4
INV-601024,2024-07-01,FAC-001,HW-PC-10034,10,41,42,9
INV-601025,2024-08-01,FAC-001,HW-PC-10034,9,45,46,8
INV-601026,2024-09-01,FAC-001,HW-PC-10034,25,72,77,20
INV-601027,2024-10-01,FAC-001,HW-PC-10034,16,74,71,19
INV-601028,2024-11-01,FAC-001,HW-PC-10034,21,55,57,19
INV-601029,2024-12-01,FAC-001,HW-PC-10034,11,46,45,12
INV-601030,2025-01-01,FAC-001,HW-PC-10034,9,46,46,9
INV-601031,2025-02-01,FAC-001,HW-PC-10034,18,53,62,9
INV-601032,2025-03-01,FAC-001,HW-PC-10034,18,43,55,6
INV-601033,2025-04-01,FAC-001,HW-PC-10034,21,54,70,5
INV-601034,2025-05-01,FAC-001,HW-PC-10034,12,50,54,8
INV-601035,2025-06-01,FAC-001,HW-PC-10034,20,53,62,11
INV-601036,2025-07-01,FAC-001,HW-PC-10034,10,36,42,4
INV-601037,2025-08-01,FAC-001,HW-PC-10034,14,43,45,12
INV-601038,2025-09-01,FAC-001,HW-PC-10034,28,67,83,12
INV-601039,2025-10-01,FAC-001,HW-PC-10034,23,76,86,13
INV-601040,2025-11-01,FAC-001,HW-PC-10034,17,46,52,11
INV-601041,2025-12-01,FAC-001,HW-PC-10034,17,49,61,5
INV-601042,2026-01-01,FAC-001,HW-PC-10034,17,43,48,12
INV-601043,2026-02-01,FAC-001,HW-PC-10034,10,49,47,12
INV-601044,2026-03-01,FAC-001,HW-PC-10034,10,50,50,10
INV-601045,2023-04-01,FAC-001,HW-PC-10035,56,145,167,34
INV-601046,2023-05-01,FAC-001,HW-PC-10035,45,172,169,48
INV-601047,2023-06-01,FAC-001,HW-PC-10035,32,148,141,39
INV-601048,2023-07-01,FAC-001,HW-PC-10035,61,147,189,19
INV-601049,2023-08-01,FAC-001,HW-PC-10035,33,148,146,35
INV-601050,2023-09-01,FAC-001,HW-PC-10035,56,217,232,41
INV-601051,2023-10-01,FAC-001,HW-PC-10035,67,233,246,54
INV-601052,2023-11-01,FAC-001,HW-PC-10035,71,181,204,48
INV-601053,2023-12-01,FAC-001,HW-PC-10035,81,185,216,50
INV-601054,2024-01-01,FAC-001,HW-PC-10035,51,157,195,13
INV-601055,2024-02-01,FAC-001,HW-PC-10035,41,183,185,39
INV-601056,2024-03-01,FAC-001,HW-PC-10035,54,167,174,47
INV-601057,2024-04-01,FAC-001,HW-PC-10035,67,182,228,21
INV-601058,2024-05-01,FAC-001,HW-PC-10035,70,182,211,41
INV-601059,2024-06-01,FAC-001,HW-PC-10035,40,170,185,25
INV-601060,2024-07-01,FAC-001,HW-PC-10035,47,126,137,36
INV-601061,2024-08-01,FAC-001,HW-PC-10035,29,124,114,39
INV-601062,2024-09-01,FAC-001,HW-PC-10035,94,246,290,50
INV-601063,2024-10-01,FAC-001,HW-PC-10035,45,207,189,63
INV-601064,2024-11-01,FAC-001,HW-PC-10035,62,148,167,43
INV-601065,2024-12-01,FAC-001,HW-PC-10035,35,157,152,40
INV-601066,2025-01-01,FAC-001,HW-PC-10035,58,165,178,45
INV-601067,2025-02-01,FAC-001,HW-PC-10035,42,143,147,38
INV-601068,2025-03-01,FAC-001,HW-PC-10035,66,151,189,28
INV-601069,2025-04-01,FAC-001,HW-PC-10035,50,167,181,36
INV-601070,2025-05-01,FAC-001,HW-PC-10035,62,167,203,26
INV-601071,2025-06-01,FAC-001,HW-PC-10035,48,148,163,33
INV-601072,2025-07-01,FAC-001,HW-PC-10035,55,155,179,31
INV-601073,2025-08-01,FAC-001,HW-PC-10035,43,124,129,38
INV-601074,2025-09-01,FAC-001,HW-PC-10035,51,219,239,31
INV-601075,2025-10-01,FAC-001,HW-PC-10035,62,210,252,20
INV-601076,2025-11-01,FAC-001,HW-PC-10035,49,150,165,34
INV-601077,2025-12-01,FAC-001,HW-PC-10035,56,141,150,47
INV-601078,2026-01-01,FAC-001,HW-PC-10035,55,163,190,28
INV-601079,2026-02-01,FAC-001,HW-PC-10035,45,174,164,55
INV-601080,2026-03-01,FAC-001,HW-PC-10035,58,176,214,20
INV-601081,2023-04-01,FAC-001,HW-PC-10036,58,181,195,44
INV-601082,2023-05-01,FAC-001,HW-PC-10036,55,179,184,50
INV-601083,2023-06-01,FAC-001,HW-PC-10036,76,182,217,41
INV-601084,2023-07-01,FAC-001,HW-PC-10036,36,122,143,15
INV-601085,2023-08-01,FAC-001,HW-PC-10036,39,157,149,47
INV-601086,2023-09-01,FAC-001,HW-PC-10036,76,257,285,48
INV-601087,2023-10-01,FAC-001,HW-PC-10036,56,263,280,39
INV-601088,2023-11-01,FAC-001,HW-PC-10036,42,143,168,17
INV-601089,2023-12-01,FAC-001,HW-PC-10036,72,161,200,33
INV-601090,2024-01-01,FAC-001,HW-PC-10036,39,156,159,36
INV-601091,2024-02-01,FAC-001,HW-PC-10036,34,158,158,34
INV-601092,2024-03-01,FAC-001,HW-PC-10036,62,163,198,27
INV-601093,2024-04-01,FAC-001,HW-PC-10036,35,175,166,44
INV-601094,2024-05-01,FAC-001,HW-PC-10036,55,173,171,57
INV-601095,2024-06-01,FAC-001,HW-PC-10036,70,180,214,36
INV-601096,2024-07-01,FAC-001,HW-PC-10036,47,122,146,23
INV-601097,2024-08-01,FAC-001,HW-PC-10036,58,152,191,19
INV-601098,2024-09-01,FAC-001,HW-PC-10036,54,232,252,34
INV-601099,2024-10-01,FAC-001,HW-PC-10036,92,239,259,72
INV-601100,2024-11-01,FAC-001,HW-PC-10036,62,149,189,22
INV-601101,2024-12-01,FAC-001,HW-PC-10036,72,185,223,34
INV-601102,2025-01-01,FAC-001,HW-PC-10036,72,172,211,33
INV-601103,2025-02-01,FAC-001,HW-PC-10036,40,171,178,33
INV-601104,2025-03-01,FAC-001,HW-PC-10036,46,175,174,47
INV-601105,2025-04-01,FAC-001,HW-PC-10036,40,155,154,41
INV-601106,2025-05-01,FAC-001,HW-PC-10036,68,161,194,35
INV-601107,2025-06-01,FAC-001,HW-PC-10036,32,149,160,21
INV-601108,2025-07-01,FAC-001,HW-PC-10036,54,135,166,23
INV-601109,2025-08-01,FAC-001,HW-PC-10036,40,152,170,22
INV-601110,2025-09-01,FAC-001,HW-PC-10036,93,214,269,38
INV-601111,2025-10-01,FAC-001,HW-PC-10036,58,218,217,59
INV-601112,2025-11-01,FAC-001,HW-PC-10036,44,174,189,29
INV-601113,2025-12-01,FAC-001,HW-PC-10036,55,153,189,19
INV-601114,2026-01-01,FAC-001,HW-PC-10036,69,178,194,53
INV-601115,2026-02-01,FAC-001,HW-PC-10036,53,144,162,35
INV-601116,2026-03-01,FAC-001,HW-PC-10036,33,161,155,39
INV-601117,2023-04-01,FAC-001,HW-PC-10037,47,183,198,32
INV-601118,2023-05-01,FAC-001,HW-PC-10037,52,142,158,36
INV-601119,2023-06-01,FAC-001,HW-PC-10037,77,184,212,49
INV-601120,2023-07-01,FAC-001,HW-PC-10037,70,157,207,20
INV-601121,2023-08-01,FAC-001,HW-PC-10037,40,154,167,27
INV-601122,2023-09-01,FAC-001,HW-PC-10037,44,201,232,13
INV-601123,2023-10-01,FAC-001,HW-PC-10037,84,218,275,27
INV-601124,2023-11-01,FAC-001,HW-PC-10037,81,182,209,54
INV-601125,2023-12-01,FAC-001,HW-PC-10037,42,142,142,42
INV-601126,2024-01-01,FAC-001,HW-PC-10037,40,141,164,17
INV-601127,2024-02-01,FAC-001,HW-PC-10037,46,168,188,26
INV-601128,2024-03-01,FAC-001,HW-PC-10037,30,151,163,18
INV-601129,2024-04-01,FAC-001,HW-PC-10037,66,171,179,58
INV-601130,2024-05-01,FAC-001,HW-PC-10037,64,181,211,34
INV-601131,2024-06-01,FAC-001,HW-PC-10037,71,171,209,33
INV-601132,2024-07-01,FAC-001,HW-PC-10037,64,143,186,21
INV-601133,2024-08-01,FAC-001,HW-PC-10037,51,137,155,33
INV-601134,2024-09-01,FAC-001,HW-PC-10037,74,212,267,19
INV-601135,2024-10-01,FAC-001,HW-PC-10037,74,260,285,49
INV-601136,2024-11-01,FAC-001,HW-PC-10037,67,150,205,12
INV-601137,2024-12-01,FAC-001,HW-PC-10037,68,172,214,26
INV-601138,2025-01-01,FAC-001,HW-PC-10037,36,169,172,33
INV-601139,2025-02-01,FAC-001,HW-PC-10037,63,173,194,42
INV-601140,2025-03-01,FAC-001,HW-PC-10037,44,186,195,35
INV-601141,2025-04-01,FAC-001,HW-PC-10037,65,174,210,29
INV-601142,2025-05-01,FAC-001,HW-PC-10037,36,153,165,24
INV-601143,2025-06-01,FAC-001,HW-PC-10037,41,169,187,23
INV-601144,2025-07-01,FAC-001,HW-PC-10037,50,138,172,16
INV-601145,2025-08-01,FAC-001,HW-PC-10037,25,126,136,15
INV-601146,2025-09-01,FAC-001,HW-PC-10037,89,238,300,27
INV-601147,2025-10-01,FAC-001,HW-PC-10037,110,251,309,52
INV-601148,2025-11-01,FAC-001,HW-PC-10037,49,164,166,47
INV-601149,2025-12-01,FAC-001,HW-PC-10037,45,168,198,15
INV-601150,2026-01-01,FAC-001,HW-PC-10037,58,169,186,41
INV-601151,2026-02-01,FAC-001,HW-PC-10037,29,142,142,29
INV-601152,2026-03-01,FAC-001,HW-PC-10037,50,144,179,15
INV-601153,2023-04-01,FAC-001,HW-PC-10038,43,172,198,17
INV-601154,2023-05-01,FAC-001,HW-PC-10038,45,184,205,24
INV-601155,2023-06-01,FAC-001,HW-PC-10038,61,154,204,11
INV-601156,2023-07-01,FAC-001,HW-PC-10038,50,120,148,22
INV-601157,2023-08-01,FAC-001,HW-PC-10038,50,160,193,17
INV-601158,2023-09-01,FAC-001,HW-PC-10038,56,200,195,61
INV-601159,2023-10-01,FAC-001,HW-PC-10038,106,263,339,30
INV-601160,2023-11-01,FAC-001,HW-PC-10038,41,186,187,40
INV-601161,2023-12-01,FAC-001,HW-PC-10038,36,143,142,37
INV-601162,2024-01-01,FAC-001,HW-PC-10038,43,163,158,48
INV-601163,2024-02-01,FAC-001,HW-PC-10038,35,148,172,11
INV-601164,2024-03-01,FAC-001,HW-PC-10038,78,177,213,42
INV-601165,2024-04-01,FAC-001,HW-PC-10038,61,154,175,40
INV-601166,2024-05-01,FAC-001,HW-PC-10038,40,155,151,44
INV-601167,2024-06-01,FAC-001,HW-PC-10038,43,152,172,23
INV-601168,2024-07-01,FAC-001,HW-PC-10038,30,121,137,14
INV-601169,2024-08-01,FAC-001,HW-PC-10038,35,125,147,13
INV-601170,2024-09-01,FAC-001,HW-PC-10038,45,207,213,39
INV-601171,2024-10-01,FAC-001,HW-PC-10038,73,217,264,26
INV-601172,2024-11-01,FAC-001,HW-PC-10038,50,147,167,30
INV-601173,2024-12-01,FAC-001,HW-PC-10038,52,147,160,39
INV-601174,2025-01-01,FAC-001,HW-PC-10038,36,164,168,32
INV-601175,2025-02-01,FAC-001,HW-PC-10038,62,155,165,52
INV-601176,2025-03-01,FAC-001,HW-PC-10038,50,160,187,23
INV-601177,2025-04-01,FAC-001,HW-PC-10038,61,168,207,22
INV-601178,2025-05-01,FAC-001,HW-PC-10038,50,182,198,34
INV-601179,2025-06-01,FAC-001,HW-PC-10038,80,181,242,19
INV-601180,2025-07-01,FAC-001,HW-PC-10038,33,134,141,26
INV-601181,2025-08-01,FAC-001,HW-PC-10038,48,150,167,31
INV-601182,2025-09-01,FAC-001,HW-PC-10038,73,254,301,26
INV-601183,2025-10-01,FAC-001,HW-PC-10038,63,224,241,46
INV-601184,2025-11-01,FAC-001,HW-PC-10038,40,177,171,46
INV-601185,2025-12-01,FAC-001,HW-PC-10038,45,187,200,32
INV-601186,2026-01-01,FAC-001,HW-PC-10038,54,168,195,27
INV-601187,2026-02-01,FAC-001,HW-PC-10038,51,151,166,36
INV-601188,2026-03-01,FAC-001,HW-PC-10038,40,173,184,29
INV-601189,2023-04-01,FAC-001,HW-PC-10039,39,154,151,42
INV-601190,2023-05-01,FAC-001,HW-PC-10039,49,181,215,15
INV-601191,2023-06-01,FAC-001,HW-PC-10039,64,188,196,56
INV-601192,2023-07-01,FAC-001,HW-PC-10039,53,134,153,34
INV-601193,2023-08-01,FAC-001,HW-PC-10039,41,122,149,14
INV-601194,2023-09-01,FAC-001,HW-PC-10039,61,251,275,37
INV-601195,2023-10-01,FAC-001,HW-PC-10039,53,211,244,20
INV-601196,2023-11-01,FAC-001,HW-PC-10039,40,152,144,48
INV-601197,2023-12-01,FAC-001,HW-PC-10039,72,183,223,32
INV-601198,2024-01-01,FAC-001,HW-PC-10039,42,177,184,35
INV-601199,2024-02-01,FAC-001,HW-PC-10039,35,157,162,30
INV-601200,2024-03-01,FAC-001,HW-PC-10039,38,185,180,43
INV-601201,2024-04-01,FAC-001,HW-PC-10039,38,150,175,13
INV-601202,2024-05-01,FAC-001,HW-PC-10039,51,163,193,21
INV-601203,2024-06-01,FAC-001,HW-PC-10039,47,147,162,32
INV-601204,2024-07-01,FAC-001,HW-PC-10039,64,144,188,20
INV-601205,2024-08-01,FAC-001,HW-PC-10039,54,135,148,41
INV-601206,2024-09-01,FAC-001,HW-PC-10039,49,198,202,45
INV-601207,2024-10-01,FAC-001,HW-PC-10039,81,231,290,22
INV-601208,2024-11-01,FAC-001,HW-PC-10039,53,165,165,53
INV-601209,2024-12-01,FAC-001,HW-PC-10039,47,141,157,31
INV-601210,2025-01-01,FAC-001,HW-PC-10039,43,181,169,55
INV-601211,2025-02-01,FAC-001,HW-PC-10039,42,162,155,49
INV-601212,2025-03-01,FAC-001,HW-PC-10039,40,176,188,28
INV-601213,2025-04-01,FAC-001,HW-PC-10039,37,154,157,34
INV-601214,2025-05-01,FAC-001,HW-PC-10039,53,179,208,24
INV-601215,2025-06-01,FAC-001,HW-PC-10039,57,146,161,42
INV-601216,2025-07-01,FAC-001,HW-PC-10039,50,147,184,13
INV-601217,2025-08-01,FAC-001,HW-PC-10039,29,135,123,41
INV-601218,2025-09-01,FAC-001,HW-PC-10039,83,253,304,32
INV-601219,2025-10-01,FAC-001,HW-PC-10039,60,212,205,67
INV-601220,2025-11-01,FAC-001,HW-PC-10039,68,187,238,17
INV-601221,2025-12-01,FAC-001,HW-PC-10039,53,153,182,24
INV-601222,2026-01-01,FAC-001,HW-PC-10039,63,155,204,14
INV-601223,2026-02-01,FAC-001,HW-PC-10039,70,184,204,50
INV-601224,2026-03-01,FAC-001,HW-PC-10039,67,154,166,55
INV-601225,2023-04-01,FAC-001,HW-PC-10044,14,67,67,14
INV-601226,2023-05-01,FAC-001,HW-PC-10044,18,65,76,7
INV-601227,2023-06-01,FAC-001,HW-PC-10044,19,80,81,18
INV-601228,2023-07-01,FAC-001,HW-PC-10044,14,68,63,19
INV-601229,2023-08-01,FAC-001,HW-PC-10044,18,54,56,16
INV-601230,2023-09-01,FAC-001,HW-PC-10044,35,113,125,23
INV-601231,2023-10-01,FAC-001,HW-PC-10044,28,91,105,14
INV-601232,2023-11-01,FAC-001,HW-PC-10044,29,76,90,15
INV-601233,2023-12-01,FAC-001,HW-PC-10044,31,79,99,11
INV-601234,2024-01-01,FAC-001,HW-PC-10044,12,61,57,16
INV-601235,2024-02-01,FAC-001,HW-PC-10044,22,74,79,17
INV-601236,2024-03-01,FAC-001,HW-PC-10044,33,79,104,8
INV-601237,2024-04-01,FAC-001,HW-PC-10044,24,67,73,18
INV-601238,2024-05-01,FAC-001,HW-PC-10044,15,64,64,15
INV-601239,2024-06-01,FAC-001,HW-PC-10044,28,69,75,22
INV-601240,2024-07-01,FAC-001,HW-PC-10044,21,64,68,17
INV-601241,2024-08-01,FAC-001,HW-PC-10044,16,60,66,10
INV-601242,2024-09-01,FAC-001,HW-PC-10044,23,97,92,28
INV-601243,2024-10-01,FAC-001,HW-PC-10044,42,100,116,26
INV-601244,2024-11-01,FAC-001,HW-PC-10044,27,75,95,7
INV-601245,2024-12-01,FAC-001,HW-PC-10044,26,77,90,13
INV-601246,2025-01-01,FAC-001,HW-PC-10044,23,79,83,19
INV-601247,2025-02-01,FAC-001,HW-PC-10044,24,60,76,8
INV-601248,2025-03-01,FAC-001,HW-PC-10044,21,62,69,14
INV-601249,2025-04-01,FAC-001,HW-PC-10044,27,62,70,19
INV-601250,2025-05-01,FAC-001,HW-PC-10044,21,61,73,9
INV-601251,2025-06-01,FAC-001,HW-PC-10044,22,61,71,12
INV-601252,2025-07-01,FAC-001,HW-PC-10044,12,53,56,9
INV-601253,2025-08-01,FAC-001,HW-PC-10044,24,56,73,7
INV-601254,2025-09-01,FAC-001,HW-PC-10044,29,113,134,8
INV-601255,2025-10-01,FAC-001,HW-PC-10044,27,97,94,30
INV-601256,2025-11-01,FAC-001,HW-PC-10044,22,61,69,14
INV-601257,2025-12-01,FAC-001,HW-PC-10044,22,65,69,18
INV-601258,2026-01-01,FAC-001,HW-PC-10044,20,72,84,8
INV-601259,2026-02-01,FAC-001,HW-PC-10044,24,77,82,19
INV-601260,2026-03-01,FAC-001,HW-PC-10044,27,68,77,18
INV-601261,2023-04-01,FAC-001,HW-PC-10045,19,62,68,13
INV-601262,2023-05-01,FAC-001,HW-PC-10045,19,78,80,17
INV-601263,2023-06-01,FAC-001,HW-PC-10045,31,77,89,19
INV-601264,2023-07-01,FAC-001,HW-PC-10045,16,59,70,5
INV-601265,2023-08-01,FAC-001,HW-PC-10045,22,53,66,9
INV-601266,2023-09-01,FAC-001,HW-PC-10045,20,100,101,19
INV-601267,2023-10-01,FAC-001,HW-PC-10045,23,96,104,15
INV-601268,2023-11-01,FAC-001,HW-PC-10045,27,81,96,12
INV-601269,2023-12-01,FAC-001,HW-PC-10045,18,61,61,18
INV-601270,2024-01-01,FAC-001,HW-PC-10045,31,73,91,13
INV-601271,2024-02-01,FAC-001,HW-PC-10045,17,61,67,11
INV-601272,2024-03-01,FAC-001,HW-PC-10045,27,68,86,9
INV-601273,2024-04-01,FAC-001,HW-PC-10045,21,73,75,19
INV-601274,2024-05-01,FAC-001,HW-PC-10045,17,62,65,14
INV-601275,2024-06-01,FAC-001,HW-PC-10045,26,74,76,24
INV-601276,2024-07-01,FAC-001,HW-PC-10045,14,58,56,16
INV-601277,2024-08-01,FAC-001,HW-PC-10045,13,66,65,14
INV-601278,2024-09-01,FAC-001,HW-PC-10045,37,89,108,18
INV-601279,2024-10-01,FAC-001,HW-PC-10045,29,91,107,13
INV-601280,2024-11-01,FAC-001,HW-PC-10045,20,80,92,8
INV-601281,2024-12-01,FAC-001,HW-PC-10045,34,80,99,15
INV-601282,2025-01-01,FAC-001,HW-PC-10045,21,73,84,10
INV-601283,2025-02-01,FAC-001,HW-PC-10045,26,71,81,16
INV-601284,2025-03-01,FAC-001,HW-PC-10045,30,75,81,24
INV-601285,2025-04-01,FAC-001,HW-PC-10045,26,78,95,9
INV-601286,2025-05-01,FAC-001,HW-PC-10045,20,69,83,6
INV-601287,2025-06-01,FAC-001,HW-PC-10045,26,65,77,14
INV-601288,2025-07-01,FAC-001,HW-PC-10045,16,60,65,11
INV-601289,2025-08-01,FAC-001,HW-PC-10045,11,57,54,14
INV-601290,2025-09-01,FAC-001,HW-PC-10045,37,84,114,7
INV-601291,2025-10-01,FAC-001,HW-PC-10045,36,96,108,24
INV-601292,2025-11-01,FAC-001,HW-PC-10045,29,74,96,7
INV-601293,2025-12-01,FAC-001,HW-PC-10045,26,68,75,19
INV-601294,2026-01-01,FAC-001,HW-PC-10045,16,81,84,13
INV-601295,2026-02-01,FAC-001,HW-PC-10045,27,74,78,23
INV-601296,2026-03-01,FAC-001,HW-PC-10045,19,80,86,13
INV-601297,2023-04-01,FAC-001,HW-PC-10046,22,66,73,15
INV-601298,2023-05-01,FAC-001,HW-PC-10046,15,63,65,13
INV-601299,2023-06-01,FAC-001,HW-PC-10046,32,76,82,26
INV-601300,2023-07-01,FAC-001,HW-PC-10046,13,58,53,18
INV-601301,2023-08-01,FAC-001,HW-PC-10046,22,63,66,19
INV-601302,2023-09-01,FAC-001,HW-PC-10046,18,91,99,10
INV-601303,2023-10-01,FAC-001,HW-PC-10046,26,113,110,29
INV-601304,2023-11-01,FAC-001,HW-PC-10046,33,78,92,19
INV-601305,2023-12-01,FAC-001,HW-PC-10046,12,61,63,10
INV-601306,2024-01-01,FAC-001,HW-PC-10046,14,68,71,11
INV-601307,2024-02-01,FAC-001,HW-PC-10046,23,60,67,16
INV-601308,2024-03-01,FAC-001,HW-PC-10046,21,61,68,14
INV-601309,2024-04-01,FAC-001,HW-PC-10046,27,81,86,22
INV-601310,2024-05-01,FAC-001,HW-PC-10046,20,75,88,7
INV-601311,2024-06-01,FAC-001,HW-PC-10046,22,68,68,22
INV-601312,2024-07-01,FAC-001,HW-PC-10046,24,59,75,8
INV-601313,2024-08-01,FAC-001,HW-PC-10046,14,55,63,6
INV-601314,2024-09-01,FAC-001,HW-PC-10046,25,112,115,22
INV-601315,2024-10-01,FAC-001,HW-PC-10046,39,94,101,32
INV-601316,2024-11-01,FAC-001,HW-PC-10046,24,64,66,22
INV-601317,2024-12-01,FAC-001,HW-PC-10046,21,70,74,17
INV-601318,2025-01-01,FAC-001,HW-PC-10046,22,68,70,20
INV-601319,2025-02-01,FAC-001,HW-PC-10046,28,72,90,10
INV-601320,2025-03-01,FAC-001,HW-PC-10046,14,63,61,16
INV-601321,2025-04-01,FAC-001,HW-PC-10046,20,68,77,11
INV-601322,2025-05-01,FAC-001,HW-PC-10046,12,61,60,13
INV-601323,2025-06-01,FAC-001,HW-PC-10046,18,75,81,12
INV-601324,2025-07-01,FAC-001,HW-PC-10046,23,56,73,6
INV-601325,2025-08-01,FAC-001,HW-PC-10046,14,56,58,12
INV-601326,2025-09-01,FAC-001,HW-PC-10046,33,91,113,11
INV-601327,2025-10-01,FAC-001,HW-PC-10046,42,104,121,25
INV-601328,2025-11-01,FAC-001,HW-PC-10046,24,63,71,16
INV-601329,2025-12-01,FAC-001,HW-PC-10046,19,74,71,22
INV-601330,2026-01-01,FAC-001,HW-PC-10046,19,81,94,6
INV-601331,2026-02-01,FAC-001,HW-PC-10046,32,81,99,14
INV-601332,2026-03-01,FAC-001,HW-PC-10046,29,72,81,20
INV-601333,2023-04-01,FAC-001,HW-PC-10047,15,51,55,11
INV-601334,2023-05-01,FAC-001,HW-PC-10047,16,47,57,6
INV-601335,2023-06-01,FAC-001,HW-PC-10047,19,45,56,8
INV-601336,2023-07-01,FAC-001,HW-PC-10047,15,46,55,6
INV-601337,2023-08-01,FAC-001,HW-PC-10047,14,36,37,13
INV-601338,2023-09-01,FAC-001,HW-PC-10047,34,78,90,22
INV-601339,2023-10-01,FAC-001,HW-PC-10047,24,63,69,18
INV-601340,2023-11-01,FAC-001,HW-PC-10047,12,55,51,16
INV-601341,2023-12-01,FAC-001,HW-PC-10047,21,57,71,7
INV-601342,2024-01-01,FAC-001,HW-PC-10047,17,47,55,9
INV-601343,2024-02-01,FAC-001,HW-PC-10047,18,51,59,10
INV-601344,2024-03-01,FAC-001,HW-PC-10047,12,48,54,6
INV-601345,2024-04-01,FAC-001,HW-PC-10047,16,45,48,13
INV-601346,2024-05-01,FAC-001,HW-PC-10047,19,51,55,15
INV-601347,2024-06-01,FAC-001,HW-PC-10047,10,43,46,7
INV-601348,2024-07-01,FAC-001,HW-PC-10047,9,46,49,6
INV-601349,2024-08-01,FAC-001,HW-PC-10047,12,40,48,4
INV-601350,2024-09-01,FAC-001,HW-PC-10047,20,66,64,22
INV-601351,2024-10-01,FAC-001,HW-PC-10047,16,61,58,19
INV-601352,2024-11-01,FAC-001,HW-PC-10047,15,51,56,10
INV-601353,2024-12-01,FAC-001,HW-PC-10047,12,45,50,7
INV-601354,2025-01-01,FAC-001,HW-PC-10047,11,56,62,5
INV-601355,2025-02-01,FAC-001,HW-PC-10047,17,51,57,11
INV-601356,2025-03-01,FAC-001,HW-PC-10047,9,43,45,7
INV-601357,2025-04-01,FAC-001,HW-PC-10047,20,47,55,12
INV-601358,2025-05-01,FAC-001,HW-PC-10047,16,44,48,12
INV-601359,2025-06-01,FAC-001,HW-PC-10047,18,50,63,5
INV-601360,2025-07-01,FAC-001,HW-PC-10047,16,46,54,8
INV-601361,2025-08-01,FAC-001,HW-PC-10047,13,48,45,16
INV-601362,2025-09-01,FAC-001,HW-PC-10047,16,65,71,10
INV-601363,2025-10-01,FAC-001,HW-PC-10047,25,72,73,24
INV-601364,2025-11-01,FAC-001,HW-PC-10047,14,53,59,8
INV-601365,2025-12-01,FAC-001,HW-PC-10047,14,50,49,15
INV-601366,2026-01-01,FAC-001,HW-PC-10047,17,43,56,4
INV-601367,2026-02-01,FAC-001,HW-PC-10047,11,52,52,11
INV-601368,2026-03-01,FAC-001,HW-PC-10047,20,53,56,17
INV-601369,2023-04-01,FAC-001,HW-PC-10048,15,53,54,14
INV-601370,2023-05-01,FAC-001,HW-PC-10048,14,42,51,5
INV-601371,2023-06-01,FAC-001,HW-PC-10048,19,56,63,12
INV-601372,2023-07-01,FAC-001,HW-PC-10048,12,37,40,9
INV-601373,2023-08-01,FAC-001,HW-PC-10048,12,43,43,12
INV-601374,2023-09-01,FAC-001,HW-PC-10048,17,61,60,18
INV-601375,2023-10-01,FAC-001,HW-PC-10048,28,63,76,15
INV-601376,2023-11-01,FAC-001,HW-PC-10048,20,50,66,4
INV-601377,2023-12-01,FAC-001,HW-PC-10048,20,51,57,14
INV-601378,2024-01-01,FAC-001,HW-PC-10048,14,47,53,8
INV-601379,2024-02-01,FAC-001,HW-PC-10048,14,52,51,15
INV-601380,2024-03-01,FAC-001,HW-PC-10048,11,51,53,9
INV-601381,2024-04-01,FAC-001,HW-PC-10048,19,52,63,8
INV-601382,2024-05-01,FAC-001,HW-PC-10048,17,55,64,8
INV-601383,2024-06-01,FAC-001,HW-PC-10048,12,51,47,16
INV-601384,2024-07-01,FAC-001,HW-PC-10048,12,39,44,7
INV-601385,2024-08-01,FAC-001,HW-PC-10048,11,46,44,13
INV-601386,2024-09-01,FAC-001,HW-PC-10048,17,79,81,15
INV-601387,2024-10-01,FAC-001,HW-PC-10048,23,71,72,22
INV-601388,2024-11-01,FAC-001,HW-PC-10048,9,43,45,7
INV-601389,2024-12-01,FAC-001,HW-PC-10048,12,50,54,8
INV-601390,2025-01-01,FAC-001,HW-PC-10048,11,54,55,10
INV-601391,2025-02-01,FAC-001,HW-PC-10048,13,52,52,13
INV-601392,2025-03-01,FAC-001,HW-PC-10048,21,51,65,7
INV-601393,2025-04-01,FAC-001,HW-PC-10048,19,51,57,13
INV-601394,2025-05-01,FAC-001,HW-PC-10048,16,52,53,15
INV-601395,2025-06-01,FAC-001,HW-PC-10048,17,53,57,13
INV-601396,2025-07-01,FAC-001,HW-PC-10048,9,47,45,11
INV-601397,2025-08-01,FAC-001,HW-PC-10048,14,36,44,6
INV-601398,2025-09-01,FAC-001,HW-PC-10048,24,66,74,16
INV-601399,2025-10-01,FAC-001,HW-PC-10048,23,75,81,17
INV-601400,2025-11-01,FAC-001,HW-PC-10048,14,56,54,16
INV-601401,2025-12-01,FAC-001,HW-PC-10048,22,51,60,13
INV-601402,2026-01-01,FAC-001,HW-PC-10048,12,43,46,9
INV-601403,2026-02-01,FAC-001,HW-PC-10048,16,44,56,4
INV-601404,2026-03-01,FAC-001,HW-PC-10048,14,49,52,11
INV-601405,2023-04-01,FAC-001,HW-PC-10049,22,73,78,17
INV-601406,2023-05-01,FAC-001,HW-PC-10049,21,69,79,11
INV-601407,2023-06-01,FAC-001,HW-PC-10049,22,57,74,5
INV-601408,2023-07-01,FAC-001,HW-PC-10049,25,58,64,19
INV-601409,2023-08-01,FAC-001,HW-PC-10049,19,55,64,10
INV-601410,2023-09-01,FAC-001,HW-PC-10049,25,89,88,26
INV-601411,2023-10-01,FAC-001,HW-PC-10049,21,89,98,12
INV-601412,2023-11-01,FAC-001,HW-PC-10049,12,60,61,11
INV-601413,2023-12-01,FAC-001,HW-PC-10049,28,67,82,13
INV-601414,2024-01-01,FAC-001,HW-PC-10049,24,62,73,13
INV-601415,2024-02-01,FAC-001,HW-PC-10049,19,57,70,6
INV-601416,2024-03-01,FAC-001,HW-PC-10049,17,63,62,18
INV-601417,2024-04-01,FAC-001,HW-PC-10049,18,59,66,11
INV-601418,2024-05-01,FAC-001,HW-PC-10049,24,57,72,9
INV-601419,2024-06-01,FAC-001,HW-PC-10049,27,67,72,22
INV-601420,2024-07-01,FAC-001,HW-PC-10049,19,55,67,7
INV-601421,2024-08-01,FAC-001,HW-PC-10049,16,60,71,5
INV-601422,2024-09-01,FAC-001,HW-PC-10049,33,81,107,7
INV-601423,2024-10-01,FAC-001,HW-PC-10049,31,83,86,28
INV-601424,2024-11-01,FAC-001,HW-PC-10049,21,64,73,12
INV-601425,2024-12-01,FAC-001,HW-PC-10049,27,74,85,16
INV-601426,2025-01-01,FAC-001,HW-PC-10049,31,72,77,26
INV-601427,2025-02-01,FAC-001,HW-PC-10049,16,75,83,8
INV-601428,2025-03-01,FAC-001,HW-PC-10049,14,61,62,13
INV-601429,2025-04-01,FAC-001,HW-PC-10049,20,68,66,22
INV-601430,2025-05-01,FAC-001,HW-PC-10049,28,67,78,17
INV-601431,2025-06-01,FAC-001,HW-PC-10049,18,60,59,19
INV-601432,2025-07-01,FAC-001,HW-PC-10049,24,61,73,12
INV-601433,2025-08-01,FAC-001,HW-PC-10049,21,53,63,11
INV-601434,2025-09-01,FAC-001,HW-PC-10049,36,101,124,13
INV-601435,2025-10-01,FAC-001,HW-PC-10049,28,95,115,8
INV-601436,2025-11-01,FAC-001,HW-PC-10049,23,66,70,19
INV-601437,2025-12-01,FAC-001,HW-PC-10049,23,68,71,20
INV-601438,2026-01-01,FAC-001,HW-PC-10049,20,57,69,8
INV-601439,2026-02-01,FAC-001,HW-PC-10049,16,66,72,10
INV-601440,2026-03-01,FAC-001,HW-PC-10049,17,57,57,17
INV-601441,2023-04-01,FAC-001,HW-PC-10050,17,60,58,19
INV-601442,2023-05-01,FAC-001,HW-PC-10050,20,63,70,13
INV-601443,2023-06-01,FAC-001,HW-PC-10050,25,63,68,20
INV-601444,2023-07-01,FAC-001,HW-PC-10050,12,56,51,17
INV-601445,2023-08-01,FAC-001,HW-PC-10050,19,57,70,6
INV-601446,2023-09-01,FAC-001,HW-PC-10050,41,94,102,33
INV-601447,2023-10-01,FAC-001,HW-PC-10050,17,81,77,21
INV-601448,2023-11-01,FAC-001,HW-PC-10050,23,66,67,22
INV-601449,2023-12-01,FAC-001,HW-PC-10050,30,74,84,20
INV-601450,2024-01-01,FAC-001,HW-PC-10050,13,57,54,16
INV-601451,2024-02-01,FAC-001,HW-PC-10050,19,58,61,16
INV-601452,2024-03-01,FAC-001,HW-PC-10050,28,63,80,11
INV-601453,2024-04-01,FAC-001,HW-PC-10050,17,74,75,16
INV-601454,2024-05-01,FAC-001,HW-PC-10050,14,67,60,21
INV-601455,2024-06-01,FAC-001,HW-PC-10050,24,69,77,16
INV-601456,2024-07-01,FAC-001,HW-PC-10050,16,55,53,18
INV-601457,2024-08-01,FAC-001,HW-PC-10050,12,53,50,15
INV-601458,2024-09-01,FAC-001,HW-PC-10050,36,105,126,15
INV-601459,2024-10-01,FAC-001,HW-PC-10050,25,87,89,23
INV-601460,2024-11-01,FAC-001,HW-PC-10050,14,58,65,7
INV-601461,2024-12-01,FAC-001,HW-PC-10050,23,69,77,15
INV-601462,2025-01-01,FAC-001,HW-PC-10050,16,74,72,18
INV-601463,2025-02-01,FAC-001,HW-PC-10050,24,63,82,5
INV-601464,2025-03-01,FAC-001,HW-PC-10050,25,60,77,8
INV-601465,2025-04-01,FAC-001,HW-PC-10050,17,60,64,13
INV-601466,2025-05-01,FAC-001,HW-PC-10050,18,75,84,9
INV-601467,2025-06-01,FAC-001,HW-PC-10050,23,62,70,15
INV-601468,2025-07-01,FAC-001,HW-PC-10050,23,57,72,8
INV-601469,2025-08-01,FAC-001,HW-PC-10050,13,62,66,9
INV-601470,2025-09-01,FAC-001,HW-PC-10050,24,82,91,15
INV-601471,2025-10-01,FAC-001,HW-PC-10050,29,89,112,6
INV-601472,2025-11-01,FAC-001,HW-PC-10050,21,58,65,14
INV-601473,2025-12-01,FAC-001,HW-PC-10050,13,58,66,5
INV-601474,2026-01-01,FAC-001,HW-PC-10050,31,73,98,6
INV-601475,2026-02-01,FAC-001,HW-PC-10050,17,60,68,9
INV-601476,2026-03-01,FAC-001,HW-PC-10050,19,65,69,15
INV-601477,2023-04-01,FAC-001,HW-PC-10051,16,67,70,13
INV-601478,2023-05-01,FAC-001,HW-PC-10051,22,67,70,19
INV-601479,2023-06-01,FAC-001,HW-PC-10051,14,70,68,16
INV-601480,2023-07-01,FAC-001,HW-PC-10051,20,60,64,16
INV-601481,2023-08-01,FAC-001,HW-PC-10051,20,59,71,8
INV-601482,2023-09-01,FAC-001,HW-PC-10051,34,98,111,21
INV-601483,2023-10-01,FAC-001,HW-PC-10051,21,82,85,18
INV-601484,2023-11-01,FAC-001,HW-PC-10051,22,67,71,18
INV-601485,2023-12-01,FAC-001,HW-PC-10051,18,56,59,15
INV-601486,2024-01-01,FAC-001,HW-PC-10051,14,70,72,12
INV-601487,2024-02-01,FAC-001,HW-PC-10051,18,74,77,15
INV-601488,2024-03-01,FAC-001,HW-PC-10051,20,57,66,11
INV-601489,2024-04-01,FAC-001,HW-PC-10051,21,64,78,7
INV-601490,2024-05-01,FAC-001,HW-PC-10051,12,59,65,6
INV-601491,2024-06-01,FAC-001,HW-PC-10051,28,67,82,13
INV-601492,2024-07-01,FAC-001,HW-PC-10051,18,61,71,8
INV-601493,2024-08-01,FAC-001,HW-PC-10051,21,63,66,18
INV-601494,2024-09-01,FAC-001,HW-PC-10051,21,85,84,22
INV-601495,2024-10-01,FAC-001,HW-PC-10051,29,87,100,16
INV-601496,2024-11-01,FAC-001,HW-PC-10051,22,64,65,21
INV-601497,2024-12-01,FAC-001,HW-PC-10051,13,57,59,11
INV-601498,2025-01-01,FAC-001,HW-PC-10051,16,60,63,13
INV-601499,2025-02-01,FAC-001,HW-PC-10051,14,72,75,11
INV-601500,2025-03-01,FAC-001,HW-PC-10051,27,69,89,7
INV-601501,2025-04-01,FAC-001,HW-PC-10051,13,56,63,6
INV-601502,2025-05-01,FAC-001,HW-PC-10051,22,65,76,11
INV-601503,2025-06-01,FAC-001,HW-PC-10051,29,69,93,5
INV-601504,2025-07-01,FAC-001,HW-PC-10051,16,59,69,6
INV-601505,2025-08-01,FAC-001,HW-PC-10051,12,48,55,5
INV-601506,2025-09-01,FAC-001,HW-PC-10051,21,85,82,24
INV-601507,2025-10-01,FAC-001,HW-PC-10051,33,102,119,16
INV-601508,2025-11-01,FAC-001,HW-PC-10051,23,60,74,9
INV-601509,2025-12-01,FAC-001,HW-PC-10051,18,62,63,17
INV-601510,2026-01-01,FAC-001,HW-PC-10051,27,75,95,7
INV-601511,2026-02-01,FAC-001,HW-PC-10051,24,62,77,9
INV-601512,2026-03-01,FAC-001,HW-PC-10051,30,69,82,17
INV-601513,2023-04-01,FAC-001,HW-PC-10052,52,138,164,26
INV-601514,2023-05-01,FAC-001,HW-PC-10052,39,120,129,30
INV-601515,2023-06-01,FAC-001,HW-PC-10052,46,129,157,18
INV-601516,2023-07-01,FAC-001,HW-PC-10052,31,103,107,27
INV-601517,2023-08-01,FAC-001,HW-PC-10052,40,102,132,10
INV-601518,2023-09-01,FAC-001,HW-PC-10052,68,177,227,18
INV-601519,2023-10-01,FAC-001,HW-PC-10052,49,203,237,15
INV-601520,2023-11-01,FAC-001,HW-PC-10052,36,127,124,39
INV-601521,2023-12-01,FAC-001,HW-PC-10052,29,131,127,33
INV-601522,2024-01-01,FAC-001,HW-PC-10052,49,124,160,13
INV-601523,2024-02-01,FAC-001,HW-PC-10052,51,124,161,14
INV-601524,2024-03-01,FAC-001,HW-PC-10052,33,142,155,20
INV-601525,2024-04-01,FAC-001,HW-PC-10052,55,149,166,38
INV-601526,2024-05-01,FAC-001,HW-PC-10052,47,132,152,27
INV-601527,2024-06-01,FAC-001,HW-PC-10052,32,116,134,14
INV-601528,2024-07-01,FAC-001,HW-PC-10052,29,124,143,10
INV-601529,2024-08-01,FAC-001,HW-PC-10052,38,106,129,15
INV-601530,2024-09-01,FAC-001,HW-PC-10052,88,202,235,55
INV-601531,2024-10-01,FAC-001,HW-PC-10052,47,204,223,28
INV-601532,2024-11-01,FAC-001,HW-PC-10052,52,141,154,39
INV-601533,2024-12-01,FAC-001,HW-PC-10052,35,146,137,44
INV-601534,2025-01-01,FAC-001,HW-PC-10052,44,140,169,15
INV-601535,2025-02-01,FAC-001,HW-PC-10052,30,127,144,13
INV-601536,2025-03-01,FAC-001,HW-PC-10052,32,133,147,18
INV-601537,2025-04-01,FAC-001,HW-PC-10052,46,132,149,29
INV-601538,2025-05-01,FAC-001,HW-PC-10052,59,145,181,23
INV-601539,2025-06-01,FAC-001,HW-PC-10052,47,116,144,19
INV-601540,2025-07-01,FAC-001,HW-PC-10052,34,118,140,12
INV-601541,2025-08-01,FAC-001,HW-PC-10052,27,119,121,25
INV-601542,2025-09-01,FAC-001,HW-PC-10052,43,206,234,15
INV-601543,2025-10-01,FAC-001,HW-PC-10052,69,194,211,52
INV-601544,2025-11-01,FAC-001,HW-PC-10052,53,122,141,34
INV-601545,2025-12-01,FAC-001,HW-PC-10052,42,142,143,41
INV-601546,2026-01-01,FAC-001,HW-PC-10052,37,112,140,9
INV-601547,2026-02-01,FAC-001,HW-PC-10052,36,126,132,30
INV-601548,2026-03-01,FAC-001,HW-PC-10052,40,132,159,13
INV-601549,2023-04-01,FAC-001,HW-PC-10053,30,132,153,9
INV-601550,2023-05-01,FAC-001,HW-PC-10053,26,122,130,18
INV-601551,2023-06-01,FAC-001,HW-PC-10053,41,135,146,30
INV-601552,2023-07-01,FAC-001,HW-PC-10053,30,121,138,13
INV-601553,2023-08-01,FAC-001,HW-PC-10053,35,117,127,25
INV-601554,2023-09-01,FAC-001,HW-PC-10053,66,171,202,35
INV-601555,2023-10-01,FAC-001,HW-PC-10053,60,174,222,12
INV-601556,2023-11-01,FAC-001,HW-PC-10053,55,129,150,34
INV-601557,2023-12-01,FAC-001,HW-PC-10053,28,114,118,24
INV-601558,2024-01-01,FAC-001,HW-PC-10053,24,120,134,10
INV-601559,2024-02-01,FAC-001,HW-PC-10053,55,145,156,44
INV-601560,2024-03-01,FAC-001,HW-PC-10053,25,116,126,15
INV-601561,2024-04-01,FAC-001,HW-PC-10053,45,148,149,44
INV-601562,2024-05-01,FAC-001,HW-PC-10053,37,132,139,30
INV-601563,2024-06-01,FAC-001,HW-PC-10053,51,136,144,43
INV-601564,2024-07-01,FAC-001,HW-PC-10053,43,96,110,29
INV-601565,2024-08-01,FAC-001,HW-PC-10053,24,97,91,30
INV-601566,2024-09-01,FAC-001,HW-PC-10053,71,178,203,46
INV-601567,2024-10-01,FAC-001,HW-PC-10053,66,181,210,37
INV-601568,2024-11-01,FAC-001,HW-PC-10053,60,146,154,52
INV-601569,2024-12-01,FAC-001,HW-PC-10053,45,143,178,10
INV-601570,2025-01-01,FAC-001,HW-PC-10053,58,131,170,19
INV-601571,2025-02-01,FAC-001,HW-PC-10053,40,122,153,9
INV-601572,2025-03-01,FAC-001,HW-PC-10053,32,146,158,20
INV-601573,2025-04-01,FAC-001,HW-PC-10053,25,125,124,26
INV-601574,2025-05-01,FAC-001,HW-PC-10053,48,121,138,31
INV-601575,2025-06-01,FAC-001,HW-PC-10053,28,144,139,33
INV-601576,2025-07-01,FAC-001,HW-PC-10053,26,103,98,31
INV-601577,2025-08-01,FAC-001,HW-PC-10053,34,101,109,26
INV-601578,2025-09-01,FAC-001,HW-PC-10053,52,180,214,18
INV-601579,2025-10-01,FAC-001,HW-PC-10053,66,207,222,51
INV-601580,2025-11-01,FAC-001,HW-PC-10053,50,116,126,40
INV-601581,2025-12-01,FAC-001,HW-PC-10053,33,123,126,30
INV-601582,2026-01-01,FAC-001,HW-PC-10053,46,118,127,37
INV-601583,2026-02-01,FAC-001,HW-PC-10053,31,137,128,40
INV-601584,2026-03-01,FAC-001,HW-PC-10053,36,148,168,16
INV-601585,2023-04-01,FAC-001,HW-PC-10054,50,115,131,34
INV-601586,2023-05-01,FAC-001,HW-PC-10054,35,146,166,15
INV-601587,2023-06-01,FAC-001,HW-PC-10054,36,112,133,15
INV-601588,2023-07-01,FAC-001,HW-PC-10054,53,126,163,16
INV-601589,2023-08-01,FAC-001,HW-PC-10054,31,125,125,31
INV-601590,2023-09-01,FAC-001,HW-PC-10054,50,173,184,39
INV-601591,2023-10-01,FAC-001,HW-PC-10054,44,187,205,26
INV-601592,2023-11-01,FAC-001,HW-PC-10054,32,118,127,23
INV-601593,2023-12-01,FAC-001,HW-PC-10054,55,143,174,24
INV-601594,2024-01-01,FAC-001,HW-PC-10054,39,118,120,37
INV-601595,2024-02-01,FAC-001,HW-PC-10054,38,127,125,40
INV-601596,2024-03-01,FAC-001,HW-PC-10054,53,123,165,11
INV-601597,2024-04-01,FAC-001,HW-PC-10054,26,126,119,33
INV-601598,2024-05-01,FAC-001,HW-PC-10054,55,127,141,41
INV-601599,2024-06-01,FAC-001,HW-PC-10054,32,142,164,10
INV-601600,2024-07-01,FAC-001,HW-PC-10054,42,108,122,28
INV-601601,2024-08-01,FAC-001,HW-PC-10054,28,116,112,32
INV-601602,2024-09-01,FAC-001,HW-PC-10054,89,209,276,22
INV-601603,2024-10-01,FAC-001,HW-PC-10054,76,191,203,64
INV-601604,2024-11-01,FAC-001,HW-PC-10054,34,125,139,20
INV-601605,2024-12-01,FAC-001,HW-PC-10054,29,126,134,21
INV-601606,2025-01-01,FAC-001,HW-PC-10054,42,144,144,42
INV-601607,2025-02-01,FAC-001,HW-PC-10054,30,119,120,29
INV-601608,2025-03-01,FAC-001,HW-PC-10054,47,137,163,21
INV-601609,2025-04-01,FAC-001,HW-PC-10054,51,126,139,38
INV-601610,2025-05-01,FAC-001,HW-PC-10054,52,130,143,39
INV-601611,2025-06-01,FAC-001,HW-PC-10054,48,116,134,30
INV-601612,2025-07-01,FAC-001,HW-PC-10054,24,118,126,16
INV-601613,2025-08-01,FAC-001,HW-PC-10054,22,106,111,17
INV-601614,2025-09-01,FAC-001,HW-PC-10054,50,170,168,52
INV-601615,2025-10-01,FAC-001,HW-PC-10054,45,165,161,49
INV-601616,2025-11-01,FAC-001,HW-PC-10054,29,148,149,28
INV-601617,2025-12-01,FAC-001,HW-PC-10054,32,117,139,10
INV-601618,2026-01-01,FAC-001,HW-PC-10054,52,118,134,36
INV-601619,2026-02-01,FAC-001,HW-PC-10054,47,141,174,14
INV-601620,2026-03-01,FAC-001,HW-PC-10054,44,134,140,38
INV-601621,2023-04-01,FAC-001,HW-PC-10055,16,59,61,14
INV-601622,2023-05-01,FAC-001,HW-PC-10055,16,57,68,5
INV-601623,2023-06-01,FAC-001,HW-PC-10055,19,56,69,6
INV-601624,2023-07-01,FAC-001,HW-PC-10055,10,38,40,8
INV-601625,2023-08-01,FAC-001,HW-PC-10055,15,41,52,4
INV-601626,2023-09-01,FAC-001,HW-PC-10055,20,72,86,6
INV-601627,2023-10-01,FAC-001,HW-PC-10055,23,72,77,18
INV-601628,2023-11-01,FAC-001,HW-PC-10055,20,59,71,8
INV-601629,2023-12-01,FAC-001,HW-PC-10055,16,57,61,12
INV-601630,2024-01-01,FAC-001,HW-PC-10055,16,58,67,7
INV-601631,2024-02-01,FAC-001,HW-PC-10055,21,60,72,9
INV-601632,2024-03-01,FAC-001,HW-PC-10055,23,57,66,14
INV-601633,2024-04-01,FAC-001,HW-PC-10055,13,45,51,7
INV-601634,2024-05-01,FAC-001,HW-PC-10055,20,52,59,13
INV-601635,2024-06-01,FAC-001,HW-PC-10055,13,55,61,7
INV-601636,2024-07-01,FAC-001,HW-PC-10055,11,45,45,11
INV-601637,2024-08-01,FAC-001,HW-PC-10055,15,48,49,14
INV-601638,2024-09-01,FAC-001,HW-PC-10055,31,84,108,7
INV-601639,2024-10-01,FAC-001,HW-PC-10055,22,72,87,7
INV-601640,2024-11-01,FAC-001,HW-PC-10055,19,53,57,15
INV-601641,2024-12-01,FAC-001,HW-PC-10055,12,52,50,14
INV-601642,2025-01-01,FAC-001,HW-PC-10055,9,45,51,3
INV-601643,2025-02-01,FAC-001,HW-PC-10055,17,48,59,6
INV-601644,2025-03-01,FAC-001,HW-PC-10055,12,53,58,7
INV-601645,2025-04-01,FAC-001,HW-PC-10055,20,54,66,8
INV-601646,2025-05-01,FAC-001,HW-PC-10055,20,60,65,15
INV-601647,2025-06-01,FAC-001,HW-PC-10055,11,55,61,5
INV-601648,2025-07-01,FAC-001,HW-PC-10055,10,39,44,5
INV-601649,2025-08-01,FAC-001,HW-PC-10055,13,46,49,10
INV-601650,2025-09-01,FAC-001,HW-PC-10055,23,82,97,8
INV-601651,2025-10-01,FAC-001,HW-PC-10055,25,65,82,8
INV-601652,2025-11-01,FAC-001,HW-PC-10055,14,47,47,14
INV-601653,2025-12-01,FAC-001,HW-PC-10055,18,56,64,10
INV-601654,2026-01-01,FAC-001,HW-PC-10055,12,48,45,15
INV-601655,2026-02-01,FAC-001,HW-PC-10055,16,50,60,6
INV-601656,2026-03-01,FAC-001,HW-PC-10055,16,55,66,5
INV-601657,2023-04-01,FAC-001,HW-PC-10058,22,106,114,14
INV-601658,2023-05-01,FAC-001,HW-PC-10058,27,101,109,19
INV-601659,2023-06-01,FAC-001,HW-PC-10058,40,117,122,35
INV-601660,2023-07-01,FAC-001,HW-PC-10058,33,94,119,8
INV-601661,2023-08-01,FAC-001,HW-PC-10058,44,104,133,15
INV-601662,2023-09-01,FAC-001,HW-PC-10058,40,165,181,24
INV-601663,2023-10-01,FAC-001,HW-PC-10058,58,166,189,35
INV-601664,2023-11-01,FAC-001,HW-PC-10058,32,115,125,22
INV-601665,2023-12-01,FAC-001,HW-PC-10058,41,104,114,31
INV-601666,2024-01-01,FAC-001,HW-PC-10058,30,100,114,16
INV-601667,2024-02-01,FAC-001,HW-PC-10058,30,112,122,20
INV-601668,2024-03-01,FAC-001,HW-PC-10058,47,109,145,11
INV-601669,2024-04-01,FAC-001,HW-PC-10058,32,115,131,16
INV-601670,2024-05-01,FAC-001,HW-PC-10058,31,99,106,24
INV-601671,2024-06-01,FAC-001,HW-PC-10058,26,129,133,22
INV-601672,2024-07-01,FAC-001,HW-PC-10058,33,104,105,32
INV-601673,2024-08-01,FAC-001,HW-PC-10058,36,111,128,19
INV-601674,2024-09-01,FAC-001,HW-PC-10058,47,148,162,33
INV-601675,2024-10-01,FAC-001,HW-PC-10058,31,140,156,15
INV-601676,2024-11-01,FAC-001,HW-PC-10058,26,106,112,20
INV-601677,2024-12-01,FAC-001,HW-PC-10058,26,124,129,21
INV-601678,2025-01-01,FAC-001,HW-PC-10058,21,101,92,30
INV-601679,2025-02-01,FAC-001,HW-PC-10058,28,126,116,38
INV-601680,2025-03-01,FAC-001,HW-PC-10058,46,112,126,32
INV-601681,2025-04-01,FAC-001,HW-PC-10058,23,112,113,22
INV-601682,2025-05-01,FAC-001,HW-PC-10058,40,117,128,29
INV-601683,2025-06-01,FAC-001,HW-PC-10058,24,108,108,24
INV-601684,2025-07-01,FAC-001,HW-PC-10058,33,86,112,7
INV-601685,2025-08-01,FAC-001,HW-PC-10058,46,111,136,21
INV-601686,2025-09-01,FAC-001,HW-PC-10058,46,170,189,27
INV-601687,2025-10-01,FAC-001,HW-PC-10058,50,158,187,21
INV-601688,2025-11-01,FAC-001,HW-PC-10058,29,107,127,9
INV-601689,2025-12-01,FAC-001,HW-PC-10058,31,99,121,9
INV-601690,2026-01-01,FAC-001,HW-PC-10058,39,118,125,32
INV-601691,2026-02-01,FAC-001,HW-PC-10058,45,109,132,22
INV-601692,2026-03-01,FAC-001,HW-PC-10058,25,115,105,35
INV-601693,2023-04-01,FAC-001,HW-PC-10060,25,118,126,17
INV-601694,2023-05-01,FAC-001,HW-PC-10060,44,129,134,39
INV-601695,2023-06-01,FAC-001,HW-PC-10060,45,117,134,28
INV-601696,2023-07-01,FAC-001,HW-PC-10060,39,108,136,11
INV-601697,2023-08-01,FAC-001,HW-PC-10060,23,101,100,24
INV-601698,2023-09-01,FAC-001,HW-PC-10060,62,146,187,21
INV-601699,2023-10-01,FAC-001,HW-PC-10060,46,169,169,46
INV-601700,2023-11-01,FAC-001,HW-PC-10060,39,123,128,34
INV-601701,2023-12-01,FAC-001,HW-PC-10060,24,119,116,27
INV-601702,2024-01-01,FAC-001,HW-PC-10060,26,113,131,8
INV-601703,2024-02-01,FAC-001,HW-PC-10060,24,104,101,27
INV-601704,2024-03-01,FAC-001,HW-PC-10060,37,124,138,23
INV-601705,2024-04-01,FAC-001,HW-PC-10060,20,98,99,19
INV-601706,2024-05-01,FAC-001,HW-PC-10060,52,125,135,42
INV-601707,2024-06-01,FAC-001,HW-PC-10060,49,116,136,29
INV-601708,2024-07-01,FAC-001,HW-PC-10060,24,107,122,9
INV-601709,2024-08-01,FAC-001,HW-PC-10060,45,105,132,18
INV-601710,2024-09-01,FAC-001,HW-PC-10060,66,154,177,43
INV-601711,2024-10-01,FAC-001,HW-PC-10060,57,152,188,21
INV-601712,2024-11-01,FAC-001,HW-PC-10060,32,129,146,15
INV-601713,2024-12-01,FAC-001,HW-PC-10060,26,123,123,26
INV-601714,2025-01-01,FAC-001,HW-PC-10060,29,107,128,8
INV-601715,2025-02-01,FAC-001,HW-PC-10060,45,119,155,9
INV-601716,2025-03-01,FAC-001,HW-PC-10060,44,110,128,26
INV-601717,2025-04-01,FAC-001,HW-PC-10060,31,127,148,10
INV-601718,2025-05-01,FAC-001,HW-PC-10060,29,105,120,14
INV-601719,2025-06-01,FAC-001,HW-PC-10060,39,111,125,25
INV-601720,2025-07-01,FAC-001,HW-PC-10060,26,104,99,31
INV-601721,2025-08-01,FAC-001,HW-PC-10060,28,91,93,26
INV-601722,2025-09-01,FAC-001,HW-PC-10060,45,153,150,48
INV-601723,2025-10-01,FAC-001,HW-PC-10060,69,165,182,52
INV-601724,2025-11-01,FAC-001,HW-PC-10060,43,118,134,27
INV-601725,2025-12-01,FAC-001,HW-PC-10060,36,121,133,24
INV-601726,2026-01-01,FAC-001,HW-PC-10060,36,98,118,16
INV-601727,2026-02-01,FAC-001,HW-PC-10060,28,99,120,7
INV-601728,2026-03-01,FAC-001,HW-PC-10060,36,112,137,11
INV-601729,2023-04-01,FAC-001,HW-PC-10062,52,125,148,29
INV-601730,2023-05-01,FAC-001,HW-PC-10062,33,114,138,9
INV-601731,2023-06-01,FAC-001,HW-PC-10062,26,121,135,12
INV-601732,2023-07-01,FAC-001,HW-PC-10062,21,97,101,17
INV-601733,2023-08-01,FAC-001,HW-PC-10062,39,95,105,29
INV-601734,2023-09-01,FAC-001,HW-PC-10062,59,176,178,57
INV-601735,2023-10-01,FAC-001,HW-PC-10062,60,183,196,47
INV-601736,2023-11-01,FAC-001,HW-PC-10062,46,113,128,31
INV-601737,2023-12-01,FAC-001,HW-PC-10062,24,104,103,25
INV-601738,2024-01-01,FAC-001,HW-PC-10062,39,124,129,34
INV-601739,2024-02-01,FAC-001,HW-PC-10062,29,103,123,9
INV-601740,2024-03-01,FAC-001,HW-PC-10062,48,109,132,25
INV-601741,2024-04-01,FAC-001,HW-PC-10062,43,103,122,24
INV-601742,2024-05-01,FAC-001,HW-PC-10062,54,122,133,43
INV-601743,2024-06-01,FAC-001,HW-PC-10062,38,101,112,27
INV-601744,2024-07-01,FAC-001,HW-PC-10062,18,88,79,27
INV-601745,2024-08-01,FAC-001,HW-PC-10062,24,105,108,21
INV-601746,2024-09-01,FAC-001,HW-PC-10062,50,166,163,53
INV-601747,2024-10-01,FAC-001,HW-PC-10062,35,174,188,21
INV-601748,2024-11-01,FAC-001,HW-PC-10062,39,128,143,24
INV-601749,2024-12-01,FAC-001,HW-PC-10062,33,114,136,11
INV-601750,2025-01-01,FAC-001,HW-PC-10062,36,128,143,21
INV-601751,2025-02-01,FAC-001,HW-PC-10062,56,129,157,28
INV-601752,2025-03-01,FAC-001,HW-PC-10062,30,113,134,9
INV-601753,2025-04-01,FAC-001,HW-PC-10062,35,102,110,27
INV-601754,2025-05-01,FAC-001,HW-PC-10062,32,107,132,7
INV-601755,2025-06-01,FAC-001,HW-PC-10062,34,99,101,32
INV-601756,2025-07-01,FAC-001,HW-PC-10062,26,87,96,17
INV-601757,2025-08-01,FAC-001,HW-PC-10062,25,90,88,27
INV-601758,2025-09-01,FAC-001,HW-PC-10062,66,151,203,14
INV-601759,2025-10-01,FAC-001,HW-PC-10062,52,153,191,14
INV-601760,2025-11-01,FAC-001,HW-PC-10062,39,97,127,9
INV-601761,2025-12-01,FAC-001,HW-PC-10062,24,100,116,8
INV-601762,2026-01-01,FAC-001,HW-PC-10062,23,116,111,28
INV-601763,2026-02-01,FAC-001,HW-PC-10062,42,113,138,17
INV-601764,2026-03-01,FAC-001,HW-PC-10062,35,132,143,24
INV-601765,2023-04-01,FAC-001,HW-PC-10063,26,111,129,8
INV-601766,2023-05-01,FAC-001,HW-PC-10063,41,127,146,22
INV-601767,2023-06-01,FAC-001,HW-PC-10063,35,105,124,16
INV-601768,2023-07-01,FAC-001,HW-PC-10063,43,98,122,19
INV-601769,2023-08-01,FAC-001,HW-PC-10063,36,93,101,28
INV-601770,2023-09-01,FAC-001,HW-PC-10063,44,155,166,33
INV-601771,2023-10-01,FAC-001,HW-PC-10063,55,174,208,21
INV-601772,2023-11-01,FAC-001,HW-PC-10063,33,117,136,14
INV-601773,2023-12-01,FAC-001,HW-PC-10063,26,105,111,20
INV-601774,2024-01-01,FAC-001,HW-PC-10063,21,106,111,16
INV-601775,2024-02-01,FAC-001,HW-PC-10063,35,115,141,9
INV-601776,2024-03-01,FAC-001,HW-PC-10063,48,117,128,37
INV-601777,2024-04-01,FAC-001,HW-PC-10063,48,117,142,23
INV-601778,2024-05-01,FAC-001,HW-PC-10063,35,122,120,37
INV-601779,2024-06-01,FAC-001,HW-PC-10063,33,113,134,12
INV-601780,2024-07-01,FAC-001,HW-PC-10063,39,90,121,8
INV-601781,2024-08-01,FAC-001,HW-PC-10063,25,90,106,9
INV-601782,2024-09-01,FAC-001,HW-PC-10063,56,183,194,45
INV-601783,2024-10-01,FAC-001,HW-PC-10063,60,162,178,44
INV-601784,2024-11-01,FAC-001,HW-PC-10063,26,123,113,36
INV-601785,2024-12-01,FAC-001,HW-PC-10063,32,111,116,27
INV-601786,2025-01-01,FAC-001,HW-PC-10063,31,114,114,31
INV-601787,2025-02-01,FAC-001,HW-PC-10063,47,108,128,27
INV-601788,2025-03-01,FAC-001,HW-PC-10063,38,113,142,9
INV-601789,2025-04-01,FAC-001,HW-PC-10063,39,106,129,16
INV-601790,2025-05-01,FAC-001,HW-PC-10063,26,118,127,17
INV-601791,2025-06-01,FAC-001,HW-PC-10063,34,99,119,14
INV-601792,2025-07-01,FAC-001,HW-PC-10063,36,89,94,31
INV-601793,2025-08-01,FAC-001,HW-PC-10063,33,107,111,29
INV-601794,2025-09-01,FAC-001,HW-PC-10063,62,143,156,49
INV-601795,2025-10-01,FAC-001,HW-PC-10063,41,146,163,24
INV-601796,2025-11-01,FAC-001,HW-PC-10063,26,116,114,28
INV-601797,2025-12-01,FAC-001,HW-PC-10063,26,105,109,22
INV-601798,2026-01-01,FAC-001,HW-PC-10063,31,122,125,28
INV-601799,2026-02-01,FAC-001,HW-PC-10063,49,111,150,10
INV-601800,2026-03-01,FAC-001,HW-PC-10063,32,125,119,38
INV-601801,2023-04-01,FAC-001,HW-PC-10064,16,51,60,7
INV-601802,2023-05-01,FAC-001,HW-PC-10064,24,60,69,15
INV-601803,2023-06-01,FAC-001,HW-PC-10064,16,58,56,18
INV-601804,2023-07-01,FAC-001,HW-PC-10064,9,49,48,10
INV-601805,2023-08-01,FAC-001,HW-PC-10064,16,44,54,6
INV-601806,2023-09-01,FAC-001,HW-PC-10064,29,72,81,20
INV-601807,2023-10-01,FAC-001,HW-PC-10064,28,75,91,12
INV-601808,2023-11-01,FAC-001,HW-PC-10064,16,63,69,10
INV-601809,2023-12-01,FAC-001,HW-PC-10064,24,56,62,18
INV-601810,2024-01-01,FAC-001,HW-PC-10064,20,59,63,16
INV-601811,2024-02-01,FAC-001,HW-PC-10064,15,54,59,10
INV-601812,2024-03-01,FAC-001,HW-PC-10064,20,61,70,11
INV-601813,2024-04-01,FAC-001,HW-PC-10064,11,55,52,14
INV-601814,2024-05-01,FAC-001,HW-PC-10064,14,54,53,15
INV-601815,2024-06-01,FAC-001,HW-PC-10064,15,55,56,14
INV-601816,2024-07-01,FAC-001,HW-PC-10064,10,46,52,4
INV-601817,2024-08-01,FAC-001,HW-PC-10064,19,51,53,17
INV-601818,2024-09-01,FAC-001,HW-PC-10064,33,83,104,12
INV-601819,2024-10-01,FAC-001,HW-PC-10064,24,68,84,8
INV-601820,2024-11-01,FAC-001,HW-PC-10064,20,56,63,13
INV-601821,2024-12-01,FAC-001,HW-PC-10064,11,55,57,9
INV-601822,2025-01-01,FAC-001,HW-PC-10064,14,48,50,12
INV-601823,2025-02-01,FAC-001,HW-PC-10064,12,55,59,8
INV-601824,2025-03-01,FAC-001,HW-PC-10064,14,59,56,17
INV-601825,2025-04-01,FAC-001,HW-PC-10064,20,49,59,10
INV-601826,2025-05-01,FAC-001,HW-PC-10064,12,54,58,8
INV-601827,2025-06-01,FAC-001,HW-PC-10064,24,61,74,11
INV-601828,2025-07-01,FAC-001,HW-PC-10064,9,40,37,12
INV-601829,2025-08-01,FAC-001,HW-PC-10064,10,43,42,11
INV-601830,2025-09-01,FAC-001,HW-PC-10064,32,74,92,14
INV-601831,2025-10-01,FAC-001,HW-PC-10064,31,84,88,27
INV-601832,2025-11-01,FAC-001,HW-PC-10064,15,58,64,9
INV-601833,2025-12-01,FAC-001,HW-PC-10064,23,52,60,15
INV-601834,2026-01-01,FAC-001,HW-PC-10064,22,51,55,18
INV-601835,2026-02-01,FAC-001,HW-PC-10064,22,58,73,7
INV-601836,2026-03-01,FAC-001,HW-PC-10064,27,62,67,22
INV-601837,2023-04-01,FAC-001,HW-PC-10068,99,223,300,22
INV-601838,2023-05-01,FAC-001,HW-PC-10068,44,210,208,46
INV-601839,2023-06-01,FAC-001,HW-PC-10068,87,234,270,51
INV-601840,2023-07-01,FAC-001,HW-PC-10068,48,157,172,33
INV-601841,2023-08-01,FAC-001,HW-PC-10068,73,205,225,53
INV-601842,2023-09-01,FAC-001,HW-PC-10068,65,301,345,21
INV-601843,2023-10-01,FAC-001,HW-PC-10068,91,287,310,68
INV-601844,2023-11-01,FAC-001,HW-PC-10068,82,225,274,33
INV-601845,2023-12-01,FAC-001,HW-PC-10068,55,199,196,58
INV-601846,2024-01-01,FAC-001,HW-PC-10068,46,223,233,36
INV-601847,2024-02-01,FAC-001,HW-PC-10068,100,237,283,54
INV-601848,2024-03-01,FAC-001,HW-PC-10068,46,211,227,30
INV-601849,2024-04-01,FAC-001,HW-PC-10068,61,234,246,49
INV-601850,2024-05-01,FAC-001,HW-PC-10068,98,235,265,68
INV-601851,2024-06-01,FAC-001,HW-PC-10068,53,217,208,62
INV-601852,2024-07-01,FAC-001,HW-PC-10068,82,204,257,29
INV-601853,2024-08-01,FAC-001,HW-PC-10068,64,157,185,36
INV-601854,2024-09-01,FAC-001,HW-PC-10068,95,285,291,89
INV-601855,2024-10-01,FAC-001,HW-PC-10068,111,322,340,93
INV-601856,2024-11-01,FAC-001,HW-PC-10068,47,193,182,58
INV-601857,2024-12-01,FAC-001,HW-PC-10068,89,219,232,76
INV-601858,2025-01-01,FAC-001,HW-PC-10068,63,185,226,22
INV-601859,2025-02-01,FAC-001,HW-PC-10068,58,202,226,34
INV-601860,2025-03-01,FAC-001,HW-PC-10068,41,199,215,25
INV-601861,2025-04-01,FAC-001,HW-PC-10068,76,222,267,31
INV-601862,2025-05-01,FAC-001,HW-PC-10068,56,225,230,51
INV-601863,2025-06-01,FAC-001,HW-PC-10068,43,189,205,27
INV-601864,2025-07-01,FAC-001,HW-PC-10068,88,201,253,36
INV-601865,2025-08-01,FAC-001,HW-PC-10068,37,164,183,18
INV-601866,2025-09-01,FAC-001,HW-PC-10068,108,306,375,39
INV-601867,2025-10-01,FAC-001,HW-PC-10068,129,317,339,107
INV-601868,2025-11-01,FAC-001,HW-PC-10068,94,229,260,63
INV-601869,2025-12-01,FAC-001,HW-PC-10068,62,223,268,17
INV-601870,2026-01-01,FAC-001,HW-PC-10068,63,184,193,54
INV-601871,2026-02-01,FAC-001,HW-PC-10068,55,227,224,58
INV-601872,2026-03-01,FAC-001,HW-PC-10068,91,213,240,64
INV-601873,2023-04-01,FAC-001,HW-PC-10069,74,230,283,21
INV-601874,2023-05-01,FAC-001,HW-PC-10069,69,191,207,53
INV-601875,2023-06-01,FAC-001,HW-PC-10069,70,191,226,35
INV-601876,2023-07-01,FAC-001,HW-PC-10069,54,195,209,40
INV-601877,2023-08-01,FAC-001,HW-PC-10069,78,176,205,49
INV-601878,2023-09-01,FAC-001,HW-PC-10069,81,281,312,50
INV-601879,2023-10-01,FAC-001,HW-PC-10069,118,277,317,78
INV-601880,2023-11-01,FAC-001,HW-PC-10069,53,239,257,35
INV-601881,2023-12-01,FAC-001,HW-PC-10069,58,240,281,17
INV-601882,2024-01-01,FAC-001,HW-PC-10069,91,210,266,35
INV-601883,2024-02-01,FAC-001,HW-PC-10069,49,201,202,48
INV-601884,2024-03-01,FAC-001,HW-PC-10069,44,187,178,53
INV-601885,2024-04-01,FAC-001,HW-PC-10069,83,209,227,65
INV-601886,2024-05-01,FAC-001,HW-PC-10069,68,190,203,55
INV-601887,2024-06-01,FAC-001,HW-PC-10069,45,188,217,16
INV-601888,2024-07-01,FAC-001,HW-PC-10069,57,199,225,31
INV-601889,2024-08-01,FAC-001,HW-PC-10069,67,183,221,29
INV-601890,2024-09-01,FAC-001,HW-PC-10069,82,311,297,96
INV-601891,2024-10-01,FAC-001,HW-PC-10069,124,295,361,58
INV-601892,2024-11-01,FAC-001,HW-PC-10069,105,235,266,74
INV-601893,2024-12-01,FAC-001,HW-PC-10069,83,226,292,17
INV-601894,2025-01-01,FAC-001,HW-PC-10069,91,245,268,68
INV-601895,2025-02-01,FAC-001,HW-PC-10069,52,233,258,27
INV-601896,2025-03-01,FAC-001,HW-PC-10069,70,240,271,39
INV-601897,2025-04-01,FAC-001,HW-PC-10069,64,209,221,52
INV-601898,2025-05-01,FAC-001,HW-PC-10069,99,230,308,21
INV-601899,2025-06-01,FAC-001,HW-PC-10069,80,193,245,28
INV-601900,2025-07-01,FAC-001,HW-PC-10069,36,168,163,41
INV-601901,2025-08-01,FAC-001,HW-PC-10069,73,204,247,30
INV-601902,2025-09-01,FAC-001,HW-PC-10069,105,277,288,94
INV-601903,2025-10-01,FAC-001,HW-PC-10069,102,288,303,87
INV-601904,2025-11-01,FAC-001,HW-PC-10069,60,234,258,36
INV-601905,2025-12-01,FAC-001,HW-PC-10069,72,207,215,64
INV-601906,2026-01-01,FAC-001,HW-PC-10069,77,182,208,51
INV-601907,2026-02-01,FAC-001,HW-PC-10069,105,234,268,71
INV-601908,2026-03-01,FAC-001,HW-PC-10069,72,198,254,16
INV-601909,2023-04-01,FAC-001,HW-PC-10070,85,214,232,67
INV-601910,2023-05-01,FAC-001,HW-PC-10070,107,244,274,77
INV-601911,2023-06-01,FAC-001,HW-PC-10070,45,201,197,49
INV-601912,2023-07-01,FAC-001,HW-PC-10070,58,199,197,60
INV-601913,2023-08-01,FAC-001,HW-PC-10070,77,173,218,32
INV-601914,2023-09-01,FAC-001,HW-PC-10070,70,292,342,20
INV-601915,2023-10-01,FAC-001,HW-PC-10070,88,328,317,99
INV-601916,2023-11-01,FAC-001,HW-PC-10070,42,185,196,31
INV-601917,2023-12-01,FAC-001,HW-PC-10070,78,241,293,26
INV-601918,2024-01-01,FAC-001,HW-PC-10070,79,210,259,30
INV-601919,2024-02-01,FAC-001,HW-PC-10070,56,193,218,31
INV-601920,2024-03-01,FAC-001,HW-PC-10070,54,186,205,35
INV-601921,2024-04-01,FAC-001,HW-PC-10070,78,245,294,29
INV-601922,2024-05-01,FAC-001,HW-PC-10070,83,209,253,39
INV-601923,2024-06-01,FAC-001,HW-PC-10070,72,238,269,41
INV-601924,2024-07-01,FAC-001,HW-PC-10070,57,188,190,55
INV-601925,2024-08-01,FAC-001,HW-PC-10070,32,159,176,15
INV-601926,2024-09-01,FAC-001,HW-PC-10070,69,275,308,36
INV-601927,2024-10-01,FAC-001,HW-PC-10070,92,283,293,82
INV-601928,2024-11-01,FAC-001,HW-PC-10070,100,243,316,27
INV-601929,2024-12-01,FAC-001,HW-PC-10070,81,208,225,64
INV-601930,2025-01-01,FAC-001,HW-PC-10070,37,182,189,30
INV-601931,2025-02-01,FAC-001,HW-PC-10070,69,211,210,70
INV-601932,2025-03-01,FAC-001,HW-PC-10070,79,209,241,47
INV-601933,2025-04-01,FAC-001,HW-PC-10070,58,228,261,25
INV-601934,2025-05-01,FAC-001,HW-PC-10070,55,219,218,56
INV-601935,2025-06-01,FAC-001,HW-PC-10070,90,222,259,53
INV-601936,2025-07-01,FAC-001,HW-PC-10070,70,168,210,28
INV-601937,2025-08-01,FAC-001,HW-PC-10070,57,179,186,50
INV-601938,2025-09-01,FAC-001,HW-PC-10070,89,310,378,21
INV-601939,2025-10-01,FAC-001,HW-PC-10070,95,297,338,54
INV-601940,2025-11-01,FAC-001,HW-PC-10070,96,240,282,54
INV-601941,2025-12-01,FAC-001,HW-PC-10070,79,228,260,47
INV-601942,2026-01-01,FAC-001,HW-PC-10070,61,194,203,52
INV-601943,2026-02-01,FAC-001,HW-PC-10070,68,240,289,19
INV-601944,2026-03-01,FAC-001,HW-PC-10070,77,216,251,42
INV-601945,2023-04-01,FAC-001,HW-PC-10071,46,206,220,32
INV-601946,2023-05-01,FAC-001,HW-PC-10071,82,210,231,61
INV-601947,2023-06-01,FAC-001,HW-PC-10071,57,192,232,17
INV-601948,2023-07-01,FAC-001,HW-PC-10071,58,193,214,37
INV-601949,2023-08-01,FAC-001,HW-PC-10071,70,159,202,27
INV-601950,2023-09-01,FAC-001,HW-PC-10071,97,280,291,86
INV-601951,2023-10-01,FAC-001,HW-PC-10071,83,341,372,52
INV-601952,2023-11-01,FAC-001,HW-PC-10071,74,197,245,26
INV-601953,2023-12-01,FAC-001,HW-PC-10071,79,225,282,22
INV-601954,2024-01-01,FAC-001,HW-PC-10071,52,186,190,48
INV-601955,2024-02-01,FAC-001,HW-PC-10071,72,245,284,33
INV-601956,2024-03-01,FAC-001,HW-PC-10071,56,225,224,57
INV-601957,2024-04-01,FAC-001,HW-PC-10071,60,199,206,53
INV-601958,2024-05-01,FAC-001,HW-PC-10071,76,183,244,15
INV-601959,2024-06-01,FAC-001,HW-PC-10071,57,203,195,65
INV-601960,2024-07-01,FAC-001,HW-PC-10071,77,191,208,60
INV-601961,2024-08-01,FAC-001,HW-PC-10071,64,163,198,29
INV-601962,2024-09-01,FAC-001,HW-PC-10071,91,258,283,66
INV-601963,2024-10-01,FAC-001,HW-PC-10071,112,287,363,36
INV-601964,2024-11-01,FAC-001,HW-PC-10071,90,207,246,51
INV-601965,2024-12-01,FAC-001,HW-PC-10071,74,231,283,22
INV-601966,2025-01-01,FAC-001,HW-PC-10071,53,240,274,19
INV-601967,2025-02-01,FAC-001,HW-PC-10071,93,234,258,69
INV-601968,2025-03-01,FAC-001,HW-PC-10071,96,233,265,64
INV-601969,2025-04-01,FAC-001,HW-PC-10071,51,243,229,65
INV-601970,2025-05-01,FAC-001,HW-PC-10071,74,216,254,36
INV-601971,2025-06-01,FAC-001,HW-PC-10071,80,182,198,64
INV-601972,2025-07-01,FAC-001,HW-PC-10071,32,162,167,27
INV-601973,2025-08-01,FAC-001,HW-PC-10071,75,205,256,24
INV-601974,2025-09-01,FAC-001,HW-PC-10071,85,255,286,54
INV-601975,2025-10-01,FAC-001,HW-PC-10071,65,299,322,42
INV-601976,2025-11-01,FAC-001,HW-PC-10071,83,214,251,46
INV-601977,2025-12-01,FAC-001,HW-PC-10071,69,191,203,57
INV-601978,2026-01-01,FAC-001,HW-PC-10071,83,237,250,70
INV-601979,2026-02-01,FAC-001,HW-PC-10071,80,243,246,77
INV-601980,2026-03-01,FAC-001,HW-PC-10071,58,222,255,25
INV-601981,2023-04-01,FAC-001,HW-PC-10072,79,244,271,52
INV-601982,2023-05-01,FAC-001,HW-PC-10072,53,230,243,40
INV-601983,2023-06-01,FAC-001,HW-PC-10072,48,216,220,44
INV-601984,2023-07-01,FAC-001,HW-PC-10072,83,201,218,66
INV-601985,2023-08-01,FAC-001,HW-PC-10072,42,159,185,16
INV-601986,2023-09-01,FAC-001,HW-PC-10072,101,266,282,85
INV-601987,2023-10-01,FAC-001,HW-PC-10072,89,310,362,37
INV-601988,2023-11-01,FAC-001,HW-PC-10072,70,196,212,54
INV-601989,2023-12-01,FAC-001,HW-PC-10072,94,227,248,73
INV-601990,2024-01-01,FAC-001,HW-PC-10072,82,237,247,72
INV-601991,2024-02-01,FAC-001,HW-PC-10072,50,209,230,29
INV-601992,2024-03-01,FAC-001,HW-PC-10072,52,230,240,42
INV-601993,2024-04-01,FAC-001,HW-PC-10072,101,234,285,50
INV-601994,2024-05-01,FAC-001,HW-PC-10072,80,242,266,56
INV-601995,2024-06-01,FAC-001,HW-PC-10072,76,236,263,49
INV-601996,2024-07-01,FAC-001,HW-PC-10072,74,181,233,22
INV-601997,2024-08-01,FAC-001,HW-PC-10072,49,176,190,35
INV-601998,2024-09-01,FAC-001,HW-PC-10072,79,306,349,36
INV-601999,2024-10-01,FAC-001,HW-PC-10072,84,298,294,88
INV-602000,2024-11-01,FAC-001,HW-PC-10072,86,197,229,54
INV-602001,2024-12-01,FAC-001,HW-PC-10072,60,192,204,48
INV-602002,2025-01-01,FAC-001,HW-PC-10072,51,184,201,34
INV-602003,2025-02-01,FAC-001,HW-PC-10072,62,217,234,45
INV-602004,2025-03-01,FAC-001,HW-PC-10072,71,243,251,63
INV-602005,2025-04-01,FAC-001,HW-PC-10072,61,197,232,26
INV-602006,2025-05-01,FAC-001,HW-PC-10072,73,195,202,66
INV-602007,2025-06-01,FAC-001,HW-PC-10072,81,208,236,53
INV-602008,2025-07-01,FAC-001,HW-PC-10072,46,185,207,24
INV-602009,2025-08-01,FAC-001,HW-PC-10072,64,157,174,47
INV-602010,2025-09-01,FAC-001,HW-PC-10072,95,333,382,46
INV-602011,2025-10-01,FAC-001,HW-PC-10072,120,283,312,91
INV-602012,2025-11-01,FAC-001,HW-PC-10072,62,193,195,60
INV-602013,2025-12-01,FAC-001,HW-PC-10072,84,194,262,16
INV-602014,2026-01-01,FAC-001,HW-PC-10072,88,206,252,42
INV-602015,2026-02-01,FAC-001,HW-PC-10072,74,199,240,33
INV-602016,2026-03-01,FAC-001,HW-PC-10072,65,245,274,36
INV-602017,2023-04-01,FAC-001,HW-PC-10073,14,72,81,5
INV-602018,2023-05-01,FAC-001,HW-PC-10073,35,89,105,19
INV-602019,2023-06-01,FAC-001,HW-PC-10073,18,77,76,19
INV-602020,2023-07-01,FAC-001,HW-PC-10073,26,67,79,14
INV-602021,2023-08-01,FAC-001,HW-PC-10073,12,60,55,17
INV-602022,2023-09-01,FAC-001,HW-PC-10073,48,111,139,20
INV-602023,2023-10-01,FAC-001,HW-PC-10073,39,125,134,30
INV-602024,2023-11-01,FAC-001,HW-PC-10073,30,72,92,10
INV-602025,2023-12-01,FAC-001,HW-PC-10073,23,73,81,15
INV-602026,2024-01-01,FAC-001,HW-PC-10073,37,85,105,17
INV-602027,2024-02-01,FAC-001,HW-PC-10073,17,82,75,24
INV-602028,2024-03-01,FAC-001,HW-PC-10073,15,74,79,10
INV-602029,2024-04-01,FAC-001,HW-PC-10073,20,87,98,9
INV-602030,2024-05-01,FAC-001,HW-PC-10073,20,73,74,19
INV-602031,2024-06-01,FAC-001,HW-PC-10073,20,78,83,15
INV-602032,2024-07-01,FAC-001,HW-PC-10073,29,67,73,23
INV-602033,2024-08-01,FAC-001,HW-PC-10073,13,62,65,10
INV-602034,2024-09-01,FAC-001,HW-PC-10073,40,99,118,21
INV-602035,2024-10-01,FAC-001,HW-PC-10073,39,115,120,34
INV-602036,2024-11-01,FAC-001,HW-PC-10073,20,74,81,13
INV-602037,2024-12-01,FAC-001,HW-PC-10073,16,74,84,6
INV-602038,2025-01-01,FAC-001,HW-PC-10073,28,70,88,10
INV-602039,2025-02-01,FAC-001,HW-PC-10073,18,77,74,21
INV-602040,2025-03-01,FAC-001,HW-PC-10073,31,86,106,11
INV-602041,2025-04-01,FAC-001,HW-PC-10073,34,92,98,28
INV-602042,2025-05-01,FAC-001,HW-PC-10073,30,75,83,22
INV-602043,2025-06-01,FAC-001,HW-PC-10073,26,71,80,17
INV-602044,2025-07-01,FAC-001,HW-PC-10073,28,78,81,25
INV-602045,2025-08-01,FAC-001,HW-PC-10073,20,79,80,19
INV-602046,2025-09-01,FAC-001,HW-PC-10073,23,111,113,21
INV-602047,2025-10-01,FAC-001,HW-PC-10073,30,101,107,24
INV-602048,2025-11-01,FAC-001,HW-PC-10073,35,88,96,27
INV-602049,2025-12-01,FAC-001,HW-PC-10073,22,78,78,22
INV-602050,2026-01-01,FAC-001,HW-PC-10073,33,89,96,26
INV-602051,2026-02-01,FAC-001,HW-PC-10073,17,78,83,12
INV-602052,2026-03-01,FAC-001,HW-PC-10073,32,72,94,10
INV-602053,2023-04-01,FAC-001,HW-PC-10074,35,83,101,17
INV-602054,2023-05-01,FAC-001,HW-PC-10074,21,73,86,8
INV-602055,2023-06-01,FAC-001,HW-PC-10074,30,85,106,9
INV-602056,2023-07-01,FAC-001,HW-PC-10074,33,77,84,26
INV-602057,2023-08-01,FAC-001,HW-PC-10074,26,70,86,10
INV-602058,2023-09-01,FAC-001,HW-PC-10074,28,118,132,14
INV-602059,2023-10-01,FAC-001,HW-PC-10074,27,122,125,24
INV-602060,2023-11-01,FAC-001,HW-PC-10074,20,73,70,23
INV-602061,2023-12-01,FAC-001,HW-PC-10074,26,79,91,14
INV-602062,2024-01-01,FAC-001,HW-PC-10074,35,86,95,26
INV-602063,2024-02-01,FAC-001,HW-PC-10074,29,72,78,23
INV-602064,2024-03-01,FAC-001,HW-PC-10074,38,93,111,20
INV-602065,2024-04-01,FAC-001,HW-PC-10074,20,93,91,22
INV-602066,2024-05-01,FAC-001,HW-PC-10074,24,85,101,8
INV-602067,2024-06-01,FAC-001,HW-PC-10074,23,71,81,13
INV-602068,2024-07-01,FAC-001,HW-PC-10074,19,72,74,17
INV-602069,2024-08-01,FAC-001,HW-PC-10074,18,76,86,8
INV-602070,2024-09-01,FAC-001,HW-PC-10074,45,116,143,18
INV-602071,2024-10-01,FAC-001,HW-PC-10074,35,104,128,11
INV-602072,2024-11-01,FAC-001,HW-PC-10074,35,80,96,19
INV-602073,2024-12-01,FAC-001,HW-PC-10074,21,73,88,6
INV-602074,2025-01-01,FAC-001,HW-PC-10074,32,77,100,9
INV-602075,2025-02-01,FAC-001,HW-PC-10074,17,78,85,10
INV-602076,2025-03-01,FAC-001,HW-PC-10074,30,77,89,18
INV-602077,2025-04-01,FAC-001,HW-PC-10074,31,81,92,20
INV-602078,2025-05-01,FAC-001,HW-PC-10074,23,80,84,19
INV-602079,2025-06-01,FAC-001,HW-PC-10074,32,82,93,21
INV-602080,2025-07-01,FAC-001,HW-PC-10074,25,70,76,19
INV-602081,2025-08-01,FAC-001,HW-PC-10074,28,65,83,10
INV-602082,2025-09-01,FAC-001,HW-PC-10074,42,117,120,39
INV-602083,2025-10-01,FAC-001,HW-PC-10074,38,118,134,22
INV-602084,2025-11-01,FAC-001,HW-PC-10074,17,78,74,21
INV-602085,2025-12-01,FAC-001,HW-PC-10074,28,93,102,19
INV-602086,2026-01-01,FAC-001,HW-PC-10074,14,70,75,9
INV-602087,2026-02-01,FAC-001,HW-PC-10074,26,82,86,22
INV-602088,2026-03-01,FAC-001,HW-PC-10074,21,88,85,24
INV-602089,2023-04-01,FAC-001,HW-CW-10075,28,109,120,17
INV-602090,2023-05-01,FAC-001,HW-CW-10075,49,122,142,29
INV-602091,2023-06-01,FAC-001,HW-CW-10075,27,102,122,7
INV-602092,2023-07-01,FAC-001,HW-CW-10075,38,102,105,35
INV-602093,2023-08-01,FAC-001,HW-CW-10075,20,99,102,17
INV-602094,2023-09-01,FAC-001,HW-CW-10075,81,184,227,38
INV-602095,2023-10-01,FAC-001,HW-CW-10075,70,161,204,27
INV-602096,2023-11-01,FAC-001,HW-CW-10075,31,101,105,27
INV-602097,2023-12-01,FAC-001,HW-CW-10075,36,115,130,21
INV-602098,2024-01-01,FAC-001,HW-CW-10075,26,111,116,21
INV-602099,2024-02-01,FAC-001,HW-CW-10075,46,128,142,32
INV-602100,2024-03-01,FAC-001,HW-CW-10075,56,132,148,40
INV-602101,2024-04-01,FAC-001,HW-CW-10075,38,100,126,12
INV-602102,2024-05-01,FAC-001,HW-CW-10075,56,133,164,25
INV-602103,2024-06-01,FAC-001,HW-CW-10075,24,118,113,29
INV-602104,2024-07-01,FAC-001,HW-CW-10075,34,98,113,19
INV-602105,2024-08-01,FAC-001,HW-CW-10075,28,106,115,19
INV-602106,2024-09-01,FAC-001,HW-CW-10075,43,143,167,19
INV-602107,2024-10-01,FAC-001,HW-CW-10075,77,173,201,49
INV-602108,2024-11-01,FAC-001,HW-CW-10075,32,116,124,24
INV-602109,2024-12-01,FAC-001,HW-CW-10075,47,129,163,13
INV-602110,2025-01-01,FAC-001,HW-CW-10075,44,106,114,36
INV-602111,2025-02-01,FAC-001,HW-CW-10075,36,130,134,32
INV-602112,2025-03-01,FAC-001,HW-CW-10075,50,117,126,41
INV-602113,2025-04-01,FAC-001,HW-CW-10075,45,111,129,27
INV-602114,2025-05-01,FAC-001,HW-CW-10075,32,106,114,24
INV-602115,2025-06-01,FAC-001,HW-CW-10075,51,131,154,28
INV-602116,2025-07-01,FAC-001,HW-CW-10075,36,114,114,36
INV-602117,2025-08-01,FAC-001,HW-CW-10075,28,92,93,27
INV-602118,2025-09-01,FAC-001,HW-CW-10075,72,185,206,51
INV-602119,2025-10-01,FAC-001,HW-CW-10075,63,168,216,15
INV-602120,2025-11-01,FAC-001,HW-CW-10075,42,130,155,17
INV-602121,2025-12-01,FAC-001,HW-CW-10075,40,119,122,37
INV-602122,2026-01-01,FAC-001,HW-CW-10075,34,103,110,27
INV-602123,2026-02-01,FAC-001,HW-CW-10075,38,100,104,34
INV-602124,2026-03-01,FAC-001,HW-CW-10075,40,120,151,9
INV-602125,2023-04-01,FAC-001,HW-CW-10076,36,107,131,12
INV-602126,2023-05-01,FAC-001,HW-CW-10076,43,142,150,35
INV-602127,2023-06-01,FAC-001,HW-CW-10076,34,139,151,22
INV-602128,2023-07-01,FAC-001,HW-CW-10076,21,102,100,23
INV-602129,2023-08-01,FAC-001,HW-CW-10076,36,97,124,9
INV-602130,2023-09-01,FAC-001,HW-CW-10076,64,161,171,54
INV-602131,2023-10-01,FAC-001,HW-CW-10076,38,175,199,14
INV-602132,2023-11-01,FAC-001,HW-CW-10076,48,133,165,16
INV-602133,2023-12-01,FAC-001,HW-CW-10076,57,129,166,20
INV-602134,2024-01-01,FAC-001,HW-CW-10076,45,139,142,42
INV-602135,2024-02-01,FAC-001,HW-CW-10076,28,125,132,21
INV-602136,2024-03-01,FAC-001,HW-CW-10076,43,123,124,42
INV-602137,2024-04-01,FAC-001,HW-CW-10076,36,112,139,9
INV-602138,2024-05-01,FAC-001,HW-CW-10076,36,119,138,17
INV-602139,2024-06-01,FAC-001,HW-CW-10076,34,127,133,28
INV-602140,2024-07-01,FAC-001,HW-CW-10076,42,96,107,31
INV-602141,2024-08-01,FAC-001,HW-CW-10076,20,101,96,25
INV-602142,2024-09-01,FAC-001,HW-CW-10076,47,188,180,55
INV-602143,2024-10-01,FAC-001,HW-CW-10076,34,172,157,49
INV-602144,2024-11-01,FAC-001,HW-CW-10076,53,135,175,13
INV-602145,2024-12-01,FAC-001,HW-CW-10076,50,137,142,45
INV-602146,2025-01-01,FAC-001,HW-CW-10076,55,134,171,18
INV-602147,2025-02-01,FAC-001,HW-CW-10076,32,124,143,13
INV-602148,2025-03-01,FAC-001,HW-CW-10076,58,132,148,42
INV-602149,2025-04-01,FAC-001,HW-CW-10076,28,113,128,13
INV-602150,2025-05-01,FAC-001,HW-CW-10076,24,112,129,7
INV-602151,2025-06-01,FAC-001,HW-CW-10076,43,106,122,27
INV-602152,2025-07-01,FAC-001,HW-CW-10076,39,116,144,11
INV-602153,2025-08-01,FAC-001,HW-CW-10076,23,118,107,34
INV-602154,2025-09-01,FAC-001,HW-CW-10076,58,160,202,16
INV-602155,2025-10-01,FAC-001,HW-CW-10076,60,171,181,50
INV-602156,2025-11-01,FAC-001,HW-CW-10076,59,135,155,39
INV-602157,2025-12-01,FAC-001,HW-CW-10076,27,123,129,21
INV-602158,2026-01-01,FAC-001,HW-CW-10076,29,124,128,25
INV-602159,2026-02-01,FAC-001,HW-CW-10076,38,117,134,21
INV-602160,2026-03-01,FAC-001,HW-CW-10076,40,105,129,16
INV-602161,2023-04-01,FAC-001,HW-CW-10077,20,52,67,5
INV-602162,2023-05-01,FAC-001,HW-CW-10077,15,56,55,16
INV-602163,2023-06-01,FAC-001,HW-CW-10077,14,62,62,14
INV-602164,2023-07-01,FAC-001,HW-CW-10077,18,54,59,13
INV-602165,2023-08-01,FAC-001,HW-CW-10077,17,50,50,17
INV-602166,2023-09-01,FAC-001,HW-CW-10077,31,74,80,25
INV-602167,2023-10-01,FAC-001,HW-CW-10077,38,90,102,26
INV-602168,2023-11-01,FAC-001,HW-CW-10077,19,58,71,6
INV-602169,2023-12-01,FAC-001,HW-CW-10077,26,69,72,23
INV-602170,2024-01-01,FAC-001,HW-CW-10077,19,64,70,13
INV-602171,2024-02-01,FAC-001,HW-CW-10077,12,52,58,6
INV-602172,2024-03-01,FAC-001,HW-CW-10077,16,60,62,14
INV-602173,2024-04-01,FAC-001,HW-CW-10077,25,67,74,18
INV-602174,2024-05-01,FAC-001,HW-CW-10077,14,54,63,5
INV-602175,2024-06-01,FAC-001,HW-CW-10077,20,62,71,11
INV-602176,2024-07-01,FAC-001,HW-CW-10077,19,49,58,10
INV-602177,2024-08-01,FAC-001,HW-CW-10077,10,45,47,8
INV-602178,2024-09-01,FAC-001,HW-CW-10077,26,96,112,10
INV-602179,2024-10-01,FAC-001,HW-CW-10077,24,92,87,29
INV-602180,2024-11-01,FAC-001,HW-CW-10077,20,53,57,16
INV-602181,2024-12-01,FAC-001,HW-CW-10077,18,58,68,8
INV-602182,2025-01-01,FAC-001,HW-CW-10077,15,53,57,11
INV-602183,2025-02-01,FAC-001,HW-CW-10077,24,61,66,19
INV-602184,2025-03-01,FAC-001,HW-CW-10077,24,66,77,13
INV-602185,2025-04-01,FAC-001,HW-CW-10077,19,64,64,19
INV-602186,2025-05-01,FAC-001,HW-CW-10077,21,64,74,11
INV-602187,2025-06-01,FAC-001,HW-CW-10077,24,58,71,11
INV-602188,2025-07-01,FAC-001,HW-CW-10077,14,45,53,6
INV-602189,2025-08-01,FAC-001,HW-CW-10077,18,56,68,6
INV-602190,2025-09-01,FAC-001,HW-CW-10077,23,79,94,8
INV-602191,2025-10-01,FAC-001,HW-CW-10077,35,95,119,11
INV-602192,2025-11-01,FAC-001,HW-CW-10077,22,53,61,14
INV-602193,2025-12-01,FAC-001,HW-CW-10077,14,55,57,12
INV-602194,2026-01-01,FAC-001,HW-CW-10077,15,56,55,16
INV-602195,2026-02-01,FAC-001,HW-CW-10077,19,57,63,13
INV-602196,2026-03-01,FAC-001,HW-CW-10077,22,58,74,6
INV-602197,2023-04-01,FAC-001,HW-CW-10078,23,61,65,19
INV-602198,2023-05-01,FAC-001,HW-CW-10078,16,57,66,7
INV-602199,2023-06-01,FAC-001,HW-CW-10078,12,60,55,17
INV-602200,2023-07-01,FAC-001,HW-CW-10078,21,61,65,17
INV-602201,2023-08-01,FAC-001,HW-CW-10078,18,56,65,9
INV-602202,2023-09-01,FAC-001,HW-CW-10078,34,83,94,23
INV-602203,2023-10-01,FAC-001,HW-CW-10078,19,96,94,21
INV-602204,2023-11-01,FAC-001,HW-CW-10078,20,62,62,20
INV-602205,2023-12-01,FAC-001,HW-CW-10078,17,70,77,10
INV-602206,2024-01-01,FAC-001,HW-CW-10078,23,70,83,10
INV-602207,2024-02-01,FAC-001,HW-CW-10078,19,68,79,8
INV-602208,2024-03-01,FAC-001,HW-CW-10078,20,60,71,9
INV-602209,2024-04-01,FAC-001,HW-CW-10078,17,62,66,13
INV-602210,2024-05-01,FAC-001,HW-CW-10078,30,71,86,15
INV-602211,2024-06-01,FAC-001,HW-CW-10078,28,68,73,23
INV-602212,2024-07-01,FAC-001,HW-CW-10078,18,50,62,6
INV-602213,2024-08-01,FAC-001,HW-CW-10078,18,61,60,19
INV-602214,2024-09-01,FAC-001,HW-CW-10078,22,89,89,22
INV-602215,2024-10-01,FAC-001,HW-CW-10078,21,98,108,11
INV-602216,2024-11-01,FAC-001,HW-CW-10078,21,63,64,20
INV-602217,2024-12-01,FAC-001,HW-CW-10078,13,61,69,5
INV-602218,2025-01-01,FAC-001,HW-CW-10078,22,70,73,19
INV-602219,2025-02-01,FAC-001,HW-CW-10078,20,73,72,21
INV-602220,2025-03-01,FAC-001,HW-CW-10078,28,66,70,24
INV-602221,2025-04-01,FAC-001,HW-CW-10078,25,59,65,19
INV-602222,2025-05-01,FAC-001,HW-CW-10078,19,57,70,6
INV-602223,2025-06-01,FAC-001,HW-CW-10078,28,64,81,11
INV-602224,2025-07-01,FAC-001,HW-CW-10078,21,48,57,12
INV-602225,2025-08-01,FAC-001,HW-CW-10078,17,51,55,13
INV-602226,2025-09-01,FAC-001,HW-CW-10078,15,79,78,16
INV-602227,2025-10-01,FAC-001,HW-CW-10078,34,100,127,7
INV-602228,2025-11-01,FAC-001,HW-CW-10078,16,60,59,17
INV-602229,2025-12-01,FAC-001,HW-CW-10078,15,58,66,7
INV-602230,2026-01-01,FAC-001,HW-CW-10078,31,72,82,21
INV-602231,2026-02-01,FAC-001,HW-CW-10078,20,72,71,21
INV-602232,2026-03-01,FAC-001,HW-CW-10078,25,72,75,22
INV-602233,2023-04-01,FAC-001,HW-CW-10079,27,71,82,16
INV-602234,2023-05-01,FAC-001,HW-CW-10079,18,87,86,19
INV-602235,2023-06-01,FAC-001,HW-CW-10079,24,75,80,19
INV-602236,2023-07-01,FAC-001,HW-CW-10079,28,69,90,7
INV-602237,2023-08-01,FAC-001,HW-CW-10079,28,70,84,14
INV-602238,2023-09-01,FAC-001,HW-CW-10079,32,116,122,26
INV-602239,2023-10-01,FAC-001,HW-CW-10079,31,100,105,26
INV-602240,2023-11-01,FAC-001,HW-CW-10079,23,86,83,26
INV-602241,2023-12-01,FAC-001,HW-CW-10079,16,76,71,21
INV-602242,2024-01-01,FAC-001,HW-CW-10079,21,69,75,15
INV-602243,2024-02-01,FAC-001,HW-CW-10079,31,82,94,19
INV-602244,2024-03-01,FAC-001,HW-CW-10079,20,72,83,9
INV-602245,2024-04-01,FAC-001,HW-CW-10079,13,65,70,8
INV-602246,2024-05-01,FAC-001,HW-CW-10079,17,75,73,19
INV-602247,2024-06-01,FAC-001,HW-CW-10079,35,85,107,13
INV-602248,2024-07-01,FAC-001,HW-CW-10079,21,64,80,5
INV-602249,2024-08-01,FAC-001,HW-CW-10079,18,73,83,8
INV-602250,2024-09-01,FAC-001,HW-CW-10079,24,96,106,14
INV-602251,2024-10-01,FAC-001,HW-CW-10079,44,103,112,35
INV-602252,2024-11-01,FAC-001,HW-CW-10079,32,76,100,8
INV-602253,2024-12-01,FAC-001,HW-CW-10079,19,68,76,11
INV-602254,2025-01-01,FAC-001,HW-CW-10079,30,68,91,7
INV-602255,2025-02-01,FAC-001,HW-CW-10079,15,68,63,20
INV-602256,2025-03-01,FAC-001,HW-CW-10079,21,85,88,18
INV-602257,2025-04-01,FAC-001,HW-CW-10079,25,74,75,24
INV-602258,2025-05-01,FAC-001,HW-CW-10079,29,69,91,7
INV-602259,2025-06-01,FAC-001,HW-CW-10079,16,82,79,19
INV-602260,2025-07-01,FAC-001,HW-CW-10079,18,67,79,6
INV-602261,2025-08-01,FAC-001,HW-CW-10079,14,67,75,6
INV-602262,2025-09-01,FAC-001,HW-CW-10079,26,121,125,22
INV-602263,2025-10-01,FAC-001,HW-CW-10079,29,100,101,28
INV-602264,2025-11-01,FAC-001,HW-CW-10079,33,77,93,17
INV-602265,2025-12-01,FAC-001,HW-CW-10079,23,66,72,17
INV-602266,2026-01-01,FAC-001,HW-CW-10079,25,84,85,24
INV-602267,2026-02-01,FAC-001,HW-CW-10079,26,68,75,19
INV-602268,2026-03-01,FAC-001,HW-CW-10079,20,82,83,19
INV-602269,2023-04-01,FAC-001,HW-CW-10080,24,56,63,17
INV-602270,2023-05-01,FAC-001,HW-CW-10080,11,47,49,9
INV-602271,2023-06-01,FAC-001,HW-CW-10080,20,49,64,5
INV-602272,2023-07-01,FAC-001,HW-CW-10080,13,41,50,4
INV-602273,2023-08-01,FAC-001,HW-CW-10080,9,46,44,11
INV-602274,2023-09-01,FAC-001,HW-CW-10080,17,68,67,18
INV-602275,2023-10-01,FAC-001,HW-CW-10080,21,60,65,16
INV-602276,2023-11-01,FAC-001,HW-CW-10080,11,43,49,5
INV-602277,2023-12-01,FAC-001,HW-CW-10080,17,55,59,13
INV-602278,2024-01-01,FAC-001,HW-CW-10080,14,57,56,15
INV-602279,2024-02-01,FAC-001,HW-CW-10080,11,46,47,10
INV-602280,2024-03-01,FAC-001,HW-CW-10080,19,56,62,13
INV-602281,2024-04-01,FAC-001,HW-CW-10080,11,56,53,14
INV-602282,2024-05-01,FAC-001,HW-CW-10080,17,50,50,17
INV-602283,2024-06-01,FAC-001,HW-CW-10080,17,48,57,8
INV-602284,2024-07-01,FAC-001,HW-CW-10080,12,44,43,13
INV-602285,2024-08-01,FAC-001,HW-CW-10080,9,41,46,4
INV-602286,2024-09-01,FAC-001,HW-CW-10080,19,69,79,9
INV-602287,2024-10-01,FAC-001,HW-CW-10080,19,69,80,8
INV-602288,2024-11-01,FAC-001,HW-CW-10080,20,55,56,19
INV-602289,2024-12-01,FAC-001,HW-CW-10080,19,50,53,16
INV-602290,2025-01-01,FAC-001,HW-CW-10080,18,45,47,16
INV-602291,2025-02-01,FAC-001,HW-CW-10080,16,53,57,12
INV-602292,2025-03-01,FAC-001,HW-CW-10080,17,42,48,11
INV-602293,2025-04-01,FAC-001,HW-CW-10080,18,50,60,8
INV-602294,2025-05-01,FAC-001,HW-CW-10080,18,56,61,13
INV-602295,2025-06-01,FAC-001,HW-CW-10080,20,56,61,15
INV-602296,2025-07-01,FAC-001,HW-CW-10080,15,37,42,10
INV-602297,2025-08-01,FAC-001,HW-CW-10080,13,44,45,12
INV-602298,2025-09-01,FAC-001,HW-CW-10080,15,72,72,15
INV-602299,2025-10-01,FAC-001,HW-CW-10080,21,70,81,10
INV-602300,2025-11-01,FAC-001,HW-CW-10080,21,54,56,19
INV-602301,2025-12-01,FAC-001,HW-CW-10080,15,45,56,4
INV-602302,2026-01-01,FAC-001,HW-CW-10080,22,55,62,15
INV-602303,2026-02-01,FAC-001,HW-CW-10080,15,48,49,14
INV-602304,2026-03-01,FAC-001,HW-CW-10080,18,42,47,13
INV-602305,2023-04-01,FAC-001,HW-CW-10081,31,72,89,14
INV-602306,2023-05-01,FAC-001,HW-CW-10081,37,87,101,23
INV-602307,2023-06-01,FAC-001,HW-CW-10081,18,86,81,23
INV-602308,2023-07-01,FAC-001,HW-CW-10081,30,77,87,20
INV-602309,2023-08-01,FAC-001,HW-CW-10081,22,67,66,23
INV-602310,2023-09-01,FAC-001,HW-CW-10081,26,107,106,27
INV-602311,2023-10-01,FAC-001,HW-CW-10081,34,126,126,34
INV-602312,2023-11-01,FAC-001,HW-CW-10081,34,83,93,24
INV-602313,2023-12-01,FAC-001,HW-CW-10081,20,72,82,10
INV-602314,2024-01-01,FAC-001,HW-CW-10081,33,84,110,7
INV-602315,2024-02-01,FAC-001,HW-CW-10081,31,90,102,19
INV-602316,2024-03-01,FAC-001,HW-CW-10081,31,71,84,18
INV-602317,2024-04-01,FAC-001,HW-CW-10081,27,74,81,20
INV-602318,2024-05-01,FAC-001,HW-CW-10081,29,85,95,19
INV-602319,2024-06-01,FAC-001,HW-CW-10081,24,91,96,19
INV-602320,2024-07-01,FAC-001,HW-CW-10081,25,71,87,9
INV-602321,2024-08-01,FAC-001,HW-CW-10081,24,68,71,21
INV-602322,2024-09-01,FAC-001,HW-CW-10081,38,131,151,18
INV-602323,2024-10-01,FAC-001,HW-CW-10081,24,99,104,19
INV-602324,2024-11-01,FAC-001,HW-CW-10081,30,92,114,8
INV-602325,2024-12-01,FAC-001,HW-CW-10081,26,82,83,25
INV-602326,2025-01-01,FAC-001,HW-CW-10081,23,90,105,8
INV-602327,2025-02-01,FAC-001,HW-CW-10081,40,93,113,20
INV-602328,2025-03-01,FAC-001,HW-CW-10081,34,87,93,28
INV-602329,2025-04-01,FAC-001,HW-CW-10081,17,85,86,16
INV-602330,2025-05-01,FAC-001,HW-CW-10081,18,74,75,17
INV-602331,2025-06-01,FAC-001,HW-CW-10081,28,81,83,26
INV-602332,2025-07-01,FAC-001,HW-CW-10081,17,70,75,12
INV-602333,2025-08-01,FAC-001,HW-CW-10081,24,73,87,10
INV-602334,2025-09-01,FAC-001,HW-CW-10081,43,110,127,26
INV-602335,2025-10-01,FAC-001,HW-CW-10081,41,115,117,39
INV-602336,2025-11-01,FAC-001,HW-CW-10081,30,86,94,22
INV-602337,2025-12-01,FAC-001,HW-CW-10081,16,72,82,6
INV-602338,2026-01-01,FAC-001,HW-CW-10081,20,87,87,20
INV-602339,2026-02-01,FAC-001,HW-CW-10081,34,85,90,29
INV-602340,2026-03-01,FAC-001,HW-CW-10081,32,76,81,27
INV-602341,2023-04-01,FAC-001,HW-CW-10082,41,118,127,32
INV-602342,2023-05-01,FAC-001,HW-CW-10082,18,90,86,22
INV-602343,2023-06-01,FAC-001,HW-CW-10082,34,115,133,16
INV-602344,2023-07-01,FAC-001,HW-CW-10082,29,99,100,28
INV-602345,2023-08-01,FAC-001,HW-CW-10082,37,88,113,12
INV-602346,2023-09-01,FAC-001,HW-CW-10082,47,126,149,24
INV-602347,2023-10-01,FAC-001,HW-CW-10082,37,163,171,29
INV-602348,2023-11-01,FAC-001,HW-CW-10082,34,115,126,23
INV-602349,2023-12-01,FAC-001,HW-CW-10082,24,90,92,22
INV-602350,2024-01-01,FAC-001,HW-CW-10082,31,117,124,24
INV-602351,2024-02-01,FAC-001,HW-CW-10082,26,109,114,21
INV-602352,2024-03-01,FAC-001,HW-CW-10082,46,111,137,20
INV-602353,2024-04-01,FAC-001,HW-CW-10082,25,109,125,9
INV-602354,2024-05-01,FAC-001,HW-CW-10082,36,92,102,26
INV-602355,2024-06-01,FAC-001,HW-CW-10082,44,117,145,16
INV-602356,2024-07-01,FAC-001,HW-CW-10082,24,80,90,14
INV-602357,2024-08-01,FAC-001,HW-CW-10082,21,95,109,7
INV-602358,2024-09-01,FAC-001,HW-CW-10082,43,162,187,18
INV-602359,2024-10-01,FAC-001,HW-CW-10082,46,146,156,36
INV-602360,2024-11-01,FAC-001,HW-CW-10082,40,106,121,25
INV-602361,2024-12-01,FAC-001,HW-CW-10082,40,108,132,16
INV-602362,2025-01-01,FAC-001,HW-CW-10082,37,90,106,21
INV-602363,2025-02-01,FAC-001,HW-CW-10082,25,96,102,19
INV-602364,2025-03-01,FAC-001,HW-CW-10082,34,116,134,16
INV-602365,2025-04-01,FAC-001,HW-CW-10082,29,91,113,7
INV-602366,2025-05-01,FAC-001,HW-CW-10082,28,112,119,21
INV-602367,2025-06-01,FAC-001,HW-CW-10082,28,95,111,12
INV-602368,2025-07-01,FAC-001,HW-CW-10082,24,95,111,8
INV-602369,2025-08-01,FAC-001,HW-CW-10082,26,90,98,18
INV-602370,2025-09-01,FAC-001,HW-CW-10082,50,150,169,31
INV-602371,2025-10-01,FAC-001,HW-CW-10082,35,145,164,16
INV-602372,2025-11-01,FAC-001,HW-CW-10082,24,105,116,13
INV-602373,2025-12-01,FAC-001,HW-CW-10082,51,117,138,30
INV-602374,2026-01-01,FAC-001,HW-CW-10082,30,92,94,28
INV-602375,2026-02-01,FAC-001,HW-CW-10082,28,117,116,29
INV-602376,2026-03-01,FAC-001,HW-CW-10082,29,101,118,12
INV-602377,2023-04-01,FAC-001,HW-CW-10083,15,58,62,11
INV-602378,2023-05-01,FAC-001,HW-CW-10083,20,58,67,11
INV-602379,2023-06-01,FAC-001,HW-CW-10083,29,69,91,7
INV-602380,2023-07-01,FAC-001,HW-CW-10083,16,62,60,18
INV-602381,2023-08-01,FAC-001,HW-CW-10083,21,51,67,5
INV-602382,2023-09-01,FAC-001,HW-CW-10083,22,100,114,8
INV-602383,2023-10-01,FAC-001,HW-CW-10083,17,88,88,17
INV-602384,2023-11-01,FAC-001,HW-CW-10083,18,56,60,14
INV-602385,2023-12-01,FAC-001,HW-CW-10083,22,64,79,7
INV-602386,2024-01-01,FAC-001,HW-CW-10083,20,68,80,8
INV-602387,2024-02-01,FAC-001,HW-CW-10083,16,72,75,13
INV-602388,2024-03-01,FAC-001,HW-CW-10083,12,60,63,9
INV-602389,2024-04-01,FAC-001,HW-CW-10083,17,72,81,8
INV-602390,2024-05-01,FAC-001,HW-CW-10083,30,71,81,20
INV-602391,2024-06-01,FAC-001,HW-CW-10083,20,72,79,13
INV-602392,2024-07-01,FAC-001,HW-CW-10083,9,47,50,6
INV-602393,2024-08-01,FAC-001,HW-CW-10083,14,54,53,15
INV-602394,2024-09-01,FAC-001,HW-CW-10083,19,95,103,11
INV-602395,2024-10-01,FAC-001,HW-CW-10083,19,79,81,17
INV-602396,2024-11-01,FAC-001,HW-CW-10083,18,64,66,16
INV-602397,2024-12-01,FAC-001,HW-CW-10083,26,74,75,25
INV-602398,2025-01-01,FAC-001,HW-CW-10083,26,63,72,17
INV-602399,2025-02-01,FAC-001,HW-CW-10083,22,57,68,11
INV-602400,2025-03-01,FAC-001,HW-CW-10083,14,66,62,18
INV-602401,2025-04-01,FAC-001,HW-CW-10083,16,67,70,13
INV-602402,2025-05-01,FAC-001,HW-CW-10083,17,65,77,5
INV-602403,2025-06-01,FAC-001,HW-CW-10083,27,71,75,23
INV-602404,2025-07-01,FAC-001,HW-CW-10083,15,48,49,14
INV-602405,2025-08-01,FAC-001,HW-CW-10083,15,63,66,12
INV-602406,2025-09-01,FAC-001,HW-CW-10083,31,87,91,27
INV-602407,2025-10-01,FAC-001,HW-CW-10083,23,89,103,9
INV-602408,2025-11-01,FAC-001,HW-CW-10083,23,56,72,7
INV-602409,2025-12-01,FAC-001,HW-CW-10083,24,61,64,21
INV-602410,2026-01-01,FAC-001,HW-CW-10083,24,74,79,19
INV-602411,2026-02-01,FAC-001,HW-CW-10083,13,62,71,4
INV-602412,2026-03-01,FAC-001,HW-CW-10083,20,56,63,13
INV-602413,2023-04-01,FAC-001,HW-CW-10084,36,111,124,23
INV-602414,2023-05-01,FAC-001,HW-CW-10084,27,128,122,33
INV-602415,2023-06-01,FAC-001,HW-CW-10084,42,110,119,33
INV-602416,2023-07-01,FAC-001,HW-CW-10084,26,105,120,11
INV-602417,2023-08-01,FAC-001,HW-CW-10084,38,116,126,28
INV-602418,2023-09-01,FAC-001,HW-CW-10084,32,155,150,37
INV-602419,2023-10-01,FAC-001,HW-CW-10084,59,177,221,15
INV-602420,2023-11-01,FAC-001,HW-CW-10084,43,117,135,25
INV-602421,2023-12-01,FAC-001,HW-CW-10084,32,121,128,25
INV-602422,2024-01-01,FAC-001,HW-CW-10084,44,119,152,11
INV-602423,2024-02-01,FAC-001,HW-CW-10084,24,114,117,21
INV-602424,2024-03-01,FAC-001,HW-CW-10084,29,122,136,15
INV-602425,2024-04-01,FAC-001,HW-CW-10084,60,138,156,42
INV-602426,2024-05-01,FAC-001,HW-CW-10084,50,134,154,30
INV-602427,2024-06-01,FAC-001,HW-CW-10084,50,122,145,27
INV-602428,2024-07-01,FAC-001,HW-CW-10084,31,98,111,18
INV-602429,2024-08-01,FAC-001,HW-CW-10084,39,93,116,16
INV-602430,2024-09-01,FAC-001,HW-CW-10084,39,176,187,28
INV-602431,2024-10-01,FAC-001,HW-CW-10084,32,150,155,27
INV-602432,2024-11-01,FAC-001,HW-CW-10084,40,117,120,37
INV-602433,2024-12-01,FAC-001,HW-CW-10084,28,118,138,8
INV-602434,2025-01-01,FAC-001,HW-CW-10084,45,123,136,32
INV-602435,2025-02-01,FAC-001,HW-CW-10084,47,106,123,30
INV-602436,2025-03-01,FAC-001,HW-CW-10084,42,118,120,40
INV-602437,2025-04-01,FAC-001,HW-CW-10084,44,132,141,35
INV-602438,2025-05-01,FAC-001,HW-CW-10084,25,105,120,10
INV-602439,2025-06-01,FAC-001,HW-CW-10084,33,127,122,38
INV-602440,2025-07-01,FAC-001,HW-CW-10084,37,108,120,25
INV-602441,2025-08-01,FAC-001,HW-CW-10084,24,98,107,15
INV-602442,2025-09-01,FAC-001,HW-CW-10084,47,193,208,32
INV-602443,2025-10-01,FAC-001,HW-CW-10084,51,165,172,44
INV-602444,2025-11-01,FAC-001,HW-CW-10084,42,132,149,25
INV-602445,2025-12-01,FAC-001,HW-CW-10084,27,113,107,33
INV-602446,2026-01-01,FAC-001,HW-CW-10084,31,128,141,18
INV-602447,2026-02-01,FAC-001,HW-CW-10084,35,117,128,24
INV-602448,2026-03-01,FAC-001,HW-CW-10084,26,116,115,27
INV-602449,2023-04-01,FAC-001,HW-CW-10085,21,78,83,16
INV-602450,2023-05-01,FAC-001,HW-CW-10085,17,68,64,21
INV-602451,2023-06-01,FAC-001,HW-CW-10085,20,83,81,22
INV-602452,2023-07-01,FAC-001,HW-CW-10085,13,59,63,9
INV-602453,2023-08-01,FAC-001,HW-CW-10085,12,55,58,9
INV-602454,2023-09-01,FAC-001,HW-CW-10085,37,99,117,19
INV-602455,2023-10-01,FAC-001,HW-CW-10085,35,97,102,30
INV-602456,2023-11-01,FAC-001,HW-CW-10085,23,75,78,20
INV-602457,2023-12-01,FAC-001,HW-CW-10085,32,77,103,6
INV-602458,2024-01-01,FAC-001,HW-CW-10085,23,77,79,21
INV-602459,2024-02-01,FAC-001,HW-CW-10085,22,69,74,17
INV-602460,2024-03-01,FAC-001,HW-CW-10085,24,84,89,19
INV-602461,2024-04-01,FAC-001,HW-CW-10085,29,72,88,13
INV-602462,2024-05-01,FAC-001,HW-CW-10085,21,77,89,9
INV-602463,2024-06-01,FAC-001,HW-CW-10085,26,64,76,14
INV-602464,2024-07-01,FAC-001,HW-CW-10085,19,61,70,10
INV-602465,2024-08-01,FAC-001,HW-CW-10085,22,54,63,13
INV-602466,2024-09-01,FAC-001,HW-CW-10085,23,100,103,20
INV-602467,2024-10-01,FAC-001,HW-CW-10085,31,104,119,16
INV-602468,2024-11-01,FAC-001,HW-CW-10085,32,73,91,14
INV-602469,2024-12-01,FAC-001,HW-CW-10085,18,81,82,17
INV-602470,2025-01-01,FAC-001,HW-CW-10085,24,71,87,8
INV-602471,2025-02-01,FAC-001,HW-CW-10085,14,65,72,7
INV-602472,2025-03-01,FAC-001,HW-CW-10085,24,68,78,14
INV-602473,2025-04-01,FAC-001,HW-CW-10085,18,82,77,23
INV-602474,2025-05-01,FAC-001,HW-CW-10085,33,76,90,19
INV-602475,2025-06-01,FAC-001,HW-CW-10085,24,71,88,7
INV-602476,2025-07-01,FAC-001,HW-CW-10085,31,70,76,25
INV-602477,2025-08-01,FAC-001,HW-CW-10085,19,56,68,7
INV-602478,2025-09-01,FAC-001,HW-CW-10085,25,98,111,12
INV-602479,2025-10-01,FAC-001,HW-CW-10085,26,91,99,18
INV-602480,2025-11-01,FAC-001,HW-CW-10085,29,76,86,19
INV-602481,2025-12-01,FAC-001,HW-CW-10085,26,77,88,15
INV-602482,2026-01-01,FAC-001,HW-CW-10085,20,78,75,23
INV-602483,2026-02-01,FAC-001,HW-CW-10085,16,66,69,13
INV-602484,2026-03-01,FAC-001,HW-CW-10085,30,82,101,11
INV-602485,2023-04-01,FAC-001,HW-CW-10086,29,98,100,27
INV-602486,2023-05-01,FAC-001,HW-CW-10086,30,87,110,7
INV-602487,2023-06-01,FAC-001,HW-CW-10086,19,90,98,11
INV-602488,2023-07-01,FAC-001,HW-CW-10086,32,79,98,13
INV-602489,2023-08-01,FAC-001,HW-CW-10086,29,97,111,15
INV-602490,2023-09-01,FAC-001,HW-CW-10086,49,139,157,31
INV-602491,2023-10-01,FAC-001,HW-CW-10086,41,128,144,25
INV-602492,2023-11-01,FAC-001,HW-CW-10086,42,110,134,18
INV-602493,2023-12-01,FAC-001,HW-CW-10086,33,89,103,19
INV-602494,2024-01-01,FAC-001,HW-CW-10086,48,112,121,39
INV-602495,2024-02-01,FAC-001,HW-CW-10086,23,110,109,24
INV-602496,2024-03-01,FAC-001,HW-CW-10086,24,102,113,13
INV-602497,2024-04-01,FAC-001,HW-CW-10086,20,86,91,15
INV-602498,2024-05-01,FAC-001,HW-CW-10086,45,107,135,17
INV-602499,2024-06-01,FAC-001,HW-CW-10086,31,106,102,35
INV-602500,2024-07-01,FAC-001,HW-CW-10086,25,76,89,12
INV-602501,2024-08-01,FAC-001,HW-CW-10086,31,83,97,17
INV-602502,2024-09-01,FAC-001,HW-CW-10086,30,123,140,13
INV-602503,2024-10-01,FAC-001,HW-CW-10086,63,150,164,49
INV-602504,2024-11-01,FAC-001,HW-CW-10086,29,115,108,36
INV-602505,2024-12-01,FAC-001,HW-CW-10086,31,116,129,18
INV-602506,2025-01-01,FAC-001,HW-CW-10086,31,91,113,9
INV-602507,2025-02-01,FAC-001,HW-CW-10086,34,95,101,28
INV-602508,2025-03-01,FAC-001,HW-CW-10086,29,104,105,28
INV-602509,2025-04-01,FAC-001,HW-CW-10086,23,95,109,9
INV-602510,2025-05-01,FAC-001,HW-CW-10086,25,97,102,20
INV-602511,2025-06-01,FAC-001,HW-CW-10086,36,95,123,8
INV-602512,2025-07-01,FAC-001,HW-CW-10086,34,84,101,17
INV-602513,2025-08-01,FAC-001,HW-CW-10086,28,77,89,16
INV-602514,2025-09-01,FAC-001,HW-CW-10086,62,147,175,34
INV-602515,2025-10-01,FAC-001,HW-CW-10086,61,158,185,34
INV-602516,2025-11-01,FAC-001,HW-CW-10086,29,104,125,8
INV-602517,2025-12-01,FAC-001,HW-CW-10086,22,106,104,24
INV-602518,2026-01-01,FAC-001,HW-CW-10086,22,104,95,31
INV-602519,2026-02-01,FAC-001,HW-CW-10086,28,99,106,21
INV-602520,2026-03-01,FAC-001,HW-CW-10086,22,93,102,13
INV-602521,2023-04-01,FAC-001,HW-CW-10087,14,51,56,9
INV-602522,2023-05-01,FAC-001,HW-CW-10087,11,49,45,15
INV-602523,2023-06-01,FAC-001,HW-CW-10087,24,62,77,9
INV-602524,2023-07-01,FAC-001,HW-CW-10087,18,51,58,11
INV-602525,2023-08-01,FAC-001,HW-CW-10087,10,50,52,8
INV-602526,2023-09-01,FAC-001,HW-CW-10087,27,86,92,21
INV-602527,2023-10-01,FAC-001,HW-CW-10087,26,74,88,12
INV-602528,2023-11-01,FAC-001,HW-CW-10087,17,63,72,8
INV-602529,2023-12-01,FAC-001,HW-CW-10087,24,58,70,12
INV-602530,2024-01-01,FAC-001,HW-CW-10087,19,57,68,8
INV-602531,2024-02-01,FAC-001,HW-CW-10087,13,64,58,19
INV-602532,2024-03-01,FAC-001,HW-CW-10087,21,64,74,11
INV-602533,2024-04-01,FAC-001,HW-CW-10087,12,56,61,7
INV-602534,2024-05-01,FAC-001,HW-CW-10087,16,61,62,15
INV-602535,2024-06-01,FAC-001,HW-CW-10087,13,62,69,6
INV-602536,2024-07-01,FAC-001,HW-CW-10087,15,44,55,4
INV-602537,2024-08-01,FAC-001,HW-CW-10087,15,51,58,8
INV-602538,2024-09-01,FAC-001,HW-CW-10087,20,76,91,5
INV-602539,2024-10-01,FAC-001,HW-CW-10087,30,85,94,21
INV-602540,2024-11-01,FAC-001,HW-CW-10087,10,49,50,9
INV-602541,2024-12-01,FAC-001,HW-CW-10087,20,61,74,7
INV-602542,2025-01-01,FAC-001,HW-CW-10087,14,49,50,13
INV-602543,2025-02-01,FAC-001,HW-CW-10087,12,56,63,5
INV-602544,2025-03-01,FAC-001,HW-CW-10087,22,52,61,13
INV-602545,2025-04-01,FAC-001,HW-CW-10087,22,65,81,6
INV-602546,2025-05-01,FAC-001,HW-CW-10087,18,48,61,5
INV-602547,2025-06-01,FAC-001,HW-CW-10087,11,50,50,11
INV-602548,2025-07-01,FAC-001,HW-CW-10087,18,54,61,11
INV-602549,2025-08-01,FAC-001,HW-CW-10087,8,43,46,5
INV-602550,2025-09-01,FAC-001,HW-CW-10087,24,69,86,7
INV-602551,2025-10-01,FAC-001,HW-CW-10087,26,72,75,23
INV-602552,2025-11-01,FAC-001,HW-CW-10087,13,58,63,8
INV-602553,2025-12-01,FAC-001,HW-CW-10087,16,53,60,9
INV-602554,2026-01-01,FAC-001,HW-CW-10087,19,51,56,14
INV-602555,2026-02-01,FAC-001,HW-CW-10087,14,59,64,9
INV-602556,2026-03-01,FAC-001,HW-CW-10087,15,50,51,14
INV-602557,2023-04-01,FAC-001,HW-CW-10089,26,63,70,19
INV-602558,2023-05-01,FAC-001,HW-CW-10089,12,58,57,13
INV-602559,2023-06-01,FAC-001,HW-CW-10089,21,60,70,11
INV-602560,2023-07-01,FAC-001,HW-CW-10089,13,45,44,14
INV-602561,2023-08-01,FAC-001,HW-CW-10089,16,51,59,8
INV-602562,2023-09-01,FAC-001,HW-CW-10089,20,73,75,18
INV-602563,2023-10-01,FAC-001,HW-CW-10089,19,68,79,8
INV-602564,2023-11-01,FAC-001,HW-CW-10089,20,63,69,14
INV-602565,2023-12-01,FAC-001,HW-CW-10089,20,48,51,17
INV-602566,2024-01-01,FAC-001,HW-CW-10089,20,64,68,16
INV-602567,2024-02-01,FAC-001,HW-CW-10089,13,64,66,11
INV-602568,2024-03-01,FAC-001,HW-CW-10089,14,57,59,12
INV-602569,2024-04-01,FAC-001,HW-CW-10089,22,59,60,21
INV-602570,2024-05-01,FAC-001,HW-CW-10089,15,64,62,17
INV-602571,2024-06-01,FAC-001,HW-CW-10089,10,52,48,14
INV-602572,2024-07-01,FAC-001,HW-CW-10089,15,55,54,16
INV-602573,2024-08-01,FAC-001,HW-CW-10089,15,42,52,5
INV-602574,2024-09-01,FAC-001,HW-CW-10089,14,73,69,18
INV-602575,2024-10-01,FAC-001,HW-CW-10089,15,69,70,14
INV-602576,2024-11-01,FAC-001,HW-CW-10089,17,52,55,14
INV-602577,2024-12-01,FAC-001,HW-CW-10089,27,64,78,13
INV-602578,2025-01-01,FAC-001,HW-CW-10089,15,54,57,12
INV-602579,2025-02-01,FAC-001,HW-CW-10089,18,60,71,7
INV-602580,2025-03-01,FAC-001,HW-CW-10089,18,64,70,12
INV-602581,2025-04-01,FAC-001,HW-CW-10089,12,50,51,11
INV-602582,2025-05-01,FAC-001,HW-CW-10089,21,51,56,16
INV-602583,2025-06-01,FAC-001,HW-CW-10089,19,56,66,9
INV-602584,2025-07-01,FAC-001,HW-CW-10089,19,46,56,9
INV-602585,2025-08-01,FAC-001,HW-CW-10089,10,47,48,9
INV-602586,2025-09-01,FAC-001,HW-CW-10089,30,87,107,10
INV-602587,2025-10-01,FAC-001,HW-CW-10089,18,79,73,24
INV-602588,2025-11-01,FAC-001,HW-CW-10089,19,53,65,7
INV-602589,2025-12-01,FAC-001,HW-CW-10089,17,53,58,12
INV-602590,2026-01-01,FAC-001,HW-CW-10089,14,55,53,16
INV-602591,2026-02-01,FAC-001,HW-CW-10089,10,51,48,13
INV-602592,2026-03-01,FAC-001,HW-CW-10089,17,48,52,13
INV-602593,2023-04-01,FAC-001,HW-CW-10091,28,97,93,32
INV-602594,2023-05-01,FAC-001,HW-CW-10091,23,112,126,9
INV-602595,2023-06-01,FAC-001,HW-CW-10091,37,113,128,22
INV-602596,2023-07-01,FAC-001,HW-CW-10091,26,90,102,14
INV-602597,2023-08-01,FAC-001,HW-CW-10091,15,74,74,15
INV-602598,2023-09-01,FAC-001,HW-CW-10091,60,144,157,47
INV-602599,2023-10-01,FAC-001,HW-CW-10091,39,156,161,34
INV-602600,2023-11-01,FAC-001,HW-CW-10091,28,96,96,28
INV-602601,2023-12-01,FAC-001,HW-CW-10091,40,102,119,23
INV-602602,2024-01-01,FAC-001,HW-CW-10091,41,101,126,16
INV-602603,2024-02-01,FAC-001,HW-CW-10091,26,101,117,10
INV-602604,2024-03-01,FAC-001,HW-CW-10091,26,104,104,26
INV-602605,2024-04-01,FAC-001,HW-CW-10091,23,111,127,7
INV-602606,2024-05-01,FAC-001,HW-CW-10091,35,90,103,22
INV-602607,2024-06-01,FAC-001,HW-CW-10091,42,101,119,24
INV-602608,2024-07-01,FAC-001,HW-CW-10091,18,87,78,27
INV-602609,2024-08-01,FAC-001,HW-CW-10091,29,80,84,25
INV-602610,2024-09-01,FAC-001,HW-CW-10091,38,126,144,20
INV-602611,2024-10-01,FAC-001,HW-CW-10091,36,151,143,44
INV-602612,2024-11-01,FAC-001,HW-CW-10091,30,115,133,12
INV-602613,2024-12-01,FAC-001,HW-CW-10091,44,113,123,34
INV-602614,2025-01-01,FAC-001,HW-CW-10091,43,111,133,21
INV-602615,2025-02-01,FAC-001,HW-CW-10091,25,97,94,28
INV-602616,2025-03-01,FAC-001,HW-CW-10091,35,102,112,25
INV-602617,2025-04-01,FAC-001,HW-CW-10091,29,101,114,16
INV-602618,2025-05-01,FAC-001,HW-CW-10091,27,114,116,25
INV-602619,2025-06-01,FAC-001,HW-CW-10091,32,91,110,13
INV-602620,2025-07-01,FAC-001,HW-CW-10091,26,97,115,8
INV-602621,2025-08-01,FAC-001,HW-CW-10091,26,75,76,25
INV-602622,2025-09-01,FAC-001,HW-CW-10091,52,159,186,25
INV-602623,2025-10-01,FAC-001,HW-CW-10091,37,157,146,48
INV-602624,2025-11-01,FAC-001,HW-CW-10091,31,113,111,33
INV-602625,2025-12-01,FAC-001,HW-CW-10091,35,101,102,34
INV-602626,2026-01-01,FAC-001,HW-CW-10091,19,95,95,19
INV-602627,2026-02-01,FAC-001,HW-CW-10091,50,114,143,21
INV-602628,2026-03-01,FAC-001,HW-CW-10091,38,91,110,19
INV-602629,2023-04-01,FAC-001,HW-CW-10092,32,84,103,13
INV-602630,2023-05-01,FAC-001,HW-CW-10092,19,79,77,21
INV-602631,2023-06-01,FAC-001,HW-CW-10092,20,79,82,17
INV-602632,2023-07-01,FAC-001,HW-CW-10092,27,69,80,16
INV-602633,2023-08-01,FAC-001,HW-CW-10092,28,69,85,12
INV-602634,2023-09-01,FAC-001,HW-CW-10092,25,96,98,23
INV-602635,2023-10-01,FAC-001,HW-CW-10092,24,92,91,25
INV-602636,2023-11-01,FAC-001,HW-CW-10092,31,73,80,24
INV-602637,2023-12-01,FAC-001,HW-CW-10092,29,79,83,25
INV-602638,2024-01-01,FAC-001,HW-CW-10092,28,84,92,20
INV-602639,2024-02-01,FAC-001,HW-CW-10092,21,80,89,12
INV-602640,2024-03-01,FAC-001,HW-CW-10092,26,64,75,15
INV-602641,2024-04-01,FAC-001,HW-CW-10092,19,78,85,12
INV-602642,2024-05-01,FAC-001,HW-CW-10092,25,81,92,14
INV-602643,2024-06-01,FAC-001,HW-CW-10092,31,74,89,16
INV-602644,2024-07-01,FAC-001,HW-CW-10092,28,70,81,17
INV-602645,2024-08-01,FAC-001,HW-CW-10092,17,58,68,7
INV-602646,2024-09-01,FAC-001,HW-CW-10092,31,96,115,12
INV-602647,2024-10-01,FAC-001,HW-CW-10092,36,100,108,28
INV-602648,2024-11-01,FAC-001,HW-CW-10092,26,66,70,22
INV-602649,2024-12-01,FAC-001,HW-CW-10092,28,69,79,18
INV-602650,2025-01-01,FAC-001,HW-CW-10092,37,85,98,24
INV-602651,2025-02-01,FAC-001,HW-CW-10092,24,64,73,15
INV-602652,2025-03-01,FAC-001,HW-CW-10092,24,66,68,22
INV-602653,2025-04-01,FAC-001,HW-CW-10092,19,83,79,23
INV-602654,2025-05-01,FAC-001,HW-CW-10092,29,67,85,11
INV-602655,2025-06-01,FAC-001,HW-CW-10092,24,81,85,20
INV-602656,2025-07-01,FAC-001,HW-CW-10092,18,58,65,11
INV-602657,2025-08-01,FAC-001,HW-CW-10092,17,66,77,6
INV-602658,2025-09-01,FAC-001,HW-CW-10092,41,94,101,34
INV-602659,2025-10-01,FAC-001,HW-CW-10092,29,104,111,22
INV-602660,2025-11-01,FAC-001,HW-CW-10092,23,76,82,17
INV-602661,2025-12-01,FAC-001,HW-CW-10092,29,80,99,10
INV-602662,2026-01-01,FAC-001,HW-CW-10092,24,69,80,13
INV-602663,2026-02-01,FAC-001,HW-CW-10092,23,72,77,18
INV-602664,2026-03-01,FAC-001,HW-CW-10092,16,66,63,19
INV-602665,2023-04-01,FAC-001,HW-CW-10093,52,121,154,19
INV-602666,2023-05-01,FAC-001,HW-CW-10093,42,100,130,12
INV-602667,2023-06-01,FAC-001,HW-CW-10093,39,114,144,9
INV-602668,2023-07-01,FAC-001,HW-CW-10093,42,99,108,33
INV-602669,2023-08-01,FAC-001,HW-CW-10093,27,89,100,16
INV-602670,2023-09-01,FAC-001,HW-CW-10093,79,177,211,45
INV-602671,2023-10-01,FAC-001,HW-CW-10093,56,140,170,26
INV-602672,2023-11-01,FAC-001,HW-CW-10093,33,105,123,15
INV-602673,2023-12-01,FAC-001,HW-CW-10093,40,125,133,32
INV-602674,2024-01-01,FAC-001,HW-CW-10093,48,132,149,31
INV-602675,2024-02-01,FAC-001,HW-CW-10093,41,108,118,31
INV-602676,2024-03-01,FAC-001,HW-CW-10093,34,104,111,27
INV-602677,2024-04-01,FAC-001,HW-CW-10093,27,120,129,18
INV-602678,2024-05-01,FAC-001,HW-CW-10093,21,108,100,29
INV-602679,2024-06-01,FAC-001,HW-CW-10093,54,131,147,38
INV-602680,2024-07-01,FAC-001,HW-CW-10093,37,106,135,8
INV-602681,2024-08-01,FAC-001,HW-CW-10093,34,94,97,31
INV-602682,2024-09-01,FAC-001,HW-CW-10093,69,157,193,33
INV-602683,2024-10-01,FAC-001,HW-CW-10093,34,152,165,21
INV-602684,2024-11-01,FAC-001,HW-CW-10093,35,121,146,10
INV-602685,2024-12-01,FAC-001,HW-CW-10093,27,99,117,9
INV-602686,2025-01-01,FAC-001,HW-CW-10093,28,109,117,20
INV-602687,2025-02-01,FAC-001,HW-CW-10093,28,127,145,10
INV-602688,2025-03-01,FAC-001,HW-CW-10093,30,126,139,17
INV-602689,2025-04-01,FAC-001,HW-CW-10093,33,111,130,14
INV-602690,2025-05-01,FAC-001,HW-CW-10093,30,132,135,27
INV-602691,2025-06-01,FAC-001,HW-CW-10093,33,115,121,27
INV-602692,2025-07-01,FAC-001,HW-CW-10093,31,85,97,19
INV-602693,2025-08-01,FAC-001,HW-CW-10093,35,89,112,12
INV-602694,2025-09-01,FAC-001,HW-CW-10093,44,161,179,26
INV-602695,2025-10-01,FAC-001,HW-CW-10093,39,152,171,20
INV-602696,2025-11-01,FAC-001,HW-CW-10093,22,100,91,31
INV-602697,2025-12-01,FAC-001,HW-CW-10093,22,103,118,7
INV-602698,2026-01-01,FAC-001,HW-CW-10093,25,108,106,27
INV-602699,2026-02-01,FAC-001,HW-CW-10093,43,131,143,31
INV-602700,2026-03-01,FAC-001,HW-CW-10093,38,128,135,31
INV-602701,2023-04-01,FAC-001,HW-CW-10094,25,91,102,14
INV-602702,2023-05-01,FAC-001,HW-CW-10094,30,89,90,29
INV-602703,2023-06-01,FAC-001,HW-CW-10094,25,86,104,7
INV-602704,2023-07-01,FAC-001,HW-CW-10094,28,77,84,21
INV-602705,2023-08-01,FAC-001,HW-CW-10094,15,71,69,17
INV-602706,2023-09-01,FAC-001,HW-CW-10094,28,119,132,15
INV-602707,2023-10-01,FAC-001,HW-CW-10094,38,113,124,27
INV-602708,2023-11-01,FAC-001,HW-CW-10094,32,95,103,24
INV-602709,2023-12-01,FAC-001,HW-CW-10094,34,89,113,10
INV-602710,2024-01-01,FAC-001,HW-CW-10094,19,86,97,8
INV-602711,2024-02-01,FAC-001,HW-CW-10094,30,90,98,22
INV-602712,2024-03-01,FAC-001,HW-CW-10094,29,84,96,17
INV-602713,2024-04-01,FAC-001,HW-CW-10094,26,86,101,11
INV-602714,2024-05-01,FAC-001,HW-CW-10094,21,97,101,17
INV-602715,2024-06-01,FAC-001,HW-CW-10094,39,100,121,18
INV-602716,2024-07-01,FAC-001,HW-CW-10094,27,72,87,12
INV-602717,2024-08-01,FAC-001,HW-CW-10094,20,69,72,17
INV-602718,2024-09-01,FAC-001,HW-CW-10094,35,139,151,23
INV-602719,2024-10-01,FAC-001,HW-CW-10094,59,149,194,14
INV-602720,2024-11-01,FAC-001,HW-CW-10094,21,108,112,17
INV-602721,2024-12-01,FAC-001,HW-CW-10094,38,92,104,26
INV-602722,2025-01-01,FAC-001,HW-CW-10094,38,108,132,14
INV-602723,2025-02-01,FAC-001,HW-CW-10094,20,83,92,11
INV-602724,2025-03-01,FAC-001,HW-CW-10094,32,81,85,28
INV-602725,2025-04-01,FAC-001,HW-CW-10094,28,99,110,17
INV-602726,2025-05-01,FAC-001,HW-CW-10094,28,100,98,30
INV-602727,2025-06-01,FAC-001,HW-CW-10094,28,82,93,17
INV-602728,2025-07-01,FAC-001,HW-CW-10094,28,86,95,19
INV-602729,2025-08-01,FAC-001,HW-CW-10094,16,78,76,18
INV-602730,2025-09-01,FAC-001,HW-CW-10094,63,151,174,40
INV-602731,2025-10-01,FAC-001,HW-CW-10094,56,136,160,32
INV-602732,2025-11-01,FAC-001,HW-CW-10094,17,81,83,15
INV-602733,2025-12-01,FAC-001,HW-CW-10094,40,108,113,35
INV-602734,2026-01-01,FAC-001,HW-CW-10094,33,86,109,10
INV-602735,2026-02-01,FAC-001,HW-CW-10094,35,98,100,33
INV-602736,2026-03-01,FAC-001,HW-CW-10094,41,104,116,29
INV-602737,2023-04-01,FAC-001,HW-CW-10096,19,79,77,21
INV-602738,2023-05-01,FAC-001,HW-CW-10096,26,87,96,17
INV-602739,2023-06-01,FAC-001,HW-CW-10096,24,91,86,29
INV-602740,2023-07-01,FAC-001,HW-CW-10096,23,80,83,20
INV-602741,2023-08-01,FAC-001,HW-CW-10096,33,86,109,10
INV-602742,2023-09-01,FAC-001,HW-CW-10096,29,128,139,18
INV-602743,2023-10-01,FAC-001,HW-CW-10096,36,117,116,37
INV-602744,2023-11-01,FAC-001,HW-CW-10096,23,100,114,9
INV-602745,2023-12-01,FAC-001,HW-CW-10096,32,102,120,14
INV-602746,2024-01-01,FAC-001,HW-CW-10096,38,95,111,22
INV-602747,2024-02-01,FAC-001,HW-CW-10096,31,99,121,9
INV-602748,2024-03-01,FAC-001,HW-CW-10096,28,91,107,12
INV-602749,2024-04-01,FAC-001,HW-CW-10096,33,100,104,29
INV-602750,2024-05-01,FAC-001,HW-CW-10096,40,91,117,14
INV-602751,2024-06-01,FAC-001,HW-CW-10096,20,100,101,19
INV-602752,2024-07-01,FAC-001,HW-CW-10096,33,81,86,28
INV-602753,2024-08-01,FAC-001,HW-CW-10096,28,86,89,25
INV-602754,2024-09-01,FAC-001,HW-CW-10096,32,121,130,23
INV-602755,2024-10-01,FAC-001,HW-CW-10096,26,111,125,12
INV-602756,2024-11-01,FAC-001,HW-CW-10096,20,81,84,17
INV-602757,2024-12-01,FAC-001,HW-CW-10096,35,92,106,21
INV-602758,2025-01-01,FAC-001,HW-CW-10096,35,100,104,31
INV-602759,2025-02-01,FAC-001,HW-CW-10096,25,82,88,19
INV-602760,2025-03-01,FAC-001,HW-CW-10096,33,98,108,23
INV-602761,2025-04-01,FAC-001,HW-CW-10096,21,82,89,14
INV-602762,2025-05-01,FAC-001,HW-CW-10096,29,89,92,26
INV-602763,2025-06-01,FAC-001,HW-CW-10096,39,96,108,27
INV-602764,2025-07-01,FAC-001,HW-CW-10096,34,78,91,21
INV-602765,2025-08-01,FAC-001,HW-CW-10096,17,80,84,13
INV-602766,2025-09-01,FAC-001,HW-CW-10096,49,112,143,18
INV-602767,2025-10-01,FAC-001,HW-CW-10096,52,139,165,26
INV-602768,2025-11-01,FAC-001,HW-CW-10096,37,90,119,8
INV-602769,2025-12-01,FAC-001,HW-CW-10096,39,91,112,18
INV-602770,2026-01-01,FAC-001,HW-CW-10096,29,93,96,26
INV-602771,2026-02-01,FAC-001,HW-CW-10096,20,78,83,15
INV-602772,2026-03-01,FAC-001,HW-CW-10096,27,88,108,7
INV-602773,2023-04-01,FAC-001,HW-CW-10097,16,72,66,22
INV-602774,2023-05-01,FAC-001,HW-CW-10097,27,80,96,11
INV-602775,2023-06-01,FAC-001,HW-CW-10097,22,66,70,18
INV-602776,2023-07-01,FAC-001,HW-CW-10097,11,57,52,16
INV-602777,2023-08-01,FAC-001,HW-CW-10097,13,59,68,4
INV-602778,2023-09-01,FAC-001,HW-CW-10097,22,97,93,26
INV-602779,2023-10-01,FAC-001,HW-CW-10097,22,106,118,10
INV-602780,2023-11-01,FAC-001,HW-CW-10097,21,84,88,17
INV-602781,2023-12-01,FAC-001,HW-CW-10097,22,63,70,15
INV-602782,2024-01-01,FAC-001,HW-CW-10097,17,68,74,11
INV-602783,2024-02-01,FAC-001,HW-CW-10097,17,72,79,10
INV-602784,2024-03-01,FAC-001,HW-CW-10097,31,75,81,25
INV-602785,2024-04-01,FAC-001,HW-CW-10097,29,80,84,25
INV-602786,2024-05-01,FAC-001,HW-CW-10097,24,78,95,7
INV-602787,2024-06-01,FAC-001,HW-CW-10097,23,66,73,16
INV-602788,2024-07-01,FAC-001,HW-CW-10097,20,71,85,6
INV-602789,2024-08-01,FAC-001,HW-CW-10097,18,70,80,8
INV-602790,2024-09-01,FAC-001,HW-CW-10097,31,119,125,25
INV-602791,2024-10-01,FAC-001,HW-CW-10097,28,104,99,33
INV-602792,2024-11-01,FAC-001,HW-CW-10097,18,67,71,14
INV-602793,2024-12-01,FAC-001,HW-CW-10097,27,66,82,11
INV-602794,2025-01-01,FAC-001,HW-CW-10097,23,64,76,11
INV-602795,2025-02-01,FAC-001,HW-CW-10097,16,84,79,21
INV-602796,2025-03-01,FAC-001,HW-CW-10097,35,83,105,13
INV-602797,2025-04-01,FAC-001,HW-CW-10097,17,79,81,15
INV-602798,2025-05-01,FAC-001,HW-CW-10097,16,68,76,8
INV-602799,2025-06-01,FAC-001,HW-CW-10097,20,65,79,6
INV-602800,2025-07-01,FAC-001,HW-CW-10097,24,56,75,5
INV-602801,2025-08-01,FAC-001,HW-CW-10097,15,63,63,15
INV-602802,2025-09-01,FAC-001,HW-CW-10097,28,101,103,26
INV-602803,2025-10-01,FAC-001,HW-CW-10097,28,118,130,16
INV-602804,2025-11-01,FAC-001,HW-CW-10097,21,62,77,6
INV-602805,2025-12-01,FAC-001,HW-CW-10097,17,69,75,11
INV-602806,2026-01-01,FAC-001,HW-CW-10097,29,78,87,20
INV-602807,2026-02-01,FAC-001,HW-CW-10097,29,68,90,7
INV-602808,2026-03-01,FAC-001,HW-CW-10097,30,73,86,17
INV-602809,2023-04-01,FAC-001,HW-CW-10098,36,119,132,23
INV-602810,2023-05-01,FAC-001,HW-CW-10098,35,113,134,14
INV-602811,2023-06-01,FAC-001,HW-CW-10098,50,140,177,13
INV-602812,2023-07-01,FAC-001,HW-CW-10098,32,96,116,12
INV-602813,2023-08-01,FAC-001,HW-CW-10098,32,114,113,33
INV-602814,2023-09-01,FAC-001,HW-CW-10098,65,207,251,21
INV-602815,2023-10-01,FAC-001,HW-CW-10098,70,190,236,24
INV-602816,2023-11-01,FAC-001,HW-CW-10098,41,139,153,27
INV-602817,2023-12-01,FAC-001,HW-CW-10098,42,145,154,33
INV-602818,2024-01-01,FAC-001,HW-CW-10098,49,116,126,39
INV-602819,2024-02-01,FAC-001,HW-CW-10098,41,138,148,31
INV-602820,2024-03-01,FAC-001,HW-CW-10098,30,140,147,23
INV-602821,2024-04-01,FAC-001,HW-CW-10098,58,143,157,44
INV-602822,2024-05-01,FAC-001,HW-CW-10098,53,148,186,15
INV-602823,2024-06-01,FAC-001,HW-CW-10098,44,132,164,12
INV-602824,2024-07-01,FAC-001,HW-CW-10098,39,126,132,33
INV-602825,2024-08-01,FAC-001,HW-CW-10098,32,109,113,28
INV-602826,2024-09-01,FAC-001,HW-CW-10098,71,173,186,58
INV-602827,2024-10-01,FAC-001,HW-CW-10098,47,196,198,45
INV-602828,2024-11-01,FAC-001,HW-CW-10098,30,115,131,14
INV-602829,2024-12-01,FAC-001,HW-CW-10098,37,148,155,30
INV-602830,2025-01-01,FAC-001,HW-CW-10098,54,131,166,19
INV-602831,2025-02-01,FAC-001,HW-CW-10098,48,133,166,15
INV-602832,2025-03-01,FAC-001,HW-CW-10098,33,113,135,11
INV-602833,2025-04-01,FAC-001,HW-CW-10098,47,142,161,28
INV-602834,2025-05-01,FAC-001,HW-CW-10098,41,126,147,20
INV-602835,2025-06-01,FAC-001,HW-CW-10098,48,129,163,14
INV-602836,2025-07-01,FAC-001,HW-CW-10098,31,101,109,23
INV-602837,2025-08-01,FAC-001,HW-CW-10098,31,119,131,19
INV-602838,2025-09-01,FAC-001,HW-CW-10098,63,207,251,19
INV-602839,2025-10-01,FAC-001,HW-CW-10098,48,213,207,54
INV-602840,2025-11-01,FAC-001,HW-CW-10098,65,150,165,50
INV-602841,2025-12-01,FAC-001,HW-CW-10098,27,113,132,8
INV-602842,2026-01-01,FAC-001,HW-CW-10098,39,120,146,13
INV-602843,2026-02-01,FAC-001,HW-CW-10098,39,113,122,30
INV-602844,2026-03-01,FAC-001,HW-CW-10098,39,147,165,21
INV-602845,2023-04-01,FAC-001,HW-CW-10099,15,76,75,16
INV-602846,2023-05-01,FAC-001,HW-CW-10099,30,77,97,10
INV-602847,2023-06-01,FAC-001,HW-CW-10099,28,81,94,15
INV-602848,2023-07-01,FAC-001,HW-CW-10099,23,77,80,20
INV-602849,2023-08-01,FAC-001,HW-CW-10099,21,65,72,14
INV-602850,2023-09-01,FAC-001,HW-CW-10099,25,114,124,15
INV-602851,2023-10-01,FAC-001,HW-CW-10099,26,106,109,23
INV-602852,2023-11-01,FAC-001,HW-CW-10099,26,76,84,18
INV-602853,2023-12-01,FAC-001,HW-CW-10099,27,81,85,23
INV-602854,2024-01-01,FAC-001,HW-CW-10099,31,74,87,18
INV-602855,2024-02-01,FAC-001,HW-CW-10099,16,80,81,15
INV-602856,2024-03-01,FAC-001,HW-CW-10099,28,84,99,13
INV-602857,2024-04-01,FAC-001,HW-CW-10099,19,74,84,9
INV-602858,2024-05-01,FAC-001,HW-CW-10099,21,94,97,18
INV-602859,2024-06-01,FAC-001,HW-CW-10099,16,75,74,17
INV-602860,2024-07-01,FAC-001,HW-CW-10099,23,63,73,13
INV-602861,2024-08-01,FAC-001,HW-CW-10099,12,63,68,7
INV-602862,2024-09-01,FAC-001,HW-CW-10099,36,104,114,26
INV-602863,2024-10-01,FAC-001,HW-CW-10099,33,119,116,36
INV-602864,2024-11-01,FAC-001,HW-CW-10099,18,76,78,16
INV-602865,2024-12-01,FAC-001,HW-CW-10099,22,86,81,27
INV-602866,2025-01-01,FAC-001,HW-CW-10099,29,83,105,7
INV-602867,2025-02-01,FAC-001,HW-CW-10099,27,85,96,16
INV-602868,2025-03-01,FAC-001,HW-CW-10099,37,93,105,25
INV-602869,2025-04-01,FAC-001,HW-CW-10099,20,76,81,15
INV-602870,2025-05-01,FAC-001,HW-CW-10099,28,89,89,28
INV-602871,2025-06-01,FAC-001,HW-CW-10099,35,88,99,24
INV-602872,2025-07-01,FAC-001,HW-CW-10099,22,74,89,7
INV-602873,2025-08-01,FAC-001,HW-CW-10099,25,77,90,12
INV-602874,2025-09-01,FAC-001,HW-CW-10099,41,129,138,32
INV-602875,2025-10-01,FAC-001,HW-CW-10099,31,125,129,27
INV-602876,2025-11-01,FAC-001,HW-CW-10099,35,92,105,22
INV-602877,2025-12-01,FAC-001,HW-CW-10099,21,75,77,19
INV-602878,2026-01-01,FAC-001,HW-CW-10099,28,74,81,21
INV-602879,2026-02-01,FAC-001,HW-CW-10099,24,81,99,6
INV-602880,2026-03-01,FAC-001,HW-CW-10099,17,80,74,23
INV-602881,2023-04-01,FAC-001,HW-CW-10102,10,48,49,9
INV-602882,2023-05-01,FAC-001,HW-CW-10102,11,50,47,14
INV-602883,2023-06-01,FAC-001,HW-CW-10102,9,44,46,7
INV-602884,2023-07-01,FAC-001,HW-CW-10102,9,38,36,11
INV-602885,2023-08-01,FAC-001,HW-CW-10102,19,48,53,14
INV-602886,2023-09-01,FAC-001,HW-CW-10102,16,66,69,13
INV-602887,2023-10-01,FAC-001,HW-CW-10102,21,59,68,12
INV-602888,2023-11-01,FAC-001,HW-CW-10102,13,55,61,7
INV-602889,2023-12-01,FAC-001,HW-CW-10102,12,54,54,12
INV-602890,2024-01-01,FAC-001,HW-CW-10102,11,45,44,12
INV-602891,2024-02-01,FAC-001,HW-CW-10102,15,50,61,4
INV-602892,2024-03-01,FAC-001,HW-CW-10102,19,44,50,13
INV-602893,2024-04-01,FAC-001,HW-CW-10102,15,54,53,16
INV-602894,2024-05-01,FAC-001,HW-CW-10102,15,55,61,9
INV-602895,2024-06-01,FAC-001,HW-CW-10102,15,50,55,10
INV-602896,2024-07-01,FAC-001,HW-CW-10102,9,45,47,7
INV-602897,2024-08-01,FAC-001,HW-CW-10102,10,47,44,13
INV-602898,2024-09-01,FAC-001,HW-CW-10102,22,74,79,17
INV-602899,2024-10-01,FAC-001,HW-CW-10102,20,62,63,19
INV-602900,2024-11-01,FAC-001,HW-CW-10102,19,49,54,14
INV-602901,2024-12-01,FAC-001,HW-CW-10102,21,49,62,8
INV-602902,2025-01-01,FAC-001,HW-CW-10102,16,55,64,7
INV-602903,2025-02-01,FAC-001,HW-CW-10102,9,43,41,11
INV-602904,2025-03-01,FAC-001,HW-CW-10102,19,48,54,13
INV-602905,2025-04-01,FAC-001,HW-CW-10102,19,52,61,10
INV-602906,2025-05-01,FAC-001,HW-CW-10102,16,47,51,12
INV-602907,2025-06-01,FAC-001,HW-CW-10102,19,43,48,14
INV-602908,2025-07-01,FAC-001,HW-CW-10102,15,37,42,10
INV-602909,2025-08-01,FAC-001,HW-CW-10102,12,44,46,10
INV-602910,2025-09-01,FAC-001,HW-CW-10102,18,65,69,14
INV-602911,2025-10-01,FAC-001,HW-CW-10102,24,74,91,7
INV-602912,2025-11-01,FAC-001,HW-CW-10102,14,43,49,8
INV-602913,2025-12-01,FAC-001,HW-CW-10102,11,56,57,10
INV-602914,2026-01-01,FAC-001,HW-CW-10102,14,55,63,6
INV-602915,2026-02-01,FAC-001,HW-CW-10102,16,42,54,4
INV-602916,2026-03-01,FAC-001,HW-CW-10102,16,52,51,17
INV-602917,2023-04-01,FAC-001,HW-CW-10103,17,85,90,12
INV-602918,2023-05-01,FAC-001,HW-CW-10103,19,85,82,22
INV-602919,2023-06-01,FAC-001,HW-CW-10103,25,74,86,13
INV-602920,2023-07-01,FAC-001,HW-CW-10103,29,73,94,8
INV-602921,2023-08-01,FAC-001,HW-CW-10103,15,75,80,10
INV-602922,2023-09-01,FAC-001,HW-CW-10103,39,117,137,19
INV-602923,2023-10-01,FAC-001,HW-CW-10103,48,114,125,37
INV-602924,2023-11-01,FAC-001,HW-CW-10103,18,90,100,8
INV-602925,2023-12-01,FAC-001,HW-CW-10103,17,76,75,18
INV-602926,2024-01-01,FAC-001,HW-CW-10103,20,82,88,14
INV-602927,2024-02-01,FAC-001,HW-CW-10103,17,84,82,19
INV-602928,2024-03-01,FAC-001,HW-CW-10103,35,94,115,14
INV-602929,2024-04-01,FAC-001,HW-CW-10103,25,91,89,27
INV-602930,2024-05-01,FAC-001,HW-CW-10103,32,80,105,7
INV-602931,2024-06-01,FAC-001,HW-CW-10103,17,85,79,23
INV-602932,2024-07-01,FAC-001,HW-CW-10103,23,69,70,22
INV-602933,2024-08-01,FAC-001,HW-CW-10103,23,82,97,8
INV-602934,2024-09-01,FAC-001,HW-CW-10103,50,130,156,24
INV-602935,2024-10-01,FAC-001,HW-CW-10103,44,124,147,21
INV-602936,2024-11-01,FAC-001,HW-CW-10103,38,87,112,13
INV-602937,2024-12-01,FAC-001,HW-CW-10103,38,93,103,28
INV-602938,2025-01-01,FAC-001,HW-CW-10103,24,75,84,15
INV-602939,2025-02-01,FAC-001,HW-CW-10103,29,94,106,17
INV-602940,2025-03-01,FAC-001,HW-CW-10103,18,86,90,14
INV-602941,2025-04-01,FAC-001,HW-CW-10103,22,94,100,16
INV-602942,2025-05-01,FAC-001,HW-CW-10103,21,88,84,25
INV-602943,2025-06-01,FAC-001,HW-CW-10103,29,98,101,26
INV-602944,2025-07-01,FAC-001,HW-CW-10103,23,65,76,12
INV-602945,2025-08-01,FAC-001,HW-CW-10103,16,76,85,7
INV-602946,2025-09-01,FAC-001,HW-CW-10103,32,116,124,24
INV-602947,2025-10-01,FAC-001,HW-CW-10103,48,116,153,11
INV-602948,2025-11-01,FAC-001,HW-CW-10103,33,80,102,11
INV-602949,2025-12-01,FAC-001,HW-CW-10103,25,97,105,17
INV-602950,2026-01-01,FAC-001,HW-CW-10103,32,80,84,28
INV-602951,2026-02-01,FAC-001,HW-CW-10103,24,87,90,21
INV-602952,2026-03-01,FAC-001,HW-CW-10103,36,89,108,17
INV-602953,2023-04-01,FAC-001,HW-CW-10104,16,51,56,11
INV-602954,2023-05-01,FAC-001,HW-CW-10104,15,46,53,8
INV-602955,2023-06-01,FAC-001,HW-CW-10104,21,56,66,11
INV-602956,2023-07-01,FAC-001,HW-CW-10104,9,40,42,7
INV-602957,2023-08-01,FAC-001,HW-CW-10104,9,43,43,9
INV-602958,2023-09-01,FAC-001,HW-CW-10104,22,78,89,11
INV-602959,2023-10-01,FAC-001,HW-CW-10104,22,80,91,11
INV-602960,2023-11-01,FAC-001,HW-CW-10104,20,57,66,11
INV-602961,2023-12-01,FAC-001,HW-CW-10104,17,46,51,12
INV-602962,2024-01-01,FAC-001,HW-CW-10104,25,62,75,12
INV-602963,2024-02-01,FAC-001,HW-CW-10104,12,50,50,12
INV-602964,2024-03-01,FAC-001,HW-CW-10104,14,54,58,10
INV-602965,2024-04-01,FAC-001,HW-CW-10104,21,49,54,16
INV-602966,2024-05-01,FAC-001,HW-CW-10104,26,62,75,13
INV-602967,2024-06-01,FAC-001,HW-CW-10104,17,58,65,10
INV-602968,2024-07-01,FAC-001,HW-CW-10104,12,44,48,8
INV-602969,2024-08-01,FAC-001,HW-CW-10104,15,46,49,12
INV-602970,2024-09-01,FAC-001,HW-CW-10104,16,73,67,22
INV-602971,2024-10-01,FAC-001,HW-CW-10104,15,71,66,20
INV-602972,2024-11-01,FAC-001,HW-CW-10104,12,60,63,9
INV-602973,2024-12-01,FAC-001,HW-CW-10104,21,51,60,12
INV-602974,2025-01-01,FAC-001,HW-CW-10104,16,51,55,12
INV-602975,2025-02-01,FAC-001,HW-CW-10104,12,56,64,4
INV-602976,2025-03-01,FAC-001,HW-CW-10104,15,53,60,8
INV-602977,2025-04-01,FAC-001,HW-CW-10104,21,52,61,12
INV-602978,2025-05-01,FAC-001,HW-CW-10104,13,58,65,6
INV-602979,2025-06-01,FAC-001,HW-CW-10104,14,58,56,16
INV-602980,2025-07-01,FAC-001,HW-CW-10104,19,44,50,13
INV-602981,2025-08-01,FAC-001,HW-CW-10104,9,46,45,10
INV-602982,2025-09-01,FAC-001,HW-CW-10104,34,78,95,17
INV-602983,2025-10-01,FAC-001,HW-CW-10104,28,84,84,28
INV-602984,2025-11-01,FAC-001,HW-CW-10104,17,51,63,5
INV-602985,2025-12-01,FAC-001,HW-CW-10104,15,60,59,16
INV-602986,2026-01-01,FAC-001,HW-CW-10104,21,50,65,6
INV-602987,2026-02-01,FAC-001,HW-CW-10104,17,59,64,12
INV-602988,2026-03-01,FAC-001,HW-CW-10104,14,54,57,11
INV-602989,2023-04-01,FAC-001,HW-CW-10105,23,56,71,8
INV-602990,2023-05-01,FAC-001,HW-CW-10105,20,62,67,15
INV-602991,2023-06-01,FAC-001,HW-CW-10105,26,68,84,10
INV-602992,2023-07-01,FAC-001,HW-CW-10105,14,58,58,14
INV-602993,2023-08-01,FAC-001,HW-CW-10105,14,53,60,7
INV-602994,2023-09-01,FAC-001,HW-CW-10105,19,85,86,18
INV-602995,2023-10-01,FAC-001,HW-CW-10105,26,102,111,17
INV-602996,2023-11-01,FAC-001,HW-CW-10105,13,62,63,12
INV-602997,2023-12-01,FAC-001,HW-CW-10105,21,67,81,7
INV-602998,2024-01-01,FAC-001,HW-CW-10105,13,59,67,5
INV-602999,2024-02-01,FAC-001,HW-CW-10105,20,61,73,8
INV-603000,2024-03-01,FAC-001,HW-CW-10105,22,60,63,19
INV-603001,2024-04-01,FAC-001,HW-CW-10105,13,59,65,7
INV-603002,2024-05-01,FAC-001,HW-CW-10105,22,58,75,5
INV-603003,2024-06-01,FAC-001,HW-CW-10105,21,64,71,14
INV-603004,2024-07-01,FAC-001,HW-CW-10105,16,51,58,9
INV-603005,2024-08-01,FAC-001,HW-CW-10105,26,62,81,7
INV-603006,2024-09-01,FAC-001,HW-CW-10105,31,100,115,16
INV-603007,2024-10-01,FAC-001,HW-CW-10105,29,100,121,8
INV-603008,2024-11-01,FAC-001,HW-CW-10105,21,62,74,9
INV-603009,2024-12-01,FAC-001,HW-CW-10105,18,72,80,10
INV-603010,2025-01-01,FAC-001,HW-CW-10105,17,64,73,8
INV-603011,2025-02-01,FAC-001,HW-CW-10105,23,65,71,17
INV-603012,2025-03-01,FAC-001,HW-CW-10105,22,63,70,15
INV-603013,2025-04-01,FAC-001,HW-CW-10105,25,58,70,13
INV-603014,2025-05-01,FAC-001,HW-CW-10105,20,68,72,16
INV-603015,2025-06-01,FAC-001,HW-CW-10105,18,62,68,12
INV-603016,2025-07-01,FAC-001,HW-CW-10105,17,55,55,17
INV-603017,2025-08-01,FAC-001,HW-CW-10105,13,54,51,16
INV-603018,2025-09-01,FAC-001,HW-CW-10105,35,101,119,17
INV-603019,2025-10-01,FAC-001,HW-CW-10105,36,86,107,15
INV-603020,2025-11-01,FAC-001,HW-CW-10105,20,69,83,6
INV-603021,2025-12-01,FAC-001,HW-CW-10105,28,70,76,22
INV-603022,2026-01-01,FAC-001,HW-CW-10105,16,59,60,15
INV-603023,2026-02-01,FAC-001,HW-CW-10105,14,70,64,20
INV-603024,2026-03-01,FAC-001,HW-CW-10105,14,59,58,15
INV-603025,2023-04-01,FAC-001,HW-CW-10107,15,50,54,11
INV-603026,2023-05-01,FAC-001,HW-CW-10107,19,52,63,8
INV-603027,2023-06-01,FAC-001,HW-CW-10107,23,62,63,22
INV-603028,2023-07-01,FAC-001,HW-CW-10107,22,56,72,6
INV-603029,2023-08-01,FAC-001,HW-CW-10107,18,42,54,6
INV-603030,2023-09-01,FAC-001,HW-CW-10107,20,90,98,12
INV-603031,2023-10-01,FAC-001,HW-CW-10107,34,93,109,18
INV-603032,2023-11-01,FAC-001,HW-CW-10107,20,66,74,12
INV-603033,2023-12-01,FAC-001,HW-CW-10107,25,58,63,20
INV-603034,2024-01-01,FAC-001,HW-CW-10107,21,59,72,8
INV-603035,2024-02-01,FAC-001,HW-CW-10107,25,60,79,6
INV-603036,2024-03-01,FAC-001,HW-CW-10107,15,51,49,17
INV-603037,2024-04-01,FAC-001,HW-CW-10107,18,55,68,5
INV-603038,2024-05-01,FAC-001,HW-CW-10107,15,65,61,19
INV-603039,2024-06-01,FAC-001,HW-CW-10107,19,60,63,16
INV-603040,2024-07-01,FAC-001,HW-CW-10107,24,56,66,14
INV-603041,2024-08-01,FAC-001,HW-CW-10107,16,56,64,8
INV-603042,2024-09-01,FAC-001,HW-CW-10107,18,82,93,7
INV-603043,2024-10-01,FAC-001,HW-CW-10107,31,81,92,20
INV-603044,2024-11-01,FAC-001,HW-CW-10107,11,50,51,10
INV-603045,2024-12-01,FAC-001,HW-CW-10107,17,62,70,9
INV-603046,2025-01-01,FAC-001,HW-CW-10107,23,62,72,13
INV-603047,2025-02-01,FAC-001,HW-CW-10107,21,66,73,14
INV-603048,2025-03-01,FAC-001,HW-CW-10107,14,53,50,17
INV-603049,2025-04-01,FAC-001,HW-CW-10107,15,61,61,15
INV-603050,2025-05-01,FAC-001,HW-CW-10107,17,63,63,17
INV-603051,2025-06-01,FAC-001,HW-CW-10107,20,53,56,17
INV-603052,2025-07-01,FAC-001,HW-CW-10107,16,49,57,8
INV-603053,2025-08-01,FAC-001,HW-CW-10107,20,52,54,18
INV-603054,2025-09-01,FAC-001,HW-CW-10107,20,77,75,22
INV-603055,2025-10-01,FAC-001,HW-CW-10107,21,77,83,15
INV-603056,2025-11-01,FAC-001,HW-CW-10107,18,61,70,9
INV-603057,2025-12-01,FAC-001,HW-CW-10107,15,56,60,11
INV-603058,2026-01-01,FAC-001,HW-CW-10107,10,50,50,10
INV-603059,2026-02-01,FAC-001,HW-CW-10107,25,66,69,22
INV-603060,2026-03-01,FAC-001,HW-CW-10107,24,65,77,12
INV-603061,2023-04-01,FAC-001,HW-CW-10109,18,57,64,11
INV-603062,2023-05-01,FAC-001,HW-CW-10109,21,63,78,6
INV-603063,2023-06-01,FAC-001,HW-CW-10109,29,70,90,9
INV-603064,2023-07-01,FAC-001,HW-CW-10109,13,60,58,15
INV-603065,2023-08-01,FAC-001,HW-CW-10109,21,53,62,12
INV-603066,2023-09-01,FAC-001,HW-CW-10109,22,94,92,24
INV-603067,2023-10-01,FAC-001,HW-CW-10109,22,94,95,21
INV-603068,2023-11-01,FAC-001,HW-CW-10109,16,58,65,9
INV-603069,2023-12-01,FAC-001,HW-CW-10109,20,60,61,19
INV-603070,2024-01-01,FAC-001,HW-CW-10109,19,68,76,11
INV-603071,2024-02-01,FAC-001,HW-CW-10109,16,67,76,7
INV-603072,2024-03-01,FAC-001,HW-CW-10109,19,65,66,18
INV-603073,2024-04-01,FAC-001,HW-CW-10109,27,71,77,21
INV-603074,2024-05-01,FAC-001,HW-CW-10109,23,59,72,10
INV-603075,2024-06-01,FAC-001,HW-CW-10109,21,68,79,10
INV-603076,2024-07-01,FAC-001,HW-CW-10109,12,51,55,8
INV-603077,2024-08-01,FAC-001,HW-CW-10109,16,61,64,13
INV-603078,2024-09-01,FAC-001,HW-CW-10109,30,92,112,10
INV-603079,2024-10-01,FAC-001,HW-CW-10109,20,95,109,6
INV-603080,2024-11-01,FAC-001,HW-CW-10109,27,67,82,12
INV-603081,2024-12-01,FAC-001,HW-CW-10109,15,69,68,16
INV-603082,2025-01-01,FAC-001,HW-CW-10109,17,70,66,21
INV-603083,2025-02-01,FAC-001,HW-CW-10109,27,68,74,21
INV-603084,2025-03-01,FAC-001,HW-CW-10109,25,69,80,14
INV-603085,2025-04-01,FAC-001,HW-CW-10109,21,69,70,20
INV-603086,2025-05-01,FAC-001,HW-CW-10109,18,58,65,11
INV-603087,2025-06-01,FAC-001,HW-CW-10109,27,68,82,13
INV-603088,2025-07-01,FAC-001,HW-CW-10109,14,58,54,18
INV-603089,2025-08-01,FAC-001,HW-CW-10109,12,59,56,15
INV-603090,2025-09-01,FAC-001,HW-CW-10109,28,93,111,10
INV-603091,2025-10-01,FAC-001,HW-CW-10109,16,82,79,19
INV-603092,2025-11-01,FAC-001,HW-CW-10109,18,64,70,12
INV-603093,2025-12-01,FAC-001,HW-CW-10109,29,70,79,20
INV-603094,2026-01-01,FAC-001,HW-CW-10109,20,62,77,5
INV-603095,2026-02-01,FAC-001,HW-CW-10109,18,72,80,10
INV-603096,2026-03-01,FAC-001,HW-CW-10109,12,60,54,18
INV-603097,2023-04-01,FAC-001,HW-EL-10110,10,49,52,7
INV-603098,2023-05-01,FAC-001,HW-EL-10110,15,46,49,12
INV-603099,2023-06-01,FAC-001,HW-EL-10110,13,45,46,12
INV-603100,2023-07-01,FAC-001,HW-EL-10110,10,42,44,8
INV-603101,2023-08-01,FAC-001,HW-EL-10110,13,38,45,6
INV-603102,2023-09-01,FAC-001,HW-EL-10110,19,61,61,19
INV-603103,2023-10-01,FAC-001,HW-EL-10110,19,72,77,14
INV-603104,2023-11-01,FAC-001,HW-EL-10110,21,50,61,10
INV-603105,2023-12-01,FAC-001,HW-EL-10110,15,51,62,4
INV-603106,2024-01-01,FAC-001,HW-EL-10110,14,54,62,6
INV-603107,2024-02-01,FAC-001,HW-EL-10110,19,48,61,6
INV-603108,2024-03-01,FAC-001,HW-EL-10110,16,45,49,12
INV-603109,2024-04-01,FAC-001,HW-EL-10110,12,46,51,7
INV-603110,2024-05-01,FAC-001,HW-EL-10110,9,45,48,6
INV-603111,2024-06-01,FAC-001,HW-EL-10110,10,45,43,12
INV-603112,2024-07-01,FAC-001,HW-EL-10110,12,40,39,13
INV-603113,2024-08-01,FAC-001,HW-EL-10110,18,48,53,13
INV-603114,2024-09-01,FAC-001,HW-EL-10110,20,66,75,11
INV-603115,2024-10-01,FAC-001,HW-EL-10110,15,62,70,7
INV-603116,2024-11-01,FAC-001,HW-EL-10110,13,46,54,5
INV-603117,2024-12-01,FAC-001,HW-EL-10110,14,52,58,8
INV-603118,2025-01-01,FAC-001,HW-EL-10110,16,42,49,9
INV-603119,2025-02-01,FAC-001,HW-EL-10110,23,54,72,5
INV-603120,2025-03-01,FAC-001,HW-EL-10110,18,56,60,14
INV-603121,2025-04-01,FAC-001,HW-EL-10110,18,49,62,5
INV-603122,2025-05-01,FAC-001,HW-EL-10110,19,45,58,6
INV-603123,2025-06-01,FAC-001,HW-EL-10110,23,57,64,16
INV-603124,2025-07-01,FAC-001,HW-EL-10110,8,37,36,9
INV-603125,2025-08-01,FAC-001,HW-EL-10110,17,43,55,5
INV-603126,2025-09-01,FAC-001,HW-EL-10110,14,72,67,19
INV-603127,2025-10-01,FAC-001,HW-EL-10110,17,61,66,12
INV-603128,2025-11-01,FAC-001,HW-EL-10110,12,43,43,12
INV-603129,2025-12-01,FAC-001,HW-EL-10110,16,52,57,11
INV-603130,2026-01-01,FAC-001,HW-EL-10110,21,48,54,15
INV-603131,2026-02-01,FAC-001,HW-EL-10110,19,50,59,10
INV-603132,2026-03-01,FAC-001,HW-EL-10110,16,56,60,12
INV-603133,2023-04-01,FAC-001,HW-EL-10111,13,51,50,14
INV-603134,2023-05-01,FAC-001,HW-EL-10111,16,50,50,16
INV-603135,2023-06-01,FAC-001,HW-EL-10111,18,52,55,15
INV-603136,2023-07-01,FAC-001,HW-EL-10111,15,42,48,9
INV-603137,2023-08-01,FAC-001,HW-EL-10111,11,41,45,7
INV-603138,2023-09-01,FAC-001,HW-EL-10111,29,79,82,26
INV-603139,2023-10-01,FAC-001,HW-EL-10111,29,69,75,23
INV-603140,2023-11-01,FAC-001,HW-EL-10111,24,57,62,19
INV-603141,2023-12-01,FAC-001,HW-EL-10111,16,56,66,6
INV-603142,2024-01-01,FAC-001,HW-EL-10111,14,48,54,8
INV-603143,2024-02-01,FAC-001,HW-EL-10111,11,54,56,9
INV-603144,2024-03-01,FAC-001,HW-EL-10111,12,45,46,11
INV-603145,2024-04-01,FAC-001,HW-EL-10111,13,49,47,15
INV-603146,2024-05-01,FAC-001,HW-EL-10111,9,44,44,9
INV-603147,2024-06-01,FAC-001,HW-EL-10111,12,56,63,5
INV-603148,2024-07-01,FAC-001,HW-EL-10111,16,45,53,8
INV-603149,2024-08-01,FAC-001,HW-EL-10111,10,46,47,9
INV-603150,2024-09-01,FAC-001,HW-EL-10111,25,74,90,9
INV-603151,2024-10-01,FAC-001,HW-EL-10111,22,61,71,12
INV-603152,2024-11-01,FAC-001,HW-EL-10111,13,48,53,8
INV-603153,2024-12-01,FAC-001,HW-EL-10111,17,55,65,7
INV-603154,2025-01-01,FAC-001,HW-EL-10111,10,48,44,14
INV-603155,2025-02-01,FAC-001,HW-EL-10111,12,43,44,11
INV-603156,2025-03-01,FAC-001,HW-EL-10111,20,53,55,18
INV-603157,2025-04-01,FAC-001,HW-EL-10111,12,45,48,9
INV-603158,2025-05-01,FAC-001,HW-EL-10111,10,44,50,4
INV-603159,2025-06-01,FAC-001,HW-EL-10111,13,54,55,12
INV-603160,2025-07-01,FAC-001,HW-EL-10111,15,40,46,9
INV-603161,2025-08-01,FAC-001,HW-EL-10111,14,37,42,9
INV-603162,2025-09-01,FAC-001,HW-EL-10111,19,65,71,13
INV-603163,2025-10-01,FAC-001,HW-EL-10111,17,66,68,15
INV-603164,2025-11-01,FAC-001,HW-EL-10111,16,42,45,13
INV-603165,2025-12-01,FAC-001,HW-EL-10111,15,43,52,6
INV-603166,2026-01-01,FAC-001,HW-EL-10111,17,54,56,15
INV-603167,2026-02-01,FAC-001,HW-EL-10111,19,53,57,15
INV-603168,2026-03-01,FAC-001,HW-EL-10111,12,56,64,4
INV-603169,2023-04-01,FAC-001,HW-EL-10112,22,52,66,8
INV-603170,2023-05-01,FAC-001,HW-EL-10112,13,45,44,14
INV-603171,2023-06-01,FAC-001,HW-EL-10112,18,48,54,12
INV-603172,2023-07-01,FAC-001,HW-EL-10112,13,40,48,5
INV-603173,2023-08-01,FAC-001,HW-EL-10112,10,36,35,11
INV-603174,2023-09-01,FAC-001,HW-EL-10112,16,74,79,11
INV-603175,2023-10-01,FAC-001,HW-EL-10112,16,65,75,6
INV-603176,2023-11-01,FAC-001,HW-EL-10112,12,42,40,14
INV-603177,2023-12-01,FAC-001,HW-EL-10112,15,49,52,12
INV-603178,2024-01-01,FAC-001,HW-EL-10112,12,44,49,7
INV-603179,2024-02-01,FAC-001,HW-EL-10112,17,54,61,10
INV-603180,2024-03-01,FAC-001,HW-EL-10112,12,45,44,13
INV-603181,2024-04-01,FAC-001,HW-EL-10112,11,46,48,9
INV-603182,2024-05-01,FAC-001,HW-EL-10112,21,50,56,15
INV-603183,2024-06-01,FAC-001,HW-EL-10112,21,52,62,11
INV-603184,2024-07-01,FAC-001,HW-EL-10112,10,39,37,12
INV-603185,2024-08-01,FAC-001,HW-EL-10112,15,40,41,14
INV-603186,2024-09-01,FAC-001,HW-EL-10112,24,64,79,9
INV-603187,2024-10-01,FAC-001,HW-EL-10112,25,69,77,17
INV-603188,2024-11-01,FAC-001,HW-EL-10112,13,44,49,8
INV-603189,2024-12-01,FAC-001,HW-EL-10112,12,56,57,11
INV-603190,2025-01-01,FAC-001,HW-EL-10112,15,47,46,16
INV-603191,2025-02-01,FAC-001,HW-EL-10112,19,47,56,10
INV-603192,2025-03-01,FAC-001,HW-EL-10112,13,49,50,12
INV-603193,2025-04-01,FAC-001,HW-EL-10112,19,48,63,4
INV-603194,2025-05-01,FAC-001,HW-EL-10112,14,49,57,6
INV-603195,2025-06-01,FAC-001,HW-EL-10112,16,48,50,14
INV-603196,2025-07-01,FAC-001,HW-EL-10112,14,45,53,6
INV-603197,2025-08-01,FAC-001,HW-EL-10112,11,46,50,7
INV-603198,2025-09-01,FAC-001,HW-EL-10112,21,76,76,21
INV-603199,2025-10-01,FAC-001,HW-EL-10112,18,59,63,14
INV-603200,2025-11-01,FAC-001,HW-EL-10112,12,50,57,5
INV-603201,2025-12-01,FAC-001,HW-EL-10112,11,46,48,9
INV-603202,2026-01-01,FAC-001,HW-EL-10112,12,49,49,12
INV-603203,2026-02-01,FAC-001,HW-EL-10112,17,45,56,6
INV-603204,2026-03-01,FAC-001,HW-EL-10112,18,49,60,7
INV-603205,2023-04-01,FAC-001,HW-AC-10113,86,213,236,63
INV-603206,2023-05-01,FAC-001,HW-AC-10113,39,169,161,47
INV-603207,2023-06-01,FAC-001,HW-AC-10113,63,200,238,25
INV-603208,2023-07-01,FAC-001,HW-AC-10113,59,170,203,26
INV-603209,2023-08-01,FAC-001,HW-AC-10113,37,135,150,22
INV-603210,2023-09-01,FAC-001,HW-AC-10113,46,223,247,22
INV-603211,2023-10-01,FAC-001,HW-AC-10113,73,276,309,40
INV-603212,2023-11-01,FAC-001,HW-AC-10113,56,203,196,63
INV-603213,2023-12-01,FAC-001,HW-AC-10113,60,211,209,62
INV-603214,2024-01-01,FAC-001,HW-AC-10113,72,186,204,54
INV-603215,2024-02-01,FAC-001,HW-AC-10113,45,174,207,12
INV-603216,2024-03-01,FAC-001,HW-AC-10113,58,170,213,15
INV-603217,2024-04-01,FAC-001,HW-AC-10113,73,167,225,15
INV-603218,2024-05-01,FAC-001,HW-AC-10113,52,208,227,33
INV-603219,2024-06-01,FAC-001,HW-AC-10113,89,201,227,63
INV-603220,2024-07-01,FAC-001,HW-AC-10113,48,171,171,48
INV-603221,2024-08-01,FAC-001,HW-AC-10113,61,155,182,34
INV-603222,2024-09-01,FAC-001,HW-AC-10113,118,264,316,66
INV-603223,2024-10-01,FAC-001,HW-AC-10113,78,270,288,60
INV-603224,2024-11-01,FAC-001,HW-AC-10113,85,197,242,40
INV-603225,2024-12-01,FAC-001,HW-AC-10113,44,202,194,52
INV-603226,2025-01-01,FAC-001,HW-AC-10113,38,187,180,45
INV-603227,2025-02-01,FAC-001,HW-AC-10113,38,187,180,45
INV-603228,2025-03-01,FAC-001,HW-AC-10113,64,187,234,17
INV-603229,2025-04-01,FAC-001,HW-AC-10113,59,195,237,17
INV-603230,2025-05-01,FAC-001,HW-AC-10113,50,202,195,57
INV-603231,2025-06-01,FAC-001,HW-AC-10113,66,196,237,25
INV-603232,2025-07-01,FAC-001,HW-AC-10113,60,170,217,13
INV-603233,2025-08-01,FAC-001,HW-AC-10113,36,160,179,17
INV-603234,2025-09-01,FAC-001,HW-AC-10113,95,242,317,20
INV-603235,2025-10-01,FAC-001,HW-AC-10113,96,277,314,59
INV-603236,2025-11-01,FAC-001,HW-AC-10113,51,179,201,29
INV-603237,2025-12-01,FAC-001,HW-AC-10113,74,201,217,58
INV-603238,2026-01-01,FAC-001,HW-AC-10113,74,186,219,41
INV-603239,2026-02-01,FAC-001,HW-AC-10113,74,189,232,31
INV-603240,2026-03-01,FAC-001,HW-AC-10113,76,181,201,56
INV-603241,2023-04-01,FAC-001,HW-AC-10114,33,165,183,15
INV-603242,2023-05-01,FAC-001,HW-AC-10114,65,172,216,21
INV-603243,2023-06-01,FAC-001,HW-AC-10114,92,207,241,58
INV-603244,2023-07-01,FAC-001,HW-AC-10114,38,168,171,35
INV-603245,2023-08-01,FAC-001,HW-AC-10114,51,175,196,30
INV-603246,2023-09-01,FAC-001,HW-AC-10114,94,262,336,20
INV-603247,2023-10-01,FAC-001,HW-AC-10114,77,226,279,24
INV-603248,2023-11-01,FAC-001,HW-AC-10114,40,185,193,32
INV-603249,2023-12-01,FAC-001,HW-AC-10114,42,177,201,18
INV-603250,2024-01-01,FAC-001,HW-AC-10114,81,188,245,24
INV-603251,2024-02-01,FAC-001,HW-AC-10114,39,197,197,39
INV-603252,2024-03-01,FAC-001,HW-AC-10114,72,170,189,53
INV-603253,2024-04-01,FAC-001,HW-AC-10114,57,174,185,46
INV-603254,2024-05-01,FAC-001,HW-AC-10114,59,170,175,54
INV-603255,2024-06-01,FAC-001,HW-AC-10114,47,162,186,23
INV-603256,2024-07-01,FAC-001,HW-AC-10114,49,161,181,29
INV-603257,2024-08-01,FAC-001,HW-AC-10114,65,152,165,52
INV-603258,2024-09-01,FAC-001,HW-AC-10114,116,275,356,35
INV-603259,2024-10-01,FAC-001,HW-AC-10114,64,236,268,32
INV-603260,2024-11-01,FAC-001,HW-AC-10114,65,163,203,25
INV-603261,2024-12-01,FAC-001,HW-AC-10114,44,199,217,26
INV-603262,2025-01-01,FAC-001,HW-AC-10114,80,197,210,67
INV-603263,2025-02-01,FAC-001,HW-AC-10114,46,160,160,46
INV-603264,2025-03-01,FAC-001,HW-AC-10114,81,190,224,47
INV-603265,2025-04-01,FAC-001,HW-AC-10114,41,206,193,54
INV-603266,2025-05-01,FAC-001,HW-AC-10114,45,160,190,15
INV-603267,2025-06-01,FAC-001,HW-AC-10114,57,164,185,36
INV-603268,2025-07-01,FAC-001,HW-AC-10114,41,179,174,46
INV-603269,2025-08-01,FAC-001,HW-AC-10114,41,136,142,35
INV-603270,2025-09-01,FAC-001,HW-AC-10114,101,290,341,50
INV-603271,2025-10-01,FAC-001,HW-AC-10114,58,264,270,52
INV-603272,2025-11-01,FAC-001,HW-AC-10114,87,215,280,22
INV-603273,2025-12-01,FAC-001,HW-AC-10114,46,205,199,52
INV-603274,2026-01-01,FAC-001,HW-AC-10114,43,159,155,47
INV-603275,2026-02-01,FAC-001,HW-AC-10114,68,185,233,20
INV-603276,2026-03-01,FAC-001,HW-AC-10114,86,200,217,69
INV-603277,2023-04-01,FAC-001,HW-AC-10115,53,196,199,50
INV-603278,2023-05-01,FAC-001,HW-AC-10115,47,177,190,34
INV-603279,2023-06-01,FAC-001,HW-AC-10115,60,183,214,29
INV-603280,2023-07-01,FAC-001,HW-AC-10115,40,153,151,42
INV-603281,2023-08-01,FAC-001,HW-AC-10115,58,151,188,21
INV-603282,2023-09-01,FAC-001,HW-AC-10115,70,274,298,46
INV-603283,2023-10-01,FAC-001,HW-AC-10115,85,267,302,50
INV-603284,2023-11-01,FAC-001,HW-AC-10115,63,186,222,27
INV-603285,2023-12-01,FAC-001,HW-AC-10115,63,165,177,51
INV-603286,2024-01-01,FAC-001,HW-AC-10115,71,162,219,14
INV-603287,2024-02-01,FAC-001,HW-AC-10115,50,162,166,46
INV-603288,2024-03-01,FAC-001,HW-AC-10115,75,186,245,16
INV-603289,2024-04-01,FAC-001,HW-AC-10115,55,194,216,33
INV-603290,2024-05-01,FAC-001,HW-AC-10115,75,176,231,20
INV-603291,2024-06-01,FAC-001,HW-AC-10115,53,190,196,47
INV-603292,2024-07-01,FAC-001,HW-AC-10115,54,136,159,31
INV-603293,2024-08-01,FAC-001,HW-AC-10115,47,150,180,17
INV-603294,2024-09-01,FAC-001,HW-AC-10115,96,232,304,24
INV-603295,2024-10-01,FAC-001,HW-AC-10115,88,296,304,80
INV-603296,2024-11-01,FAC-001,HW-AC-10115,50,179,179,50
INV-603297,2024-12-01,FAC-001,HW-AC-10115,61,193,234,20
INV-603298,2025-01-01,FAC-001,HW-AC-10115,57,160,195,22
INV-603299,2025-02-01,FAC-001,HW-AC-10115,84,201,255,30
INV-603300,2025-03-01,FAC-001,HW-AC-10115,59,211,229,41
INV-603301,2025-04-01,FAC-001,HW-AC-10115,32,159,152,39
INV-603302,2025-05-01,FAC-001,HW-AC-10115,43,164,162,45
INV-603303,2025-06-01,FAC-001,HW-AC-10115,68,160,171,57
INV-603304,2025-07-01,FAC-001,HW-AC-10115,40,170,195,15
INV-603305,2025-08-01,FAC-001,HW-AC-10115,64,177,213,28
INV-603306,2025-09-01,FAC-001,HW-AC-10115,99,222,297,24
INV-603307,2025-10-01,FAC-001,HW-AC-10115,106,292,325,73
INV-603308,2025-11-01,FAC-001,HW-AC-10115,57,209,229,37
INV-603309,2025-12-01,FAC-001,HW-AC-10115,70,164,182,52
INV-603310,2026-01-01,FAC-001,HW-AC-10115,58,171,206,23
INV-603311,2026-02-01,FAC-001,HW-AC-10115,49,193,181,61
INV-603312,2026-03-01,FAC-001,HW-AC-10115,89,201,264,26
INV-603313,2023-04-01,FAC-001,HW-AC-10116,63,209,232,40
INV-603314,2023-05-01,FAC-001,HW-AC-10116,57,185,219,23
INV-603315,2023-06-01,FAC-001,HW-AC-10116,52,188,192,48
INV-603316,2023-07-01,FAC-001,HW-AC-10116,47,136,145,38
INV-603317,2023-08-01,FAC-001,HW-AC-10116,51,142,171,22
INV-603318,2023-09-01,FAC-001,HW-AC-10116,91,281,345,27
INV-603319,2023-10-01,FAC-001,HW-AC-10116,118,296,363,51
INV-603320,2023-11-01,FAC-001,HW-AC-10116,78,175,203,50
INV-603321,2023-12-01,FAC-001,HW-AC-10116,52,170,169,53
INV-603322,2024-01-01,FAC-001,HW-AC-10116,73,213,246,40
INV-603323,2024-02-01,FAC-001,HW-AC-10116,63,195,195,63
INV-603324,2024-03-01,FAC-001,HW-AC-10116,73,193,221,45
INV-603325,2024-04-01,FAC-001,HW-AC-10116,51,201,200,52
INV-603326,2024-05-01,FAC-001,HW-AC-10116,49,168,199,18
INV-603327,2024-06-01,FAC-001,HW-AC-10116,60,205,229,36
INV-603328,2024-07-01,FAC-001,HW-AC-10116,43,169,166,46
INV-603329,2024-08-01,FAC-001,HW-AC-10116,64,181,231,14
INV-603330,2024-09-01,FAC-001,HW-AC-10116,93,249,271,71
INV-603331,2024-10-01,FAC-001,HW-AC-10116,79,243,262,60
INV-603332,2024-11-01,FAC-001,HW-AC-10116,44,168,160,52
INV-603333,2024-12-01,FAC-001,HW-AC-10116,63,198,200,61
INV-603334,2025-01-01,FAC-001,HW-AC-10116,37,168,178,27
INV-603335,2025-02-01,FAC-001,HW-AC-10116,63,164,171,56
INV-603336,2025-03-01,FAC-001,HW-AC-10116,72,172,218,26
INV-603337,2025-04-01,FAC-001,HW-AC-10116,66,163,194,35
INV-603338,2025-05-01,FAC-001,HW-AC-10116,72,206,246,32
INV-603339,2025-06-01,FAC-001,HW-AC-10116,55,214,235,34
INV-603340,2025-07-01,FAC-001,HW-AC-10116,32,157,142,47
INV-603341,2025-08-01,FAC-001,HW-AC-10116,50,140,164,26
INV-603342,2025-09-01,FAC-001,HW-AC-10116,55,265,270,50
INV-603343,2025-10-01,FAC-001,HW-AC-10116,88,295,335,48
INV-603344,2025-11-01,FAC-001,HW-AC-10116,79,202,239,42
INV-603345,2025-12-01,FAC-001,HW-AC-10116,61,207,248,20
INV-603346,2026-01-01,FAC-001,HW-AC-10116,46,172,165,53
INV-603347,2026-02-01,FAC-001,HW-AC-10116,61,203,210,54
INV-603348,2026-03-01,FAC-001,HW-AC-10116,72,171,222,21
INV-603349,2023-04-01,FAC-001,HW-AC-10117,61,193,210,44
INV-603350,2023-05-01,FAC-001,HW-AC-10117,48,210,215,43
INV-603351,2023-06-01,FAC-001,HW-AC-10117,57,178,197,38
INV-603352,2023-07-01,FAC-001,HW-AC-10117,37,159,167,29
INV-603353,2023-08-01,FAC-001,HW-AC-10117,35,146,138,43
INV-603354,2023-09-01,FAC-001,HW-AC-10117,86,282,322,46
INV-603355,2023-10-01,FAC-001,HW-AC-10117,103,279,322,60
INV-603356,2023-11-01,FAC-001,HW-AC-10117,52,180,203,29
INV-603357,2023-12-01,FAC-001,HW-AC-10117,76,186,242,20
INV-603358,2024-01-01,FAC-001,HW-AC-10117,39,168,181,26
INV-603359,2024-02-01,FAC-001,HW-AC-10117,35,175,194,16
INV-603360,2024-03-01,FAC-001,HW-AC-10117,73,171,218,26
INV-603361,2024-04-01,FAC-001,HW-AC-10117,50,201,200,51
INV-603362,2024-05-01,FAC-001,HW-AC-10117,45,188,188,45
INV-603363,2024-06-01,FAC-001,HW-AC-10117,42,176,172,46
INV-603364,2024-07-01,FAC-001,HW-AC-10117,41,172,160,53
INV-603365,2024-08-01,FAC-001,HW-AC-10117,73,165,194,44
INV-603366,2024-09-01,FAC-001,HW-AC-10117,79,231,288,22
INV-603367,2024-10-01,FAC-001,HW-AC-10117,100,284,312,72
INV-603368,2024-11-01,FAC-001,HW-AC-10117,42,189,204,27
INV-603369,2024-12-01,FAC-001,HW-AC-10117,87,199,229,57
INV-603370,2025-01-01,FAC-001,HW-AC-10117,53,159,188,24
INV-603371,2025-02-01,FAC-001,HW-AC-10117,50,203,202,51
INV-603372,2025-03-01,FAC-001,HW-AC-10117,52,187,220,19
INV-603373,2025-04-01,FAC-001,HW-AC-10117,73,185,223,35
INV-603374,2025-05-01,FAC-001,HW-AC-10117,57,202,237,22
INV-603375,2025-06-01,FAC-001,HW-AC-10117,58,174,183,49
INV-603376,2025-07-01,FAC-001,HW-AC-10117,43,157,160,40
INV-603377,2025-08-01,FAC-001,HW-AC-10117,43,181,203,21
INV-603378,2025-09-01,FAC-001,HW-AC-10117,61,299,320,40
INV-603379,2025-10-01,FAC-001,HW-AC-10117,50,242,242,50
INV-603380,2025-11-01,FAC-001,HW-AC-10117,42,211,219,34
INV-603381,2025-12-01,FAC-001,HW-AC-10117,78,187,203,62
INV-603382,2026-01-01,FAC-001,HW-AC-10117,72,197,237,32
INV-603383,2026-02-01,FAC-001,HW-AC-10117,85,211,224,72
INV-603384,2026-03-01,FAC-001,HW-AC-10117,55,185,194,46
INV-603385,2023-04-01,FAC-001,HW-AC-10118,55,180,222,13
INV-603386,2023-05-01,FAC-001,HW-AC-10118,70,163,197,36
INV-603387,2023-06-01,FAC-001,HW-AC-10118,78,193,222,49
INV-603388,2023-07-01,FAC-001,HW-AC-10118,46,155,165,36
INV-603389,2023-08-01,FAC-001,HW-AC-10118,72,179,193,58
INV-603390,2023-09-01,FAC-001,HW-AC-10118,70,231,231,70
INV-603391,2023-10-01,FAC-001,HW-AC-10118,63,271,285,49
INV-603392,2023-11-01,FAC-001,HW-AC-10118,44,159,179,24
INV-603393,2023-12-01,FAC-001,HW-AC-10118,82,186,247,21
INV-603394,2024-01-01,FAC-001,HW-AC-10118,37,179,198,18
INV-603395,2024-02-01,FAC-001,HW-AC-10118,85,210,228,67
INV-603396,2024-03-01,FAC-001,HW-AC-10118,56,214,241,29
INV-603397,2024-04-01,FAC-001,HW-AC-10118,54,209,245,18
INV-603398,2024-05-01,FAC-001,HW-AC-10118,78,176,204,50
INV-603399,2024-06-01,FAC-001,HW-AC-10118,45,212,229,28
INV-603400,2024-07-01,FAC-001,HW-AC-10118,51,160,167,44
INV-603401,2024-08-01,FAC-001,HW-AC-10118,41,168,179,30
INV-603402,2024-09-01,FAC-001,HW-AC-10118,106,242,262,86
INV-603403,2024-10-01,FAC-001,HW-AC-10118,62,238,249,51
INV-603404,2024-11-01,FAC-001,HW-AC-10118,55,172,209,18
INV-603405,2024-12-01,FAC-001,HW-AC-10118,68,198,204,62
INV-603406,2025-01-01,FAC-001,HW-AC-10118,47,197,221,23
INV-603407,2025-02-01,FAC-001,HW-AC-10118,52,172,183,41
INV-603408,2025-03-01,FAC-001,HW-AC-10118,47,207,219,35
INV-603409,2025-04-01,FAC-001,HW-AC-10118,62,166,212,16
INV-603410,2025-05-01,FAC-001,HW-AC-10118,58,183,225,16
INV-603411,2025-06-01,FAC-001,HW-AC-10118,60,188,214,34
INV-603412,2025-07-01,FAC-001,HW-AC-10118,37,167,186,18
INV-603413,2025-08-01,FAC-001,HW-AC-10118,33,155,170,18
INV-603414,2025-09-01,FAC-001,HW-AC-10118,56,252,270,38
INV-603415,2025-10-01,FAC-001,HW-AC-10118,122,291,388,25
INV-603416,2025-11-01,FAC-001,HW-AC-10118,41,207,204,44
INV-603417,2025-12-01,FAC-001,HW-AC-10118,59,204,228,35
INV-603418,2026-01-01,FAC-001,HW-AC-10118,55,192,229,18
INV-603419,2026-02-01,FAC-001,HW-AC-10118,59,187,233,13
INV-603420,2026-03-01,FAC-001,HW-AC-10118,45,186,196,35
INV-603421,2023-04-01,FAC-001,HW-AC-10119,80,202,251,31
INV-603422,2023-05-01,FAC-001,HW-AC-10119,71,173,226,18
INV-603423,2023-06-01,FAC-001,HW-AC-10119,39,169,196,12
INV-603424,2023-07-01,FAC-001,HW-AC-10119,74,176,231,19
INV-603425,2023-08-01,FAC-001,HW-AC-10119,57,160,186,31
INV-603426,2023-09-01,FAC-001,HW-AC-10119,87,226,266,47
INV-603427,2023-10-01,FAC-001,HW-AC-10119,88,273,306,55
INV-603428,2023-11-01,FAC-001,HW-AC-10119,45,168,166,47
INV-603429,2023-12-01,FAC-001,HW-AC-10119,74,169,189,54
INV-603430,2024-01-01,FAC-001,HW-AC-10119,60,174,204,30
INV-603431,2024-02-01,FAC-001,HW-AC-10119,66,167,211,22
INV-603432,2024-03-01,FAC-001,HW-AC-10119,46,172,204,14
INV-603433,2024-04-01,FAC-001,HW-AC-10119,76,205,215,66
INV-603434,2024-05-01,FAC-001,HW-AC-10119,61,182,191,52
INV-603435,2024-06-01,FAC-001,HW-AC-10119,64,184,202,46
INV-603436,2024-07-01,FAC-001,HW-AC-10119,70,172,197,45
INV-603437,2024-08-01,FAC-001,HW-AC-10119,39,175,196,18
INV-603438,2024-09-01,FAC-001,HW-AC-10119,51,234,250,35
INV-603439,2024-10-01,FAC-001,HW-AC-10119,110,259,303,66
INV-603440,2024-11-01,FAC-001,HW-AC-10119,56,175,194,37
INV-603441,2024-12-01,FAC-001,HW-AC-10119,66,178,220,24
INV-603442,2025-01-01,FAC-001,HW-AC-10119,91,206,238,59
INV-603443,2025-02-01,FAC-001,HW-AC-10119,59,199,228,30
INV-603444,2025-03-01,FAC-001,HW-AC-10119,82,185,239,28
INV-603445,2025-04-01,FAC-001,HW-AC-10119,86,212,277,21
INV-603446,2025-05-01,FAC-001,HW-AC-10119,64,204,214,54
INV-603447,2025-06-01,FAC-001,HW-AC-10119,36,179,183,32
INV-603448,2025-07-01,FAC-001,HW-AC-10119,52,159,199,12
INV-603449,2025-08-01,FAC-001,HW-AC-10119,42,178,181,39
INV-603450,2025-09-01,FAC-001,HW-AC-10119,73,255,298,30
INV-603451,2025-10-01,FAC-001,HW-AC-10119,90,263,324,29
INV-603452,2025-11-01,FAC-001,HW-AC-10119,47,204,224,27
INV-603453,2025-12-01,FAC-001,HW-AC-10119,50,183,177,56
INV-603454,2026-01-01,FAC-001,HW-AC-10119,53,186,191,48
INV-603455,2026-02-01,FAC-001,HW-AC-10119,77,197,218,56
INV-603456,2026-03-01,FAC-001,HW-AC-10119,66,161,170,57
INV-603457,2023-04-01,FAC-001,HW-AC-10120,54,194,198,50
INV-603458,2023-05-01,FAC-001,HW-AC-10120,41,159,155,45
INV-603459,2023-06-01,FAC-001,HW-AC-10120,46,193,204,35
INV-603460,2023-07-01,FAC-001,HW-AC-10120,44,163,156,51
INV-603461,2023-08-01,FAC-001,HW-AC-10120,28,136,147,17
INV-603462,2023-09-01,FAC-001,HW-AC-10120,98,247,288,57
INV-603463,2023-10-01,FAC-001,HW-AC-10120,84,258,305,37
INV-603464,2023-11-01,FAC-001,HW-AC-10120,40,174,184,30
INV-603465,2023-12-01,FAC-001,HW-AC-10120,54,177,203,28
INV-603466,2024-01-01,FAC-001,HW-AC-10120,66,186,216,36
INV-603467,2024-02-01,FAC-001,HW-AC-10120,75,200,235,40
INV-603468,2024-03-01,FAC-001,HW-AC-10120,82,197,233,46
INV-603469,2024-04-01,FAC-001,HW-AC-10120,71,182,219,34
INV-603470,2024-05-01,FAC-001,HW-AC-10120,68,162,173,57
INV-603471,2024-06-01,FAC-001,HW-AC-10120,77,200,260,17
INV-603472,2024-07-01,FAC-001,HW-AC-10120,47,137,153,31
INV-603473,2024-08-01,FAC-001,HW-AC-10120,33,150,157,26
INV-603474,2024-09-01,FAC-001,HW-AC-10120,58,260,277,41
INV-603475,2024-10-01,FAC-001,HW-AC-10120,109,280,362,27
INV-603476,2024-11-01,FAC-001,HW-AC-10120,79,181,240,20
INV-603477,2024-12-01,FAC-001,HW-AC-10120,41,175,180,36
INV-603478,2025-01-01,FAC-001,HW-AC-10120,62,181,210,33
INV-603479,2025-02-01,FAC-001,HW-AC-10120,65,201,205,61
INV-603480,2025-03-01,FAC-001,HW-AC-10120,57,207,249,15
INV-603481,2025-04-01,FAC-001,HW-AC-10120,72,165,182,55
INV-603482,2025-05-01,FAC-001,HW-AC-10120,36,171,184,23
INV-603483,2025-06-01,FAC-001,HW-AC-10120,63,206,251,18
INV-603484,2025-07-01,FAC-001,HW-AC-10120,58,163,203,18
INV-603485,2025-08-01,FAC-001,HW-AC-10120,42,149,177,14
INV-603486,2025-09-01,FAC-001,HW-AC-10120,130,293,393,30
INV-603487,2025-10-01,FAC-001,HW-AC-10120,94,232,271,55
INV-603488,2025-11-01,FAC-001,HW-AC-10120,68,214,242,40
INV-603489,2025-12-01,FAC-001,HW-AC-10120,52,188,183,57
INV-603490,2026-01-01,FAC-001,HW-AC-10120,83,209,227,65
INV-603491,2026-02-01,FAC-001,HW-AC-10120,72,202,227,47
INV-603492,2026-03-01,FAC-001,HW-AC-10120,71,173,217,27
INV-603493,2023-04-01,FAC-001,HW-AC-10121,42,193,198,37
INV-603494,2023-05-01,FAC-001,HW-AC-10121,42,169,186,25
INV-603495,2023-06-01,FAC-001,HW-AC-10121,63,210,216,57
INV-603496,2023-07-01,FAC-001,HW-AC-10121,69,166,211,24
INV-603497,2023-08-01,FAC-001,HW-AC-10121,58,176,210,24
INV-603498,2023-09-01,FAC-001,HW-AC-10121,66,233,247,52
INV-603499,2023-10-01,FAC-001,HW-AC-10121,113,262,346,29
INV-603500,2023-11-01,FAC-001,HW-AC-10121,40,166,169,37
INV-603501,2023-12-01,FAC-001,HW-AC-10121,61,175,219,17
INV-603502,2024-01-01,FAC-001,HW-AC-10121,77,212,265,24
INV-603503,2024-02-01,FAC-001,HW-AC-10121,47,188,200,35
INV-603504,2024-03-01,FAC-001,HW-AC-10121,73,190,208,55
INV-603505,2024-04-01,FAC-001,HW-AC-10121,52,179,217,14
INV-603506,2024-05-01,FAC-001,HW-AC-10121,71,183,228,26
INV-603507,2024-06-01,FAC-001,HW-AC-10121,59,173,215,17
INV-603508,2024-07-01,FAC-001,HW-AC-10121,68,157,178,47
INV-603509,2024-08-01,FAC-001,HW-AC-10121,58,138,180,16
INV-603510,2024-09-01,FAC-001,HW-AC-10121,110,300,384,26
INV-603511,2024-10-01,FAC-001,HW-AC-10121,117,287,348,56
INV-603512,2024-11-01,FAC-001,HW-AC-10121,78,180,215,43
INV-603513,2024-12-01,FAC-001,HW-AC-10121,58,189,213,34
INV-603514,2025-01-01,FAC-001,HW-AC-10121,39,185,207,17
INV-603515,2025-02-01,FAC-001,HW-AC-10121,63,183,191,55
INV-603516,2025-03-01,FAC-001,HW-AC-10121,41,159,178,22
INV-603517,2025-04-01,FAC-001,HW-AC-10121,70,164,185,49
INV-603518,2025-05-01,FAC-001,HW-AC-10121,41,170,158,53
INV-603519,2025-06-01,FAC-001,HW-AC-10121,84,202,249,37
INV-603520,2025-07-01,FAC-001,HW-AC-10121,39,144,154,29
INV-603521,2025-08-01,FAC-001,HW-AC-10121,47,180,203,24
INV-603522,2025-09-01,FAC-001,HW-AC-10121,70,257,275,52
INV-603523,2025-10-01,FAC-001,HW-AC-10121,91,228,254,65
INV-603524,2025-11-01,FAC-001,HW-AC-10121,43,199,227,15
INV-603525,2025-12-01,FAC-001,HW-AC-10121,71,169,218,22
INV-603526,2026-01-01,FAC-001,HW-AC-10121,68,213,251,30
INV-603527,2026-02-01,FAC-001,HW-AC-10121,44,179,187,36
INV-603528,2026-03-01,FAC-001,HW-AC-10121,74,168,186,56
INV-603529,2023-04-01,FAC-001,HW-AC-10122,64,194,227,31
INV-603530,2023-05-01,FAC-001,HW-AC-10122,55,165,177,43
INV-603531,2023-06-01,FAC-001,HW-AC-10122,82,211,276,17
INV-603532,2023-07-01,FAC-001,HW-AC-10122,36,136,135,37
INV-603533,2023-08-01,FAC-001,HW-AC-10122,35,135,150,20
INV-603534,2023-09-01,FAC-001,HW-AC-10122,78,240,294,24
INV-603535,2023-10-01,FAC-001,HW-AC-10122,82,277,295,64
INV-603536,2023-11-01,FAC-001,HW-AC-10122,44,184,199,29
INV-603537,2023-12-01,FAC-001,HW-AC-10122,73,179,227,25
INV-603538,2024-01-01,FAC-001,HW-AC-10122,56,193,197,52
INV-603539,2024-02-01,FAC-001,HW-AC-10122,64,202,211,55
INV-603540,2024-03-01,FAC-001,HW-AC-10122,40,169,189,20
INV-603541,2024-04-01,FAC-001,HW-AC-10122,56,171,190,37
INV-603542,2024-05-01,FAC-001,HW-AC-10122,80,191,250,21
INV-603543,2024-06-01,FAC-001,HW-AC-10122,37,184,184,37
INV-603544,2024-07-01,FAC-001,HW-AC-10122,55,164,192,27
INV-603545,2024-08-01,FAC-001,HW-AC-10122,51,142,151,42
INV-603546,2024-09-01,FAC-001,HW-AC-10122,80,281,322,39
INV-603547,2024-10-01,FAC-001,HW-AC-10122,68,226,261,33
INV-603548,2024-11-01,FAC-001,HW-AC-10122,68,171,209,30
INV-603549,2024-12-01,FAC-001,HW-AC-10122,55,191,208,38
INV-603550,2025-01-01,FAC-001,HW-AC-10122,61,192,225,28
INV-603551,2025-02-01,FAC-001,HW-AC-10122,45,183,180,48
INV-603552,2025-03-01,FAC-001,HW-AC-10122,43,159,181,21
INV-603553,2025-04-01,FAC-001,HW-AC-10122,50,203,238,15
INV-603554,2025-05-01,FAC-001,HW-AC-10122,80,187,237,30
INV-603555,2025-06-01,FAC-001,HW-AC-10122,44,199,192,51
INV-603556,2025-07-01,FAC-001,HW-AC-10122,51,135,152,34
INV-603557,2025-08-01,FAC-001,HW-AC-10122,48,172,201,19
INV-603558,2025-09-01,FAC-001,HW-AC-10122,56,232,235,53
INV-603559,2025-10-01,FAC-001,HW-AC-10122,72,254,294,32
INV-603560,2025-11-01,FAC-001,HW-AC-10122,47,164,193,18
INV-603561,2025-12-01,FAC-001,HW-AC-10122,70,162,219,13
INV-603562,2026-01-01,FAC-001,HW-AC-10122,44,163,170,37
INV-603563,2026-02-01,FAC-001,HW-AC-10122,70,202,239,33
INV-603564,2026-03-01,FAC-001,HW-AC-10122,46,201,226,21
INV-603565,2023-04-01,FAC-001,HW-AC-10123,80,191,241,30
INV-603566,2023-05-01,FAC-001,HW-AC-10123,52,170,188,34
INV-603567,2023-06-01,FAC-001,HW-AC-10123,71,162,180,53
INV-603568,2023-07-01,FAC-001,HW-AC-10123,54,168,167,55
INV-603569,2023-08-01,FAC-001,HW-AC-10123,73,179,215,37
INV-603570,2023-09-01,FAC-001,HW-AC-10123,55,240,242,53
INV-603571,2023-10-01,FAC-001,HW-AC-10123,79,242,302,19
INV-603572,2023-11-01,FAC-001,HW-AC-10123,80,191,238,33
INV-603573,2023-12-01,FAC-001,HW-AC-10123,76,185,220,41
INV-603574,2024-01-01,FAC-001,HW-AC-10123,56,207,204,59
INV-603575,2024-02-01,FAC-001,HW-AC-10123,71,206,257,20
INV-603576,2024-03-01,FAC-001,HW-AC-10123,45,211,217,39
INV-603577,2024-04-01,FAC-001,HW-AC-10123,63,179,219,23
INV-603578,2024-05-01,FAC-001,HW-AC-10123,59,174,207,26
INV-603579,2024-06-01,FAC-001,HW-AC-10123,66,166,202,30
INV-603580,2024-07-01,FAC-001,HW-AC-10123,51,180,178,53
INV-603581,2024-08-01,FAC-001,HW-AC-10123,35,159,183,11
INV-603582,2024-09-01,FAC-001,HW-AC-10123,87,225,266,46
INV-603583,2024-10-01,FAC-001,HW-AC-10123,54,251,266,39
INV-603584,2024-11-01,FAC-001,HW-AC-10123,51,191,225,17
INV-603585,2024-12-01,FAC-001,HW-AC-10123,54,176,197,33
INV-603586,2025-01-01,FAC-001,HW-AC-10123,71,164,193,42
INV-603587,2025-02-01,FAC-001,HW-AC-10123,48,163,183,28
INV-603588,2025-03-01,FAC-001,HW-AC-10123,69,187,194,62
INV-603589,2025-04-01,FAC-001,HW-AC-10123,70,174,186,58
INV-603590,2025-05-01,FAC-001,HW-AC-10123,45,206,230,21
INV-603591,2025-06-01,FAC-001,HW-AC-10123,63,179,188,54
INV-603592,2025-07-01,FAC-001,HW-AC-10123,35,138,134,39
INV-603593,2025-08-01,FAC-001,HW-AC-10123,49,150,172,27
INV-603594,2025-09-01,FAC-001,HW-AC-10123,103,284,337,50
INV-603595,2025-10-01,FAC-001,HW-AC-10123,80,254,278,56
INV-603596,2025-11-01,FAC-001,HW-AC-10123,53,206,194,65
INV-603597,2025-12-01,FAC-001,HW-AC-10123,48,195,225,18
INV-603598,2026-01-01,FAC-001,HW-AC-10123,45,207,194,58
INV-603599,2026-02-01,FAC-001,HW-AC-10123,65,186,202,49
INV-603600,2026-03-01,FAC-001,HW-AC-10123,69,199,218,50
INV-603601,2023-04-01,FAC-002,HW-PC-10001,35,141,161,15
INV-603602,2023-05-01,FAC-002,HW-PC-10001,44,128,159,13
INV-603603,2023-06-01,FAC-002,HW-PC-10001,42,146,148,40
INV-603604,2023-07-01,FAC-002,HW-PC-10001,37,121,124,34
INV-603605,2023-08-01,FAC-002,HW-PC-10001,31,125,117,39
INV-603606,2023-09-01,FAC-002,HW-PC-10001,56,158,188,26
INV-603607,2023-10-01,FAC-002,HW-PC-10001,48,174,181,41
INV-603608,2023-11-01,FAC-002,HW-PC-10001,29,139,157,11
INV-603609,2023-12-01,FAC-002,HW-PC-10001,54,121,137,38
INV-603610,2024-01-01,FAC-002,HW-PC-10001,36,142,136,42
INV-603611,2024-02-01,FAC-002,HW-PC-10001,60,146,171,35
INV-603612,2024-03-01,FAC-002,HW-PC-10001,47,140,172,15
INV-603613,2024-04-01,FAC-002,HW-PC-10001,41,124,139,26
INV-603614,2024-05-01,FAC-002,HW-PC-10001,53,126,140,39
INV-603615,2024-06-01,FAC-002,HW-PC-10001,40,118,139,19
INV-603616,2024-07-01,FAC-002,HW-PC-10001,30,101,123,8
INV-603617,2024-08-01,FAC-002,HW-PC-10001,37,103,125,15
INV-603618,2024-09-01,FAC-002,HW-PC-10001,78,181,232,27
INV-603619,2024-10-01,FAC-002,HW-PC-10001,62,182,216,28
INV-603620,2024-11-01,FAC-002,HW-PC-10001,56,135,156,35
INV-603621,2024-12-01,FAC-002,HW-PC-10001,31,124,117,38
INV-603622,2025-01-01,FAC-002,HW-PC-10001,47,113,141,19
INV-603623,2025-02-01,FAC-002,HW-PC-10001,48,138,171,15
INV-603624,2025-03-01,FAC-002,HW-PC-10001,54,131,152,33
INV-603625,2025-04-01,FAC-002,HW-PC-10001,55,148,162,41
INV-603626,2025-05-01,FAC-002,HW-PC-10001,44,134,138,40
INV-603627,2025-06-01,FAC-002,HW-PC-10001,37,135,130,42
INV-603628,2025-07-01,FAC-002,HW-PC-10001,45,127,159,13
INV-603629,2025-08-01,FAC-002,HW-PC-10001,34,118,129,23
INV-603630,2025-09-01,FAC-002,HW-PC-10001,85,194,223,56
INV-603631,2025-10-01,FAC-002,HW-PC-10001,88,205,259,34
INV-603632,2025-11-01,FAC-002,HW-PC-10001,44,149,181,12
INV-603633,2025-12-01,FAC-002,HW-PC-10001,29,140,157,12
INV-603634,2026-01-01,FAC-002,HW-PC-10001,41,131,148,24
INV-603635,2026-02-01,FAC-002,HW-PC-10001,37,118,142,13
INV-603636,2026-03-01,FAC-002,HW-PC-10001,30,112,106,36
INV-603637,2023-04-01,FAC-002,HW-PC-10002,56,141,184,13
INV-603638,2023-05-01,FAC-002,HW-PC-10002,35,136,159,12
INV-603639,2023-06-01,FAC-002,HW-PC-10002,48,142,168,22
INV-603640,2023-07-01,FAC-002,HW-PC-10002,47,126,142,31
INV-603641,2023-08-01,FAC-002,HW-PC-10002,24,119,118,25
INV-603642,2023-09-01,FAC-002,HW-PC-10002,43,179,167,55
INV-603643,2023-10-01,FAC-002,HW-PC-10002,59,164,203,20
INV-603644,2023-11-01,FAC-002,HW-PC-10002,43,151,168,26
INV-603645,2023-12-01,FAC-002,HW-PC-10002,36,149,165,20
INV-603646,2024-01-01,FAC-002,HW-PC-10002,31,142,159,14
INV-603647,2024-02-01,FAC-002,HW-PC-10002,30,144,133,41
INV-603648,2024-03-01,FAC-002,HW-PC-10002,32,114,124,22
INV-603649,2024-04-01,FAC-002,HW-PC-10002,35,133,156,12
INV-603650,2024-05-01,FAC-002,HW-PC-10002,26,126,123,29
INV-603651,2024-06-01,FAC-002,HW-PC-10002,40,133,139,34
INV-603652,2024-07-01,FAC-002,HW-PC-10002,40,99,131,8
INV-603653,2024-08-01,FAC-002,HW-PC-10002,31,106,119,18
INV-603654,2024-09-01,FAC-002,HW-PC-10002,58,196,236,18
INV-603655,2024-10-01,FAC-002,HW-PC-10002,58,188,216,30
INV-603656,2024-11-01,FAC-002,HW-PC-10002,59,149,157,51
INV-603657,2024-12-01,FAC-002,HW-PC-10002,39,125,133,31
INV-603658,2025-01-01,FAC-002,HW-PC-10002,56,139,174,21
INV-603659,2025-02-01,FAC-002,HW-PC-10002,40,151,176,15
INV-603660,2025-03-01,FAC-002,HW-PC-10002,41,142,164,19
INV-603661,2025-04-01,FAC-002,HW-PC-10002,46,116,138,24
INV-603662,2025-05-01,FAC-002,HW-PC-10002,44,123,146,21
INV-603663,2025-06-01,FAC-002,HW-PC-10002,24,120,120,24
INV-603664,2025-07-01,FAC-002,HW-PC-10002,47,114,150,11
INV-603665,2025-08-01,FAC-002,HW-PC-10002,43,113,130,26
INV-603666,2025-09-01,FAC-002,HW-PC-10002,49,198,203,44
INV-603667,2025-10-01,FAC-002,HW-PC-10002,39,192,206,25
INV-603668,2025-11-01,FAC-002,HW-PC-10002,43,145,157,31
INV-603669,2025-12-01,FAC-002,HW-PC-10002,57,145,163,39
INV-603670,2026-01-01,FAC-002,HW-PC-10002,46,125,147,24
INV-603671,2026-02-01,FAC-002,HW-PC-10002,32,118,139,11
INV-603672,2026-03-01,FAC-002,HW-PC-10002,62,139,181,20
INV-603673,2023-04-01,FAC-002,HW-PC-10004,29,142,151,20
INV-603674,2023-05-01,FAC-002,HW-PC-10004,37,130,154,13
INV-603675,2023-06-01,FAC-002,HW-PC-10004,30,146,153,23
INV-603676,2023-07-01,FAC-002,HW-PC-10004,32,107,127,12
INV-603677,2023-08-01,FAC-002,HW-PC-10004,45,105,117,33
INV-603678,2023-09-01,FAC-002,HW-PC-10004,71,193,211,53
INV-603679,2023-10-01,FAC-002,HW-PC-10004,71,175,221,25
INV-603680,2023-11-01,FAC-002,HW-PC-10004,41,125,126,40
INV-603681,2023-12-01,FAC-002,HW-PC-10004,38,120,121,37
INV-603682,2024-01-01,FAC-002,HW-PC-10004,55,145,187,13
INV-603683,2024-02-01,FAC-002,HW-PC-10004,60,139,171,28
INV-603684,2024-03-01,FAC-002,HW-PC-10004,59,135,170,24
INV-603685,2024-04-01,FAC-002,HW-PC-10004,43,113,145,11
INV-603686,2024-05-01,FAC-002,HW-PC-10004,49,143,169,23
INV-603687,2024-06-01,FAC-002,HW-PC-10004,33,151,162,22
INV-603688,2024-07-01,FAC-002,HW-PC-10004,37,104,122,19
INV-603689,2024-08-01,FAC-002,HW-PC-10004,25,100,109,16
INV-603690,2024-09-01,FAC-002,HW-PC-10004,43,164,189,18
INV-603691,2024-10-01,FAC-002,HW-PC-10004,56,175,216,15
INV-603692,2024-11-01,FAC-002,HW-PC-10004,35,121,135,21
INV-603693,2024-12-01,FAC-002,HW-PC-10004,60,142,188,14
INV-603694,2025-01-01,FAC-002,HW-PC-10004,36,142,134,44
INV-603695,2025-02-01,FAC-002,HW-PC-10004,29,127,139,17
INV-603696,2025-03-01,FAC-002,HW-PC-10004,29,138,153,14
INV-603697,2025-04-01,FAC-002,HW-PC-10004,37,122,140,19
INV-603698,2025-05-01,FAC-002,HW-PC-10004,40,129,128,41
INV-603699,2025-06-01,FAC-002,HW-PC-10004,50,128,166,12
INV-603700,2025-07-01,FAC-002,HW-PC-10004,33,109,126,16
INV-603701,2025-08-01,FAC-002,HW-PC-10004,33,127,134,26
INV-603702,2025-09-01,FAC-002,HW-PC-10004,70,201,209,62
INV-603703,2025-10-01,FAC-002,HW-PC-10004,47,191,202,36
INV-603704,2025-11-01,FAC-002,HW-PC-10004,55,133,158,30
INV-603705,2025-12-01,FAC-002,HW-PC-10004,31,123,142,12
INV-603706,2026-01-01,FAC-002,HW-PC-10004,36,118,121,33
INV-603707,2026-02-01,FAC-002,HW-PC-10004,45,142,153,34
INV-603708,2026-03-01,FAC-002,HW-PC-10004,52,126,153,25
INV-603709,2023-04-01,FAC-002,HW-PC-10005,62,147,170,39
INV-603710,2023-05-01,FAC-002,HW-PC-10005,30,149,147,32
INV-603711,2023-06-01,FAC-002,HW-PC-10005,39,147,149,37
INV-603712,2023-07-01,FAC-002,HW-PC-10005,37,105,118,24
INV-603713,2023-08-01,FAC-002,HW-PC-10005,50,119,149,20
INV-603714,2023-09-01,FAC-002,HW-PC-10005,72,168,192,48
INV-603715,2023-10-01,FAC-002,HW-PC-10005,36,165,173,28
INV-603716,2023-11-01,FAC-002,HW-PC-10005,27,116,115,28
INV-603717,2023-12-01,FAC-002,HW-PC-10005,43,123,151,15
INV-603718,2024-01-01,FAC-002,HW-PC-10005,37,142,143,36
INV-603719,2024-02-01,FAC-002,HW-PC-10005,30,150,166,14
INV-603720,2024-03-01,FAC-002,HW-PC-10005,52,120,140,32
INV-603721,2024-04-01,FAC-002,HW-PC-10005,48,129,153,24
INV-603722,2024-05-01,FAC-002,HW-PC-10005,41,124,147,18
INV-603723,2024-06-01,FAC-002,HW-PC-10005,22,113,113,22
INV-603724,2024-07-01,FAC-002,HW-PC-10005,36,99,107,28
INV-603725,2024-08-01,FAC-002,HW-PC-10005,27,109,116,20
INV-603726,2024-09-01,FAC-002,HW-PC-10005,33,163,149,47
INV-603727,2024-10-01,FAC-002,HW-PC-10005,49,209,230,28
INV-603728,2024-11-01,FAC-002,HW-PC-10005,25,114,118,21
INV-603729,2024-12-01,FAC-002,HW-PC-10005,56,130,174,12
INV-603730,2025-01-01,FAC-002,HW-PC-10005,50,143,162,31
INV-603731,2025-02-01,FAC-002,HW-PC-10005,55,126,157,24
INV-603732,2025-03-01,FAC-002,HW-PC-10005,34,135,128,41
INV-603733,2025-04-01,FAC-002,HW-PC-10005,41,149,159,31
INV-603734,2025-05-01,FAC-002,HW-PC-10005,47,116,123,40
INV-603735,2025-06-01,FAC-002,HW-PC-10005,34,145,165,14
INV-603736,2025-07-01,FAC-002,HW-PC-10005,28,119,126,21
INV-603737,2025-08-01,FAC-002,HW-PC-10005,25,105,119,11
INV-603738,2025-09-01,FAC-002,HW-PC-10005,53,179,181,51
INV-603739,2025-10-01,FAC-002,HW-PC-10005,74,178,207,45
INV-603740,2025-11-01,FAC-002,HW-PC-10005,65,149,166,48
INV-603741,2025-12-01,FAC-002,HW-PC-10005,49,119,139,29
INV-603742,2026-01-01,FAC-002,HW-PC-10005,30,112,123,19
INV-603743,2026-02-01,FAC-002,HW-PC-10005,33,143,135,41
INV-603744,2026-03-01,FAC-002,HW-PC-10005,57,148,177,28
INV-603745,2023-04-01,FAC-002,HW-PC-10006,50,129,147,32
INV-603746,2023-05-01,FAC-002,HW-PC-10006,46,121,139,28
INV-603747,2023-06-01,FAC-002,HW-PC-10006,43,151,181,13
INV-603748,2023-07-01,FAC-002,HW-PC-10006,32,126,143,15
INV-603749,2023-08-01,FAC-002,HW-PC-10006,46,109,130,25
INV-603750,2023-09-01,FAC-002,HW-PC-10006,62,198,206,54
INV-603751,2023-10-01,FAC-002,HW-PC-10006,51,168,197,22
INV-603752,2023-11-01,FAC-002,HW-PC-10006,50,136,150,36
INV-603753,2023-12-01,FAC-002,HW-PC-10006,27,131,144,14
INV-603754,2024-01-01,FAC-002,HW-PC-10006,45,151,147,49
INV-603755,2024-02-01,FAC-002,HW-PC-10006,42,118,139,21
INV-603756,2024-03-01,FAC-002,HW-PC-10006,37,143,162,18
INV-603757,2024-04-01,FAC-002,HW-PC-10006,39,139,152,26
INV-603758,2024-05-01,FAC-002,HW-PC-10006,36,118,142,12
INV-603759,2024-06-01,FAC-002,HW-PC-10006,52,128,156,24
INV-603760,2024-07-01,FAC-002,HW-PC-10006,34,101,114,21
INV-603761,2024-08-01,FAC-002,HW-PC-10006,24,108,110,22
INV-603762,2024-09-01,FAC-002,HW-PC-10006,36,161,164,33
INV-603763,2024-10-01,FAC-002,HW-PC-10006,75,174,205,44
INV-603764,2024-11-01,FAC-002,HW-PC-10006,47,142,168,21
INV-603765,2024-12-01,FAC-002,HW-PC-10006,53,122,149,26
INV-603766,2025-01-01,FAC-002,HW-PC-10006,42,145,143,44
INV-603767,2025-02-01,FAC-002,HW-PC-10006,27,138,139,26
INV-603768,2025-03-01,FAC-002,HW-PC-10006,42,119,152,9
INV-603769,2025-04-01,FAC-002,HW-PC-10006,52,130,154,28
INV-603770,2025-05-01,FAC-002,HW-PC-10006,56,131,173,14
INV-603771,2025-06-01,FAC-002,HW-PC-10006,39,143,156,26
INV-603772,2025-07-01,FAC-002,HW-PC-10006,31,102,112,21
INV-603773,2025-08-01,FAC-002,HW-PC-10006,52,123,145,30
INV-603774,2025-09-01,FAC-002,HW-PC-10006,65,158,175,48
INV-603775,2025-10-01,FAC-002,HW-PC-10006,39,191,190,40
INV-603776,2025-11-01,FAC-002,HW-PC-10006,34,151,154,31
INV-603777,2025-12-01,FAC-002,HW-PC-10006,52,124,162,14
INV-603778,2026-01-01,FAC-002,HW-PC-10006,26,121,128,19
INV-603779,2026-02-01,FAC-002,HW-PC-10006,46,125,129,42
INV-603780,2026-03-01,FAC-002,HW-PC-10006,43,117,126,34
INV-603781,2023-04-01,FAC-002,HW-PC-10008,53,120,144,29
INV-603782,2023-05-01,FAC-002,HW-PC-10008,34,140,151,23
INV-603783,2023-06-01,FAC-002,HW-PC-10008,39,140,163,16
INV-603784,2023-07-01,FAC-002,HW-PC-10008,34,115,128,21
INV-603785,2023-08-01,FAC-002,HW-PC-10008,27,114,117,24
INV-603786,2023-09-01,FAC-002,HW-PC-10008,52,176,205,23
INV-603787,2023-10-01,FAC-002,HW-PC-10008,79,183,211,51
INV-603788,2023-11-01,FAC-002,HW-PC-10008,50,128,152,26
INV-603789,2023-12-01,FAC-002,HW-PC-10008,28,133,133,28
INV-603790,2024-01-01,FAC-002,HW-PC-10008,54,122,142,34
INV-603791,2024-02-01,FAC-002,HW-PC-10008,54,147,164,37
INV-603792,2024-03-01,FAC-002,HW-PC-10008,54,133,173,14
INV-603793,2024-04-01,FAC-002,HW-PC-10008,33,118,123,28
INV-603794,2024-05-01,FAC-002,HW-PC-10008,39,113,139,13
INV-603795,2024-06-01,FAC-002,HW-PC-10008,48,127,153,22
INV-603796,2024-07-01,FAC-002,HW-PC-10008,25,108,118,15
INV-603797,2024-08-01,FAC-002,HW-PC-10008,46,124,128,42
INV-603798,2024-09-01,FAC-002,HW-PC-10008,36,169,177,28
INV-603799,2024-10-01,FAC-002,HW-PC-10008,45,199,223,21
INV-603800,2024-11-01,FAC-002,HW-PC-10008,49,134,172,11
INV-603801,2024-12-01,FAC-002,HW-PC-10008,48,115,126,37
INV-603802,2025-01-01,FAC-002,HW-PC-10008,52,127,166,13
INV-603803,2025-02-01,FAC-002,HW-PC-10008,46,132,158,20
INV-603804,2025-03-01,FAC-002,HW-PC-10008,33,145,162,16
INV-603805,2025-04-01,FAC-002,HW-PC-10008,40,131,142,29
INV-603806,2025-05-01,FAC-002,HW-PC-10008,57,132,162,27
INV-603807,2025-06-01,FAC-002,HW-PC-10008,36,149,165,20
INV-603808,2025-07-01,FAC-002,HW-PC-10008,45,122,145,22
INV-603809,2025-08-01,FAC-002,HW-PC-10008,47,114,147,14
INV-603810,2025-09-01,FAC-002,HW-PC-10008,67,163,191,39
INV-603811,2025-10-01,FAC-002,HW-PC-10008,71,171,202,40
INV-603812,2025-11-01,FAC-002,HW-PC-10008,38,144,136,46
INV-603813,2025-12-01,FAC-002,HW-PC-10008,29,131,144,16
INV-603814,2026-01-01,FAC-002,HW-PC-10008,38,123,123,38
INV-603815,2026-02-01,FAC-002,HW-PC-10008,48,123,133,38
INV-603816,2026-03-01,FAC-002,HW-PC-10008,58,137,172,23
INV-603817,2023-04-01,FAC-002,HW-PC-10010,51,122,154,19
INV-603818,2023-05-01,FAC-002,HW-PC-10010,50,137,155,32
INV-603819,2023-06-01,FAC-002,HW-PC-10010,44,113,139,18
INV-603820,2023-07-01,FAC-002,HW-PC-10010,47,111,129,29
INV-603821,2023-08-01,FAC-002,HW-PC-10010,43,105,134,14
INV-603822,2023-09-01,FAC-002,HW-PC-10010,43,185,180,48
INV-603823,2023-10-01,FAC-002,HW-PC-10010,57,193,229,21
INV-603824,2023-11-01,FAC-002,HW-PC-10010,59,149,171,37
INV-603825,2023-12-01,FAC-002,HW-PC-10010,41,143,144,40
INV-603826,2024-01-01,FAC-002,HW-PC-10010,33,113,135,11
INV-603827,2024-02-01,FAC-002,HW-PC-10010,30,121,142,9
INV-603828,2024-03-01,FAC-002,HW-PC-10010,44,113,127,30
INV-603829,2024-04-01,FAC-002,HW-PC-10010,48,113,125,36
INV-603830,2024-05-01,FAC-002,HW-PC-10010,35,134,128,41
INV-603831,2024-06-01,FAC-002,HW-PC-10010,26,114,106,34
INV-603832,2024-07-01,FAC-002,HW-PC-10010,38,120,129,29
INV-603833,2024-08-01,FAC-002,HW-PC-10010,47,109,145,11
INV-603834,2024-09-01,FAC-002,HW-PC-10010,82,196,226,52
INV-603835,2024-10-01,FAC-002,HW-PC-10010,62,178,209,31
INV-603836,2024-11-01,FAC-002,HW-PC-10010,39,131,161,9
INV-603837,2024-12-01,FAC-002,HW-PC-10010,44,144,168,20
INV-603838,2025-01-01,FAC-002,HW-PC-10010,27,122,122,27
INV-603839,2025-02-01,FAC-002,HW-PC-10010,26,128,140,14
INV-603840,2025-03-01,FAC-002,HW-PC-10010,43,126,129,40
INV-603841,2025-04-01,FAC-002,HW-PC-10010,50,119,147,22
INV-603842,2025-05-01,FAC-002,HW-PC-10010,67,149,178,38
INV-603843,2025-06-01,FAC-002,HW-PC-10010,51,124,166,9
INV-603844,2025-07-01,FAC-002,HW-PC-10010,46,116,146,16
INV-603845,2025-08-01,FAC-002,HW-PC-10010,36,107,131,12
INV-603846,2025-09-01,FAC-002,HW-PC-10010,40,195,192,43
INV-603847,2025-10-01,FAC-002,HW-PC-10010,42,165,192,15
INV-603848,2025-11-01,FAC-002,HW-PC-10010,28,113,114,27
INV-603849,2025-12-01,FAC-002,HW-PC-10010,45,136,143,38
INV-603850,2026-01-01,FAC-002,HW-PC-10010,30,118,125,23
INV-603851,2026-02-01,FAC-002,HW-PC-10010,53,122,147,28
INV-603852,2026-03-01,FAC-002,HW-PC-10010,43,114,128,29
INV-603853,2023-04-01,FAC-002,HW-PC-10011,22,67,80,9
INV-603854,2023-05-01,FAC-002,HW-PC-10011,21,81,83,19
INV-603855,2023-06-01,FAC-002,HW-PC-10011,30,71,93,8
INV-603856,2023-07-01,FAC-002,HW-PC-10011,12,53,55,10
INV-603857,2023-08-01,FAC-002,HW-PC-10011,15,53,53,15
INV-603858,2023-09-01,FAC-002,HW-PC-10011,45,104,141,8
INV-603859,2023-10-01,FAC-002,HW-PC-10011,33,97,119,11
INV-603860,2023-11-01,FAC-002,HW-PC-10011,23,63,71,15
INV-603861,2023-12-01,FAC-002,HW-PC-10011,19,65,64,20
INV-603862,2024-01-01,FAC-002,HW-PC-10011,20,76,77,19
INV-603863,2024-02-01,FAC-002,HW-PC-10011,26,63,75,14
INV-603864,2024-03-01,FAC-002,HW-PC-10011,24,73,80,17
INV-603865,2024-04-01,FAC-002,HW-PC-10011,25,65,69,21
INV-603866,2024-05-01,FAC-002,HW-PC-10011,23,63,68,18
INV-603867,2024-06-01,FAC-002,HW-PC-10011,21,67,73,15
INV-603868,2024-07-01,FAC-002,HW-PC-10011,23,65,77,11
INV-603869,2024-08-01,FAC-002,HW-PC-10011,17,65,66,16
INV-603870,2024-09-01,FAC-002,HW-PC-10011,27,98,118,7
INV-603871,2024-10-01,FAC-002,HW-PC-10011,26,110,102,34
INV-603872,2024-11-01,FAC-002,HW-PC-10011,16,62,60,18
INV-603873,2024-12-01,FAC-002,HW-PC-10011,29,72,90,11
INV-603874,2025-01-01,FAC-002,HW-PC-10011,19,65,71,13
INV-603875,2025-02-01,FAC-002,HW-PC-10011,31,78,101,8
INV-603876,2025-03-01,FAC-002,HW-PC-10011,26,72,75,23
INV-603877,2025-04-01,FAC-002,HW-PC-10011,19,73,76,16
INV-603878,2025-05-01,FAC-002,HW-PC-10011,19,74,70,23
INV-603879,2025-06-01,FAC-002,HW-PC-10011,12,61,54,19
INV-603880,2025-07-01,FAC-002,HW-PC-10011,14,54,54,14
INV-603881,2025-08-01,FAC-002,HW-PC-10011,19,70,69,20
INV-603882,2025-09-01,FAC-002,HW-PC-10011,42,102,127,17
INV-603883,2025-10-01,FAC-002,HW-PC-10011,31,94,111,14
INV-603884,2025-11-01,FAC-002,HW-PC-10011,27,76,95,8
INV-603885,2025-12-01,FAC-002,HW-PC-10011,27,79,88,18
INV-603886,2026-01-01,FAC-002,HW-PC-10011,30,75,78,27
INV-603887,2026-02-01,FAC-002,HW-PC-10011,20,82,86,16
INV-603888,2026-03-01,FAC-002,HW-PC-10011,20,80,84,16
INV-603889,2023-04-01,FAC-002,HW-PC-10012,16,69,69,16
INV-603890,2023-05-01,FAC-002,HW-PC-10012,30,69,93,6
INV-603891,2023-06-01,FAC-002,HW-PC-10012,24,63,66,21
INV-603892,2023-07-01,FAC-002,HW-PC-10012,11,52,59,4
INV-603893,2023-08-01,FAC-002,HW-PC-10012,17,69,67,19
INV-603894,2023-09-01,FAC-002,HW-PC-10012,30,92,105,17
INV-603895,2023-10-01,FAC-002,HW-PC-10012,35,92,103,24
INV-603896,2023-11-01,FAC-002,HW-PC-10012,29,81,92,18
INV-603897,2023-12-01,FAC-002,HW-PC-10012,31,78,88,21
INV-603898,2024-01-01,FAC-002,HW-PC-10012,29,68,75,22
INV-603899,2024-02-01,FAC-002,HW-PC-10012,19,62,73,8
INV-603900,2024-03-01,FAC-002,HW-PC-10012,33,77,94,16
INV-603901,2024-04-01,FAC-002,HW-PC-10012,21,63,76,8
INV-603902,2024-05-01,FAC-002,HW-PC-10012,15,63,58,20
INV-603903,2024-06-01,FAC-002,HW-PC-10012,31,74,92,13
INV-603904,2024-07-01,FAC-002,HW-PC-10012,15,70,79,6
INV-603905,2024-08-01,FAC-002,HW-PC-10012,18,66,79,5
INV-603906,2024-09-01,FAC-002,HW-PC-10012,39,94,123,10
INV-603907,2024-10-01,FAC-002,HW-PC-10012,36,108,111,33
INV-603908,2024-11-01,FAC-002,HW-PC-10012,20,72,83,9
INV-603909,2024-12-01,FAC-002,HW-PC-10012,32,77,82,27
INV-603910,2025-01-01,FAC-002,HW-PC-10012,33,78,100,11
INV-603911,2025-02-01,FAC-002,HW-PC-10012,14,64,58,20
INV-603912,2025-03-01,FAC-002,HW-PC-10012,26,74,94,6
INV-603913,2025-04-01,FAC-002,HW-PC-10012,19,69,76,12
INV-603914,2025-05-01,FAC-002,HW-PC-10012,34,79,102,11
INV-603915,2025-06-01,FAC-002,HW-PC-10012,25,70,87,8
INV-603916,2025-07-01,FAC-002,HW-PC-10012,15,61,59,17
INV-603917,2025-08-01,FAC-002,HW-PC-10012,19,52,54,17
INV-603918,2025-09-01,FAC-002,HW-PC-10012,25,93,101,17
INV-603919,2025-10-01,FAC-002,HW-PC-10012,35,97,100,32
INV-603920,2025-11-01,FAC-002,HW-PC-10012,20,63,67,16
INV-603921,2025-12-01,FAC-002,HW-PC-10012,14,67,75,6
INV-603922,2026-01-01,FAC-002,HW-PC-10012,17,76,70,23
INV-603923,2026-02-01,FAC-002,HW-PC-10012,30,82,93,19
INV-603924,2026-03-01,FAC-002,HW-PC-10012,29,76,95,10
INV-603925,2023-04-01,FAC-002,HW-PC-10013,14,70,78,6
INV-603926,2023-05-01,FAC-002,HW-PC-10013,18,74,85,7
INV-603927,2023-06-01,FAC-002,HW-PC-10013,35,80,106,9
INV-603928,2023-07-01,FAC-002,HW-PC-10013,18,70,80,8
INV-603929,2023-08-01,FAC-002,HW-PC-10013,17,67,64,20
INV-603930,2023-09-01,FAC-002,HW-PC-10013,31,115,134,12
INV-603931,2023-10-01,FAC-002,HW-PC-10013,17,85,86,16
INV-603932,2023-11-01,FAC-002,HW-PC-10013,24,66,77,13
INV-603933,2023-12-01,FAC-002,HW-PC-10013,14,62,62,14
INV-603934,2024-01-01,FAC-002,HW-PC-10013,25,65,74,16
INV-603935,2024-02-01,FAC-002,HW-PC-10013,20,63,63,20
INV-603936,2024-03-01,FAC-002,HW-PC-10013,16,63,72,7
INV-603937,2024-04-01,FAC-002,HW-PC-10013,32,81,92,21
INV-603938,2024-05-01,FAC-002,HW-PC-10013,22,67,79,10
INV-603939,2024-06-01,FAC-002,HW-PC-10013,19,82,76,25
INV-603940,2024-07-01,FAC-002,HW-PC-10013,26,64,82,8
INV-603941,2024-08-01,FAC-002,HW-PC-10013,28,64,78,14
INV-603942,2024-09-01,FAC-002,HW-PC-10013,49,113,148,14
INV-603943,2024-10-01,FAC-002,HW-PC-10013,23,95,101,17
INV-603944,2024-11-01,FAC-002,HW-PC-10013,29,70,76,23
INV-603945,2024-12-01,FAC-002,HW-PC-10013,25,66,69,22
INV-603946,2025-01-01,FAC-002,HW-PC-10013,20,68,76,12
INV-603947,2025-02-01,FAC-002,HW-PC-10013,26,64,75,15
INV-603948,2025-03-01,FAC-002,HW-PC-10013,25,81,85,21
INV-603949,2025-04-01,FAC-002,HW-PC-10013,12,64,65,11
INV-603950,2025-05-01,FAC-002,HW-PC-10013,18,63,70,11
INV-603951,2025-06-01,FAC-002,HW-PC-10013,16,67,75,8
INV-603952,2025-07-01,FAC-002,HW-PC-10013,15,69,65,19
INV-603953,2025-08-01,FAC-002,HW-PC-10013,14,69,78,5
INV-603954,2025-09-01,FAC-002,HW-PC-10013,35,85,97,23
INV-603955,2025-10-01,FAC-002,HW-PC-10013,31,114,127,18
INV-603956,2025-11-01,FAC-002,HW-PC-10013,16,62,70,8
INV-603957,2025-12-01,FAC-002,HW-PC-10013,31,72,86,17
INV-603958,2026-01-01,FAC-002,HW-PC-10013,24,79,97,6
INV-603959,2026-02-01,FAC-002,HW-PC-10013,22,81,95,8
INV-603960,2026-03-01,FAC-002,HW-PC-10013,19,79,85,13
INV-603961,2023-04-01,FAC-002,HW-PC-10014,19,79,74,24
INV-603962,2023-05-01,FAC-002,HW-PC-10014,23,69,84,8
INV-603963,2023-06-01,FAC-002,HW-PC-10014,25,82,81,26
INV-603964,2023-07-01,FAC-002,HW-PC-10014,22,65,73,14
INV-603965,2023-08-01,FAC-002,HW-PC-10014,18,57,61,14
INV-603966,2023-09-01,FAC-002,HW-PC-10014,36,108,133,11
INV-603967,2023-10-01,FAC-002,HW-PC-10014,26,102,117,11
INV-603968,2023-11-01,FAC-002,HW-PC-10014,18,73,79,12
INV-603969,2023-12-01,FAC-002,HW-PC-10014,27,68,79,16
INV-603970,2024-01-01,FAC-002,HW-PC-10014,17,76,77,16
INV-603971,2024-02-01,FAC-002,HW-PC-10014,32,82,89,25
INV-603972,2024-03-01,FAC-002,HW-PC-10014,18,67,74,11
INV-603973,2024-04-01,FAC-002,HW-PC-10014,29,77,90,16
INV-603974,2024-05-01,FAC-002,HW-PC-10014,24,78,79,23
INV-603975,2024-06-01,FAC-002,HW-PC-10014,31,73,94,10
INV-603976,2024-07-01,FAC-002,HW-PC-10014,22,62,78,6
INV-603977,2024-08-01,FAC-002,HW-PC-10014,16,59,70,5
INV-603978,2024-09-01,FAC-002,HW-PC-10014,31,111,119,23
INV-603979,2024-10-01,FAC-002,HW-PC-10014,23,98,113,8
INV-603980,2024-11-01,FAC-002,HW-PC-10014,28,69,76,21
INV-603981,2024-12-01,FAC-002,HW-PC-10014,15,73,79,9
INV-603982,2025-01-01,FAC-002,HW-PC-10014,26,73,75,24
INV-603983,2025-02-01,FAC-002,HW-PC-10014,14,65,63,16
INV-603984,2025-03-01,FAC-002,HW-PC-10014,25,74,86,13
INV-603985,2025-04-01,FAC-002,HW-PC-10014,19,73,73,19
INV-603986,2025-05-01,FAC-002,HW-PC-10014,26,64,78,12
INV-603987,2025-06-01,FAC-002,HW-PC-10014,15,65,73,7
INV-603988,2025-07-01,FAC-002,HW-PC-10014,23,65,73,15
INV-603989,2025-08-01,FAC-002,HW-PC-10014,24,56,72,8
INV-603990,2025-09-01,FAC-002,HW-PC-10014,38,94,119,13
INV-603991,2025-10-01,FAC-002,HW-PC-10014,28,94,96,26
INV-603992,2025-11-01,FAC-002,HW-PC-10014,23,63,69,17
INV-603993,2025-12-01,FAC-002,HW-PC-10014,35,78,86,27
INV-603994,2026-01-01,FAC-002,HW-PC-10014,28,71,89,10
INV-603995,2026-02-01,FAC-002,HW-PC-10014,22,77,83,16
INV-603996,2026-03-01,FAC-002,HW-PC-10014,32,74,86,20
INV-603997,2023-04-01,FAC-002,HW-PC-10016,47,128,147,28
INV-603998,2023-05-01,FAC-002,HW-PC-10016,30,115,116,29
INV-603999,2023-06-01,FAC-002,HW-PC-10016,22,99,99,22
INV-604000,2023-07-01,FAC-002,HW-PC-10016,35,102,105,32
INV-604001,2023-08-01,FAC-002,HW-PC-10016,36,105,132,9
INV-604002,2023-09-01,FAC-002,HW-PC-10016,39,164,171,32
INV-604003,2023-10-01,FAC-002,HW-PC-10016,33,163,147,49
INV-604004,2023-11-01,FAC-002,HW-PC-10016,26,99,104,21
INV-604005,2023-12-01,FAC-002,HW-PC-10016,26,111,121,16
INV-604006,2024-01-01,FAC-002,HW-PC-10016,31,115,109,37
INV-604007,2024-02-01,FAC-002,HW-PC-10016,28,97,97,28
INV-604008,2024-03-01,FAC-002,HW-PC-10016,38,107,124,21
INV-604009,2024-04-01,FAC-002,HW-PC-10016,29,102,114,17
INV-604010,2024-05-01,FAC-002,HW-PC-10016,48,124,148,24
INV-604011,2024-06-01,FAC-002,HW-PC-10016,31,107,127,11
INV-604012,2024-07-01,FAC-002,HW-PC-10016,36,82,104,14
INV-604013,2024-08-01,FAC-002,HW-PC-10016,20,100,104,16
INV-604014,2024-09-01,FAC-002,HW-PC-10016,35,156,153,38
INV-604015,2024-10-01,FAC-002,HW-PC-10016,59,175,194,40
INV-604016,2024-11-01,FAC-002,HW-PC-10016,36,97,118,15
INV-604017,2024-12-01,FAC-002,HW-PC-10016,37,115,127,25
INV-604018,2025-01-01,FAC-002,HW-PC-10016,29,115,135,9
INV-604019,2025-02-01,FAC-002,HW-PC-10016,31,114,121,24
INV-604020,2025-03-01,FAC-002,HW-PC-10016,29,122,122,29
INV-604021,2025-04-01,FAC-002,HW-PC-10016,32,118,136,14
INV-604022,2025-05-01,FAC-002,HW-PC-10016,38,99,104,33
INV-604023,2025-06-01,FAC-002,HW-PC-10016,40,95,116,19
INV-604024,2025-07-01,FAC-002,HW-PC-10016,23,90,98,15
INV-604025,2025-08-01,FAC-002,HW-PC-10016,42,95,129,8
INV-604026,2025-09-01,FAC-002,HW-PC-10016,50,163,180,33
INV-604027,2025-10-01,FAC-002,HW-PC-10016,37,165,164,38
INV-604028,2025-11-01,FAC-002,HW-PC-10016,21,97,93,25
INV-604029,2025-12-01,FAC-002,HW-PC-10016,43,111,130,24
INV-604030,2026-01-01,FAC-002,HW-PC-10016,23,106,110,19
INV-604031,2026-02-01,FAC-002,HW-PC-10016,36,104,132,8
INV-604032,2026-03-01,FAC-002,HW-PC-10016,24,98,103,19
INV-604033,2023-04-01,FAC-002,HW-PC-10018,35,125,151,9
INV-604034,2023-05-01,FAC-002,HW-PC-10018,20,98,108,10
INV-604035,2023-06-01,FAC-002,HW-PC-10018,28,126,118,36
INV-604036,2023-07-01,FAC-002,HW-PC-10018,18,81,78,21
INV-604037,2023-08-01,FAC-002,HW-PC-10018,39,108,133,14
INV-604038,2023-09-01,FAC-002,HW-PC-10018,56,169,204,21
INV-604039,2023-10-01,FAC-002,HW-PC-10018,44,161,176,29
INV-604040,2023-11-01,FAC-002,HW-PC-10018,45,113,149,9
INV-604041,2023-12-01,FAC-002,HW-PC-10018,42,109,116,35
INV-604042,2024-01-01,FAC-002,HW-PC-10018,35,121,118,38
INV-604043,2024-02-01,FAC-002,HW-PC-10018,37,107,111,33
INV-604044,2024-03-01,FAC-002,HW-PC-10018,27,126,143,10
INV-604045,2024-04-01,FAC-002,HW-PC-10018,33,118,125,26
INV-604046,2024-05-01,FAC-002,HW-PC-10018,42,120,143,19
INV-604047,2024-06-01,FAC-002,HW-PC-10018,34,108,134,8
INV-604048,2024-07-01,FAC-002,HW-PC-10018,26,87,91,22
INV-604049,2024-08-01,FAC-002,HW-PC-10018,39,102,113,28
INV-604050,2024-09-01,FAC-002,HW-PC-10018,27,137,137,27
INV-604051,2024-10-01,FAC-002,HW-PC-10018,67,152,184,35
INV-604052,2024-11-01,FAC-002,HW-PC-10018,43,103,123,23
INV-604053,2024-12-01,FAC-002,HW-PC-10018,25,115,115,25
INV-604054,2025-01-01,FAC-002,HW-PC-10018,43,126,138,31
INV-604055,2025-02-01,FAC-002,HW-PC-10018,49,116,132,33
INV-604056,2025-03-01,FAC-002,HW-PC-10018,49,112,126,35
INV-604057,2025-04-01,FAC-002,HW-PC-10018,42,119,142,19
INV-604058,2025-05-01,FAC-002,HW-PC-10018,29,107,120,16
INV-604059,2025-06-01,FAC-002,HW-PC-10018,31,102,104,29
INV-604060,2025-07-01,FAC-002,HW-PC-10018,35,81,97,19
INV-604061,2025-08-01,FAC-002,HW-PC-10018,25,108,115,18
INV-604062,2025-09-01,FAC-002,HW-PC-10018,56,142,179,19
INV-604063,2025-10-01,FAC-002,HW-PC-10018,59,138,155,42
INV-604064,2025-11-01,FAC-002,HW-PC-10018,51,115,153,13
INV-604065,2025-12-01,FAC-002,HW-PC-10018,36,127,125,38
INV-604066,2026-01-01,FAC-002,HW-PC-10018,32,101,120,13
INV-604067,2026-02-01,FAC-002,HW-PC-10018,36,100,110,26
INV-604068,2026-03-01,FAC-002,HW-PC-10018,38,106,121,23
INV-604069,2023-04-01,FAC-002,HW-PC-10020,26,121,115,32
INV-604070,2023-05-01,FAC-002,HW-PC-10020,48,117,132,33
INV-604071,2023-06-01,FAC-002,HW-PC-10020,35,106,111,30
INV-604072,2023-07-01,FAC-002,HW-PC-10020,40,104,112,32
INV-604073,2023-08-01,FAC-002,HW-PC-10020,37,94,107,24
INV-604074,2023-09-01,FAC-002,HW-PC-10020,34,163,171,26
INV-604075,2023-10-01,FAC-002,HW-PC-10020,57,140,161,36
INV-604076,2023-11-01,FAC-002,HW-PC-10020,42,104,110,36
INV-604077,2023-12-01,FAC-002,HW-PC-10020,31,108,112,27
INV-604078,2024-01-01,FAC-002,HW-PC-10020,48,125,131,42
INV-604079,2024-02-01,FAC-002,HW-PC-10020,39,119,146,12
INV-604080,2024-03-01,FAC-002,HW-PC-10020,36,105,119,22
INV-604081,2024-04-01,FAC-002,HW-PC-10020,34,111,114,31
INV-604082,2024-05-01,FAC-002,HW-PC-10020,37,120,147,10
INV-604083,2024-06-01,FAC-002,HW-PC-10020,38,103,132,9
INV-604084,2024-07-01,FAC-002,HW-PC-10020,41,99,128,12
INV-604085,2024-08-01,FAC-002,HW-PC-10020,31,91,95,27
INV-604086,2024-09-01,FAC-002,HW-PC-10020,40,158,177,21
INV-604087,2024-10-01,FAC-002,HW-PC-10020,47,158,164,41
INV-604088,2024-11-01,FAC-002,HW-PC-10020,27,128,117,38
INV-604089,2024-12-01,FAC-002,HW-PC-10020,45,102,139,8
INV-604090,2025-01-01,FAC-002,HW-PC-10020,49,117,131,35
INV-604091,2025-02-01,FAC-002,HW-PC-10020,29,127,120,36
INV-604092,2025-03-01,FAC-002,HW-PC-10020,33,98,118,13
INV-604093,2025-04-01,FAC-002,HW-PC-10020,47,107,128,26
INV-604094,2025-05-01,FAC-002,HW-PC-10020,31,100,116,15
INV-604095,2025-06-01,FAC-002,HW-PC-10020,38,123,139,22
INV-604096,2025-07-01,FAC-002,HW-PC-10020,31,88,112,7
INV-604097,2025-08-01,FAC-002,HW-PC-10020,34,82,100,16
INV-604098,2025-09-01,FAC-002,HW-PC-10020,63,145,176,32
INV-604099,2025-10-01,FAC-002,HW-PC-10020,36,148,146,38
INV-604100,2025-11-01,FAC-002,HW-PC-10020,43,123,154,12
INV-604101,2025-12-01,FAC-002,HW-PC-10020,23,102,93,32
INV-604102,2026-01-01,FAC-002,HW-PC-10020,50,112,144,18
INV-604103,2026-02-01,FAC-002,HW-PC-10020,44,105,135,14
INV-604104,2026-03-01,FAC-002,HW-PC-10020,38,95,107,26
INV-604105,2023-04-01,FAC-002,HW-PC-10021,32,102,111,23
INV-604106,2023-05-01,FAC-002,HW-PC-10021,25,104,116,13
INV-604107,2023-06-01,FAC-002,HW-PC-10021,50,128,144,34
INV-604108,2023-07-01,FAC-002,HW-PC-10021,22,87,84,25
INV-604109,2023-08-01,FAC-002,HW-PC-10021,33,96,114,15
INV-604110,2023-09-01,FAC-002,HW-PC-10021,45,165,171,39
INV-604111,2023-10-01,FAC-002,HW-PC-10021,47,165,168,44
INV-604112,2023-11-01,FAC-002,HW-PC-10021,28,107,103,32
INV-604113,2023-12-01,FAC-002,HW-PC-10021,50,123,137,36
INV-604114,2024-01-01,FAC-002,HW-PC-10021,37,97,106,28
INV-604115,2024-02-01,FAC-002,HW-PC-10021,23,108,104,27
INV-604116,2024-03-01,FAC-002,HW-PC-10021,48,121,133,36
INV-604117,2024-04-01,FAC-002,HW-PC-10021,24,106,99,31
INV-604118,2024-05-01,FAC-002,HW-PC-10021,46,128,149,25
INV-604119,2024-06-01,FAC-002,HW-PC-10021,49,120,154,15
INV-604120,2024-07-01,FAC-002,HW-PC-10021,19,81,88,12
INV-604121,2024-08-01,FAC-002,HW-PC-10021,40,91,115,16
INV-604122,2024-09-01,FAC-002,HW-PC-10021,44,178,204,18
INV-604123,2024-10-01,FAC-002,HW-PC-10021,66,148,167,47
INV-604124,2024-11-01,FAC-002,HW-PC-10021,44,112,130,26
INV-604125,2024-12-01,FAC-002,HW-PC-10021,49,110,132,27
INV-604126,2025-01-01,FAC-002,HW-PC-10021,24,115,127,12
INV-604127,2025-02-01,FAC-002,HW-PC-10021,34,116,112,38
INV-604128,2025-03-01,FAC-002,HW-PC-10021,23,115,103,35
INV-604129,2025-04-01,FAC-002,HW-PC-10021,28,115,112,31
INV-604130,2025-05-01,FAC-002,HW-PC-10021,24,117,114,27
INV-604131,2025-06-01,FAC-002,HW-PC-10021,34,100,118,16
INV-604132,2025-07-01,FAC-002,HW-PC-10021,26,101,97,30
INV-604133,2025-08-01,FAC-002,HW-PC-10021,25,83,101,7
INV-604134,2025-09-01,FAC-002,HW-PC-10021,37,143,138,42
INV-604135,2025-10-01,FAC-002,HW-PC-10021,59,161,193,27
INV-604136,2025-11-01,FAC-002,HW-PC-10021,39,124,126,37
INV-604137,2025-12-01,FAC-002,HW-PC-10021,38,104,123,19
INV-604138,2026-01-01,FAC-002,HW-PC-10021,41,113,135,19
INV-604139,2026-02-01,FAC-002,HW-PC-10021,42,124,150,16
INV-604140,2026-03-01,FAC-002,HW-PC-10021,38,103,131,10
INV-604141,2023-04-01,FAC-002,HW-PC-10022,75,199,208,66
INV-604142,2023-05-01,FAC-002,HW-PC-10022,43,188,217,14
INV-604143,2023-06-01,FAC-002,HW-PC-10022,45,201,190,56
INV-604144,2023-07-01,FAC-002,HW-PC-10022,45,160,155,50
INV-604145,2023-08-01,FAC-002,HW-PC-10022,46,158,157,47
INV-604146,2023-09-01,FAC-002,HW-PC-10022,120,280,360,40
INV-604147,2023-10-01,FAC-002,HW-PC-10022,71,282,283,70
INV-604148,2023-11-01,FAC-002,HW-PC-10022,65,167,217,15
INV-604149,2023-12-01,FAC-002,HW-PC-10022,81,195,242,34
INV-604150,2024-01-01,FAC-002,HW-PC-10022,54,177,176,55
INV-604151,2024-02-01,FAC-002,HW-PC-10022,59,158,181,36
INV-604152,2024-03-01,FAC-002,HW-PC-10022,63,186,200,49
INV-604153,2024-04-01,FAC-002,HW-PC-10022,57,182,197,42
INV-604154,2024-05-01,FAC-002,HW-PC-10022,62,201,229,34
INV-604155,2024-06-01,FAC-002,HW-PC-10022,85,205,269,21
INV-604156,2024-07-01,FAC-002,HW-PC-10022,30,145,140,35
INV-604157,2024-08-01,FAC-002,HW-PC-10022,62,146,183,25
INV-604158,2024-09-01,FAC-002,HW-PC-10022,52,225,216,61
INV-604159,2024-10-01,FAC-002,HW-PC-10022,102,267,340,29
INV-604160,2024-11-01,FAC-002,HW-PC-10022,52,208,211,49
INV-604161,2024-12-01,FAC-002,HW-PC-10022,48,169,202,15
INV-604162,2025-01-01,FAC-002,HW-PC-10022,72,188,220,40
INV-604163,2025-02-01,FAC-002,HW-PC-10022,33,157,162,28
INV-604164,2025-03-01,FAC-002,HW-PC-10022,49,196,219,26
INV-604165,2025-04-01,FAC-002,HW-PC-10022,60,201,234,27
INV-604166,2025-05-01,FAC-002,HW-PC-10022,65,178,219,24
INV-604167,2025-06-01,FAC-002,HW-PC-10022,60,211,225,46
INV-604168,2025-07-01,FAC-002,HW-PC-10022,35,140,155,20
INV-604169,2025-08-01,FAC-002,HW-PC-10022,52,175,178,49
INV-604170,2025-09-01,FAC-002,HW-PC-10022,75,240,254,61
INV-604171,2025-10-01,FAC-002,HW-PC-10022,91,237,246,82
INV-604172,2025-11-01,FAC-002,HW-PC-10022,74,186,208,52
INV-604173,2025-12-01,FAC-002,HW-PC-10022,69,189,227,31
INV-604174,2026-01-01,FAC-002,HW-PC-10022,51,181,212,20
INV-604175,2026-02-01,FAC-002,HW-PC-10022,55,198,194,59
INV-604176,2026-03-01,FAC-002,HW-PC-10022,35,160,168,27
INV-604177,2023-04-01,FAC-002,HW-PC-10023,67,174,194,47
INV-604178,2023-05-01,FAC-002,HW-PC-10023,76,198,218,56
INV-604179,2023-06-01,FAC-002,HW-PC-10023,75,196,224,47
INV-604180,2023-07-01,FAC-002,HW-PC-10023,46,142,175,13
INV-604181,2023-08-01,FAC-002,HW-PC-10023,39,162,178,23
INV-604182,2023-09-01,FAC-002,HW-PC-10023,87,251,303,35
INV-604183,2023-10-01,FAC-002,HW-PC-10023,104,258,323,39
INV-604184,2023-11-01,FAC-002,HW-PC-10023,45,190,215,20
INV-604185,2023-12-01,FAC-002,HW-PC-10023,48,208,216,40
INV-604186,2024-01-01,FAC-002,HW-PC-10023,66,170,211,25
INV-604187,2024-02-01,FAC-002,HW-PC-10023,68,164,182,50
INV-604188,2024-03-01,FAC-002,HW-PC-10023,62,200,213,49
INV-604189,2024-04-01,FAC-002,HW-PC-10023,39,165,180,24
INV-604190,2024-05-01,FAC-002,HW-PC-10023,42,186,176,52
INV-604191,2024-06-01,FAC-002,HW-PC-10023,61,160,197,24
INV-604192,2024-07-01,FAC-002,HW-PC-10023,45,135,138,42
INV-604193,2024-08-01,FAC-002,HW-PC-10023,74,175,221,28
INV-604194,2024-09-01,FAC-002,HW-PC-10023,116,290,371,35
INV-604195,2024-10-01,FAC-002,HW-PC-10023,72,262,265,69
INV-604196,2024-11-01,FAC-002,HW-PC-10023,62,174,185,51
INV-604197,2024-12-01,FAC-002,HW-PC-10023,53,170,177,46
INV-604198,2025-01-01,FAC-002,HW-PC-10023,80,188,241,27
INV-604199,2025-02-01,FAC-002,HW-PC-10023,66,193,219,40
INV-604200,2025-03-01,FAC-002,HW-PC-10023,70,166,188,48
INV-604201,2025-04-01,FAC-002,HW-PC-10023,62,161,175,48
INV-604202,2025-05-01,FAC-002,HW-PC-10023,36,176,164,48
INV-604203,2025-06-01,FAC-002,HW-PC-10023,35,165,176,24
INV-604204,2025-07-01,FAC-002,HW-PC-10023,50,172,205,17
INV-604205,2025-08-01,FAC-002,HW-PC-10023,39,142,141,40
INV-604206,2025-09-01,FAC-002,HW-PC-10023,81,266,302,45
INV-604207,2025-10-01,FAC-002,HW-PC-10023,93,277,323,47
INV-604208,2025-11-01,FAC-002,HW-PC-10023,57,208,217,48
INV-604209,2025-12-01,FAC-002,HW-PC-10023,69,196,208,57
INV-604210,2026-01-01,FAC-002,HW-PC-10023,56,177,194,39
INV-604211,2026-02-01,FAC-002,HW-PC-10023,71,166,213,24
INV-604212,2026-03-01,FAC-002,HW-PC-10023,67,182,231,18
INV-604213,2023-04-01,FAC-002,HW-PC-10024,57,170,206,21
INV-604214,2023-05-01,FAC-002,HW-PC-10024,70,158,191,37
INV-604215,2023-06-01,FAC-002,HW-PC-10024,48,176,175,49
INV-604216,2023-07-01,FAC-002,HW-PC-10024,74,170,203,41
INV-604217,2023-08-01,FAC-002,HW-PC-10024,71,177,209,39
INV-604218,2023-09-01,FAC-002,HW-PC-10024,83,271,305,49
INV-604219,2023-10-01,FAC-002,HW-PC-10024,83,223,232,74
INV-604220,2023-11-01,FAC-002,HW-PC-10024,81,201,224,58
INV-604221,2023-12-01,FAC-002,HW-PC-10024,55,174,199,30
INV-604222,2024-01-01,FAC-002,HW-PC-10024,59,172,187,44
INV-604223,2024-02-01,FAC-002,HW-PC-10024,31,159,146,44
INV-604224,2024-03-01,FAC-002,HW-PC-10024,88,200,240,48
INV-604225,2024-04-01,FAC-002,HW-PC-10024,43,184,195,32
INV-604226,2024-05-01,FAC-002,HW-PC-10024,57,164,207,14
INV-604227,2024-06-01,FAC-002,HW-PC-10024,65,167,175,57
INV-604228,2024-07-01,FAC-002,HW-PC-10024,34,150,150,34
INV-604229,2024-08-01,FAC-002,HW-PC-10024,41,141,151,31
INV-604230,2024-09-01,FAC-002,HW-PC-10024,88,242,308,22
INV-604231,2024-10-01,FAC-002,HW-PC-10024,61,249,249,61
INV-604232,2024-11-01,FAC-002,HW-PC-10024,69,203,228,44
INV-604233,2024-12-01,FAC-002,HW-PC-10024,51,164,173,42
INV-604234,2025-01-01,FAC-002,HW-PC-10024,87,208,226,69
INV-604235,2025-02-01,FAC-002,HW-PC-10024,47,184,192,39
INV-604236,2025-03-01,FAC-002,HW-PC-10024,67,204,221,50
INV-604237,2025-04-01,FAC-002,HW-PC-10024,66,167,203,30
INV-604238,2025-05-01,FAC-002,HW-PC-10024,46,182,186,42
INV-604239,2025-06-01,FAC-002,HW-PC-10024,68,209,229,48
INV-604240,2025-07-01,FAC-002,HW-PC-10024,61,157,178,40
INV-604241,2025-08-01,FAC-002,HW-PC-10024,48,141,166,23
INV-604242,2025-09-01,FAC-002,HW-PC-10024,115,274,320,69
INV-604243,2025-10-01,FAC-002,HW-PC-10024,98,224,269,53
INV-604244,2025-11-01,FAC-002,HW-PC-10024,69,190,222,37
INV-604245,2025-12-01,FAC-002,HW-PC-10024,64,167,210,21
INV-604246,2026-01-01,FAC-002,HW-PC-10024,59,186,189,56
INV-604247,2026-02-01,FAC-002,HW-PC-10024,45,161,167,39
INV-604248,2026-03-01,FAC-002,HW-PC-10024,82,209,256,35
INV-604249,2023-04-01,FAC-002,HW-PC-10025,73,165,196,42
INV-604250,2023-05-01,FAC-002,HW-PC-10025,52,162,197,17
INV-604251,2023-06-01,FAC-002,HW-PC-10025,41,205,228,18
INV-604252,2023-07-01,FAC-002,HW-PC-10025,30,145,160,15
INV-604253,2023-08-01,FAC-002,HW-PC-10025,60,173,201,32
INV-604254,2023-09-01,FAC-002,HW-PC-10025,111,281,363,29
INV-604255,2023-10-01,FAC-002,HW-PC-10025,115,261,356,20
INV-604256,2023-11-01,FAC-002,HW-PC-10025,66,162,193,35
INV-604257,2023-12-01,FAC-002,HW-PC-10025,62,177,181,58
INV-604258,2024-01-01,FAC-002,HW-PC-10025,76,184,206,54
INV-604259,2024-02-01,FAC-002,HW-PC-10025,77,179,213,43
INV-604260,2024-03-01,FAC-002,HW-PC-10025,54,176,196,34
INV-604261,2024-04-01,FAC-002,HW-PC-10025,76,191,224,43
INV-604262,2024-05-01,FAC-002,HW-PC-10025,67,201,219,49
INV-604263,2024-06-01,FAC-002,HW-PC-10025,72,192,227,37
INV-604264,2024-07-01,FAC-002,HW-PC-10025,32,135,134,33
INV-604265,2024-08-01,FAC-002,HW-PC-10025,53,146,149,50
INV-604266,2024-09-01,FAC-002,HW-PC-10025,73,277,284,66
INV-604267,2024-10-01,FAC-002,HW-PC-10025,65,259,300,24
INV-604268,2024-11-01,FAC-002,HW-PC-10025,50,161,194,17
INV-604269,2024-12-01,FAC-002,HW-PC-10025,51,190,201,40
INV-604270,2025-01-01,FAC-002,HW-PC-10025,86,195,260,21
INV-604271,2025-02-01,FAC-002,HW-PC-10025,78,175,189,64
INV-604272,2025-03-01,FAC-002,HW-PC-10025,63,157,173,47
INV-604273,2025-04-01,FAC-002,HW-PC-10025,41,159,167,33
INV-604274,2025-05-01,FAC-002,HW-PC-10025,69,196,211,54
INV-604275,2025-06-01,FAC-002,HW-PC-10025,79,184,240,23
INV-604276,2025-07-01,FAC-002,HW-PC-10025,65,148,189,24
INV-604277,2025-08-01,FAC-002,HW-PC-10025,28,135,127,36
INV-604278,2025-09-01,FAC-002,HW-PC-10025,67,275,291,51
INV-604279,2025-10-01,FAC-002,HW-PC-10025,97,226,264,59
INV-604280,2025-11-01,FAC-002,HW-PC-10025,89,206,221,74
INV-604281,2025-12-01,FAC-002,HW-PC-10025,37,182,204,15
INV-604282,2026-01-01,FAC-002,HW-PC-10025,40,185,173,52
INV-604283,2026-02-01,FAC-002,HW-PC-10025,77,177,225,29
INV-604284,2026-03-01,FAC-002,HW-PC-10025,59,204,199,64
INV-604285,2023-04-01,FAC-002,HW-PC-10026,68,157,185,40
INV-604286,2023-05-01,FAC-002,HW-PC-10026,58,156,202,12
INV-604287,2023-06-01,FAC-002,HW-PC-10026,50,209,203,56
INV-604288,2023-07-01,FAC-002,HW-PC-10026,57,159,193,23
INV-604289,2023-08-01,FAC-002,HW-PC-10026,62,141,178,25
INV-604290,2023-09-01,FAC-002,HW-PC-10026,95,284,315,64
INV-604291,2023-10-01,FAC-002,HW-PC-10026,101,294,364,31
INV-604292,2023-11-01,FAC-002,HW-PC-10026,77,209,245,41
INV-604293,2023-12-01,FAC-002,HW-PC-10026,32,156,148,40
INV-604294,2024-01-01,FAC-002,HW-PC-10026,43,166,169,40
INV-604295,2024-02-01,FAC-002,HW-PC-10026,53,176,176,53
INV-604296,2024-03-01,FAC-002,HW-PC-10026,58,158,185,31
INV-604297,2024-04-01,FAC-002,HW-PC-10026,64,180,223,21
INV-604298,2024-05-01,FAC-002,HW-PC-10026,64,180,229,15
INV-604299,2024-06-01,FAC-002,HW-PC-10026,61,202,231,32
INV-604300,2024-07-01,FAC-002,HW-PC-10026,47,141,177,11
INV-604301,2024-08-01,FAC-002,HW-PC-10026,67,157,186,38
INV-604302,2024-09-01,FAC-002,HW-PC-10026,102,296,301,97
INV-604303,2024-10-01,FAC-002,HW-PC-10026,70,264,252,82
INV-604304,2024-11-01,FAC-002,HW-PC-10026,54,201,231,24
INV-604305,2024-12-01,FAC-002,HW-PC-10026,42,172,202,12
INV-604306,2025-01-01,FAC-002,HW-PC-10026,61,176,206,31
INV-604307,2025-02-01,FAC-002,HW-PC-10026,80,187,236,31
INV-604308,2025-03-01,FAC-002,HW-PC-10026,73,178,197,54
INV-604309,2025-04-01,FAC-002,HW-PC-10026,81,186,233,34
INV-604310,2025-05-01,FAC-002,HW-PC-10026,73,201,251,23
INV-604311,2025-06-01,FAC-002,HW-PC-10026,55,208,206,57
INV-604312,2025-07-01,FAC-002,HW-PC-10026,58,155,169,44
INV-604313,2025-08-01,FAC-002,HW-PC-10026,38,133,161,10
INV-604314,2025-09-01,FAC-002,HW-PC-10026,81,272,278,75
INV-604315,2025-10-01,FAC-002,HW-PC-10026,59,246,235,70
INV-604316,2025-11-01,FAC-002,HW-PC-10026,92,206,233,65
INV-604317,2025-12-01,FAC-002,HW-PC-10026,44,159,170,33
INV-604318,2026-01-01,FAC-002,HW-PC-10026,45,167,167,45
INV-604319,2026-02-01,FAC-002,HW-PC-10026,75,199,240,34
INV-604320,2026-03-01,FAC-002,HW-PC-10026,75,177,237,15
INV-604321,2023-04-01,FAC-002,HW-PC-10027,43,132,134,41
INV-604322,2023-05-01,FAC-002,HW-PC-10027,49,142,163,28
INV-604323,2023-06-01,FAC-002,HW-PC-10027,45,137,171,11
INV-604324,2023-07-01,FAC-002,HW-PC-10027,40,112,115,37
INV-604325,2023-08-01,FAC-002,HW-PC-10027,36,107,110,33
INV-604326,2023-09-01,FAC-002,HW-PC-10027,42,173,185,30
INV-604327,2023-10-01,FAC-002,HW-PC-10027,53,215,236,32
INV-604328,2023-11-01,FAC-002,HW-PC-10027,46,131,147,30
INV-604329,2023-12-01,FAC-002,HW-PC-10027,67,151,204,14
INV-604330,2024-01-01,FAC-002,HW-PC-10027,51,123,132,42
INV-604331,2024-02-01,FAC-002,HW-PC-10027,44,164,171,37
INV-604332,2024-03-01,FAC-002,HW-PC-10027,28,127,138,17
INV-604333,2024-04-01,FAC-002,HW-PC-10027,57,164,197,24
INV-604334,2024-05-01,FAC-002,HW-PC-10027,41,156,149,48
INV-604335,2024-06-01,FAC-002,HW-PC-10027,35,123,126,32
INV-604336,2024-07-01,FAC-002,HW-PC-10027,26,107,103,30
INV-604337,2024-08-01,FAC-002,HW-PC-10027,32,138,145,25
INV-604338,2024-09-01,FAC-002,HW-PC-10027,69,208,213,64
INV-604339,2024-10-01,FAC-002,HW-PC-10027,40,191,191,40
INV-604340,2024-11-01,FAC-002,HW-PC-10027,44,131,155,20
INV-604341,2024-12-01,FAC-002,HW-PC-10027,45,146,158,33
INV-604342,2025-01-01,FAC-002,HW-PC-10027,40,159,178,21
INV-604343,2025-02-01,FAC-002,HW-PC-10027,47,156,164,39
INV-604344,2025-03-01,FAC-002,HW-PC-10027,31,143,132,42
INV-604345,2025-04-01,FAC-002,HW-PC-10027,31,128,135,24
INV-604346,2025-05-01,FAC-002,HW-PC-10027,41,160,188,13
INV-604347,2025-06-01,FAC-002,HW-PC-10027,72,164,216,20
INV-604348,2025-07-01,FAC-002,HW-PC-10027,25,118,123,20
INV-604349,2025-08-01,FAC-002,HW-PC-10027,51,125,167,9
INV-604350,2025-09-01,FAC-002,HW-PC-10027,58,203,205,56
INV-604351,2025-10-01,FAC-002,HW-PC-10027,56,172,196,32
INV-604352,2025-11-01,FAC-002,HW-PC-10027,51,159,195,15
INV-604353,2025-12-01,FAC-002,HW-PC-10027,61,150,164,47
INV-604354,2026-01-01,FAC-002,HW-PC-10027,59,160,171,48
INV-604355,2026-02-01,FAC-002,HW-PC-10027,56,131,141,46
INV-604356,2026-03-01,FAC-002,HW-PC-10027,39,143,160,22
INV-604357,2023-04-01,FAC-002,HW-PC-10028,42,138,170,10
INV-604358,2023-05-01,FAC-002,HW-PC-10028,66,157,186,37
INV-604359,2023-06-01,FAC-002,HW-PC-10028,40,133,154,19
INV-604360,2023-07-01,FAC-002,HW-PC-10028,28,108,103,33
INV-604361,2023-08-01,FAC-002,HW-PC-10028,48,120,126,42
INV-604362,2023-09-01,FAC-002,HW-PC-10028,92,213,243,62
INV-604363,2023-10-01,FAC-002,HW-PC-10028,94,214,290,18
INV-604364,2023-11-01,FAC-002,HW-PC-10028,29,133,126,36
INV-604365,2023-12-01,FAC-002,HW-PC-10028,58,153,186,25
INV-604366,2024-01-01,FAC-002,HW-PC-10028,33,137,147,23
INV-604367,2024-02-01,FAC-002,HW-PC-10028,55,144,166,33
INV-604368,2024-03-01,FAC-002,HW-PC-10028,37,137,137,37
INV-604369,2024-04-01,FAC-002,HW-PC-10028,29,134,133,30
INV-604370,2024-05-01,FAC-002,HW-PC-10028,30,124,138,16
INV-604371,2024-06-01,FAC-002,HW-PC-10028,50,137,167,20
INV-604372,2024-07-01,FAC-002,HW-PC-10028,55,126,136,45
INV-604373,2024-08-01,FAC-002,HW-PC-10028,58,132,175,15
INV-604374,2024-09-01,FAC-002,HW-PC-10028,51,182,182,51
INV-604375,2024-10-01,FAC-002,HW-PC-10028,79,209,234,54
INV-604376,2024-11-01,FAC-002,HW-PC-10028,54,146,166,34
INV-604377,2024-12-01,FAC-002,HW-PC-10028,62,160,169,53
INV-604378,2025-01-01,FAC-002,HW-PC-10028,38,150,161,27
INV-604379,2025-02-01,FAC-002,HW-PC-10028,68,164,192,40
INV-604380,2025-03-01,FAC-002,HW-PC-10028,34,135,144,25
INV-604381,2025-04-01,FAC-002,HW-PC-10028,43,128,128,43
INV-604382,2025-05-01,FAC-002,HW-PC-10028,34,137,161,10
INV-604383,2025-06-01,FAC-002,HW-PC-10028,44,154,152,46
INV-604384,2025-07-01,FAC-002,HW-PC-10028,31,123,132,22
INV-604385,2025-08-01,FAC-002,HW-PC-10028,47,135,159,23
INV-604386,2025-09-01,FAC-002,HW-PC-10028,88,205,274,19
INV-604387,2025-10-01,FAC-002,HW-PC-10028,56,203,218,41
INV-604388,2025-11-01,FAC-002,HW-PC-10028,47,131,151,27
INV-604389,2025-12-01,FAC-002,HW-PC-10028,31,127,133,25
INV-604390,2026-01-01,FAC-002,HW-PC-10028,54,161,190,25
INV-604391,2026-02-01,FAC-002,HW-PC-10028,46,137,153,30
INV-604392,2026-03-01,FAC-002,HW-PC-10028,32,151,155,28
INV-604393,2023-04-01,FAC-002,HW-PC-10029,60,137,154,43
INV-604394,2023-05-01,FAC-002,HW-PC-10029,44,136,166,14
INV-604395,2023-06-01,FAC-002,HW-PC-10029,54,141,179,16
INV-604396,2023-07-01,FAC-002,HW-PC-10029,34,116,123,27
INV-604397,2023-08-01,FAC-002,HW-PC-10029,28,135,132,31
INV-604398,2023-09-01,FAC-002,HW-PC-10029,72,213,238,47
INV-604399,2023-10-01,FAC-002,HW-PC-10029,51,205,214,42
INV-604400,2023-11-01,FAC-002,HW-PC-10029,61,145,165,41
INV-604401,2023-12-01,FAC-002,HW-PC-10029,58,161,165,54
INV-604402,2024-01-01,FAC-002,HW-PC-10029,32,154,176,10
INV-604403,2024-02-01,FAC-002,HW-PC-10029,44,161,164,41
INV-604404,2024-03-01,FAC-002,HW-PC-10029,40,139,147,32
INV-604405,2024-04-01,FAC-002,HW-PC-10029,48,137,144,41
INV-604406,2024-05-01,FAC-002,HW-PC-10029,64,160,189,35
INV-604407,2024-06-01,FAC-002,HW-PC-10029,41,160,151,50
INV-604408,2024-07-01,FAC-002,HW-PC-10029,39,127,143,23
INV-604409,2024-08-01,FAC-002,HW-PC-10029,61,138,174,25
INV-604410,2024-09-01,FAC-002,HW-PC-10029,48,219,208,59
INV-604411,2024-10-01,FAC-002,HW-PC-10029,66,217,237,46
INV-604412,2024-11-01,FAC-002,HW-PC-10029,47,136,144,39
INV-604413,2024-12-01,FAC-002,HW-PC-10029,36,150,141,45
INV-604414,2025-01-01,FAC-002,HW-PC-10029,35,137,159,13
INV-604415,2025-02-01,FAC-002,HW-PC-10029,30,125,133,22
INV-604416,2025-03-01,FAC-002,HW-PC-10029,30,144,130,44
INV-604417,2025-04-01,FAC-002,HW-PC-10029,60,166,186,40
INV-604418,2025-05-01,FAC-002,HW-PC-10029,38,143,148,33
INV-604419,2025-06-01,FAC-002,HW-PC-10029,63,151,168,46
INV-604420,2025-07-01,FAC-002,HW-PC-10029,31,135,131,35
INV-604421,2025-08-01,FAC-002,HW-PC-10029,24,106,121,9
INV-604422,2025-09-01,FAC-002,HW-PC-10029,43,200,228,15
INV-604423,2025-10-01,FAC-002,HW-PC-10029,87,226,293,20
INV-604424,2025-11-01,FAC-002,HW-PC-10029,54,132,165,21
INV-604425,2025-12-01,FAC-002,HW-PC-10029,64,161,184,41
INV-604426,2026-01-01,FAC-002,HW-PC-10029,41,156,160,37
INV-604427,2026-02-01,FAC-002,HW-PC-10029,55,127,147,35
INV-604428,2026-03-01,FAC-002,HW-PC-10029,43,145,177,11
INV-604429,2023-04-01,FAC-002,HW-PC-10030,64,157,185,36
INV-604430,2023-05-01,FAC-002,HW-PC-10030,53,139,179,13
INV-604431,2023-06-01,FAC-002,HW-PC-10030,40,156,181,15
INV-604432,2023-07-01,FAC-002,HW-PC-10030,40,119,145,14
INV-604433,2023-08-01,FAC-002,HW-PC-10030,43,111,133,21
INV-604434,2023-09-01,FAC-002,HW-PC-10030,54,226,233,47
INV-604435,2023-10-01,FAC-002,HW-PC-10030,45,223,207,61
INV-604436,2023-11-01,FAC-002,HW-PC-10030,44,166,198,12
INV-604437,2023-12-01,FAC-002,HW-PC-10030,38,131,152,17
INV-604438,2024-01-01,FAC-002,HW-PC-10030,52,151,173,30
INV-604439,2024-02-01,FAC-002,HW-PC-10030,41,159,167,33
INV-604440,2024-03-01,FAC-002,HW-PC-10030,45,130,140,35
INV-604441,2024-04-01,FAC-002,HW-PC-10030,43,137,135,45
INV-604442,2024-05-01,FAC-002,HW-PC-10030,47,127,145,29
INV-604443,2024-06-01,FAC-002,HW-PC-10030,59,160,164,55
INV-604444,2024-07-01,FAC-002,HW-PC-10030,28,127,140,15
INV-604445,2024-08-01,FAC-002,HW-PC-10030,46,141,165,22
INV-604446,2024-09-01,FAC-002,HW-PC-10030,57,187,224,20
INV-604447,2024-10-01,FAC-002,HW-PC-10030,48,182,192,38
INV-604448,2024-11-01,FAC-002,HW-PC-10030,45,154,186,13
INV-604449,2024-12-01,FAC-002,HW-PC-10030,37,127,146,18
INV-604450,2025-01-01,FAC-002,HW-PC-10030,48,133,141,40
INV-604451,2025-02-01,FAC-002,HW-PC-10030,28,125,143,10
INV-604452,2025-03-01,FAC-002,HW-PC-10030,58,147,167,38
INV-604453,2025-04-01,FAC-002,HW-PC-10030,48,149,185,12
INV-604454,2025-05-01,FAC-002,HW-PC-10030,59,155,162,52
INV-604455,2025-06-01,FAC-002,HW-PC-10030,46,147,180,13
INV-604456,2025-07-01,FAC-002,HW-PC-10030,30,114,119,25
INV-604457,2025-08-01,FAC-002,HW-PC-10030,26,113,128,11
INV-604458,2025-09-01,FAC-002,HW-PC-10030,85,206,266,25
INV-604459,2025-10-01,FAC-002,HW-PC-10030,63,189,193,59
INV-604460,2025-11-01,FAC-002,HW-PC-10030,49,163,175,37
INV-604461,2025-12-01,FAC-002,HW-PC-10030,42,136,142,36
INV-604462,2026-01-01,FAC-002,HW-PC-10030,55,139,177,17
INV-604463,2026-02-01,FAC-002,HW-PC-10030,43,136,165,14
INV-604464,2026-03-01,FAC-002,HW-PC-10030,52,125,140,37
INV-604465,2023-04-01,FAC-002,HW-PC-10032,20,50,53,17
INV-604466,2023-05-01,FAC-002,HW-PC-10032,15,47,56,6
INV-604467,2023-06-01,FAC-002,HW-PC-10032,18,45,52,11
INV-604468,2023-07-01,FAC-002,HW-PC-10032,14,38,39,13
INV-604469,2023-08-01,FAC-002,HW-PC-10032,9,42,41,10
INV-604470,2023-09-01,FAC-002,HW-PC-10032,24,72,79,17
INV-604471,2023-10-01,FAC-002,HW-PC-10032,17,68,71,14
INV-604472,2023-11-01,FAC-002,HW-PC-10032,23,56,61,18
INV-604473,2023-12-01,FAC-002,HW-PC-10032,18,42,51,9
INV-604474,2024-01-01,FAC-002,HW-PC-10032,19,50,56,13
INV-604475,2024-02-01,FAC-002,HW-PC-10032,21,49,61,9
INV-604476,2024-03-01,FAC-002,HW-PC-10032,10,44,42,12
INV-604477,2024-04-01,FAC-002,HW-PC-10032,14,54,51,17
INV-604478,2024-05-01,FAC-002,HW-PC-10032,13,56,51,18
INV-604479,2024-06-01,FAC-002,HW-PC-10032,11,46,47,10
INV-604480,2024-07-01,FAC-002,HW-PC-10032,19,47,55,11
INV-604481,2024-08-01,FAC-002,HW-PC-10032,13,41,43,11
INV-604482,2024-09-01,FAC-002,HW-PC-10032,26,60,67,19
INV-604483,2024-10-01,FAC-002,HW-PC-10032,20,63,70,13
INV-604484,2024-11-01,FAC-002,HW-PC-10032,9,42,42,9
INV-604485,2024-12-01,FAC-002,HW-PC-10032,13,52,54,11
INV-604486,2025-01-01,FAC-002,HW-PC-10032,21,50,57,14
INV-604487,2025-02-01,FAC-002,HW-PC-10032,14,44,52,6
INV-604488,2025-03-01,FAC-002,HW-PC-10032,13,44,42,15
INV-604489,2025-04-01,FAC-002,HW-PC-10032,13,43,45,11
INV-604490,2025-05-01,FAC-002,HW-PC-10032,19,55,62,12
INV-604491,2025-06-01,FAC-002,HW-PC-10032,15,48,47,16
INV-604492,2025-07-01,FAC-002,HW-PC-10032,21,47,53,15
INV-604493,2025-08-01,FAC-002,HW-PC-10032,8,37,39,6
INV-604494,2025-09-01,FAC-002,HW-PC-10032,30,73,92,11
INV-604495,2025-10-01,FAC-002,HW-PC-10032,24,68,81,11
INV-604496,2025-11-01,FAC-002,HW-PC-10032,15,50,57,8
INV-604497,2025-12-01,FAC-002,HW-PC-10032,18,50,59,9
INV-604498,2026-01-01,FAC-002,HW-PC-10032,19,53,61,11
INV-604499,2026-02-01,FAC-002,HW-PC-10032,16,52,54,14
INV-604500,2026-03-01,FAC-002,HW-PC-10032,14,42,48,8
INV-604501,2023-04-01,FAC-002,HW-PC-10034,12,48,45,15
INV-604502,2023-05-01,FAC-002,HW-PC-10034,14,54,59,9
INV-604503,2023-06-01,FAC-002,HW-PC-10034,16,52,62,6
INV-604504,2023-07-01,FAC-002,HW-PC-10034,11,41,48,4
INV-604505,2023-08-01,FAC-002,HW-PC-10034,11,47,43,15
INV-604506,2023-09-01,FAC-002,HW-PC-10034,16,61,72,5
INV-604507,2023-10-01,FAC-002,HW-PC-10034,20,71,84,7
INV-604508,2023-11-01,FAC-002,HW-PC-10034,13,49,58,4
INV-604509,2023-12-01,FAC-002,HW-PC-10034,22,55,65,12
INV-604510,2024-01-01,FAC-002,HW-PC-10034,13,54,57,10
INV-604511,2024-02-01,FAC-002,HW-PC-10034,15,57,65,7
INV-604512,2024-03-01,FAC-002,HW-PC-10034,10,49,53,6
INV-604513,2024-04-01,FAC-002,HW-PC-10034,16,45,46,15
INV-604514,2024-05-01,FAC-002,HW-PC-10034,15,56,56,15
INV-604515,2024-06-01,FAC-002,HW-PC-10034,19,44,56,7
INV-604516,2024-07-01,FAC-002,HW-PC-10034,14,45,49,10
INV-604517,2024-08-01,FAC-002,HW-PC-10034,12,37,39,10
INV-604518,2024-09-01,FAC-002,HW-PC-10034,31,80,92,19
INV-604519,2024-10-01,FAC-002,HW-PC-10034,24,62,66,20
INV-604520,2024-11-01,FAC-002,HW-PC-10034,11,45,48,8
INV-604521,2024-12-01,FAC-002,HW-PC-10034,15,54,52,17
INV-604522,2025-01-01,FAC-002,HW-PC-10034,18,49,53,14
INV-604523,2025-02-01,FAC-002,HW-PC-10034,19,45,60,4
INV-604524,2025-03-01,FAC-002,HW-PC-10034,22,57,62,17
INV-604525,2025-04-01,FAC-002,HW-PC-10034,12,45,46,11
INV-604526,2025-05-01,FAC-002,HW-PC-10034,22,56,69,9
INV-604527,2025-06-01,FAC-002,HW-PC-10034,19,45,58,6
INV-604528,2025-07-01,FAC-002,HW-PC-10034,15,38,42,11
INV-604529,2025-08-01,FAC-002,HW-PC-10034,13,37,44,6
INV-604530,2025-09-01,FAC-002,HW-PC-10034,17,61,73,5
INV-604531,2025-10-01,FAC-002,HW-PC-10034,27,73,79,21
INV-604532,2025-11-01,FAC-002,HW-PC-10034,11,43,43,11
INV-604533,2025-12-01,FAC-002,HW-PC-10034,11,46,49,8
INV-604534,2026-01-01,FAC-002,HW-PC-10034,19,47,51,15
INV-604535,2026-02-01,FAC-002,HW-PC-10034,9,49,49,9
INV-604536,2026-03-01,FAC-002,HW-PC-10034,19,43,56,6
INV-604537,2023-04-01,FAC-002,HW-PC-10035,19,57,68,8
INV-604538,2023-05-01,FAC-002,HW-PC-10035,20,59,72,7
INV-604539,2023-06-01,FAC-002,HW-PC-10035,28,71,91,8
INV-604540,2023-07-01,FAC-002,HW-PC-10035,18,63,69,12
INV-604541,2023-08-01,FAC-002,HW-PC-10035,22,60,77,5
INV-604542,2023-09-01,FAC-002,HW-PC-10035,22,78,80,20
INV-604543,2023-10-01,FAC-002,HW-PC-10035,21,85,94,12
INV-604544,2023-11-01,FAC-002,HW-PC-10035,21,57,69,9
INV-604545,2023-12-01,FAC-002,HW-PC-10035,16,61,67,10
INV-604546,2024-01-01,FAC-002,HW-PC-10035,29,71,92,8
INV-604547,2024-02-01,FAC-002,HW-PC-10035,25,75,93,7
INV-604548,2024-03-01,FAC-002,HW-PC-10035,30,72,76,26
INV-604549,2024-04-01,FAC-002,HW-PC-10035,23,75,89,9
INV-604550,2024-05-01,FAC-002,HW-PC-10035,17,58,60,15
INV-604551,2024-06-01,FAC-002,HW-PC-10035,14,61,68,7
INV-604552,2024-07-01,FAC-002,HW-PC-10035,13,47,47,13
INV-604553,2024-08-01,FAC-002,HW-PC-10035,15,57,57,15
INV-604554,2024-09-01,FAC-002,HW-PC-10035,33,92,96,29
INV-604555,2024-10-01,FAC-002,HW-PC-10035,21,83,98,6
INV-604556,2024-11-01,FAC-002,HW-PC-10035,22,63,67,18
INV-604557,2024-12-01,FAC-002,HW-PC-10035,14,65,59,20
INV-604558,2025-01-01,FAC-002,HW-PC-10035,19,65,65,19
INV-604559,2025-02-01,FAC-002,HW-PC-10035,30,69,82,17
INV-604560,2025-03-01,FAC-002,HW-PC-10035,29,68,88,9
INV-604561,2025-04-01,FAC-002,HW-PC-10035,24,65,69,20
INV-604562,2025-05-01,FAC-002,HW-PC-10035,17,66,64,19
INV-604563,2025-06-01,FAC-002,HW-PC-10035,14,64,69,9
INV-604564,2025-07-01,FAC-002,HW-PC-10035,18,55,56,17
INV-604565,2025-08-01,FAC-002,HW-PC-10035,17,50,63,4
INV-604566,2025-09-01,FAC-002,HW-PC-10035,21,81,94,8
INV-604567,2025-10-01,FAC-002,HW-PC-10035,33,80,96,17
INV-604568,2025-11-01,FAC-002,HW-PC-10035,17,64,65,16
INV-604569,2025-12-01,FAC-002,HW-PC-10035,26,62,78,10
INV-604570,2026-01-01,FAC-002,HW-PC-10035,27,69,76,20
INV-604571,2026-02-01,FAC-002,HW-PC-10035,21,68,80,9
INV-604572,2026-03-01,FAC-002,HW-PC-10035,22,62,77,7
INV-604573,2023-04-01,FAC-002,HW-PC-10036,18,57,61,14
INV-604574,2023-05-01,FAC-002,HW-PC-10036,30,69,83,16
INV-604575,2023-06-01,FAC-002,HW-PC-10036,23,65,67,21
INV-604576,2023-07-01,FAC-002,HW-PC-10036,21,51,63,9
INV-604577,2023-08-01,FAC-002,HW-PC-10036,11,47,51,7
INV-604578,2023-09-01,FAC-002,HW-PC-10036,40,99,112,27
INV-604579,2023-10-01,FAC-002,HW-PC-10036,35,104,123,16
INV-604580,2023-11-01,FAC-002,HW-PC-10036,15,67,77,5
INV-604581,2023-12-01,FAC-002,HW-PC-10036,15,58,66,7
INV-604582,2024-01-01,FAC-002,HW-PC-10036,27,68,81,14
INV-604583,2024-02-01,FAC-002,HW-PC-10036,27,63,68,22
INV-604584,2024-03-01,FAC-002,HW-PC-10036,18,73,83,8
INV-604585,2024-04-01,FAC-002,HW-PC-10036,20,58,72,6
INV-604586,2024-05-01,FAC-002,HW-PC-10036,25,65,81,9
INV-604587,2024-06-01,FAC-002,HW-PC-10036,30,70,83,17
INV-604588,2024-07-01,FAC-002,HW-PC-10036,10,50,47,13
INV-604589,2024-08-01,FAC-002,HW-PC-10036,16,50,51,15
INV-604590,2024-09-01,FAC-002,HW-PC-10036,16,79,87,8
INV-604591,2024-10-01,FAC-002,HW-PC-10036,27,94,112,9
INV-604592,2024-11-01,FAC-002,HW-PC-10036,25,57,71,11
INV-604593,2024-12-01,FAC-002,HW-PC-10036,21,59,72,8
INV-604594,2025-01-01,FAC-002,HW-PC-10036,26,64,70,20
INV-604595,2025-02-01,FAC-002,HW-PC-10036,13,61,58,16
INV-604596,2025-03-01,FAC-002,HW-PC-10036,25,60,65,20
INV-604597,2025-04-01,FAC-002,HW-PC-10036,21,64,79,6
INV-604598,2025-05-01,FAC-002,HW-PC-10036,29,75,98,6
INV-604599,2025-06-01,FAC-002,HW-PC-10036,31,71,90,12
INV-604600,2025-07-01,FAC-002,HW-PC-10036,14,49,55,8
INV-604601,2025-08-01,FAC-002,HW-PC-10036,14,53,57,10
INV-604602,2025-09-01,FAC-002,HW-PC-10036,21,104,112,13
INV-604603,2025-10-01,FAC-002,HW-PC-10036,43,98,131,10
INV-604604,2025-11-01,FAC-002,HW-PC-10036,23,71,74,20
INV-604605,2025-12-01,FAC-002,HW-PC-10036,25,66,84,7
INV-604606,2026-01-01,FAC-002,HW-PC-10036,17,71,76,12
INV-604607,2026-02-01,FAC-002,HW-PC-10036,12,62,58,16
INV-604608,2026-03-01,FAC-002,HW-PC-10036,23,58,64,17
INV-604609,2023-04-01,FAC-002,HW-PC-10037,22,75,72,25
INV-604610,2023-05-01,FAC-002,HW-PC-10037,14,61,57,18
INV-604611,2023-06-01,FAC-002,HW-PC-10037,19,57,59,17
INV-604612,2023-07-01,FAC-002,HW-PC-10037,22,53,62,13
INV-604613,2023-08-01,FAC-002,HW-PC-10037,20,63,68,15
INV-604614,2023-09-01,FAC-002,HW-PC-10037,21,99,92,28
INV-604615,2023-10-01,FAC-002,HW-PC-10037,30,96,114,12
INV-604616,2023-11-01,FAC-002,HW-PC-10037,21,74,82,13
INV-604617,2023-12-01,FAC-002,HW-PC-10037,29,66,87,8
INV-604618,2024-01-01,FAC-002,HW-PC-10037,19,74,84,9
INV-604619,2024-02-01,FAC-002,HW-PC-10037,15,61,71,5
INV-604620,2024-03-01,FAC-002,HW-PC-10037,24,56,62,18
INV-604621,2024-04-01,FAC-002,HW-PC-10037,19,72,74,17
INV-604622,2024-05-01,FAC-002,HW-PC-10037,20,60,65,15
INV-604623,2024-06-01,FAC-002,HW-PC-10037,14,69,63,20
INV-604624,2024-07-01,FAC-002,HW-PC-10037,14,49,57,6
INV-604625,2024-08-01,FAC-002,HW-PC-10037,16,62,67,11
INV-604626,2024-09-01,FAC-002,HW-PC-10037,26,99,103,22
INV-604627,2024-10-01,FAC-002,HW-PC-10037,21,93,86,28
INV-604628,2024-11-01,FAC-002,HW-PC-10037,21,59,61,19
INV-604629,2024-12-01,FAC-002,HW-PC-10037,16,59,57,18
INV-604630,2025-01-01,FAC-002,HW-PC-10037,25,59,63,21
INV-604631,2025-02-01,FAC-002,HW-PC-10037,20,69,78,11
INV-604632,2025-03-01,FAC-002,HW-PC-10037,17,67,77,7
INV-604633,2025-04-01,FAC-002,HW-PC-10037,26,65,75,16
INV-604634,2025-05-01,FAC-002,HW-PC-10037,29,75,98,6
INV-604635,2025-06-01,FAC-002,HW-PC-10037,21,66,78,9
INV-604636,2025-07-01,FAC-002,HW-PC-10037,27,62,72,17
INV-604637,2025-08-01,FAC-002,HW-PC-10037,15,61,65,11
INV-604638,2025-09-01,FAC-002,HW-PC-10037,23,83,99,7
INV-604639,2025-10-01,FAC-002,HW-PC-10037,29,82,96,15
INV-604640,2025-11-01,FAC-002,HW-PC-10037,16,58,63,11
INV-604641,2025-12-01,FAC-002,HW-PC-10037,23,59,77,5
INV-604642,2026-01-01,FAC-002,HW-PC-10037,14,60,62,12
INV-604643,2026-02-01,FAC-002,HW-PC-10037,18,70,66,22
INV-604644,2026-03-01,FAC-002,HW-PC-10037,28,66,77,17
INV-604645,2023-04-01,FAC-002,HW-PC-10038,28,75,92,11
INV-604646,2023-05-01,FAC-002,HW-PC-10038,29,67,85,11
INV-604647,2023-06-01,FAC-002,HW-PC-10038,27,73,89,11
INV-604648,2023-07-01,FAC-002,HW-PC-10038,14,52,59,7
INV-604649,2023-08-01,FAC-002,HW-PC-10038,17,52,55,14
INV-604650,2023-09-01,FAC-002,HW-PC-10038,22,101,112,11
INV-604651,2023-10-01,FAC-002,HW-PC-10038,23,95,101,17
INV-604652,2023-11-01,FAC-002,HW-PC-10038,17,61,63,15
INV-604653,2023-12-01,FAC-002,HW-PC-10038,25,57,62,20
INV-604654,2024-01-01,FAC-002,HW-PC-10038,20,69,78,11
INV-604655,2024-02-01,FAC-002,HW-PC-10038,23,63,77,9
INV-604656,2024-03-01,FAC-002,HW-PC-10038,15,69,74,10
INV-604657,2024-04-01,FAC-002,HW-PC-10038,12,61,60,13
INV-604658,2024-05-01,FAC-002,HW-PC-10038,20,64,74,10
INV-604659,2024-06-01,FAC-002,HW-PC-10038,17,62,60,19
INV-604660,2024-07-01,FAC-002,HW-PC-10038,20,59,64,15
INV-604661,2024-08-01,FAC-002,HW-PC-10038,19,59,65,13
INV-604662,2024-09-01,FAC-002,HW-PC-10038,33,92,110,15
INV-604663,2024-10-01,FAC-002,HW-PC-10038,20,86,82,24
INV-604664,2024-11-01,FAC-002,HW-PC-10038,28,68,79,17
INV-604665,2024-12-01,FAC-002,HW-PC-10038,22,59,74,7
INV-604666,2025-01-01,FAC-002,HW-PC-10038,25,73,90,8
INV-604667,2025-02-01,FAC-002,HW-PC-10038,12,56,52,16
INV-604668,2025-03-01,FAC-002,HW-PC-10038,15,70,72,13
INV-604669,2025-04-01,FAC-002,HW-PC-10038,18,65,76,7
INV-604670,2025-05-01,FAC-002,HW-PC-10038,16,59,67,8
INV-604671,2025-06-01,FAC-002,HW-PC-10038,20,56,69,7
INV-604672,2025-07-01,FAC-002,HW-PC-10038,26,63,72,17
INV-604673,2025-08-01,FAC-002,HW-PC-10038,12,57,55,14
INV-604674,2025-09-01,FAC-002,HW-PC-10038,22,81,95,8
INV-604675,2025-10-01,FAC-002,HW-PC-10038,29,88,97,20
INV-604676,2025-11-01,FAC-002,HW-PC-10038,28,65,75,18
INV-604677,2025-12-01,FAC-002,HW-PC-10038,20,68,67,21
INV-604678,2026-01-01,FAC-002,HW-PC-10038,26,65,70,21
INV-604679,2026-02-01,FAC-002,HW-PC-10038,13,57,63,7
INV-604680,2026-03-01,FAC-002,HW-PC-10038,23,70,78,15
INV-604681,2023-04-01,FAC-002,HW-PC-10044,30,71,76,25
INV-604682,2023-05-01,FAC-002,HW-PC-10044,24,55,63,16
INV-604683,2023-06-01,FAC-002,HW-PC-10044,21,71,71,21
INV-604684,2023-07-01,FAC-002,HW-PC-10044,11,47,46,12
INV-604685,2023-08-01,FAC-002,HW-PC-10044,20,54,70,4
INV-604686,2023-09-01,FAC-002,HW-PC-10044,29,88,99,18
INV-604687,2023-10-01,FAC-002,HW-PC-10044,29,90,89,30
INV-604688,2023-11-01,FAC-002,HW-PC-10044,12,54,50,16
INV-604689,2023-12-01,FAC-002,HW-PC-10044,16,67,77,6
INV-604690,2024-01-01,FAC-002,HW-PC-10044,31,72,96,7
INV-604691,2024-02-01,FAC-002,HW-PC-10044,19,59,61,17
INV-604692,2024-03-01,FAC-002,HW-PC-10044,29,69,90,8
INV-604693,2024-04-01,FAC-002,HW-PC-10044,24,62,66,20
INV-604694,2024-05-01,FAC-002,HW-PC-10044,21,55,63,13
INV-604695,2024-06-01,FAC-002,HW-PC-10044,16,73,81,8
INV-604696,2024-07-01,FAC-002,HW-PC-10044,21,54,68,7
INV-604697,2024-08-01,FAC-002,HW-PC-10044,16,61,72,5
INV-604698,2024-09-01,FAC-002,HW-PC-10044,17,80,81,16
INV-604699,2024-10-01,FAC-002,HW-PC-10044,31,98,118,11
INV-604700,2024-11-01,FAC-002,HW-PC-10044,17,68,79,6
INV-604701,2024-12-01,FAC-002,HW-PC-10044,23,55,63,15
INV-604702,2025-01-01,FAC-002,HW-PC-10044,19,64,65,18
INV-604703,2025-02-01,FAC-002,HW-PC-10044,15,61,60,16
INV-604704,2025-03-01,FAC-002,HW-PC-10044,18,57,68,7
INV-604705,2025-04-01,FAC-002,HW-PC-10044,27,65,80,12
INV-604706,2025-05-01,FAC-002,HW-PC-10044,24,67,76,15
INV-604707,2025-06-01,FAC-002,HW-PC-10044,14,67,74,7
INV-604708,2025-07-01,FAC-002,HW-PC-10044,15,58,65,8
INV-604709,2025-08-01,FAC-002,HW-PC-10044,11,46,43,14
INV-604710,2025-09-01,FAC-002,HW-PC-10044,37,97,122,12
INV-604711,2025-10-01,FAC-002,HW-PC-10044,24,76,89,11
INV-604712,2025-11-01,FAC-002,HW-PC-10044,20,57,59,18
INV-604713,2025-12-01,FAC-002,HW-PC-10044,18,57,66,9
INV-604714,2026-01-01,FAC-002,HW-PC-10044,14,57,56,15
INV-604715,2026-02-01,FAC-002,HW-PC-10044,14,58,59,13
INV-604716,2026-03-01,FAC-002,HW-PC-10044,20,66,77,9
INV-604717,2023-04-01,FAC-002,HW-PC-10046,23,55,59,19
INV-604718,2023-05-01,FAC-002,HW-PC-10046,11,57,59,9
INV-604719,2023-06-01,FAC-002,HW-PC-10046,29,65,87,7
INV-604720,2023-07-01,FAC-002,HW-PC-10046,15,52,54,13
INV-604721,2023-08-01,FAC-002,HW-PC-10046,11,48,45,14
INV-604722,2023-09-01,FAC-002,HW-PC-10046,20,79,80,19
INV-604723,2023-10-01,FAC-002,HW-PC-10046,35,102,129,8
INV-604724,2023-11-01,FAC-002,HW-PC-10046,19,61,65,15
INV-604725,2023-12-01,FAC-002,HW-PC-10046,13,57,65,5
INV-604726,2024-01-01,FAC-002,HW-PC-10046,15,73,68,20
INV-604727,2024-02-01,FAC-002,HW-PC-10046,15,62,63,14
INV-604728,2024-03-01,FAC-002,HW-PC-10046,17,56,58,15
INV-604729,2024-04-01,FAC-002,HW-PC-10046,13,61,61,13
INV-604730,2024-05-01,FAC-002,HW-PC-10046,20,73,86,7
INV-604731,2024-06-01,FAC-002,HW-PC-10046,30,70,90,10
INV-604732,2024-07-01,FAC-002,HW-PC-10046,23,57,61,19
INV-604733,2024-08-01,FAC-002,HW-PC-10046,23,53,68,8
INV-604734,2024-09-01,FAC-002,HW-PC-10046,40,102,131,11
INV-604735,2024-10-01,FAC-002,HW-PC-10046,37,95,112,20
INV-604736,2024-11-01,FAC-002,HW-PC-10046,29,72,92,9
INV-604737,2024-12-01,FAC-002,HW-PC-10046,18,67,64,21
INV-604738,2025-01-01,FAC-002,HW-PC-10046,24,72,77,19
INV-604739,2025-02-01,FAC-002,HW-PC-10046,23,57,73,7
INV-604740,2025-03-01,FAC-002,HW-PC-10046,25,70,78,17
INV-604741,2025-04-01,FAC-002,HW-PC-10046,12,60,66,6
INV-604742,2025-05-01,FAC-002,HW-PC-10046,20,56,64,12
INV-604743,2025-06-01,FAC-002,HW-PC-10046,27,64,68,23
INV-604744,2025-07-01,FAC-002,HW-PC-10046,12,58,53,17
INV-604745,2025-08-01,FAC-002,HW-PC-10046,11,53,58,6
INV-604746,2025-09-01,FAC-002,HW-PC-10046,18,90,81,27
INV-604747,2025-10-01,FAC-002,HW-PC-10046,36,92,107,21
INV-604748,2025-11-01,FAC-002,HW-PC-10046,25,65,78,12
INV-604749,2025-12-01,FAC-002,HW-PC-10046,20,58,68,10
INV-604750,2026-01-01,FAC-002,HW-PC-10046,24,68,86,6
INV-604751,2026-02-01,FAC-002,HW-PC-10046,25,58,71,12
INV-604752,2026-03-01,FAC-002,HW-PC-10046,15,67,67,15
INV-604753,2023-04-01,FAC-002,HW-PC-10049,11,50,57,4
INV-604754,2023-05-01,FAC-002,HW-PC-10049,11,55,60,6
INV-604755,2023-06-01,FAC-002,HW-PC-10049,16,56,64,8
INV-604756,2023-07-01,FAC-002,HW-PC-10049,14,41,44,11
INV-604757,2023-08-01,FAC-002,HW-PC-10049,12,40,40,12
INV-604758,2023-09-01,FAC-002,HW-PC-10049,21,76,80,17
INV-604759,2023-10-01,FAC-002,HW-PC-10049,25,78,88,15
INV-604760,2023-11-01,FAC-002,HW-PC-10049,23,56,61,18
INV-604761,2023-12-01,FAC-002,HW-PC-10049,21,49,57,13
INV-604762,2024-01-01,FAC-002,HW-PC-10049,11,48,45,14
INV-604763,2024-02-01,FAC-002,HW-PC-10049,20,53,68,5
INV-604764,2024-03-01,FAC-002,HW-PC-10049,14,54,51,17
INV-604765,2024-04-01,FAC-002,HW-PC-10049,16,57,59,14
INV-604766,2024-05-01,FAC-002,HW-PC-10049,19,56,59,16
INV-604767,2024-06-01,FAC-002,HW-PC-10049,24,55,60,19
INV-604768,2024-07-01,FAC-002,HW-PC-10049,13,47,51,9
INV-604769,2024-08-01,FAC-002,HW-PC-10049,20,47,53,14
INV-604770,2024-09-01,FAC-002,HW-PC-10049,13,63,65,11
INV-604771,2024-10-01,FAC-002,HW-PC-10049,17,59,58,18
INV-604772,2024-11-01,FAC-002,HW-PC-10049,10,48,53,5
INV-604773,2024-12-01,FAC-002,HW-PC-10049,12,45,52,5
INV-604774,2025-01-01,FAC-002,HW-PC-10049,13,53,50,16
INV-604775,2025-02-01,FAC-002,HW-PC-10049,15,53,61,7
INV-604776,2025-03-01,FAC-002,HW-PC-10049,14,49,52,11
INV-604777,2025-04-01,FAC-002,HW-PC-10049,22,53,56,19
INV-604778,2025-05-01,FAC-002,HW-PC-10049,10,50,50,10
INV-604779,2025-06-01,FAC-002,HW-PC-10049,15,55,65,5
INV-604780,2025-07-01,FAC-002,HW-PC-10049,19,44,56,7
INV-604781,2025-08-01,FAC-002,HW-PC-10049,9,37,38,8
INV-604782,2025-09-01,FAC-002,HW-PC-10049,20,63,70,13
INV-604783,2025-10-01,FAC-002,HW-PC-10049,24,79,93,10
INV-604784,2025-11-01,FAC-002,HW-PC-10049,23,56,62,17
INV-604785,2025-12-01,FAC-002,HW-PC-10049,14,49,52,11
INV-604786,2026-01-01,FAC-002,HW-PC-10049,19,47,55,11
INV-604787,2026-02-01,FAC-002,HW-PC-10049,22,50,54,18
INV-604788,2026-03-01,FAC-002,HW-PC-10049,19,49,53,15
INV-604789,2023-04-01,FAC-002,HW-PC-10050,19,46,53,12
INV-604790,2023-05-01,FAC-002,HW-PC-10050,16,47,49,14
INV-604791,2023-06-01,FAC-002,HW-PC-10050,13,46,48,11
INV-604792,2023-07-01,FAC-002,HW-PC-10050,14,42,48,8
INV-604793,2023-08-01,FAC-002,HW-PC-10050,12,44,43,13
INV-604794,2023-09-01,FAC-002,HW-PC-10050,30,75,84,21
INV-604795,2023-10-01,FAC-002,HW-PC-10050,22,68,77,13
INV-604796,2023-11-01,FAC-002,HW-PC-10050,10,52,55,7
INV-604797,2023-12-01,FAC-002,HW-PC-10050,13,43,51,5
INV-604798,2024-01-01,FAC-002,HW-PC-10050,11,49,56,4
INV-604799,2024-02-01,FAC-002,HW-PC-10050,21,55,63,13
INV-604800,2024-03-01,FAC-002,HW-PC-10050,19,45,54,10
INV-604801,2024-04-01,FAC-002,HW-PC-10050,15,55,57,13
INV-604802,2024-05-01,FAC-002,HW-PC-10050,18,57,58,17
INV-604803,2024-06-01,FAC-002,HW-PC-10050,14,45,44,15
INV-604804,2024-07-01,FAC-002,HW-PC-10050,12,42,48,6
INV-604805,2024-08-01,FAC-002,HW-PC-10050,17,40,44,13
INV-604806,2024-09-01,FAC-002,HW-PC-10050,15,71,77,9
INV-604807,2024-10-01,FAC-002,HW-PC-10050,32,80,96,16
INV-604808,2024-11-01,FAC-002,HW-PC-10050,20,49,64,5
INV-604809,2024-12-01,FAC-002,HW-PC-10050,17,57,70,4
INV-604810,2025-01-01,FAC-002,HW-PC-10050,11,44,42,13
INV-604811,2025-02-01,FAC-002,HW-PC-10050,18,46,58,6
INV-604812,2025-03-01,FAC-002,HW-PC-10050,19,54,62,11
INV-604813,2025-04-01,FAC-002,HW-PC-10050,15,53,62,6
INV-604814,2025-05-01,FAC-002,HW-PC-10050,19,52,60,11
INV-604815,2025-06-01,FAC-002,HW-PC-10050,14,55,57,12
INV-604816,2025-07-01,FAC-002,HW-PC-10050,14,46,55,5
INV-604817,2025-08-01,FAC-002,HW-PC-10050,11,40,47,4
INV-604818,2025-09-01,FAC-002,HW-PC-10050,22,69,74,17
INV-604819,2025-10-01,FAC-002,HW-PC-10050,23,65,68,20
INV-604820,2025-11-01,FAC-002,HW-PC-10050,21,55,59,17
INV-604821,2025-12-01,FAC-002,HW-PC-10050,18,52,55,15
INV-604822,2026-01-01,FAC-002,HW-PC-10050,13,46,52,7
INV-604823,2026-02-01,FAC-002,HW-PC-10050,17,52,62,7
INV-604824,2026-03-01,FAC-002,HW-PC-10050,18,53,64,7
INV-604825,2023-04-01,FAC-002,HW-PC-10051,19,55,67,7
INV-604826,2023-05-01,FAC-002,HW-PC-10051,12,50,53,9
INV-604827,2023-06-01,FAC-002,HW-PC-10051,17,48,54,11
INV-604828,2023-07-01,FAC-002,HW-PC-10051,16,46,54,8
INV-604829,2023-08-01,FAC-002,HW-PC-10051,16,38,49,5
INV-604830,2023-09-01,FAC-002,HW-PC-10051,21,76,83,14
INV-604831,2023-10-01,FAC-002,HW-PC-10051,20,62,63,19
INV-604832,2023-11-01,FAC-002,HW-PC-10051,18,50,56,12
INV-604833,2023-12-01,FAC-002,HW-PC-10051,20,49,53,16
INV-604834,2024-01-01,FAC-002,HW-PC-10051,13,54,50,17
INV-604835,2024-02-01,FAC-002,HW-PC-10051,17,45,51,11
INV-604836,2024-03-01,FAC-002,HW-PC-10051,18,55,55,18
INV-604837,2024-04-01,FAC-002,HW-PC-10051,12,53,59,6
INV-604838,2024-05-01,FAC-002,HW-PC-10051,12,45,51,6
INV-604839,2024-06-01,FAC-002,HW-PC-10051,16,56,65,7
INV-604840,2024-07-01,FAC-002,HW-PC-10051,15,38,46,7
INV-604841,2024-08-01,FAC-002,HW-PC-10051,10,38,37,11
INV-604842,2024-09-01,FAC-002,HW-PC-10051,16,67,72,11
INV-604843,2024-10-01,FAC-002,HW-PC-10051,16,80,82,14
INV-604844,2024-11-01,FAC-002,HW-PC-10051,21,51,61,11
INV-604845,2024-12-01,FAC-002,HW-PC-10051,15,50,52,13
INV-604846,2025-01-01,FAC-002,HW-PC-10051,12,43,41,14
INV-604847,2025-02-01,FAC-002,HW-PC-10051,13,50,53,10
INV-604848,2025-03-01,FAC-002,HW-PC-10051,19,44,58,5
INV-604849,2025-04-01,FAC-002,HW-PC-10051,12,45,49,8
INV-604850,2025-05-01,FAC-002,HW-PC-10051,12,43,44,11
INV-604851,2025-06-01,FAC-002,HW-PC-10051,23,56,68,11
INV-604852,2025-07-01,FAC-002,HW-PC-10051,18,42,56,4
INV-604853,2025-08-01,FAC-002,HW-PC-10051,11,48,46,13
INV-604854,2025-09-01,FAC-002,HW-PC-10051,24,73,73,24
INV-604855,2025-10-01,FAC-002,HW-PC-10051,25,60,78,7
INV-604856,2025-11-01,FAC-002,HW-PC-10051,19,47,57,9
INV-604857,2025-12-01,FAC-002,HW-PC-10051,16,54,54,16
INV-604858,2026-01-01,FAC-002,HW-PC-10051,15,49,55,9
INV-604859,2026-02-01,FAC-002,HW-PC-10051,19,44,50,13
INV-604860,2026-03-01,FAC-002,HW-PC-10051,14,45,50,9
INV-604861,2023-04-01,FAC-002,HW-PC-10052,18,56,64,10
INV-604862,2023-05-01,FAC-002,HW-PC-10052,11,55,57,9
INV-604863,2023-06-01,FAC-002,HW-PC-10052,11,57,56,12
INV-604864,2023-07-01,FAC-002,HW-PC-10052,14,49,53,10
INV-604865,2023-08-01,FAC-002,HW-PC-10052,12,50,47,15
INV-604866,2023-09-01,FAC-002,HW-PC-10052,33,80,95,18
INV-604867,2023-10-01,FAC-002,HW-PC-10052,29,73,91,11
INV-604868,2023-11-01,FAC-002,HW-PC-10052,9,48,48,9
INV-604869,2023-12-01,FAC-002,HW-PC-10052,24,57,76,5
INV-604870,2024-01-01,FAC-002,HW-PC-10052,19,57,63,13
INV-604871,2024-02-01,FAC-002,HW-PC-10052,21,56,66,11
INV-604872,2024-03-01,FAC-002,HW-PC-10052,19,45,53,11
INV-604873,2024-04-01,FAC-002,HW-PC-10052,17,49,58,8
INV-604874,2024-05-01,FAC-002,HW-PC-10052,19,47,53,13
INV-604875,2024-06-01,FAC-002,HW-PC-10052,14,47,54,7
INV-604876,2024-07-01,FAC-002,HW-PC-10052,20,50,65,5
INV-604877,2024-08-01,FAC-002,HW-PC-10052,8,39,40,7
INV-604878,2024-09-01,FAC-002,HW-PC-10052,27,68,84,11
INV-604879,2024-10-01,FAC-002,HW-PC-10052,21,83,88,16
INV-604880,2024-11-01,FAC-002,HW-PC-10052,13,52,56,9
INV-604881,2024-12-01,FAC-002,HW-PC-10052,15,51,54,12
INV-604882,2025-01-01,FAC-002,HW-PC-10052,14,44,47,11
INV-604883,2025-02-01,FAC-002,HW-PC-10052,12,44,45,11
INV-604884,2025-03-01,FAC-002,HW-PC-10052,11,50,51,10
INV-604885,2025-04-01,FAC-002,HW-PC-10052,19,55,67,7
INV-604886,2025-05-01,FAC-002,HW-PC-10052,16,51,61,6
INV-604887,2025-06-01,FAC-002,HW-PC-10052,18,50,56,12
INV-604888,2025-07-01,FAC-002,HW-PC-10052,16,43,46,13
INV-604889,2025-08-01,FAC-002,HW-PC-10052,10,42,42,10
INV-604890,2025-09-01,FAC-002,HW-PC-10052,22,66,80,8
INV-604891,2025-10-01,FAC-002,HW-PC-10052,22,79,95,6
INV-604892,2025-11-01,FAC-002,HW-PC-10052,15,53,62,6
INV-604893,2025-12-01,FAC-002,HW-PC-10052,21,55,59,17
INV-604894,2026-01-01,FAC-002,HW-PC-10052,21,51,61,11
INV-604895,2026-02-01,FAC-002,HW-PC-10052,18,54,66,6
INV-604896,2026-03-01,FAC-002,HW-PC-10052,16,48,49,15
INV-604897,2023-04-01,FAC-002,HW-PC-10053,11,55,58,8
INV-604898,2023-05-01,FAC-002,HW-PC-10053,11,50,50,11
INV-604899,2023-06-01,FAC-002,HW-PC-10053,14,47,50,11
INV-604900,2023-07-01,FAC-002,HW-PC-10053,18,47,56,9
INV-604901,2023-08-01,FAC-002,HW-PC-10053,16,37,47,6
INV-604902,2023-09-01,FAC-002,HW-PC-10053,25,62,68,19
INV-604903,2023-10-01,FAC-002,HW-PC-10053,23,74,80,17
INV-604904,2023-11-01,FAC-002,HW-PC-10053,17,58,57,18
INV-604905,2023-12-01,FAC-002,HW-PC-10053,24,58,72,10
INV-604906,2024-01-01,FAC-002,HW-PC-10053,11,51,56,6
INV-604907,2024-02-01,FAC-002,HW-PC-10053,9,45,46,8
INV-604908,2024-03-01,FAC-002,HW-PC-10053,9,46,45,10
INV-604909,2024-04-01,FAC-002,HW-PC-10053,11,46,43,14
INV-604910,2024-05-01,FAC-002,HW-PC-10053,17,47,58,6
INV-604911,2024-06-01,FAC-002,HW-PC-10053,16,51,50,17
INV-604912,2024-07-01,FAC-002,HW-PC-10053,10,38,41,7
INV-604913,2024-08-01,FAC-002,HW-PC-10053,16,47,52,11
INV-604914,2024-09-01,FAC-002,HW-PC-10053,25,64,73,16
INV-604915,2024-10-01,FAC-002,HW-PC-10053,25,77,91,11
INV-604916,2024-11-01,FAC-002,HW-PC-10053,24,58,70,12
INV-604917,2024-12-01,FAC-002,HW-PC-10053,13,52,60,5
INV-604918,2025-01-01,FAC-002,HW-PC-10053,11,51,51,11
INV-604919,2025-02-01,FAC-002,HW-PC-10053,14,46,51,9
INV-604920,2025-03-01,FAC-002,HW-PC-10053,10,49,55,4
INV-604921,2025-04-01,FAC-002,HW-PC-10053,22,56,64,14
INV-604922,2025-05-01,FAC-002,HW-PC-10053,17,56,57,16
INV-604923,2025-06-01,FAC-002,HW-PC-10053,13,46,45,14
INV-604924,2025-07-01,FAC-002,HW-PC-10053,10,50,50,10
INV-604925,2025-08-01,FAC-002,HW-PC-10053,11,43,46,8
INV-604926,2025-09-01,FAC-002,HW-PC-10053,25,65,73,17
INV-604927,2025-10-01,FAC-002,HW-PC-10053,28,74,94,8
INV-604928,2025-11-01,FAC-002,HW-PC-10053,20,57,63,14
INV-604929,2025-12-01,FAC-002,HW-PC-10053,20,52,66,6
INV-604930,2026-01-01,FAC-002,HW-PC-10053,13,45,52,6
INV-604931,2026-02-01,FAC-002,HW-PC-10053,14,50,53,11
INV-604932,2026-03-01,FAC-002,HW-PC-10053,23,53,64,12
INV-604933,2023-04-01,FAC-002,HW-PC-10054,9,46,47,8
INV-604934,2023-05-01,FAC-002,HW-PC-10054,13,52,57,8
INV-604935,2023-06-01,FAC-002,HW-PC-10054,14,55,56,13
INV-604936,2023-07-01,FAC-002,HW-PC-10054,14,50,57,7
INV-604937,2023-08-01,FAC-002,HW-PC-10054,17,43,54,6
INV-604938,2023-09-01,FAC-002,HW-PC-10054,31,76,100,7
INV-604939,2023-10-01,FAC-002,HW-PC-10054,19,74,77,16
INV-604940,2023-11-01,FAC-002,HW-PC-10054,20,56,59,17
INV-604941,2023-12-01,FAC-002,HW-PC-10054,16,44,48,12
INV-604942,2024-01-01,FAC-002,HW-PC-10054,19,51,60,10
INV-604943,2024-02-01,FAC-002,HW-PC-10054,11,45,44,12
INV-604944,2024-03-01,FAC-002,HW-PC-10054,16,48,54,10
INV-604945,2024-04-01,FAC-002,HW-PC-10054,10,47,44,13
INV-604946,2024-05-01,FAC-002,HW-PC-10054,18,59,71,6
INV-604947,2024-06-01,FAC-002,HW-PC-10054,18,57,66,9
INV-604948,2024-07-01,FAC-002,HW-PC-10054,14,40,43,11
INV-604949,2024-08-01,FAC-002,HW-PC-10054,10,48,52,6
INV-604950,2024-09-01,FAC-002,HW-PC-10054,26,64,72,18
INV-604951,2024-10-01,FAC-002,HW-PC-10054,24,76,82,18
INV-604952,2024-11-01,FAC-002,HW-PC-10054,23,54,58,19
INV-604953,2024-12-01,FAC-002,HW-PC-10054,20,58,71,7
INV-604954,2025-01-01,FAC-002,HW-PC-10054,15,50,60,5
INV-604955,2025-02-01,FAC-002,HW-PC-10054,16,50,49,17
INV-604956,2025-03-01,FAC-002,HW-PC-10054,16,46,55,7
INV-604957,2025-04-01,FAC-002,HW-PC-10054,12,53,54,11
INV-604958,2025-05-01,FAC-002,HW-PC-10054,15,49,59,5
INV-604959,2025-06-01,FAC-002,HW-PC-10054,12,56,63,5
INV-604960,2025-07-01,FAC-002,HW-PC-10054,16,43,45,14
INV-604961,2025-08-01,FAC-002,HW-PC-10054,11,46,47,10
INV-604962,2025-09-01,FAC-002,HW-PC-10054,14,62,58,18
INV-604963,2025-10-01,FAC-002,HW-PC-10054,15,67,72,10
INV-604964,2025-11-01,FAC-002,HW-PC-10054,15,44,45,14
INV-604965,2025-12-01,FAC-002,HW-PC-10054,25,58,65,18
INV-604966,2026-01-01,FAC-002,HW-PC-10054,10,53,58,5
INV-604967,2026-02-01,FAC-002,HW-PC-10054,10,52,50,12
INV-604968,2026-03-01,FAC-002,HW-PC-10054,13,45,51,7
INV-604969,2023-04-01,FAC-002,HW-PC-10055,20,88,86,22
INV-604970,2023-05-01,FAC-002,HW-PC-10055,32,80,87,25
INV-604971,2023-06-01,FAC-002,HW-PC-10055,26,94,95,25
INV-604972,2023-07-01,FAC-002,HW-PC-10055,25,81,87,19
INV-604973,2023-08-01,FAC-002,HW-PC-10055,25,80,85,20
INV-604974,2023-09-01,FAC-002,HW-PC-10055,48,131,135,44
INV-604975,2023-10-01,FAC-002,HW-PC-10055,27,127,121,33
INV-604976,2023-11-01,FAC-002,HW-PC-10055,38,93,121,10
INV-604977,2023-12-01,FAC-002,HW-PC-10055,24,80,90,14
INV-604978,2024-01-01,FAC-002,HW-PC-10055,32,82,102,12
INV-604979,2024-02-01,FAC-002,HW-PC-10055,20,103,97,26
INV-604980,2024-03-01,FAC-002,HW-PC-10055,37,101,128,10
INV-604981,2024-04-01,FAC-002,HW-PC-10055,27,79,91,15
INV-604982,2024-05-01,FAC-002,HW-PC-10055,25,79,90,14
INV-604983,2024-06-01,FAC-002,HW-PC-10055,22,83,92,13
INV-604984,2024-07-01,FAC-002,HW-PC-10055,31,77,88,20
INV-604985,2024-08-01,FAC-002,HW-PC-10055,32,72,96,8
INV-604986,2024-09-01,FAC-002,HW-PC-10055,43,110,118,35
INV-604987,2024-10-01,FAC-002,HW-PC-10055,29,110,111,28
INV-604988,2024-11-01,FAC-002,HW-PC-10055,37,100,129,8
INV-604989,2024-12-01,FAC-002,HW-PC-10055,29,97,112,14
INV-604990,2025-01-01,FAC-002,HW-PC-10055,39,105,129,15
INV-604991,2025-02-01,FAC-002,HW-PC-10055,23,104,113,14
INV-604992,2025-03-01,FAC-002,HW-PC-10055,44,101,114,31
INV-604993,2025-04-01,FAC-002,HW-PC-10055,34,92,100,26
INV-604994,2025-05-01,FAC-002,HW-PC-10055,24,94,96,22
INV-604995,2025-06-01,FAC-002,HW-PC-10055,29,90,99,20
INV-604996,2025-07-01,FAC-002,HW-PC-10055,21,78,77,22
INV-604997,2025-08-01,FAC-002,HW-PC-10055,16,67,71,12
INV-604998,2025-09-01,FAC-002,HW-PC-10055,33,139,132,40
INV-604999,2025-10-01,FAC-002,HW-PC-10055,38,138,165,11
INV-605000,2025-11-01,FAC-002,HW-PC-10055,27,97,100,24
INV-605001,2025-12-01,FAC-002,HW-PC-10055,20,92,86,26
INV-605002,2026-01-01,FAC-002,HW-PC-10055,32,83,98,17
INV-605003,2026-02-01,FAC-002,HW-PC-10055,28,78,88,18
INV-605004,2026-03-01,FAC-002,HW-PC-10055,23,92,98,17
INV-605005,2023-04-01,FAC-002,HW-PC-10056,21,80,80,21
INV-605006,2023-05-01,FAC-002,HW-PC-10056,25,85,100,10
INV-605007,2023-06-01,FAC-002,HW-PC-10056,25,103,109,19
INV-605008,2023-07-01,FAC-002,HW-PC-10056,26,81,89,18
INV-605009,2023-08-01,FAC-002,HW-PC-10056,22,70,76,16
INV-605010,2023-09-01,FAC-002,HW-PC-10056,54,140,150,44
INV-605011,2023-10-01,FAC-002,HW-PC-10056,47,112,136,23
INV-605012,2023-11-01,FAC-002,HW-PC-10056,21,101,104,18
INV-605013,2023-12-01,FAC-002,HW-PC-10056,38,93,100,31
INV-605014,2024-01-01,FAC-002,HW-PC-10056,25,84,100,9
INV-605015,2024-02-01,FAC-002,HW-PC-10056,46,104,141,9
INV-605016,2024-03-01,FAC-002,HW-PC-10056,16,78,73,21
INV-605017,2024-04-01,FAC-002,HW-PC-10056,35,87,113,9
INV-605018,2024-05-01,FAC-002,HW-PC-10056,29,83,104,8
INV-605019,2024-06-01,FAC-002,HW-PC-10056,20,90,92,18
INV-605020,2024-07-01,FAC-002,HW-PC-10056,25,75,83,17
INV-605021,2024-08-01,FAC-002,HW-PC-10056,29,66,81,14
INV-605022,2024-09-01,FAC-002,HW-PC-10056,55,127,142,40
INV-605023,2024-10-01,FAC-002,HW-PC-10056,46,116,129,33
INV-605024,2024-11-01,FAC-002,HW-PC-10056,26,100,95,31
INV-605025,2024-12-01,FAC-002,HW-PC-10056,22,92,102,12
INV-605026,2025-01-01,FAC-002,HW-PC-10056,40,95,122,13
INV-605027,2025-02-01,FAC-002,HW-PC-10056,33,83,101,15
INV-605028,2025-03-01,FAC-002,HW-PC-10056,39,96,116,19
INV-605029,2025-04-01,FAC-002,HW-PC-10056,32,91,99,24
INV-605030,2025-05-01,FAC-002,HW-PC-10056,29,83,89,23
INV-605031,2025-06-01,FAC-002,HW-PC-10056,16,80,83,13
INV-605032,2025-07-01,FAC-002,HW-PC-10056,28,74,84,18
INV-605033,2025-08-01,FAC-002,HW-PC-10056,23,77,88,12
INV-605034,2025-09-01,FAC-002,HW-PC-10056,54,123,165,12
INV-605035,2025-10-01,FAC-002,HW-PC-10056,61,142,170,33
INV-605036,2025-11-01,FAC-002,HW-PC-10056,35,93,113,15
INV-605037,2025-12-01,FAC-002,HW-PC-10056,38,102,132,8
INV-605038,2026-01-01,FAC-002,HW-PC-10056,35,87,108,14
INV-605039,2026-02-01,FAC-002,HW-PC-10056,27,97,112,12
INV-605040,2026-03-01,FAC-002,HW-PC-10056,26,103,112,17
INV-605041,2023-04-01,FAC-002,HW-PC-10057,72,227,237,62
INV-605042,2023-05-01,FAC-002,HW-PC-10057,69,190,198,61
INV-605043,2023-06-01,FAC-002,HW-PC-10057,88,204,268,24
INV-605044,2023-07-01,FAC-002,HW-PC-10057,65,146,187,24
INV-605045,2023-08-01,FAC-002,HW-PC-10057,30,151,141,40
INV-605046,2023-09-01,FAC-002,HW-PC-10057,62,305,292,75
INV-605047,2023-10-01,FAC-002,HW-PC-10057,103,298,363,38
INV-605048,2023-11-01,FAC-002,HW-PC-10057,45,212,238,19
INV-605049,2023-12-01,FAC-002,HW-PC-10057,61,181,212,30
INV-605050,2024-01-01,FAC-002,HW-PC-10057,79,178,217,40
INV-605051,2024-02-01,FAC-002,HW-PC-10057,74,171,212,33
INV-605052,2024-03-01,FAC-002,HW-PC-10057,69,209,254,24
INV-605053,2024-04-01,FAC-002,HW-PC-10057,45,170,181,34
INV-605054,2024-05-01,FAC-002,HW-PC-10057,64,172,195,41
INV-605055,2024-06-01,FAC-002,HW-PC-10057,36,184,196,24
INV-605056,2024-07-01,FAC-002,HW-PC-10057,55,185,207,33
INV-605057,2024-08-01,FAC-002,HW-PC-10057,54,154,156,52
INV-605058,2024-09-01,FAC-002,HW-PC-10057,99,276,350,25
INV-605059,2024-10-01,FAC-002,HW-PC-10057,104,267,322,49
INV-605060,2024-11-01,FAC-002,HW-PC-10057,66,223,235,54
INV-605061,2024-12-01,FAC-002,HW-PC-10057,46,220,206,60
INV-605062,2025-01-01,FAC-002,HW-PC-10057,71,173,183,61
INV-605063,2025-02-01,FAC-002,HW-PC-10057,68,219,215,72
INV-605064,2025-03-01,FAC-002,HW-PC-10057,47,192,209,30
INV-605065,2025-04-01,FAC-002,HW-PC-10057,66,208,207,67
INV-605066,2025-05-01,FAC-002,HW-PC-10057,84,207,260,31
INV-605067,2025-06-01,FAC-002,HW-PC-10057,54,217,251,20
INV-605068,2025-07-01,FAC-002,HW-PC-10057,32,159,175,16
INV-605069,2025-08-01,FAC-002,HW-PC-10057,69,190,206,53
INV-605070,2025-09-01,FAC-002,HW-PC-10057,81,256,313,24
INV-605071,2025-10-01,FAC-002,HW-PC-10057,100,248,281,67
INV-605072,2025-11-01,FAC-002,HW-PC-10057,92,216,257,51
INV-605073,2025-12-01,FAC-002,HW-PC-10057,75,189,225,39
INV-605074,2026-01-01,FAC-002,HW-PC-10057,73,208,219,62
INV-605075,2026-02-01,FAC-002,HW-PC-10057,54,218,254,18
INV-605076,2026-03-01,FAC-002,HW-PC-10057,70,183,204,49
INV-605077,2023-04-01,FAC-002,HW-PC-10058,71,186,221,36
INV-605078,2023-05-01,FAC-002,HW-PC-10058,60,220,248,32
INV-605079,2023-06-01,FAC-002,HW-PC-10058,50,213,218,45
INV-605080,2023-07-01,FAC-002,HW-PC-10058,48,167,175,40
INV-605081,2023-08-01,FAC-002,HW-PC-10058,44,177,197,24
INV-605082,2023-09-01,FAC-002,HW-PC-10058,106,313,365,54
INV-605083,2023-10-01,FAC-002,HW-PC-10058,100,241,275,66
INV-605084,2023-11-01,FAC-002,HW-PC-10058,90,204,255,39
INV-605085,2023-12-01,FAC-002,HW-PC-10058,65,211,210,66
INV-605086,2024-01-01,FAC-002,HW-PC-10058,44,215,230,29
INV-605087,2024-02-01,FAC-002,HW-PC-10058,70,169,186,53
INV-605088,2024-03-01,FAC-002,HW-PC-10058,69,198,224,43
INV-605089,2024-04-01,FAC-002,HW-PC-10058,59,188,200,47
INV-605090,2024-05-01,FAC-002,HW-PC-10058,56,194,215,35
INV-605091,2024-06-01,FAC-002,HW-PC-10058,81,182,223,40
INV-605092,2024-07-01,FAC-002,HW-PC-10058,48,152,184,16
INV-605093,2024-08-01,FAC-002,HW-PC-10058,53,144,169,28
INV-605094,2024-09-01,FAC-002,HW-PC-10058,100,249,287,62
INV-605095,2024-10-01,FAC-002,HW-PC-10058,105,260,320,45
INV-605096,2024-11-01,FAC-002,HW-PC-10058,79,221,269,31
INV-605097,2024-12-01,FAC-002,HW-PC-10058,46,217,238,25
INV-605098,2025-01-01,FAC-002,HW-PC-10058,44,204,211,37
INV-605099,2025-02-01,FAC-002,HW-PC-10058,66,173,205,34
INV-605100,2025-03-01,FAC-002,HW-PC-10058,55,224,243,36
INV-605101,2025-04-01,FAC-002,HW-PC-10058,63,180,217,26
INV-605102,2025-05-01,FAC-002,HW-PC-10058,85,211,272,24
INV-605103,2025-06-01,FAC-002,HW-PC-10058,49,172,196,25
INV-605104,2025-07-01,FAC-002,HW-PC-10058,41,168,179,30
INV-605105,2025-08-01,FAC-002,HW-PC-10058,48,163,192,19
INV-605106,2025-09-01,FAC-002,HW-PC-10058,55,269,246,78
INV-605107,2025-10-01,FAC-002,HW-PC-10058,134,306,390,50
INV-605108,2025-11-01,FAC-002,HW-PC-10058,82,189,239,32
INV-605109,2025-12-01,FAC-002,HW-PC-10058,85,218,250,53
INV-605110,2026-01-01,FAC-002,HW-PC-10058,48,196,197,47
INV-605111,2026-02-01,FAC-002,HW-PC-10058,90,214,272,32
INV-605112,2026-03-01,FAC-002,HW-PC-10058,43,195,181,57
INV-605113,2023-04-01,FAC-002,HW-PC-10059,68,195,197,66
INV-605114,2023-05-01,FAC-002,HW-PC-10059,66,227,269,24
INV-605115,2023-06-01,FAC-002,HW-PC-10059,46,200,223,23
INV-605116,2023-07-01,FAC-002,HW-PC-10059,59,178,202,35
INV-605117,2023-08-01,FAC-002,HW-PC-10059,53,147,186,14
INV-605118,2023-09-01,FAC-002,HW-PC-10059,64,243,285,22
INV-605119,2023-10-01,FAC-002,HW-PC-10059,94,259,302,51
INV-605120,2023-11-01,FAC-002,HW-PC-10059,61,203,213,51
INV-605121,2023-12-01,FAC-002,HW-PC-10059,66,171,213,24
INV-605122,2024-01-01,FAC-002,HW-PC-10059,75,208,226,57
INV-605123,2024-02-01,FAC-002,HW-PC-10059,67,169,200,36
INV-605124,2024-03-01,FAC-002,HW-PC-10059,41,186,173,54
INV-605125,2024-04-01,FAC-002,HW-PC-10059,75,189,246,18
INV-605126,2024-05-01,FAC-002,HW-PC-10059,95,221,294,22
INV-605127,2024-06-01,FAC-002,HW-PC-10059,50,199,226,23
INV-605128,2024-07-01,FAC-002,HW-PC-10059,40,153,153,40
INV-605129,2024-08-01,FAC-002,HW-PC-10059,47,169,168,48
INV-605130,2024-09-01,FAC-002,HW-PC-10059,114,273,334,53
INV-605131,2024-10-01,FAC-002,HW-PC-10059,76,308,300,84
INV-605132,2024-11-01,FAC-002,HW-PC-10059,63,202,233,32
INV-605133,2024-12-01,FAC-002,HW-PC-10059,83,215,279,19
INV-605134,2025-01-01,FAC-002,HW-PC-10059,48,191,205,34
INV-605135,2025-02-01,FAC-002,HW-PC-10059,47,174,174,47
INV-605136,2025-03-01,FAC-002,HW-PC-10059,43,191,176,58
INV-605137,2025-04-01,FAC-002,HW-PC-10059,72,207,248,31
INV-605138,2025-05-01,FAC-002,HW-PC-10059,47,207,205,49
INV-605139,2025-06-01,FAC-002,HW-PC-10059,71,175,221,25
INV-605140,2025-07-01,FAC-002,HW-PC-10059,43,153,184,12
INV-605141,2025-08-01,FAC-002,HW-PC-10059,69,173,194,48
INV-605142,2025-09-01,FAC-002,HW-PC-10059,100,253,313,40
INV-605143,2025-10-01,FAC-002,HW-PC-10059,98,292,336,54
INV-605144,2025-11-01,FAC-002,HW-PC-10059,56,212,219,49
INV-605145,2025-12-01,FAC-002,HW-PC-10059,60,220,240,40
INV-605146,2026-01-01,FAC-002,HW-PC-10059,94,210,254,50
INV-605147,2026-02-01,FAC-002,HW-PC-10059,79,193,247,25
INV-605148,2026-03-01,FAC-002,HW-PC-10059,66,211,225,52
INV-605149,2023-04-01,FAC-002,HW-PC-10060,92,220,240,72
INV-605150,2023-05-01,FAC-002,HW-PC-10060,61,193,240,14
INV-605151,2023-06-01,FAC-002,HW-PC-10060,62,208,203,67
INV-605152,2023-07-01,FAC-002,HW-PC-10060,38,171,191,18
INV-605153,2023-08-01,FAC-002,HW-PC-10060,57,181,198,40
INV-605154,2023-09-01,FAC-002,HW-PC-10060,84,310,315,79
INV-605155,2023-10-01,FAC-002,HW-PC-10060,125,313,400,38
INV-605156,2023-11-01,FAC-002,HW-PC-10060,42,179,166,55
INV-605157,2023-12-01,FAC-002,HW-PC-10060,71,182,201,52
INV-605158,2024-01-01,FAC-002,HW-PC-10060,55,211,220,46
INV-605159,2024-02-01,FAC-002,HW-PC-10060,59,226,235,50
INV-605160,2024-03-01,FAC-002,HW-PC-10060,42,186,193,35
INV-605161,2024-04-01,FAC-002,HW-PC-10060,71,190,238,23
INV-605162,2024-05-01,FAC-002,HW-PC-10060,41,200,210,31
INV-605163,2024-06-01,FAC-002,HW-PC-10060,60,171,204,27
INV-605164,2024-07-01,FAC-002,HW-PC-10060,61,153,199,15
INV-605165,2024-08-01,FAC-002,HW-PC-10060,50,184,202,32
INV-605166,2024-09-01,FAC-002,HW-PC-10060,87,311,363,35
INV-605167,2024-10-01,FAC-002,HW-PC-10060,47,236,255,28
INV-605168,2024-11-01,FAC-002,HW-PC-10060,84,213,277,20
INV-605169,2024-12-01,FAC-002,HW-PC-10060,45,175,204,16
INV-605170,2025-01-01,FAC-002,HW-PC-10060,65,178,208,35
INV-605171,2025-02-01,FAC-002,HW-PC-10060,46,173,187,32
INV-605172,2025-03-01,FAC-002,HW-PC-10060,82,218,262,38
INV-605173,2025-04-01,FAC-002,HW-PC-10060,54,197,194,57
INV-605174,2025-05-01,FAC-002,HW-PC-10060,39,192,183,48
INV-605175,2025-06-01,FAC-002,HW-PC-10060,58,193,190,61
INV-605176,2025-07-01,FAC-002,HW-PC-10060,58,172,176,54
INV-605177,2025-08-01,FAC-002,HW-PC-10060,42,190,213,19
INV-605178,2025-09-01,FAC-002,HW-PC-10060,98,235,251,82
INV-605179,2025-10-01,FAC-002,HW-PC-10060,86,298,344,40
INV-605180,2025-11-01,FAC-002,HW-PC-10060,41,192,210,23
INV-605181,2025-12-01,FAC-002,HW-PC-10060,74,172,187,59
INV-605182,2026-01-01,FAC-002,HW-PC-10060,74,196,223,47
INV-605183,2026-02-01,FAC-002,HW-PC-10060,70,181,227,24
INV-605184,2026-03-01,FAC-002,HW-PC-10060,65,223,245,43
INV-605185,2023-04-01,FAC-002,HW-PC-10061,70,183,206,47
INV-605186,2023-05-01,FAC-002,HW-PC-10061,58,193,224,27
INV-605187,2023-06-01,FAC-002,HW-PC-10061,81,222,255,48
INV-605188,2023-07-01,FAC-002,HW-PC-10061,65,182,188,59
INV-605189,2023-08-01,FAC-002,HW-PC-10061,30,147,148,29
INV-605190,2023-09-01,FAC-002,HW-PC-10061,84,304,320,68
INV-605191,2023-10-01,FAC-002,HW-PC-10061,127,311,386,52
INV-605192,2023-11-01,FAC-002,HW-PC-10061,42,184,170,56
INV-605193,2023-12-01,FAC-002,HW-PC-10061,47,174,190,31
INV-605194,2024-01-01,FAC-002,HW-PC-10061,40,172,166,46
INV-605195,2024-02-01,FAC-002,HW-PC-10061,72,205,238,39
INV-605196,2024-03-01,FAC-002,HW-PC-10061,53,183,181,55
INV-605197,2024-04-01,FAC-002,HW-PC-10061,76,181,243,14
INV-605198,2024-05-01,FAC-002,HW-PC-10061,88,206,258,36
INV-605199,2024-06-01,FAC-002,HW-PC-10061,76,170,189,57
INV-605200,2024-07-01,FAC-002,HW-PC-10061,46,177,184,39
INV-605201,2024-08-01,FAC-002,HW-PC-10061,54,175,183,46
INV-605202,2024-09-01,FAC-002,HW-PC-10061,75,263,318,20
INV-605203,2024-10-01,FAC-002,HW-PC-10061,95,302,313,84
INV-605204,2024-11-01,FAC-002,HW-PC-10061,51,216,211,56
INV-605205,2024-12-01,FAC-002,HW-PC-10061,79,190,208,61
INV-605206,2025-01-01,FAC-002,HW-PC-10061,56,175,186,45
INV-605207,2025-02-01,FAC-002,HW-PC-10061,63,202,221,44
INV-605208,2025-03-01,FAC-002,HW-PC-10061,40,174,195,19
INV-605209,2025-04-01,FAC-002,HW-PC-10061,56,220,213,63
INV-605210,2025-05-01,FAC-002,HW-PC-10061,60,171,206,25
INV-605211,2025-06-01,FAC-002,HW-PC-10061,70,190,232,28
INV-605212,2025-07-01,FAC-002,HW-PC-10061,41,190,182,49
INV-605213,2025-08-01,FAC-002,HW-PC-10061,60,146,187,19
INV-605214,2025-09-01,FAC-002,HW-PC-10061,62,283,277,68
INV-605215,2025-10-01,FAC-002,HW-PC-10061,88,260,278,70
INV-605216,2025-11-01,FAC-002,HW-PC-10061,65,172,191,46
INV-605217,2025-12-01,FAC-002,HW-PC-10061,45,195,218,22
INV-605218,2026-01-01,FAC-002,HW-PC-10061,85,201,242,44
INV-605219,2026-02-01,FAC-002,HW-PC-10061,94,224,275,43
INV-605220,2026-03-01,FAC-002,HW-PC-10061,62,223,234,51
INV-605221,2023-04-01,FAC-002,HW-PC-10062,77,203,253,27
INV-605222,2023-05-01,FAC-002,HW-PC-10062,55,177,182,50
INV-605223,2023-06-01,FAC-002,HW-PC-10062,49,207,238,18
INV-605224,2023-07-01,FAC-002,HW-PC-10062,42,154,180,16
INV-605225,2023-08-01,FAC-002,HW-PC-10062,34,166,169,31
INV-605226,2023-09-01,FAC-002,HW-PC-10062,108,242,303,47
INV-605227,2023-10-01,FAC-002,HW-PC-10062,87,256,262,81
INV-605228,2023-11-01,FAC-002,HW-PC-10062,92,215,283,24
INV-605229,2023-12-01,FAC-002,HW-PC-10062,52,188,181,59
INV-605230,2024-01-01,FAC-002,HW-PC-10062,68,206,230,44
INV-605231,2024-02-01,FAC-002,HW-PC-10062,53,222,206,69
INV-605232,2024-03-01,FAC-002,HW-PC-10062,44,172,163,53
INV-605233,2024-04-01,FAC-002,HW-PC-10062,55,198,198,55
INV-605234,2024-05-01,FAC-002,HW-PC-10062,53,212,235,30
INV-605235,2024-06-01,FAC-002,HW-PC-10062,61,189,234,16
INV-605236,2024-07-01,FAC-002,HW-PC-10062,46,144,174,16
INV-605237,2024-08-01,FAC-002,HW-PC-10062,46,172,180,38
INV-605238,2024-09-01,FAC-002,HW-PC-10062,123,292,314,101
INV-605239,2024-10-01,FAC-002,HW-PC-10062,67,241,245,63
INV-605240,2024-11-01,FAC-002,HW-PC-10062,46,184,181,49
INV-605241,2024-12-01,FAC-002,HW-PC-10062,76,176,196,56
INV-605242,2025-01-01,FAC-002,HW-PC-10062,47,180,212,15
INV-605243,2025-02-01,FAC-002,HW-PC-10062,84,213,228,69
INV-605244,2025-03-01,FAC-002,HW-PC-10062,65,217,226,56
INV-605245,2025-04-01,FAC-002,HW-PC-10062,81,202,256,27
INV-605246,2025-05-01,FAC-002,HW-PC-10062,95,221,252,64
INV-605247,2025-06-01,FAC-002,HW-PC-10062,39,193,214,18
INV-605248,2025-07-01,FAC-002,HW-PC-10062,62,150,172,40
INV-605249,2025-08-01,FAC-002,HW-PC-10062,33,161,158,36
INV-605250,2025-09-01,FAC-002,HW-PC-10062,63,309,309,63
INV-605251,2025-10-01,FAC-002,HW-PC-10062,69,238,240,67
INV-605252,2025-11-01,FAC-002,HW-PC-10062,76,183,216,43
INV-605253,2025-12-01,FAC-002,HW-PC-10062,63,184,192,55
INV-605254,2026-01-01,FAC-002,HW-PC-10062,61,183,194,50
INV-605255,2026-02-01,FAC-002,HW-PC-10062,67,208,248,27
INV-605256,2026-03-01,FAC-002,HW-PC-10062,51,224,224,51
INV-605257,2023-04-01,FAC-002,HW-PC-10063,71,177,223,25
INV-605258,2023-05-01,FAC-002,HW-PC-10063,65,197,199,63
INV-605259,2023-06-01,FAC-002,HW-PC-10063,79,201,242,38
INV-605260,2023-07-01,FAC-002,HW-PC-10063,57,156,175,38
INV-605261,2023-08-01,FAC-002,HW-PC-10063,54,170,185,39
INV-605262,2023-09-01,FAC-002,HW-PC-10063,124,295,314,105
INV-605263,2023-10-01,FAC-002,HW-PC-10063,102,313,369,46
INV-605264,2023-11-01,FAC-002,HW-PC-10063,69,219,264,24
INV-605265,2023-12-01,FAC-002,HW-PC-10063,42,178,193,27
INV-605266,2024-01-01,FAC-002,HW-PC-10063,92,219,273,38
INV-605267,2024-02-01,FAC-002,HW-PC-10063,56,199,241,14
INV-605268,2024-03-01,FAC-002,HW-PC-10063,72,187,221,38
INV-605269,2024-04-01,FAC-002,HW-PC-10063,60,204,248,16
INV-605270,2024-05-01,FAC-002,HW-PC-10063,87,202,217,72
INV-605271,2024-06-01,FAC-002,HW-PC-10063,76,202,249,29
INV-605272,2024-07-01,FAC-002,HW-PC-10063,37,188,168,57
INV-605273,2024-08-01,FAC-002,HW-PC-10063,34,166,188,12
INV-605274,2024-09-01,FAC-002,HW-PC-10063,80,254,254,80
INV-605275,2024-10-01,FAC-002,HW-PC-10063,82,279,273,88
INV-605276,2024-11-01,FAC-002,HW-PC-10063,55,188,230,13
INV-605277,2024-12-01,FAC-002,HW-PC-10063,60,180,227,13
INV-605278,2025-01-01,FAC-002,HW-PC-10063,96,215,293,18
INV-605279,2025-02-01,FAC-002,HW-PC-10063,73,197,208,62
INV-605280,2025-03-01,FAC-002,HW-PC-10063,78,194,231,41
INV-605281,2025-04-01,FAC-002,HW-PC-10063,81,210,233,58
INV-605282,2025-05-01,FAC-002,HW-PC-10063,69,220,228,61
INV-605283,2025-06-01,FAC-002,HW-PC-10063,66,219,256,29
INV-605284,2025-07-01,FAC-002,HW-PC-10063,50,170,200,20
INV-605285,2025-08-01,FAC-002,HW-PC-10063,51,172,172,51
INV-605286,2025-09-01,FAC-002,HW-PC-10063,64,310,345,29
INV-605287,2025-10-01,FAC-002,HW-PC-10063,95,265,336,24
INV-605288,2025-11-01,FAC-002,HW-PC-10063,60,177,213,24
INV-605289,2025-12-01,FAC-002,HW-PC-10063,70,213,247,36
INV-605290,2026-01-01,FAC-002,HW-PC-10063,87,213,270,30
INV-605291,2026-02-01,FAC-002,HW-PC-10063,84,189,228,45
INV-605292,2026-03-01,FAC-002,HW-PC-10063,49,169,169,49
INV-605293,2023-04-01,FAC-002,HW-PC-10064,9,46,48,7
INV-605294,2023-05-01,FAC-002,HW-PC-10064,10,43,40,13
INV-605295,2023-06-01,FAC-002,HW-PC-10064,11,43,46,8
INV-605296,2023-07-01,FAC-002,HW-PC-10064,20,48,62,6
INV-605297,2023-08-01,FAC-002,HW-PC-10064,10,38,36,12
INV-605298,2023-09-01,FAC-002,HW-PC-10064,16,75,78,13
INV-605299,2023-10-01,FAC-002,HW-PC-10064,16,64,75,5
INV-605300,2023-11-01,FAC-002,HW-PC-10064,21,53,63,11
INV-605301,2023-12-01,FAC-002,HW-PC-10064,19,55,69,5
INV-605302,2024-01-01,FAC-002,HW-PC-10064,16,46,55,7
INV-605303,2024-02-01,FAC-002,HW-PC-10064,20,48,64,4
INV-605304,2024-03-01,FAC-002,HW-PC-10064,14,49,53,10
INV-605305,2024-04-01,FAC-002,HW-PC-10064,19,55,56,18
INV-605306,2024-05-01,FAC-002,HW-PC-10064,10,50,54,6
INV-605307,2024-06-01,FAC-002,HW-PC-10064,14,47,55,6
INV-605308,2024-07-01,FAC-002,HW-PC-10064,8,36,36,8
INV-605309,2024-08-01,FAC-002,HW-PC-10064,11,39,47,3
INV-605310,2024-09-01,FAC-002,HW-PC-10064,31,76,100,7
INV-605311,2024-10-01,FAC-002,HW-PC-10064,18,66,66,18
INV-605312,2024-11-01,FAC-002,HW-PC-10064,19,54,58,15
INV-605313,2024-12-01,FAC-002,HW-PC-10064,15,48,53,10
INV-605314,2025-01-01,FAC-002,HW-PC-10064,16,55,66,5
INV-605315,2025-02-01,FAC-002,HW-PC-10064,18,49,62,5
INV-605316,2025-03-01,FAC-002,HW-PC-10064,11,56,53,14
INV-605317,2025-04-01,FAC-002,HW-PC-10064,15,49,56,8
INV-605318,2025-05-01,FAC-002,HW-PC-10064,12,56,57,11
INV-605319,2025-06-01,FAC-002,HW-PC-10064,19,45,60,4
INV-605320,2025-07-01,FAC-002,HW-PC-10064,9,42,46,5
INV-605321,2025-08-01,FAC-002,HW-PC-10064,12,45,52,5
INV-605322,2025-09-01,FAC-002,HW-PC-10064,26,79,90,15
INV-605323,2025-10-01,FAC-002,HW-PC-10064,22,65,72,15
INV-605324,2025-11-01,FAC-002,HW-PC-10064,10,47,45,12
INV-605325,2025-12-01,FAC-002,HW-PC-10064,15,45,52,8
INV-605326,2026-01-01,FAC-002,HW-PC-10064,15,51,55,11
INV-605327,2026-02-01,FAC-002,HW-PC-10064,17,55,68,4
INV-605328,2026-03-01,FAC-002,HW-PC-10064,17,49,50,16
INV-605329,2023-04-01,FAC-002,HW-PC-10069,26,86,96,16
INV-605330,2023-05-01,FAC-002,HW-PC-10069,31,76,99,8
INV-605331,2023-06-01,FAC-002,HW-PC-10069,22,83,81,24
INV-605332,2023-07-01,FAC-002,HW-PC-10069,21,76,90,7
INV-605333,2023-08-01,FAC-002,HW-PC-10069,27,75,87,15
INV-605334,2023-09-01,FAC-002,HW-PC-10069,44,102,127,19
INV-605335,2023-10-01,FAC-002,HW-PC-10069,45,136,161,20
INV-605336,2023-11-01,FAC-002,HW-PC-10069,26,73,89,10
INV-605337,2023-12-01,FAC-002,HW-PC-10069,36,92,101,27
INV-605338,2024-01-01,FAC-002,HW-PC-10069,43,97,107,33
INV-605339,2024-02-01,FAC-002,HW-PC-10069,26,96,108,14
INV-605340,2024-03-01,FAC-002,HW-PC-10069,35,80,88,27
INV-605341,2024-04-01,FAC-002,HW-PC-10069,25,84,88,21
INV-605342,2024-05-01,FAC-002,HW-PC-10069,20,88,96,12
INV-605343,2024-06-01,FAC-002,HW-PC-10069,38,97,124,11
INV-605344,2024-07-01,FAC-002,HW-PC-10069,19,69,75,13
INV-605345,2024-08-01,FAC-002,HW-PC-10069,27,62,69,20
INV-605346,2024-09-01,FAC-002,HW-PC-10069,29,133,148,14
INV-605347,2024-10-01,FAC-002,HW-PC-10069,22,106,114,14
INV-605348,2024-11-01,FAC-002,HW-PC-10069,29,79,92,16
INV-605349,2024-12-01,FAC-002,HW-PC-10069,32,75,89,18
INV-605350,2025-01-01,FAC-002,HW-PC-10069,29,90,103,16
INV-605351,2025-02-01,FAC-002,HW-PC-10069,19,79,84,14
INV-605352,2025-03-01,FAC-002,HW-PC-10069,24,83,94,13
INV-605353,2025-04-01,FAC-002,HW-PC-10069,18,89,87,20
INV-605354,2025-05-01,FAC-002,HW-PC-10069,18,82,79,21
INV-605355,2025-06-01,FAC-002,HW-PC-10069,32,73,94,11
INV-605356,2025-07-01,FAC-002,HW-PC-10069,12,63,67,8
INV-605357,2025-08-01,FAC-002,HW-PC-10069,27,70,90,7
INV-605358,2025-09-01,FAC-002,HW-PC-10069,30,122,137,15
INV-605359,2025-10-01,FAC-002,HW-PC-10069,46,135,160,21
INV-605360,2025-11-01,FAC-002,HW-PC-10069,23,80,92,11
INV-605361,2025-12-01,FAC-002,HW-PC-10069,33,95,116,12
INV-605362,2026-01-01,FAC-002,HW-PC-10069,19,76,81,14
INV-605363,2026-02-01,FAC-002,HW-PC-10069,27,76,83,20
INV-605364,2026-03-01,FAC-002,HW-PC-10069,36,92,107,21
INV-605365,2023-04-01,FAC-002,HW-PC-10070,39,88,111,16
INV-605366,2023-05-01,FAC-002,HW-PC-10070,14,73,70,17
INV-605367,2023-06-01,FAC-002,HW-PC-10070,31,77,99,9
INV-605368,2023-07-01,FAC-002,HW-PC-10070,18,67,67,18
INV-605369,2023-08-01,FAC-002,HW-PC-10070,26,81,94,13
INV-605370,2023-09-01,FAC-002,HW-PC-10070,41,115,129,27
INV-605371,2023-10-01,FAC-002,HW-PC-10070,40,113,132,21
INV-605372,2023-11-01,FAC-002,HW-PC-10070,18,79,79,18
INV-605373,2023-12-01,FAC-002,HW-PC-10070,29,82,103,8
INV-605374,2024-01-01,FAC-002,HW-PC-10070,19,73,72,20
INV-605375,2024-02-01,FAC-002,HW-PC-10070,26,85,99,12
INV-605376,2024-03-01,FAC-002,HW-PC-10070,27,78,97,8
INV-605377,2024-04-01,FAC-002,HW-PC-10070,41,95,123,13
INV-605378,2024-05-01,FAC-002,HW-PC-10070,24,95,93,26
INV-605379,2024-06-01,FAC-002,HW-PC-10070,27,72,92,7
INV-605380,2024-07-01,FAC-002,HW-PC-10070,23,65,79,9
INV-605381,2024-08-01,FAC-002,HW-PC-10070,29,81,103,7
INV-605382,2024-09-01,FAC-002,HW-PC-10070,32,113,124,21
INV-605383,2024-10-01,FAC-002,HW-PC-10070,22,114,121,15
INV-605384,2024-11-01,FAC-002,HW-PC-10070,35,91,103,23
INV-605385,2024-12-01,FAC-002,HW-PC-10070,24,85,82,27
INV-605386,2025-01-01,FAC-002,HW-PC-10070,19,86,80,25
INV-605387,2025-02-01,FAC-002,HW-PC-10070,18,91,102,7
INV-605388,2025-03-01,FAC-002,HW-PC-10070,37,85,92,30
INV-605389,2025-04-01,FAC-002,HW-PC-10070,24,87,101,10
INV-605390,2025-05-01,FAC-002,HW-PC-10070,21,81,93,9
INV-605391,2025-06-01,FAC-002,HW-PC-10070,16,81,80,17
INV-605392,2025-07-01,FAC-002,HW-PC-10070,19,75,78,16
INV-605393,2025-08-01,FAC-002,HW-PC-10070,21,62,74,9
INV-605394,2025-09-01,FAC-002,HW-PC-10070,35,115,115,35
INV-605395,2025-10-01,FAC-002,HW-PC-10070,25,108,112,21
INV-605396,2025-11-01,FAC-002,HW-PC-10070,37,85,93,29
INV-605397,2025-12-01,FAC-002,HW-PC-10070,28,87,98,17
INV-605398,2026-01-01,FAC-002,HW-PC-10070,23,94,88,29
INV-605399,2026-02-01,FAC-002,HW-PC-10070,25,89,85,29
INV-605400,2026-03-01,FAC-002,HW-PC-10070,21,78,86,13
INV-605401,2023-04-01,FAC-002,HW-PC-10071,26,82,90,18
INV-605402,2023-05-01,FAC-002,HW-PC-10071,20,97,110,7
INV-605403,2023-06-01,FAC-002,HW-PC-10071,34,87,101,20
INV-605404,2023-07-01,FAC-002,HW-PC-10071,29,71,92,8
INV-605405,2023-08-01,FAC-002,HW-PC-10071,16,66,69,13
INV-605406,2023-09-01,FAC-002,HW-PC-10071,37,133,149,21
INV-605407,2023-10-01,FAC-002,HW-PC-10071,49,126,150,25
INV-605408,2023-11-01,FAC-002,HW-PC-10071,36,82,102,16
INV-605409,2023-12-01,FAC-002,HW-PC-10071,25,90,101,14
INV-605410,2024-01-01,FAC-002,HW-PC-10071,20,78,87,11
INV-605411,2024-02-01,FAC-002,HW-PC-10071,31,85,93,23
INV-605412,2024-03-01,FAC-002,HW-PC-10071,27,87,99,15
INV-605413,2024-04-01,FAC-002,HW-PC-10071,29,79,98,10
INV-605414,2024-05-01,FAC-002,HW-PC-10071,21,78,87,12
INV-605415,2024-06-01,FAC-002,HW-PC-10071,33,89,108,14
INV-605416,2024-07-01,FAC-002,HW-PC-10071,20,69,71,18
INV-605417,2024-08-01,FAC-002,HW-PC-10071,23,64,66,21
INV-605418,2024-09-01,FAC-002,HW-PC-10071,54,134,173,15
INV-605419,2024-10-01,FAC-002,HW-PC-10071,40,133,159,14
INV-605420,2024-11-01,FAC-002,HW-PC-10071,15,76,82,9
INV-605421,2024-12-01,FAC-002,HW-PC-10071,33,74,94,13
INV-605422,2025-01-01,FAC-002,HW-PC-10071,23,91,100,14
INV-605423,2025-02-01,FAC-002,HW-PC-10071,29,73,79,23
INV-605424,2025-03-01,FAC-002,HW-PC-10071,23,90,86,27
INV-605425,2025-04-01,FAC-002,HW-PC-10071,20,84,93,11
INV-605426,2025-05-01,FAC-002,HW-PC-10071,22,78,86,14
INV-605427,2025-06-01,FAC-002,HW-PC-10071,23,79,93,9
INV-605428,2025-07-01,FAC-002,HW-PC-10071,14,65,64,15
INV-605429,2025-08-01,FAC-002,HW-PC-10071,23,70,76,17
INV-605430,2025-09-01,FAC-002,HW-PC-10071,27,129,130,26
INV-605431,2025-10-01,FAC-002,HW-PC-10071,41,114,146,9
INV-605432,2025-11-01,FAC-002,HW-PC-10071,37,85,98,24
INV-605433,2025-12-01,FAC-002,HW-PC-10071,17,73,74,16
INV-605434,2026-01-01,FAC-002,HW-PC-10071,17,80,81,16
INV-605435,2026-02-01,FAC-002,HW-PC-10071,18,80,79,19
INV-605436,2026-03-01,FAC-002,HW-PC-10071,25,94,106,13
INV-605437,2023-04-01,FAC-002,HW-PC-10072,21,83,85,19
INV-605438,2023-05-01,FAC-002,HW-PC-10072,25,87,88,24
INV-605439,2023-06-01,FAC-002,HW-PC-10072,31,75,88,18
INV-605440,2023-07-01,FAC-002,HW-PC-10072,23,74,89,8
INV-605441,2023-08-01,FAC-002,HW-PC-10072,23,73,89,7
INV-605442,2023-09-01,FAC-002,HW-PC-10072,28,126,120,34
INV-605443,2023-10-01,FAC-002,HW-PC-10072,52,129,155,26
INV-605444,2023-11-01,FAC-002,HW-PC-10072,30,86,97,19
INV-605445,2023-12-01,FAC-002,HW-PC-10072,20,89,102,7
INV-605446,2024-01-01,FAC-002,HW-PC-10072,32,91,100,23
INV-605447,2024-02-01,FAC-002,HW-PC-10072,22,76,86,12
INV-605448,2024-03-01,FAC-002,HW-PC-10072,26,88,99,15
INV-605449,2024-04-01,FAC-002,HW-PC-10072,19,93,94,18
INV-605450,2024-05-01,FAC-002,HW-PC-10072,30,91,106,15
INV-605451,2024-06-01,FAC-002,HW-PC-10072,38,85,93,30
INV-605452,2024-07-01,FAC-002,HW-PC-10072,16,72,68,20
INV-605453,2024-08-01,FAC-002,HW-PC-10072,16,69,80,5
INV-605454,2024-09-01,FAC-002,HW-PC-10072,38,134,151,21
INV-605455,2024-10-01,FAC-002,HW-PC-10072,48,120,147,21
INV-605456,2024-11-01,FAC-002,HW-PC-10072,28,72,89,11
INV-605457,2024-12-01,FAC-002,HW-PC-10072,36,85,112,9
INV-605458,2025-01-01,FAC-002,HW-PC-10072,29,85,108,6
INV-605459,2025-02-01,FAC-002,HW-PC-10072,22,79,79,22
INV-605460,2025-03-01,FAC-002,HW-PC-10072,36,95,101,30
INV-605461,2025-04-01,FAC-002,HW-PC-10072,37,97,123,11
INV-605462,2025-05-01,FAC-002,HW-PC-10072,23,73,85,11
INV-605463,2025-06-01,FAC-002,HW-PC-10072,31,86,106,11
INV-605464,2025-07-01,FAC-002,HW-PC-10072,28,69,75,22
INV-605465,2025-08-01,FAC-002,HW-PC-10072,14,67,66,15
INV-605466,2025-09-01,FAC-002,HW-PC-10072,45,114,140,19
INV-605467,2025-10-01,FAC-002,HW-PC-10072,42,116,120,38
INV-605468,2025-11-01,FAC-002,HW-PC-10072,27,76,90,13
INV-605469,2025-12-01,FAC-002,HW-PC-10072,27,91,105,13
INV-605470,2026-01-01,FAC-002,HW-PC-10072,39,89,101,27
INV-605471,2026-02-01,FAC-002,HW-PC-10072,30,86,110,6
INV-605472,2026-03-01,FAC-002,HW-PC-10072,25,77,83,19
INV-605473,2023-04-01,FAC-002,HW-PC-10073,9,45,46,8
INV-605474,2023-05-01,FAC-002,HW-PC-10073,11,47,47,11
INV-605475,2023-06-01,FAC-002,HW-PC-10073,18,43,52,9
INV-605476,2023-07-01,FAC-002,HW-PC-10073,14,46,55,5
INV-605477,2023-08-01,FAC-002,HW-PC-10073,14,42,47,9
INV-605478,2023-09-01,FAC-002,HW-PC-10073,25,74,79,20
INV-605479,2023-10-01,FAC-002,HW-PC-10073,21,62,70,13
INV-605480,2023-11-01,FAC-002,HW-PC-10073,12,43,46,9
INV-605481,2023-12-01,FAC-002,HW-PC-10073,11,54,53,12
INV-605482,2024-01-01,FAC-002,HW-PC-10073,19,54,58,15
INV-605483,2024-02-01,FAC-002,HW-PC-10073,17,55,61,11
INV-605484,2024-03-01,FAC-002,HW-PC-10073,24,57,66,15
INV-605485,2024-04-01,FAC-002,HW-PC-10073,12,44,42,14
INV-605486,2024-05-01,FAC-002,HW-PC-10073,12,42,50,4
INV-605487,2024-06-01,FAC-002,HW-PC-10073,18,55,63,10
INV-605488,2024-07-01,FAC-002,HW-PC-10073,9,36,33,12
INV-605489,2024-08-01,FAC-002,HW-PC-10073,10,45,50,5
INV-605490,2024-09-01,FAC-002,HW-PC-10073,18,73,71,20
INV-605491,2024-10-01,FAC-002,HW-PC-10073,30,72,91,11
INV-605492,2024-11-01,FAC-002,HW-PC-10073,16,47,51,12
INV-605493,2024-12-01,FAC-002,HW-PC-10073,22,57,68,11
INV-605494,2025-01-01,FAC-002,HW-PC-10073,17,48,53,12
INV-605495,2025-02-01,FAC-002,HW-PC-10073,12,42,50,4
INV-605496,2025-03-01,FAC-002,HW-PC-10073,11,51,57,5
INV-605497,2025-04-01,FAC-002,HW-PC-10073,12,46,46,12
INV-605498,2025-05-01,FAC-002,HW-PC-10073,17,51,57,11
INV-605499,2025-06-01,FAC-002,HW-PC-10073,14,53,60,7
INV-605500,2025-07-01,FAC-002,HW-PC-10073,15,38,46,7
INV-605501,2025-08-01,FAC-002,HW-PC-10073,14,44,51,7
INV-605502,2025-09-01,FAC-002,HW-PC-10073,25,61,65,21
INV-605503,2025-10-01,FAC-002,HW-PC-10073,21,62,74,9
INV-605504,2025-11-01,FAC-002,HW-PC-10073,18,43,57,4
INV-605505,2025-12-01,FAC-002,HW-PC-10073,16,51,60,7
INV-605506,2026-01-01,FAC-002,HW-PC-10073,15,47,57,5
INV-605507,2026-02-01,FAC-002,HW-PC-10073,24,56,64,16
INV-605508,2026-03-01,FAC-002,HW-PC-10073,12,45,47,10
INV-605509,2023-04-01,FAC-002,HW-PC-10074,17,48,58,7
INV-605510,2023-05-01,FAC-002,HW-PC-10074,21,53,55,19
INV-605511,2023-06-01,FAC-002,HW-PC-10074,17,43,51,9
INV-605512,2023-07-01,FAC-002,HW-PC-10074,9,43,41,11
INV-605513,2023-08-01,FAC-002,HW-PC-10074,18,44,57,5
INV-605514,2023-09-01,FAC-002,HW-PC-10074,23,70,85,8
INV-605515,2023-10-01,FAC-002,HW-PC-10074,23,70,86,7
INV-605516,2023-11-01,FAC-002,HW-PC-10074,23,54,61,16
INV-605517,2023-12-01,FAC-002,HW-PC-10074,20,50,54,16
INV-605518,2024-01-01,FAC-002,HW-PC-10074,13,54,61,6
INV-605519,2024-02-01,FAC-002,HW-PC-10074,12,51,53,10
INV-605520,2024-03-01,FAC-002,HW-PC-10074,18,52,58,12
INV-605521,2024-04-01,FAC-002,HW-PC-10074,18,55,62,11
INV-605522,2024-05-01,FAC-002,HW-PC-10074,18,43,47,14
INV-605523,2024-06-01,FAC-002,HW-PC-10074,20,50,55,15
INV-605524,2024-07-01,FAC-002,HW-PC-10074,10,42,46,6
INV-605525,2024-08-01,FAC-002,HW-PC-10074,17,43,55,5
INV-605526,2024-09-01,FAC-002,HW-PC-10074,27,73,85,15
INV-605527,2024-10-01,FAC-002,HW-PC-10074,24,67,84,7
INV-605528,2024-11-01,FAC-002,HW-PC-10074,13,48,50,11
INV-605529,2024-12-01,FAC-002,HW-PC-10074,10,49,50,9
INV-605530,2025-01-01,FAC-002,HW-PC-10074,17,49,54,12
INV-605531,2025-02-01,FAC-002,HW-PC-10074,21,51,67,5
INV-605532,2025-03-01,FAC-002,HW-PC-10074,10,51,57,4
INV-605533,2025-04-01,FAC-002,HW-PC-10074,15,53,53,15
INV-605534,2025-05-01,FAC-002,HW-PC-10074,10,44,40,14
INV-605535,2025-06-01,FAC-002,HW-PC-10074,18,56,65,9
INV-605536,2025-07-01,FAC-002,HW-PC-10074,18,46,59,5
INV-605537,2025-08-01,FAC-002,HW-PC-10074,14,48,58,4
INV-605538,2025-09-01,FAC-002,HW-PC-10074,16,74,79,11
INV-605539,2025-10-01,FAC-002,HW-PC-10074,31,73,85,19
INV-605540,2025-11-01,FAC-002,HW-PC-10074,10,51,49,12
INV-605541,2025-12-01,FAC-002,HW-PC-10074,14,43,52,5
INV-605542,2026-01-01,FAC-002,HW-PC-10074,14,45,46,13
INV-605543,2026-02-01,FAC-002,HW-PC-10074,14,44,44,14
INV-605544,2026-03-01,FAC-002,HW-PC-10074,10,51,47,14
INV-605545,2023-04-01,FAC-002,HW-CW-10075,18,89,92,15
INV-605546,2023-05-01,FAC-002,HW-CW-10075,36,95,101,30
INV-605547,2023-06-01,FAC-002,HW-CW-10075,32,89,91,30
INV-605548,2023-07-01,FAC-002,HW-CW-10075,34,81,105,10
INV-605549,2023-08-01,FAC-002,HW-CW-10075,31,81,98,14
INV-605550,2023-09-01,FAC-002,HW-CW-10075,51,128,157,22
INV-605551,2023-10-01,FAC-002,HW-CW-10075,33,115,137,11
INV-605552,2023-11-01,FAC-002,HW-CW-10075,27,74,95,6
INV-605553,2023-12-01,FAC-002,HW-CW-10075,41,92,118,15
INV-605554,2024-01-01,FAC-002,HW-CW-10075,30,74,83,21
INV-605555,2024-02-01,FAC-002,HW-CW-10075,23,85,86,22
INV-605556,2024-03-01,FAC-002,HW-CW-10075,25,85,96,14
INV-605557,2024-04-01,FAC-002,HW-CW-10075,26,95,95,26
INV-605558,2024-05-01,FAC-002,HW-CW-10075,33,91,115,9
INV-605559,2024-06-01,FAC-002,HW-CW-10075,30,74,88,16
INV-605560,2024-07-01,FAC-002,HW-CW-10075,16,76,76,16
INV-605561,2024-08-01,FAC-002,HW-CW-10075,17,67,71,13
INV-605562,2024-09-01,FAC-002,HW-CW-10075,51,133,159,25
INV-605563,2024-10-01,FAC-002,HW-CW-10075,37,123,151,9
INV-605564,2024-11-01,FAC-002,HW-CW-10075,23,88,88,23
INV-605565,2024-12-01,FAC-002,HW-CW-10075,29,89,88,30
INV-605566,2025-01-01,FAC-002,HW-CW-10075,35,95,114,16
INV-605567,2025-02-01,FAC-002,HW-CW-10075,21,75,89,7
INV-605568,2025-03-01,FAC-002,HW-CW-10075,26,96,95,27
INV-605569,2025-04-01,FAC-002,HW-CW-10075,24,85,96,13
INV-605570,2025-05-01,FAC-002,HW-CW-10075,28,99,96,31
INV-605571,2025-06-01,FAC-002,HW-CW-10075,20,97,110,7
INV-605572,2025-07-01,FAC-002,HW-CW-10075,33,77,86,24
INV-605573,2025-08-01,FAC-002,HW-CW-10075,20,63,69,14
INV-605574,2025-09-01,FAC-002,HW-CW-10075,50,115,150,15
INV-605575,2025-10-01,FAC-002,HW-CW-10075,30,127,140,17
INV-605576,2025-11-01,FAC-002,HW-CW-10075,28,92,112,8
INV-605577,2025-12-01,FAC-002,HW-CW-10075,20,78,74,24
INV-605578,2026-01-01,FAC-002,HW-CW-10075,33,94,103,24
INV-605579,2026-02-01,FAC-002,HW-CW-10075,16,78,73,21
INV-605580,2026-03-01,FAC-002,HW-CW-10075,22,85,85,22
INV-605581,2023-04-01,FAC-002,HW-CW-10076,35,93,96,32
INV-605582,2023-05-01,FAC-002,HW-CW-10076,28,89,92,25
INV-605583,2023-06-01,FAC-002,HW-CW-10076,34,82,108,8
INV-605584,2023-07-01,FAC-002,HW-CW-10076,19,69,82,6
INV-605585,2023-08-01,FAC-002,HW-CW-10076,24,69,87,6
INV-605586,2023-09-01,FAC-002,HW-CW-10076,47,148,152,43
INV-605587,2023-10-01,FAC-002,HW-CW-10076,49,118,155,12
INV-605588,2023-11-01,FAC-002,HW-CW-10076,37,96,119,14
INV-605589,2023-12-01,FAC-002,HW-CW-10076,39,97,120,16
INV-605590,2024-01-01,FAC-002,HW-CW-10076,24,93,105,12
INV-605591,2024-02-01,FAC-002,HW-CW-10076,25,92,106,11
INV-605592,2024-03-01,FAC-002,HW-CW-10076,42,98,109,31
INV-605593,2024-04-01,FAC-002,HW-CW-10076,25,97,113,9
INV-605594,2024-05-01,FAC-002,HW-CW-10076,29,81,99,11
INV-605595,2024-06-01,FAC-002,HW-CW-10076,38,88,115,11
INV-605596,2024-07-01,FAC-002,HW-CW-10076,14,74,71,17
INV-605597,2024-08-01,FAC-002,HW-CW-10076,30,73,97,6
INV-605598,2024-09-01,FAC-002,HW-CW-10076,35,113,127,21
INV-605599,2024-10-01,FAC-002,HW-CW-10076,33,114,119,28
INV-605600,2024-11-01,FAC-002,HW-CW-10076,34,94,114,14
INV-605601,2024-12-01,FAC-002,HW-CW-10076,33,82,101,14
INV-605602,2025-01-01,FAC-002,HW-CW-10076,32,103,125,10
INV-605603,2025-02-01,FAC-002,HW-CW-10076,31,103,110,24
INV-605604,2025-03-01,FAC-002,HW-CW-10076,39,105,134,10
INV-605605,2025-04-01,FAC-002,HW-CW-10076,35,101,105,31
INV-605606,2025-05-01,FAC-002,HW-CW-10076,38,87,101,24
INV-605607,2025-06-01,FAC-002,HW-CW-10076,30,81,99,12
INV-605608,2025-07-01,FAC-002,HW-CW-10076,20,73,78,15
INV-605609,2025-08-01,FAC-002,HW-CW-10076,26,67,75,18
INV-605610,2025-09-01,FAC-002,HW-CW-10076,57,144,177,24
INV-605611,2025-10-01,FAC-002,HW-CW-10076,40,123,136,27
INV-605612,2025-11-01,FAC-002,HW-CW-10076,36,88,104,20
INV-605613,2025-12-01,FAC-002,HW-CW-10076,23,102,97,28
INV-605614,2026-01-01,FAC-002,HW-CW-10076,36,106,120,22
INV-605615,2026-02-01,FAC-002,HW-CW-10076,23,93,103,13
INV-605616,2026-03-01,FAC-002,HW-CW-10076,27,81,93,15
INV-605617,2023-04-01,FAC-002,HW-CW-10077,11,50,52,9
INV-605618,2023-05-01,FAC-002,HW-CW-10077,10,43,40,13
INV-605619,2023-06-01,FAC-002,HW-CW-10077,11,50,51,10
INV-605620,2023-07-01,FAC-002,HW-CW-10077,18,48,50,16
INV-605621,2023-08-01,FAC-002,HW-CW-10077,13,38,47,4
INV-605622,2023-09-01,FAC-002,HW-CW-10077,24,60,72,12
INV-605623,2023-10-01,FAC-002,HW-CW-10077,30,70,89,11
INV-605624,2023-11-01,FAC-002,HW-CW-10077,15,55,60,10
INV-605625,2023-12-01,FAC-002,HW-CW-10077,14,51,56,9
INV-605626,2024-01-01,FAC-002,HW-CW-10077,10,46,46,10
INV-605627,2024-02-01,FAC-002,HW-CW-10077,22,53,63,12
INV-605628,2024-03-01,FAC-002,HW-CW-10077,11,52,58,5
INV-605629,2024-04-01,FAC-002,HW-CW-10077,20,51,64,7
INV-605630,2024-05-01,FAC-002,HW-CW-10077,15,46,57,4
INV-605631,2024-06-01,FAC-002,HW-CW-10077,15,43,54,4
INV-605632,2024-07-01,FAC-002,HW-CW-10077,16,39,51,4
INV-605633,2024-08-01,FAC-002,HW-CW-10077,11,45,45,11
INV-605634,2024-09-01,FAC-002,HW-CW-10077,24,60,77,7
INV-605635,2024-10-01,FAC-002,HW-CW-10077,20,72,70,22
INV-605636,2024-11-01,FAC-002,HW-CW-10077,20,53,68,5
INV-605637,2024-12-01,FAC-002,HW-CW-10077,21,53,66,8
INV-605638,2025-01-01,FAC-002,HW-CW-10077,15,51,61,5
INV-605639,2025-02-01,FAC-002,HW-CW-10077,15,52,51,16
INV-605640,2025-03-01,FAC-002,HW-CW-10077,15,46,49,12
INV-605641,2025-04-01,FAC-002,HW-CW-10077,14,45,46,13
INV-605642,2025-05-01,FAC-002,HW-CW-10077,17,54,61,10
INV-605643,2025-06-01,FAC-002,HW-CW-10077,12,44,46,10
INV-605644,2025-07-01,FAC-002,HW-CW-10077,18,46,50,14
INV-605645,2025-08-01,FAC-002,HW-CW-10077,11,43,51,3
INV-605646,2025-09-01,FAC-002,HW-CW-10077,26,79,93,12
INV-605647,2025-10-01,FAC-002,HW-CW-10077,28,76,92,12
INV-605648,2025-11-01,FAC-002,HW-CW-10077,19,56,65,10
INV-605649,2025-12-01,FAC-002,HW-CW-10077,20,55,67,8
INV-605650,2026-01-01,FAC-002,HW-CW-10077,13,46,45,14
INV-605651,2026-02-01,FAC-002,HW-CW-10077,15,50,61,4
INV-605652,2026-03-01,FAC-002,HW-CW-10077,20,51,57,14
INV-605653,2023-04-01,FAC-002,HW-CW-10078,19,51,56,14
INV-605654,2023-05-01,FAC-002,HW-CW-10078,17,50,58,9
INV-605655,2023-06-01,FAC-002,HW-CW-10078,23,56,74,5
INV-605656,2023-07-01,FAC-002,HW-CW-10078,19,44,57,6
INV-605657,2023-08-01,FAC-002,HW-CW-10078,11,39,39,11
INV-605658,2023-09-01,FAC-002,HW-CW-10078,14,59,54,19
INV-605659,2023-10-01,FAC-002,HW-CW-10078,22,74,78,18
INV-605660,2023-11-01,FAC-002,HW-CW-10078,21,53,69,5
INV-605661,2023-12-01,FAC-002,HW-CW-10078,16,52,55,13
INV-605662,2024-01-01,FAC-002,HW-CW-10078,11,45,46,10
INV-605663,2024-02-01,FAC-002,HW-CW-10078,11,57,53,15
INV-605664,2024-03-01,FAC-002,HW-CW-10078,17,45,50,12
INV-605665,2024-04-01,FAC-002,HW-CW-10078,11,49,49,11
INV-605666,2024-05-01,FAC-002,HW-CW-10078,14,44,44,14
INV-605667,2024-06-01,FAC-002,HW-CW-10078,18,54,64,8
INV-605668,2024-07-01,FAC-002,HW-CW-10078,12,41,40,13
INV-605669,2024-08-01,FAC-002,HW-CW-10078,13,42,46,9
INV-605670,2024-09-01,FAC-002,HW-CW-10078,30,75,94,11
INV-605671,2024-10-01,FAC-002,HW-CW-10078,22,62,64,20
INV-605672,2024-11-01,FAC-002,HW-CW-10078,15,52,52,15
INV-605673,2024-12-01,FAC-002,HW-CW-10078,19,55,60,14
INV-605674,2025-01-01,FAC-002,HW-CW-10078,14,42,52,4
INV-605675,2025-02-01,FAC-002,HW-CW-10078,22,51,56,17
INV-605676,2025-03-01,FAC-002,HW-CW-10078,20,51,60,11
INV-605677,2025-04-01,FAC-002,HW-CW-10078,14,43,49,8
INV-605678,2025-05-01,FAC-002,HW-CW-10078,20,53,66,7
INV-605679,2025-06-01,FAC-002,HW-CW-10078,13,52,54,11
INV-605680,2025-07-01,FAC-002,HW-CW-10078,20,46,50,16
INV-605681,2025-08-01,FAC-002,HW-CW-10078,11,42,42,11
INV-605682,2025-09-01,FAC-002,HW-CW-10078,24,70,70,24
INV-605683,2025-10-01,FAC-002,HW-CW-10078,30,75,99,6
INV-605684,2025-11-01,FAC-002,HW-CW-10078,15,45,50,10
INV-605685,2025-12-01,FAC-002,HW-CW-10078,16,47,57,6
INV-605686,2026-01-01,FAC-002,HW-CW-10078,18,42,54,6
INV-605687,2026-02-01,FAC-002,HW-CW-10078,20,53,60,13
INV-605688,2026-03-01,FAC-002,HW-CW-10078,15,53,63,5
INV-605689,2023-04-01,FAC-002,HW-CW-10079,41,122,132,31
INV-605690,2023-05-01,FAC-002,HW-CW-10079,41,128,155,14
INV-605691,2023-06-01,FAC-002,HW-CW-10079,38,131,135,34
INV-605692,2023-07-01,FAC-002,HW-CW-10079,35,108,128,15
INV-605693,2023-08-01,FAC-002,HW-CW-10079,25,98,101,22
INV-605694,2023-09-01,FAC-002,HW-CW-10079,52,175,206,21
INV-605695,2023-10-01,FAC-002,HW-CW-10079,56,173,200,29
INV-605696,2023-11-01,FAC-002,HW-CW-10079,45,120,141,24
INV-605697,2023-12-01,FAC-002,HW-CW-10079,51,128,142,37
INV-605698,2024-01-01,FAC-002,HW-CW-10079,49,146,170,25
INV-605699,2024-02-01,FAC-002,HW-CW-10079,58,145,176,27
INV-605700,2024-03-01,FAC-002,HW-CW-10079,43,140,157,26
INV-605701,2024-04-01,FAC-002,HW-CW-10079,25,113,126,12
INV-605702,2024-05-01,FAC-002,HW-CW-10079,27,113,127,13
INV-605703,2024-06-01,FAC-002,HW-CW-10079,30,111,122,19
INV-605704,2024-07-01,FAC-002,HW-CW-10079,44,114,134,24
INV-605705,2024-08-01,FAC-002,HW-CW-10079,42,111,130,23
INV-605706,2024-09-01,FAC-002,HW-CW-10079,80,189,223,46
INV-605707,2024-10-01,FAC-002,HW-CW-10079,35,177,185,27
INV-605708,2024-11-01,FAC-002,HW-CW-10079,36,112,134,14
INV-605709,2024-12-01,FAC-002,HW-CW-10079,35,132,151,16
INV-605710,2025-01-01,FAC-002,HW-CW-10079,46,121,145,22
INV-605711,2025-02-01,FAC-002,HW-CW-10079,50,118,132,36
INV-605712,2025-03-01,FAC-002,HW-CW-10079,30,150,144,36
INV-605713,2025-04-01,FAC-002,HW-CW-10079,24,119,128,15
INV-605714,2025-05-01,FAC-002,HW-CW-10079,54,138,153,39
INV-605715,2025-06-01,FAC-002,HW-CW-10079,46,128,145,29
INV-605716,2025-07-01,FAC-002,HW-CW-10079,41,117,122,36
INV-605717,2025-08-01,FAC-002,HW-CW-10079,45,120,145,20
INV-605718,2025-09-01,FAC-002,HW-CW-10079,43,164,171,36
INV-605719,2025-10-01,FAC-002,HW-CW-10079,43,171,194,20
INV-605720,2025-11-01,FAC-002,HW-CW-10079,46,136,144,38
INV-605721,2025-12-01,FAC-002,HW-CW-10079,36,147,166,17
INV-605722,2026-01-01,FAC-002,HW-CW-10079,56,149,194,11
INV-605723,2026-02-01,FAC-002,HW-CW-10079,34,136,134,36
INV-605724,2026-03-01,FAC-002,HW-CW-10079,25,124,132,17
INV-605725,2023-04-01,FAC-002,HW-CW-10080,24,83,90,17
INV-605726,2023-05-01,FAC-002,HW-CW-10080,22,86,96,12
INV-605727,2023-06-01,FAC-002,HW-CW-10080,20,81,85,16
INV-605728,2023-07-01,FAC-002,HW-CW-10080,23,61,73,11
INV-605729,2023-08-01,FAC-002,HW-CW-10080,25,64,70,19
INV-605730,2023-09-01,FAC-002,HW-CW-10080,47,114,149,12
INV-605731,2023-10-01,FAC-002,HW-CW-10080,34,115,141,8
INV-605732,2023-11-01,FAC-002,HW-CW-10080,26,73,77,22
INV-605733,2023-12-01,FAC-002,HW-CW-10080,32,86,106,12
INV-605734,2024-01-01,FAC-002,HW-CW-10080,25,66,82,9
INV-605735,2024-02-01,FAC-002,HW-CW-10080,21,79,84,16
INV-605736,2024-03-01,FAC-002,HW-CW-10080,21,67,70,18
INV-605737,2024-04-01,FAC-002,HW-CW-10080,17,72,70,19
INV-605738,2024-05-01,FAC-002,HW-CW-10080,28,66,80,14
INV-605739,2024-06-01,FAC-002,HW-CW-10080,24,73,84,13
INV-605740,2024-07-01,FAC-002,HW-CW-10080,17,72,72,17
INV-605741,2024-08-01,FAC-002,HW-CW-10080,21,73,70,24
INV-605742,2024-09-01,FAC-002,HW-CW-10080,19,95,108,6
INV-605743,2024-10-01,FAC-002,HW-CW-10080,42,99,133,8
INV-605744,2024-11-01,FAC-002,HW-CW-10080,16,78,72,22
INV-605745,2024-12-01,FAC-002,HW-CW-10080,22,75,84,13
INV-605746,2025-01-01,FAC-002,HW-CW-10080,32,74,90,16
INV-605747,2025-02-01,FAC-002,HW-CW-10080,33,80,88,25
INV-605748,2025-03-01,FAC-002,HW-CW-10080,15,69,65,19
INV-605749,2025-04-01,FAC-002,HW-CW-10080,21,76,80,17
INV-605750,2025-05-01,FAC-002,HW-CW-10080,20,87,91,16
INV-605751,2025-06-01,FAC-002,HW-CW-10080,18,66,71,13
INV-605752,2025-07-01,FAC-002,HW-CW-10080,21,73,71,23
INV-605753,2025-08-01,FAC-002,HW-CW-10080,14,62,60,16
INV-605754,2025-09-01,FAC-002,HW-CW-10080,23,110,112,21
INV-605755,2025-10-01,FAC-002,HW-CW-10080,33,109,107,35
INV-605756,2025-11-01,FAC-002,HW-CW-10080,25,87,101,11
INV-605757,2025-12-01,FAC-002,HW-CW-10080,22,72,77,17
INV-605758,2026-01-01,FAC-002,HW-CW-10080,14,72,70,16
INV-605759,2026-02-01,FAC-002,HW-CW-10080,31,84,89,26
INV-605760,2026-03-01,FAC-002,HW-CW-10080,32,78,97,13
INV-605761,2023-04-01,FAC-002,HW-CW-10081,43,158,169,32
INV-605762,2023-05-01,FAC-002,HW-CW-10081,59,144,190,13
INV-605763,2023-06-01,FAC-002,HW-CW-10081,32,161,180,13
INV-605764,2023-07-01,FAC-002,HW-CW-10081,27,105,112,20
INV-605765,2023-08-01,FAC-002,HW-CW-10081,42,120,137,25
INV-605766,2023-09-01,FAC-002,HW-CW-10081,58,226,228,56
INV-605767,2023-10-01,FAC-002,HW-CW-10081,49,225,238,36
INV-605768,2023-11-01,FAC-002,HW-CW-10081,48,150,175,23
INV-605769,2023-12-01,FAC-002,HW-CW-10081,52,128,140,40
INV-605770,2024-01-01,FAC-002,HW-CW-10081,30,138,144,24
INV-605771,2024-02-01,FAC-002,HW-CW-10081,65,150,193,22
INV-605772,2024-03-01,FAC-002,HW-CW-10081,62,144,174,32
INV-605773,2024-04-01,FAC-002,HW-CW-10081,50,145,162,33
INV-605774,2024-05-01,FAC-002,HW-CW-10081,38,157,167,28
INV-605775,2024-06-01,FAC-002,HW-CW-10081,64,152,200,16
INV-605776,2024-07-01,FAC-002,HW-CW-10081,43,121,135,29
INV-605777,2024-08-01,FAC-002,HW-CW-10081,51,120,160,11
INV-605778,2024-09-01,FAC-002,HW-CW-10081,52,223,253,22
INV-605779,2024-10-01,FAC-002,HW-CW-10081,65,227,249,43
INV-605780,2024-11-01,FAC-002,HW-CW-10081,52,154,195,11
INV-605781,2024-12-01,FAC-002,HW-CW-10081,53,141,176,18
INV-605782,2025-01-01,FAC-002,HW-CW-10081,58,142,171,29
INV-605783,2025-02-01,FAC-002,HW-CW-10081,31,139,140,30
INV-605784,2025-03-01,FAC-002,HW-CW-10081,65,153,174,44
INV-605785,2025-04-01,FAC-002,HW-CW-10081,32,136,149,19
INV-605786,2025-05-01,FAC-002,HW-CW-10081,58,162,192,28
INV-605787,2025-06-01,FAC-002,HW-CW-10081,32,145,158,19
INV-605788,2025-07-01,FAC-002,HW-CW-10081,45,125,158,12
INV-605789,2025-08-01,FAC-002,HW-CW-10081,51,131,170,12
INV-605790,2025-09-01,FAC-002,HW-CW-10081,79,229,237,71
INV-605791,2025-10-01,FAC-002,HW-CW-10081,78,197,207,68
INV-605792,2025-11-01,FAC-002,HW-CW-10081,26,123,133,16
INV-605793,2025-12-01,FAC-002,HW-CW-10081,41,143,141,43
INV-605794,2026-01-01,FAC-002,HW-CW-10081,42,152,155,39
INV-605795,2026-02-01,FAC-002,HW-CW-10081,50,149,163,36
INV-605796,2026-03-01,FAC-002,HW-CW-10081,39,149,170,18
INV-605797,2023-04-01,FAC-002,HW-CW-10082,27,70,86,11
INV-605798,2023-05-01,FAC-002,HW-CW-10082,16,70,78,8
INV-605799,2023-06-01,FAC-002,HW-CW-10082,23,84,94,13
INV-605800,2023-07-01,FAC-002,HW-CW-10082,18,58,57,19
INV-605801,2023-08-01,FAC-002,HW-CW-10082,13,64,65,12
INV-605802,2023-09-01,FAC-002,HW-CW-10082,32,106,104,34
INV-605803,2023-10-01,FAC-002,HW-CW-10082,40,104,118,26
INV-605804,2023-11-01,FAC-002,HW-CW-10082,24,83,89,18
INV-605805,2023-12-01,FAC-002,HW-CW-10082,34,79,87,26
INV-605806,2024-01-01,FAC-002,HW-CW-10082,23,67,84,6
INV-605807,2024-02-01,FAC-002,HW-CW-10082,28,89,98,19
INV-605808,2024-03-01,FAC-002,HW-CW-10082,27,81,94,14
INV-605809,2024-04-01,FAC-002,HW-CW-10082,33,86,101,18
INV-605810,2024-05-01,FAC-002,HW-CW-10082,27,77,87,17
INV-605811,2024-06-01,FAC-002,HW-CW-10082,15,77,72,20
INV-605812,2024-07-01,FAC-002,HW-CW-10082,26,66,74,18
INV-605813,2024-08-01,FAC-002,HW-CW-10082,18,66,64,20
INV-605814,2024-09-01,FAC-002,HW-CW-10082,51,124,133,42
INV-605815,2024-10-01,FAC-002,HW-CW-10082,33,116,141,8
INV-605816,2024-11-01,FAC-002,HW-CW-10082,18,73,78,13
INV-605817,2024-12-01,FAC-002,HW-CW-10082,21,85,94,12
INV-605818,2025-01-01,FAC-002,HW-CW-10082,28,67,72,23
INV-605819,2025-02-01,FAC-002,HW-CW-10082,28,87,96,19
INV-605820,2025-03-01,FAC-002,HW-CW-10082,39,89,112,16
INV-605821,2025-04-01,FAC-002,HW-CW-10082,22,69,77,14
INV-605822,2025-05-01,FAC-002,HW-CW-10082,26,78,78,26
INV-605823,2025-06-01,FAC-002,HW-CW-10082,31,82,87,26
INV-605824,2025-07-01,FAC-002,HW-CW-10082,22,67,78,11
INV-605825,2025-08-01,FAC-002,HW-CW-10082,20,58,62,16
INV-605826,2025-09-01,FAC-002,HW-CW-10082,42,109,134,17
INV-605827,2025-10-01,FAC-002,HW-CW-10082,33,96,121,8
INV-605828,2025-11-01,FAC-002,HW-CW-10082,28,69,86,11
INV-605829,2025-12-01,FAC-002,HW-CW-10082,22,84,85,21
INV-605830,2026-01-01,FAC-002,HW-CW-10082,25,87,85,27
INV-605831,2026-02-01,FAC-002,HW-CW-10082,18,80,89,9
INV-605832,2026-03-01,FAC-002,HW-CW-10082,33,81,103,11
INV-605833,2023-04-01,FAC-002,HW-CW-10083,18,48,55,11
INV-605834,2023-05-01,FAC-002,HW-CW-10083,21,57,58,20
INV-605835,2023-06-01,FAC-002,HW-CW-10083,12,55,52,15
INV-605836,2023-07-01,FAC-002,HW-CW-10083,18,45,54,9
INV-605837,2023-08-01,FAC-002,HW-CW-10083,11,39,40,10
INV-605838,2023-09-01,FAC-002,HW-CW-10083,17,66,72,11
INV-605839,2023-10-01,FAC-002,HW-CW-10083,21,78,77,22
INV-605840,2023-11-01,FAC-002,HW-CW-10083,21,55,71,5
INV-605841,2023-12-01,FAC-002,HW-CW-10083,10,44,46,8
INV-605842,2024-01-01,FAC-002,HW-CW-10083,16,51,58,9
INV-605843,2024-02-01,FAC-002,HW-CW-10083,14,45,52,7
INV-605844,2024-03-01,FAC-002,HW-CW-10083,17,48,54,11
INV-605845,2024-04-01,FAC-002,HW-CW-10083,12,47,49,10
INV-605846,2024-05-01,FAC-002,HW-CW-10083,15,42,52,5
INV-605847,2024-06-01,FAC-002,HW-CW-10083,9,47,53,3
INV-605848,2024-07-01,FAC-002,HW-CW-10083,9,39,39,9
INV-605849,2024-08-01,FAC-002,HW-CW-10083,12,45,49,8
INV-605850,2024-09-01,FAC-002,HW-CW-10083,15,68,67,16
INV-605851,2024-10-01,FAC-002,HW-CW-10083,26,74,77,23
INV-605852,2024-11-01,FAC-002,HW-CW-10083,15,44,53,6
INV-605853,2024-12-01,FAC-002,HW-CW-10083,16,47,49,14
INV-605854,2025-01-01,FAC-002,HW-CW-10083,9,47,50,6
INV-605855,2025-02-01,FAC-002,HW-CW-10083,19,48,59,8
INV-605856,2025-03-01,FAC-002,HW-CW-10083,14,54,53,15
INV-605857,2025-04-01,FAC-002,HW-CW-10083,21,57,71,7
INV-605858,2025-05-01,FAC-002,HW-CW-10083,12,42,48,6
INV-605859,2025-06-01,FAC-002,HW-CW-10083,14,43,47,10
INV-605860,2025-07-01,FAC-002,HW-CW-10083,9,36,36,9
INV-605861,2025-08-01,FAC-002,HW-CW-10083,13,37,39,11
INV-605862,2025-09-01,FAC-002,HW-CW-10083,27,65,77,15
INV-605863,2025-10-01,FAC-002,HW-CW-10083,25,67,85,7
INV-605864,2025-11-01,FAC-002,HW-CW-10083,13,42,47,8
INV-605865,2025-12-01,FAC-002,HW-CW-10083,18,47,61,4
INV-605866,2026-01-01,FAC-002,HW-CW-10083,14,56,55,15
INV-605867,2026-02-01,FAC-002,HW-CW-10083,17,56,57,16
INV-605868,2026-03-01,FAC-002,HW-CW-10083,14,53,53,14
INV-605869,2023-04-01,FAC-002,HW-CW-10084,17,81,78,20
INV-605870,2023-05-01,FAC-002,HW-CW-10084,21,93,96,18
INV-605871,2023-06-01,FAC-002,HW-CW-10084,38,94,105,27
INV-605872,2023-07-01,FAC-002,HW-CW-10084,21,84,92,13
INV-605873,2023-08-01,FAC-002,HW-CW-10084,17,75,82,10
INV-605874,2023-09-01,FAC-002,HW-CW-10084,28,116,118,26
INV-605875,2023-10-01,FAC-002,HW-CW-10084,34,133,131,36
INV-605876,2023-11-01,FAC-002,HW-CW-10084,24,77,84,17
INV-605877,2023-12-01,FAC-002,HW-CW-10084,17,83,83,17
INV-605878,2024-01-01,FAC-002,HW-CW-10084,37,98,124,11
INV-605879,2024-02-01,FAC-002,HW-CW-10084,34,77,90,21
INV-605880,2024-03-01,FAC-002,HW-CW-10084,27,104,110,21
INV-605881,2024-04-01,FAC-002,HW-CW-10084,25,87,102,10
INV-605882,2024-05-01,FAC-002,HW-CW-10084,43,97,122,18
INV-605883,2024-06-01,FAC-002,HW-CW-10084,19,89,102,6
INV-605884,2024-07-01,FAC-002,HW-CW-10084,29,78,88,19
INV-605885,2024-08-01,FAC-002,HW-CW-10084,33,78,86,25
INV-605886,2024-09-01,FAC-002,HW-CW-10084,28,119,133,14
INV-605887,2024-10-01,FAC-002,HW-CW-10084,24,110,108,26
INV-605888,2024-11-01,FAC-002,HW-CW-10084,27,91,89,29
INV-605889,2024-12-01,FAC-002,HW-CW-10084,45,103,119,29
INV-605890,2025-01-01,FAC-002,HW-CW-10084,33,97,103,27
INV-605891,2025-02-01,FAC-002,HW-CW-10084,27,84,92,19
INV-605892,2025-03-01,FAC-002,HW-CW-10084,34,85,100,19
INV-605893,2025-04-01,FAC-002,HW-CW-10084,23,95,101,17
INV-605894,2025-05-01,FAC-002,HW-CW-10084,28,86,103,11
INV-605895,2025-06-01,FAC-002,HW-CW-10084,28,98,111,15
INV-605896,2025-07-01,FAC-002,HW-CW-10084,31,87,92,26
INV-605897,2025-08-01,FAC-002,HW-CW-10084,18,81,91,8
INV-605898,2025-09-01,FAC-002,HW-CW-10084,37,128,125,40
INV-605899,2025-10-01,FAC-002,HW-CW-10084,51,122,130,43
INV-605900,2025-11-01,FAC-002,HW-CW-10084,38,90,106,22
INV-605901,2025-12-01,FAC-002,HW-CW-10084,30,89,100,19
INV-605902,2026-01-01,FAC-002,HW-CW-10084,16,81,84,13
INV-605903,2026-02-01,FAC-002,HW-CW-10084,23,102,99,26
INV-605904,2026-03-01,FAC-002,HW-CW-10084,34,87,97,24
INV-605905,2023-04-01,FAC-002,HW-CW-10085,20,48,58,10
INV-605906,2023-05-01,FAC-002,HW-CW-10085,16,58,67,7
INV-605907,2023-06-01,FAC-002,HW-CW-10085,10,50,49,11
INV-605908,2023-07-01,FAC-002,HW-CW-10085,20,52,61,11
INV-605909,2023-08-01,FAC-002,HW-CW-10085,11,48,54,5
INV-605910,2023-09-01,FAC-002,HW-CW-10085,30,85,96,19
INV-605911,2023-10-01,FAC-002,HW-CW-10085,37,89,110,16
INV-605912,2023-11-01,FAC-002,HW-CW-10085,18,53,61,10
INV-605913,2023-12-01,FAC-002,HW-CW-10085,14,54,56,12
INV-605914,2024-01-01,FAC-002,HW-CW-10085,17,57,59,15
INV-605915,2024-02-01,FAC-002,HW-CW-10085,19,60,60,19
INV-605916,2024-03-01,FAC-002,HW-CW-10085,22,53,67,8
INV-605917,2024-04-01,FAC-002,HW-CW-10085,23,53,58,18
INV-605918,2024-05-01,FAC-002,HW-CW-10085,16,63,59,20
INV-605919,2024-06-01,FAC-002,HW-CW-10085,15,54,59,10
INV-605920,2024-07-01,FAC-002,HW-CW-10085,20,51,58,13
INV-605921,2024-08-01,FAC-002,HW-CW-10085,10,46,42,14
INV-605922,2024-09-01,FAC-002,HW-CW-10085,17,81,87,11
INV-605923,2024-10-01,FAC-002,HW-CW-10085,19,79,84,14
INV-605924,2024-11-01,FAC-002,HW-CW-10085,15,50,59,6
INV-605925,2024-12-01,FAC-002,HW-CW-10085,13,55,60,8
INV-605926,2025-01-01,FAC-002,HW-CW-10085,19,50,58,11
INV-605927,2025-02-01,FAC-002,HW-CW-10085,22,55,68,9
INV-605928,2025-03-01,FAC-002,HW-CW-10085,13,48,56,5
INV-605929,2025-04-01,FAC-002,HW-CW-10085,15,47,55,7
INV-605930,2025-05-01,FAC-002,HW-CW-10085,22,58,71,9
INV-605931,2025-06-01,FAC-002,HW-CW-10085,23,59,72,10
INV-605932,2025-07-01,FAC-002,HW-CW-10085,14,46,53,7
INV-605933,2025-08-01,FAC-002,HW-CW-10085,13,52,53,12
INV-605934,2025-09-01,FAC-002,HW-CW-10085,30,88,92,26
INV-605935,2025-10-01,FAC-002,HW-CW-10085,36,82,107,11
INV-605936,2025-11-01,FAC-002,HW-CW-10085,15,60,69,6
INV-605937,2025-12-01,FAC-002,HW-CW-10085,23,56,64,15
INV-605938,2026-01-01,FAC-002,HW-CW-10085,15,48,50,13
INV-605939,2026-02-01,FAC-002,HW-CW-10085,25,59,74,10
INV-605940,2026-03-01,FAC-002,HW-CW-10085,19,62,73,8
INV-605941,2023-04-01,FAC-002,HW-CW-10086,25,79,91,13
INV-605942,2023-05-01,FAC-002,HW-CW-10086,20,79,90,9
INV-605943,2023-06-01,FAC-002,HW-CW-10086,26,85,98,13
INV-605944,2023-07-01,FAC-002,HW-CW-10086,24,68,79,13
INV-605945,2023-08-01,FAC-002,HW-CW-10086,22,71,70,23
INV-605946,2023-09-01,FAC-002,HW-CW-10086,42,115,144,13
INV-605947,2023-10-01,FAC-002,HW-CW-10086,19,93,104,8
INV-605948,2023-11-01,FAC-002,HW-CW-10086,26,67,85,8
INV-605949,2023-12-01,FAC-002,HW-CW-10086,18,79,85,12
INV-605950,2024-01-01,FAC-002,HW-CW-10086,25,83,89,19
INV-605951,2024-02-01,FAC-002,HW-CW-10086,16,73,82,7
INV-605952,2024-03-01,FAC-002,HW-CW-10086,37,83,104,16
INV-605953,2024-04-01,FAC-002,HW-CW-10086,20,80,88,12
INV-605954,2024-05-01,FAC-002,HW-CW-10086,33,78,101,10
INV-605955,2024-06-01,FAC-002,HW-CW-10086,35,84,109,10
INV-605956,2024-07-01,FAC-002,HW-CW-10086,22,55,67,10
INV-605957,2024-08-01,FAC-002,HW-CW-10086,13,61,65,9
INV-605958,2024-09-01,FAC-002,HW-CW-10086,31,99,115,15
INV-605959,2024-10-01,FAC-002,HW-CW-10086,47,117,137,27
INV-605960,2024-11-01,FAC-002,HW-CW-10086,18,72,74,16
INV-605961,2024-12-01,FAC-002,HW-CW-10086,29,66,82,13
INV-605962,2025-01-01,FAC-002,HW-CW-10086,19,66,73,12
INV-605963,2025-02-01,FAC-002,HW-CW-10086,15,75,84,6
INV-605964,2025-03-01,FAC-002,HW-CW-10086,14,69,63,20
INV-605965,2025-04-01,FAC-002,HW-CW-10086,17,76,70,23
INV-605966,2025-05-01,FAC-002,HW-CW-10086,25,72,74,23
INV-605967,2025-06-01,FAC-002,HW-CW-10086,21,70,71,20
INV-605968,2025-07-01,FAC-002,HW-CW-10086,13,63,57,19
INV-605969,2025-08-01,FAC-002,HW-CW-10086,16,64,61,19
INV-605970,2025-09-01,FAC-002,HW-CW-10086,43,102,129,16
INV-605971,2025-10-01,FAC-002,HW-CW-10086,47,114,152,9
INV-605972,2025-11-01,FAC-002,HW-CW-10086,28,80,88,20
INV-605973,2025-12-01,FAC-002,HW-CW-10086,24,67,86,5
INV-605974,2026-01-01,FAC-002,HW-CW-10086,28,74,86,16
INV-605975,2026-02-01,FAC-002,HW-CW-10086,22,73,80,15
INV-605976,2026-03-01,FAC-002,HW-CW-10086,27,72,91,8
INV-605977,2023-04-01,FAC-002,HW-CW-10087,19,45,52,12
INV-605978,2023-05-01,FAC-002,HW-CW-10087,17,47,51,13
INV-605979,2023-06-01,FAC-002,HW-CW-10087,12,43,49,6
INV-605980,2023-07-01,FAC-002,HW-CW-10087,14,40,47,7
INV-605981,2023-08-01,FAC-002,HW-CW-10087,19,45,53,11
INV-605982,2023-09-01,FAC-002,HW-CW-10087,17,62,66,13
INV-605983,2023-10-01,FAC-002,HW-CW-10087,15,74,72,17
INV-605984,2023-11-01,FAC-002,HW-CW-10087,19,54,65,8
INV-605985,2023-12-01,FAC-002,HW-CW-10087,21,54,66,9
INV-605986,2024-01-01,FAC-002,HW-CW-10087,21,49,60,10
INV-605987,2024-02-01,FAC-002,HW-CW-10087,12,45,50,7
INV-605988,2024-03-01,FAC-002,HW-CW-10087,13,56,52,17
INV-605989,2024-04-01,FAC-002,HW-CW-10087,23,55,62,16
INV-605990,2024-05-01,FAC-002,HW-CW-10087,17,48,53,12
INV-605991,2024-06-01,FAC-002,HW-CW-10087,12,55,50,17
INV-605992,2024-07-01,FAC-002,HW-CW-10087,10,38,37,11
INV-605993,2024-08-01,FAC-002,HW-CW-10087,14,36,39,11
INV-605994,2024-09-01,FAC-002,HW-CW-10087,22,78,88,12
INV-605995,2024-10-01,FAC-002,HW-CW-10087,16,64,69,11
INV-605996,2024-11-01,FAC-002,HW-CW-10087,19,50,62,7
INV-605997,2024-12-01,FAC-002,HW-CW-10087,16,52,63,5
INV-605998,2025-01-01,FAC-002,HW-CW-10087,22,51,66,7
INV-605999,2025-02-01,FAC-002,HW-CW-10087,12,43,47,8
INV-606000,2025-03-01,FAC-002,HW-CW-10087,17,53,63,7
INV-606001,2025-04-01,FAC-002,HW-CW-10087,11,46,43,14
INV-606002,2025-05-01,FAC-002,HW-CW-10087,18,51,56,13
INV-606003,2025-06-01,FAC-002,HW-CW-10087,10,51,46,15
INV-606004,2025-07-01,FAC-002,HW-CW-10087,13,45,51,7
INV-606005,2025-08-01,FAC-002,HW-CW-10087,19,46,50,15
INV-606006,2025-09-01,FAC-002,HW-CW-10087,26,69,85,10
INV-606007,2025-10-01,FAC-002,HW-CW-10087,19,75,74,20
INV-606008,2025-11-01,FAC-002,HW-CW-10087,19,51,56,14
INV-606009,2025-12-01,FAC-002,HW-CW-10087,16,44,48,12
INV-606010,2026-01-01,FAC-002,HW-CW-10087,10,44,43,11
INV-606011,2026-02-01,FAC-002,HW-CW-10087,14,51,49,16
INV-606012,2026-03-01,FAC-002,HW-CW-10087,11,43,47,7
INV-606013,2023-04-01,FAC-002,HW-CW-10088,20,88,85,23
INV-606014,2023-05-01,FAC-002,HW-CW-10088,16,78,83,11
INV-606015,2023-06-01,FAC-002,HW-CW-10088,35,86,93,28
INV-606016,2023-07-01,FAC-002,HW-CW-10088,18,66,75,9
INV-606017,2023-08-01,FAC-002,HW-CW-10088,20,69,72,17
INV-606018,2023-09-01,FAC-002,HW-CW-10088,46,106,130,22
INV-606019,2023-10-01,FAC-002,HW-CW-10088,48,132,153,27
INV-606020,2023-11-01,FAC-002,HW-CW-10088,27,76,80,23
INV-606021,2023-12-01,FAC-002,HW-CW-10088,30,84,103,11
INV-606022,2024-01-01,FAC-002,HW-CW-10088,33,91,96,28
INV-606023,2024-02-01,FAC-002,HW-CW-10088,17,82,88,11
INV-606024,2024-03-01,FAC-002,HW-CW-10088,26,98,95,29
INV-606025,2024-04-01,FAC-002,HW-CW-10088,35,86,104,17
INV-606026,2024-05-01,FAC-002,HW-CW-10088,33,75,98,10
INV-606027,2024-06-01,FAC-002,HW-CW-10088,33,77,92,18
INV-606028,2024-07-01,FAC-002,HW-CW-10088,22,71,85,8
INV-606029,2024-08-01,FAC-002,HW-CW-10088,16,77,87,6
INV-606030,2024-09-01,FAC-002,HW-CW-10088,41,108,130,19
INV-606031,2024-10-01,FAC-002,HW-CW-10088,26,110,125,11
INV-606032,2024-11-01,FAC-002,HW-CW-10088,30,84,96,18
INV-606033,2024-12-01,FAC-002,HW-CW-10088,29,92,97,24
INV-606034,2025-01-01,FAC-002,HW-CW-10088,34,83,98,19
INV-606035,2025-02-01,FAC-002,HW-CW-10088,34,79,102,11
INV-606036,2025-03-01,FAC-002,HW-CW-10088,33,75,96,12
INV-606037,2025-04-01,FAC-002,HW-CW-10088,20,78,87,11
INV-606038,2025-05-01,FAC-002,HW-CW-10088,24,94,94,24
INV-606039,2025-06-01,FAC-002,HW-CW-10088,28,81,85,24
INV-606040,2025-07-01,FAC-002,HW-CW-10088,24,65,80,9
INV-606041,2025-08-01,FAC-002,HW-CW-10088,21,73,78,16
INV-606042,2025-09-01,FAC-002,HW-CW-10088,51,117,151,17
INV-606043,2025-10-01,FAC-002,HW-CW-10088,32,111,122,21
INV-606044,2025-11-01,FAC-002,HW-CW-10088,28,89,106,11
INV-606045,2025-12-01,FAC-002,HW-CW-10088,30,93,113,10
INV-606046,2026-01-01,FAC-002,HW-CW-10088,36,93,121,8
INV-606047,2026-02-01,FAC-002,HW-CW-10088,21,80,93,8
INV-606048,2026-03-01,FAC-002,HW-CW-10088,40,94,102,32
INV-606049,2023-04-01,FAC-002,HW-CW-10089,28,88,90,26
INV-606050,2023-05-01,FAC-002,HW-CW-10089,17,87,91,13
INV-606051,2023-06-01,FAC-002,HW-CW-10089,21,94,93,22
INV-606052,2023-07-01,FAC-002,HW-CW-10089,32,75,87,20
INV-606053,2023-08-01,FAC-002,HW-CW-10089,32,79,97,14
INV-606054,2023-09-01,FAC-002,HW-CW-10089,52,147,186,13
INV-606055,2023-10-01,FAC-002,HW-CW-10089,56,126,166,16
INV-606056,2023-11-01,FAC-002,HW-CW-10089,36,101,120,17
INV-606057,2023-12-01,FAC-002,HW-CW-10089,21,85,99,7
INV-606058,2024-01-01,FAC-002,HW-CW-10089,29,100,116,13
INV-606059,2024-02-01,FAC-002,HW-CW-10089,20,99,106,13
INV-606060,2024-03-01,FAC-002,HW-CW-10089,25,105,122,8
INV-606061,2024-04-01,FAC-002,HW-CW-10089,28,90,91,27
INV-606062,2024-05-01,FAC-002,HW-CW-10089,29,102,107,24
INV-606063,2024-06-01,FAC-002,HW-CW-10089,21,108,117,12
INV-606064,2024-07-01,FAC-002,HW-CW-10089,37,85,105,17
INV-606065,2024-08-01,FAC-002,HW-CW-10089,15,72,80,7
INV-606066,2024-09-01,FAC-002,HW-CW-10089,43,152,170,25
INV-606067,2024-10-01,FAC-002,HW-CW-10089,60,138,186,12
INV-606068,2024-11-01,FAC-002,HW-CW-10089,47,113,149,11
INV-606069,2024-12-01,FAC-002,HW-CW-10089,36,90,112,14
INV-606070,2025-01-01,FAC-002,HW-CW-10089,38,112,115,35
INV-606071,2025-02-01,FAC-002,HW-CW-10089,37,101,109,29
INV-606072,2025-03-01,FAC-002,HW-CW-10089,33,95,105,23
INV-606073,2025-04-01,FAC-002,HW-CW-10089,22,95,109,8
INV-606074,2025-05-01,FAC-002,HW-CW-10089,21,106,114,13
INV-606075,2025-06-01,FAC-002,HW-CW-10089,21,106,104,23
INV-606076,2025-07-01,FAC-002,HW-CW-10089,26,86,101,11
INV-606077,2025-08-01,FAC-002,HW-CW-10089,19,82,95,6
INV-606078,2025-09-01,FAC-002,HW-CW-10089,48,127,136,39
INV-606079,2025-10-01,FAC-002,HW-CW-10089,40,131,134,37
INV-606080,2025-11-01,FAC-002,HW-CW-10089,23,97,103,17
INV-606081,2025-12-01,FAC-002,HW-CW-10089,22,103,115,10
INV-606082,2026-01-01,FAC-002,HW-CW-10089,22,89,97,14
INV-606083,2026-02-01,FAC-002,HW-CW-10089,31,98,100,29
INV-606084,2026-03-01,FAC-002,HW-CW-10089,38,108,113,33
INV-606085,2023-04-01,FAC-002,HW-CW-10090,59,175,180,54
INV-606086,2023-05-01,FAC-002,HW-CW-10090,40,154,165,29
INV-606087,2023-06-01,FAC-002,HW-CW-10090,54,177,193,38
INV-606088,2023-07-01,FAC-002,HW-CW-10090,52,153,176,29
INV-606089,2023-08-01,FAC-002,HW-CW-10090,44,127,147,24
INV-606090,2023-09-01,FAC-002,HW-CW-10090,97,218,291,24
INV-606091,2023-10-01,FAC-002,HW-CW-10090,80,242,271,51
INV-606092,2023-11-01,FAC-002,HW-CW-10090,40,145,167,18
INV-606093,2023-12-01,FAC-002,HW-CW-10090,66,158,174,50
INV-606094,2024-01-01,FAC-002,HW-CW-10090,58,161,186,33
INV-606095,2024-02-01,FAC-002,HW-CW-10090,80,179,200,59
INV-606096,2024-03-01,FAC-002,HW-CW-10090,33,143,155,21
INV-606097,2024-04-01,FAC-002,HW-CW-10090,59,154,177,36
INV-606098,2024-05-01,FAC-002,HW-CW-10090,65,167,199,33
INV-606099,2024-06-01,FAC-002,HW-CW-10090,35,162,163,34
INV-606100,2024-07-01,FAC-002,HW-CW-10090,43,138,168,13
INV-606101,2024-08-01,FAC-002,HW-CW-10090,62,153,177,38
INV-606102,2024-09-01,FAC-002,HW-CW-10090,71,240,247,64
INV-606103,2024-10-01,FAC-002,HW-CW-10090,46,214,212,48
INV-606104,2024-11-01,FAC-002,HW-CW-10090,69,159,185,43
INV-606105,2024-12-01,FAC-002,HW-CW-10090,46,180,178,48
INV-606106,2025-01-01,FAC-002,HW-CW-10090,59,161,166,54
INV-606107,2025-02-01,FAC-002,HW-CW-10090,46,147,157,36
INV-606108,2025-03-01,FAC-002,HW-CW-10090,56,171,177,50
INV-606109,2025-04-01,FAC-002,HW-CW-10090,49,180,205,24
INV-606110,2025-05-01,FAC-002,HW-CW-10090,76,174,212,38
INV-606111,2025-06-01,FAC-002,HW-CW-10090,47,166,188,25
INV-606112,2025-07-01,FAC-002,HW-CW-10090,41,135,162,14
INV-606113,2025-08-01,FAC-002,HW-CW-10090,49,118,153,14
INV-606114,2025-09-01,FAC-002,HW-CW-10090,72,225,244,53
INV-606115,2025-10-01,FAC-002,HW-CW-10090,58,258,274,42
INV-606116,2025-11-01,FAC-002,HW-CW-10090,73,169,219,23
INV-606117,2025-12-01,FAC-002,HW-CW-10090,38,167,169,36
INV-606118,2026-01-01,FAC-002,HW-CW-10090,60,143,182,21
INV-606119,2026-02-01,FAC-002,HW-CW-10090,62,173,200,35
INV-606120,2026-03-01,FAC-002,HW-CW-10090,40,144,143,41
INV-606121,2023-04-01,FAC-002,HW-CW-10091,25,68,82,11
INV-606122,2023-05-01,FAC-002,HW-CW-10091,17,75,74,18
INV-606123,2023-06-01,FAC-002,HW-CW-10091,26,71,74,23
INV-606124,2023-07-01,FAC-002,HW-CW-10091,27,70,76,21
INV-606125,2023-08-01,FAC-002,HW-CW-10091,24,68,82,10
INV-606126,2023-09-01,FAC-002,HW-CW-10091,22,96,94,24
INV-606127,2023-10-01,FAC-002,HW-CW-10091,40,102,127,15
INV-606128,2023-11-01,FAC-002,HW-CW-10091,18,85,77,26
INV-606129,2023-12-01,FAC-002,HW-CW-10091,21,80,82,19
INV-606130,2024-01-01,FAC-002,HW-CW-10091,17,77,82,12
INV-606131,2024-02-01,FAC-002,HW-CW-10091,25,72,88,9
INV-606132,2024-03-01,FAC-002,HW-CW-10091,29,68,83,14
INV-606133,2024-04-01,FAC-002,HW-CW-10091,21,85,92,14
INV-606134,2024-05-01,FAC-002,HW-CW-10091,28,73,87,14
INV-606135,2024-06-01,FAC-002,HW-CW-10091,32,75,88,19
INV-606136,2024-07-01,FAC-002,HW-CW-10091,20,59,69,10
INV-606137,2024-08-01,FAC-002,HW-CW-10091,20,63,78,5
INV-606138,2024-09-01,FAC-002,HW-CW-10091,25,113,109,29
INV-606139,2024-10-01,FAC-002,HW-CW-10091,46,121,155,12
INV-606140,2024-11-01,FAC-002,HW-CW-10091,27,71,87,11
INV-606141,2024-12-01,FAC-002,HW-CW-10091,23,71,82,12
INV-606142,2025-01-01,FAC-002,HW-CW-10091,30,75,96,9
INV-606143,2025-02-01,FAC-002,HW-CW-10091,33,83,98,18
INV-606144,2025-03-01,FAC-002,HW-CW-10091,29,73,86,16
INV-606145,2025-04-01,FAC-002,HW-CW-10091,22,70,71,21
INV-606146,2025-05-01,FAC-002,HW-CW-10091,22,80,81,21
INV-606147,2025-06-01,FAC-002,HW-CW-10091,33,86,107,12
INV-606148,2025-07-01,FAC-002,HW-CW-10091,27,66,83,10
INV-606149,2025-08-01,FAC-002,HW-CW-10091,29,66,74,21
INV-606150,2025-09-01,FAC-002,HW-CW-10091,36,120,133,23
INV-606151,2025-10-01,FAC-002,HW-CW-10091,31,94,109,16
INV-606152,2025-11-01,FAC-002,HW-CW-10091,38,87,117,8
INV-606153,2025-12-01,FAC-002,HW-CW-10091,32,72,87,17
INV-606154,2026-01-01,FAC-002,HW-CW-10091,21,84,89,16
INV-606155,2026-02-01,FAC-002,HW-CW-10091,37,86,109,14
INV-606156,2026-03-01,FAC-002,HW-CW-10091,20,82,91,11
INV-606157,2023-04-01,FAC-002,HW-CW-10092,11,49,46,14
INV-606158,2023-05-01,FAC-002,HW-CW-10092,13,59,60,12
INV-606159,2023-06-01,FAC-002,HW-CW-10092,17,53,62,8
INV-606160,2023-07-01,FAC-002,HW-CW-10092,16,50,55,11
INV-606161,2023-08-01,FAC-002,HW-CW-10092,19,46,53,12
INV-606162,2023-09-01,FAC-002,HW-CW-10092,27,72,81,18
INV-606163,2023-10-01,FAC-002,HW-CW-10092,24,86,97,13
INV-606164,2023-11-01,FAC-002,HW-CW-10092,14,48,50,12
INV-606165,2023-12-01,FAC-002,HW-CW-10092,26,61,73,14
INV-606166,2024-01-01,FAC-002,HW-CW-10092,22,61,78,5
INV-606167,2024-02-01,FAC-002,HW-CW-10092,13,61,66,8
INV-606168,2024-03-01,FAC-002,HW-CW-10092,11,56,53,14
INV-606169,2024-04-01,FAC-002,HW-CW-10092,27,63,81,9
INV-606170,2024-05-01,FAC-002,HW-CW-10092,25,64,66,23
INV-606171,2024-06-01,FAC-002,HW-CW-10092,10,52,47,15
INV-606172,2024-07-01,FAC-002,HW-CW-10092,14,43,52,5
INV-606173,2024-08-01,FAC-002,HW-CW-10092,18,52,65,5
INV-606174,2024-09-01,FAC-002,HW-CW-10092,32,78,92,18
INV-606175,2024-10-01,FAC-002,HW-CW-10092,31,73,86,18
INV-606176,2024-11-01,FAC-002,HW-CW-10092,15,56,62,9
INV-606177,2024-12-01,FAC-002,HW-CW-10092,13,64,71,6
INV-606178,2025-01-01,FAC-002,HW-CW-10092,13,47,47,13
INV-606179,2025-02-01,FAC-002,HW-CW-10092,12,60,61,11
INV-606180,2025-03-01,FAC-002,HW-CW-10092,12,52,57,7
INV-606181,2025-04-01,FAC-002,HW-CW-10092,13,51,51,13
INV-606182,2025-05-01,FAC-002,HW-CW-10092,20,57,58,19
INV-606183,2025-06-01,FAC-002,HW-CW-10092,15,51,53,13
INV-606184,2025-07-01,FAC-002,HW-CW-10092,21,53,64,10
INV-606185,2025-08-01,FAC-002,HW-CW-10092,16,45,56,5
INV-606186,2025-09-01,FAC-002,HW-CW-10092,31,80,99,12
INV-606187,2025-10-01,FAC-002,HW-CW-10092,22,80,91,11
INV-606188,2025-11-01,FAC-002,HW-CW-10092,20,51,64,7
INV-606189,2025-12-01,FAC-002,HW-CW-10092,19,61,63,17
INV-606190,2026-01-01,FAC-002,HW-CW-10092,18,49,62,5
INV-606191,2026-02-01,FAC-002,HW-CW-10092,13,58,66,5
INV-606192,2026-03-01,FAC-002,HW-CW-10092,19,64,72,11
INV-606193,2023-04-01,FAC-002,HW-CW-10093,41,93,103,31
INV-606194,2023-05-01,FAC-002,HW-CW-10093,33,89,113,9
INV-606195,2023-06-01,FAC-002,HW-CW-10093,42,96,117,21
INV-606196,2023-07-01,FAC-002,HW-CW-10093,24,81,87,18
INV-606197,2023-08-01,FAC-002,HW-CW-10093,27,68,89,6
INV-606198,2023-09-01,FAC-002,HW-CW-10093,23,112,123,12
INV-606199,2023-10-01,FAC-002,HW-CW-10093,55,126,144,37
INV-606200,2023-11-01,FAC-002,HW-CW-10093,24,75,75,24
INV-606201,2023-12-01,FAC-002,HW-CW-10093,18,80,77,21
INV-606202,2024-01-01,FAC-002,HW-CW-10093,33,76,87,22
INV-606203,2024-02-01,FAC-002,HW-CW-10093,36,85,107,14
INV-606204,2024-03-01,FAC-002,HW-CW-10093,33,90,112,11
INV-606205,2024-04-01,FAC-002,HW-CW-10093,34,96,120,10
INV-606206,2024-05-01,FAC-002,HW-CW-10093,23,87,101,9
INV-606207,2024-06-01,FAC-002,HW-CW-10093,37,88,94,31
INV-606208,2024-07-01,FAC-002,HW-CW-10093,31,71,81,21
INV-606209,2024-08-01,FAC-002,HW-CW-10093,36,83,110,9
INV-606210,2024-09-01,FAC-002,HW-CW-10093,44,124,155,13
INV-606211,2024-10-01,FAC-002,HW-CW-10093,46,131,167,10
INV-606212,2024-11-01,FAC-002,HW-CW-10093,40,91,99,32
INV-606213,2024-12-01,FAC-002,HW-CW-10093,24,77,83,18
INV-606214,2025-01-01,FAC-002,HW-CW-10093,22,94,109,7
INV-606215,2025-02-01,FAC-002,HW-CW-10093,25,82,86,21
INV-606216,2025-03-01,FAC-002,HW-CW-10093,19,89,84,24
INV-606217,2025-04-01,FAC-002,HW-CW-10093,22,93,91,24
INV-606218,2025-05-01,FAC-002,HW-CW-10093,20,94,95,19
INV-606219,2025-06-01,FAC-002,HW-CW-10093,21,74,84,11
INV-606220,2025-07-01,FAC-002,HW-CW-10093,27,64,84,7
INV-606221,2025-08-01,FAC-002,HW-CW-10093,29,65,76,18
INV-606222,2025-09-01,FAC-002,HW-CW-10093,21,106,105,22
INV-606223,2025-10-01,FAC-002,HW-CW-10093,35,126,147,14
INV-606224,2025-11-01,FAC-002,HW-CW-10093,26,92,105,13
INV-606225,2025-12-01,FAC-002,HW-CW-10093,21,98,96,23
INV-606226,2026-01-01,FAC-002,HW-CW-10093,27,86,97,16
INV-606227,2026-02-01,FAC-002,HW-CW-10093,29,81,96,14
INV-606228,2026-03-01,FAC-002,HW-CW-10093,20,89,92,17
INV-606229,2023-04-01,FAC-002,HW-CW-10094,70,163,197,36
INV-606230,2023-05-01,FAC-002,HW-CW-10094,43,140,167,16
INV-606231,2023-06-01,FAC-002,HW-CW-10094,58,177,187,48
INV-606232,2023-07-01,FAC-002,HW-CW-10094,46,137,173,10
INV-606233,2023-08-01,FAC-002,HW-CW-10094,54,145,168,31
INV-606234,2023-09-01,FAC-002,HW-CW-10094,88,219,260,47
INV-606235,2023-10-01,FAC-002,HW-CW-10094,82,263,263,82
INV-606236,2023-11-01,FAC-002,HW-CW-10094,36,172,166,42
INV-606237,2023-12-01,FAC-002,HW-CW-10094,60,156,183,33
INV-606238,2024-01-01,FAC-002,HW-CW-10094,49,140,157,32
INV-606239,2024-02-01,FAC-002,HW-CW-10094,59,184,216,27
INV-606240,2024-03-01,FAC-002,HW-CW-10094,58,150,185,23
INV-606241,2024-04-01,FAC-002,HW-CW-10094,38,183,185,36
INV-606242,2024-05-01,FAC-002,HW-CW-10094,38,172,174,36
INV-606243,2024-06-01,FAC-002,HW-CW-10094,57,185,229,13
INV-606244,2024-07-01,FAC-002,HW-CW-10094,45,120,142,23
INV-606245,2024-08-01,FAC-002,HW-CW-10094,61,139,155,45
INV-606246,2024-09-01,FAC-002,HW-CW-10094,95,256,281,70
INV-606247,2024-10-01,FAC-002,HW-CW-10094,78,257,305,30
INV-606248,2024-11-01,FAC-002,HW-CW-10094,65,158,195,28
INV-606249,2024-12-01,FAC-002,HW-CW-10094,52,146,156,42
INV-606250,2025-01-01,FAC-002,HW-CW-10094,38,159,148,49
INV-606251,2025-02-01,FAC-002,HW-CW-10094,49,149,167,31
INV-606252,2025-03-01,FAC-002,HW-CW-10094,42,164,182,24
INV-606253,2025-04-01,FAC-002,HW-CW-10094,50,174,207,17
INV-606254,2025-05-01,FAC-002,HW-CW-10094,64,171,189,46
INV-606255,2025-06-01,FAC-002,HW-CW-10094,57,139,179,17
INV-606256,2025-07-01,FAC-002,HW-CW-10094,36,123,140,19
INV-606257,2025-08-01,FAC-002,HW-CW-10094,60,145,159,46
INV-606258,2025-09-01,FAC-002,HW-CW-10094,50,224,226,48
INV-606259,2025-10-01,FAC-002,HW-CW-10094,83,196,238,41
INV-606260,2025-11-01,FAC-002,HW-CW-10094,38,181,174,45
INV-606261,2025-12-01,FAC-002,HW-CW-10094,45,152,179,18
INV-606262,2026-01-01,FAC-002,HW-CW-10094,39,158,150,47
INV-606263,2026-02-01,FAC-002,HW-CW-10094,55,143,166,32
INV-606264,2026-03-01,FAC-002,HW-CW-10094,64,175,185,54
INV-606265,2023-04-01,FAC-002,HW-CW-10095,39,104,118,25
INV-606266,2023-05-01,FAC-002,HW-CW-10095,17,84,81,20
INV-606267,2023-06-01,FAC-002,HW-CW-10095,21,82,85,18
INV-606268,2023-07-01,FAC-002,HW-CW-10095,16,73,82,7
INV-606269,2023-08-01,FAC-002,HW-CW-10095,36,84,98,22
INV-606270,2023-09-01,FAC-002,HW-CW-10095,35,143,155,23
INV-606271,2023-10-01,FAC-002,HW-CW-10095,24,120,134,10
INV-606272,2023-11-01,FAC-002,HW-CW-10095,42,98,114,26
INV-606273,2023-12-01,FAC-002,HW-CW-10095,27,91,105,13
INV-606274,2024-01-01,FAC-002,HW-CW-10095,42,98,105,35
INV-606275,2024-02-01,FAC-002,HW-CW-10095,29,103,103,29
INV-606276,2024-03-01,FAC-002,HW-CW-10095,31,97,99,29
INV-606277,2024-04-01,FAC-002,HW-CW-10095,26,88,94,20
INV-606278,2024-05-01,FAC-002,HW-CW-10095,21,91,84,28
INV-606279,2024-06-01,FAC-002,HW-CW-10095,47,110,132,25
INV-606280,2024-07-01,FAC-002,HW-CW-10095,34,94,97,31
INV-606281,2024-08-01,FAC-002,HW-CW-10095,30,72,89,13
INV-606282,2024-09-01,FAC-002,HW-CW-10095,63,149,177,35
INV-606283,2024-10-01,FAC-002,HW-CW-10095,28,117,110,35
INV-606284,2024-11-01,FAC-002,HW-CW-10095,26,87,87,26
INV-606285,2024-12-01,FAC-002,HW-CW-10095,27,87,93,21
INV-606286,2025-01-01,FAC-002,HW-CW-10095,29,96,109,16
INV-606287,2025-02-01,FAC-002,HW-CW-10095,24,109,102,31
INV-606288,2025-03-01,FAC-002,HW-CW-10095,34,107,127,14
INV-606289,2025-04-01,FAC-002,HW-CW-10095,35,88,114,9
INV-606290,2025-05-01,FAC-002,HW-CW-10095,22,100,113,9
INV-606291,2025-06-01,FAC-002,HW-CW-10095,40,105,109,36
INV-606292,2025-07-01,FAC-002,HW-CW-10095,20,89,86,23
INV-606293,2025-08-01,FAC-002,HW-CW-10095,22,84,93,13
INV-606294,2025-09-01,FAC-002,HW-CW-10095,31,140,150,21
INV-606295,2025-10-01,FAC-002,HW-CW-10095,36,153,164,25
INV-606296,2025-11-01,FAC-002,HW-CW-10095,28,92,96,24
INV-606297,2025-12-01,FAC-002,HW-CW-10095,19,92,105,6
INV-606298,2026-01-01,FAC-002,HW-CW-10095,32,100,109,23
INV-606299,2026-02-01,FAC-002,HW-CW-10095,28,98,103,23
INV-606300,2026-03-01,FAC-002,HW-CW-10095,25,95,94,26
INV-606301,2023-04-01,FAC-002,HW-CW-10096,41,174,162,53
INV-606302,2023-05-01,FAC-002,HW-CW-10096,64,145,191,18
INV-606303,2023-06-01,FAC-002,HW-CW-10096,70,162,194,38
INV-606304,2023-07-01,FAC-002,HW-CW-10096,41,153,154,40
INV-606305,2023-08-01,FAC-002,HW-CW-10096,40,139,156,23
INV-606306,2023-09-01,FAC-002,HW-CW-10096,73,208,226,55
INV-606307,2023-10-01,FAC-002,HW-CW-10096,81,191,252,20
INV-606308,2023-11-01,FAC-002,HW-CW-10096,68,180,219,29
INV-606309,2023-12-01,FAC-002,HW-CW-10096,37,160,155,42
INV-606310,2024-01-01,FAC-002,HW-CW-10096,62,148,164,46
INV-606311,2024-02-01,FAC-002,HW-CW-10096,58,178,210,26
INV-606312,2024-03-01,FAC-002,HW-CW-10096,37,139,165,11
INV-606313,2024-04-01,FAC-002,HW-CW-10096,40,146,146,40
INV-606314,2024-05-01,FAC-002,HW-CW-10096,36,140,154,22
INV-606315,2024-06-01,FAC-002,HW-CW-10096,52,155,160,47
INV-606316,2024-07-01,FAC-002,HW-CW-10096,57,146,153,50
INV-606317,2024-08-01,FAC-002,HW-CW-10096,28,129,142,15
INV-606318,2024-09-01,FAC-002,HW-CW-10096,100,236,267,69
INV-606319,2024-10-01,FAC-002,HW-CW-10096,53,218,223,48
INV-606320,2024-11-01,FAC-002,HW-CW-10096,33,159,171,21
INV-606321,2024-12-01,FAC-002,HW-CW-10096,65,160,180,45
INV-606322,2025-01-01,FAC-002,HW-CW-10096,79,177,239,17
INV-606323,2025-02-01,FAC-002,HW-CW-10096,68,171,206,33
INV-606324,2025-03-01,FAC-002,HW-CW-10096,52,143,174,21
INV-606325,2025-04-01,FAC-002,HW-CW-10096,60,181,193,48
INV-606326,2025-05-01,FAC-002,HW-CW-10096,73,166,187,52
INV-606327,2025-06-01,FAC-002,HW-CW-10096,49,149,155,43
INV-606328,2025-07-01,FAC-002,HW-CW-10096,32,115,135,12
INV-606329,2025-08-01,FAC-002,HW-CW-10096,35,115,135,15
INV-606330,2025-09-01,FAC-002,HW-CW-10096,112,251,302,61
INV-606331,2025-10-01,FAC-002,HW-CW-10096,52,251,272,31
INV-606332,2025-11-01,FAC-002,HW-CW-10096,43,164,176,31
INV-606333,2025-12-01,FAC-002,HW-CW-10096,58,140,162,36
INV-606334,2026-01-01,FAC-002,HW-CW-10096,39,163,159,43
INV-606335,2026-02-01,FAC-002,HW-CW-10096,70,181,236,15
INV-606336,2026-03-01,FAC-002,HW-CW-10096,35,148,155,28
INV-606337,2023-04-01,FAC-002,HW-CW-10097,18,49,55,12
INV-606338,2023-05-01,FAC-002,HW-CW-10097,13,49,53,9
INV-606339,2023-06-01,FAC-002,HW-CW-10097,18,58,64,12
INV-606340,2023-07-01,FAC-002,HW-CW-10097,17,41,54,4
INV-606341,2023-08-01,FAC-002,HW-CW-10097,10,49,50,9
INV-606342,2023-09-01,FAC-002,HW-CW-10097,35,79,108,6
INV-606343,2023-10-01,FAC-002,HW-CW-10097,18,85,96,7
INV-606344,2023-11-01,FAC-002,HW-CW-10097,22,56,64,14
INV-606345,2023-12-01,FAC-002,HW-CW-10097,16,52,52,16
INV-606346,2024-01-01,FAC-002,HW-CW-10097,21,52,55,18
INV-606347,2024-02-01,FAC-002,HW-CW-10097,11,49,49,11
INV-606348,2024-03-01,FAC-002,HW-CW-10097,15,63,60,18
INV-606349,2024-04-01,FAC-002,HW-CW-10097,25,61,65,21
INV-606350,2024-05-01,FAC-002,HW-CW-10097,21,59,72,8
INV-606351,2024-06-01,FAC-002,HW-CW-10097,24,54,59,19
INV-606352,2024-07-01,FAC-002,HW-CW-10097,12,43,46,9
INV-606353,2024-08-01,FAC-002,HW-CW-10097,17,52,52,17
INV-606354,2024-09-01,FAC-002,HW-CW-10097,22,74,90,6
INV-606355,2024-10-01,FAC-002,HW-CW-10097,28,79,95,12
INV-606356,2024-11-01,FAC-002,HW-CW-10097,21,59,63,17
INV-606357,2024-12-01,FAC-002,HW-CW-10097,23,61,75,9
INV-606358,2025-01-01,FAC-002,HW-CW-10097,25,63,80,8
INV-606359,2025-02-01,FAC-002,HW-CW-10097,14,62,64,12
INV-606360,2025-03-01,FAC-002,HW-CW-10097,15,56,65,6
INV-606361,2025-04-01,FAC-002,HW-CW-10097,22,59,76,5
INV-606362,2025-05-01,FAC-002,HW-CW-10097,19,51,60,10
INV-606363,2025-06-01,FAC-002,HW-CW-10097,12,51,58,5
INV-606364,2025-07-01,FAC-002,HW-CW-10097,19,48,57,10
INV-606365,2025-08-01,FAC-002,HW-CW-10097,11,42,43,10
INV-606366,2025-09-01,FAC-002,HW-CW-10097,17,87,98,6
INV-606367,2025-10-01,FAC-002,HW-CW-10097,39,88,107,20
INV-606368,2025-11-01,FAC-002,HW-CW-10097,18,62,60,20
INV-606369,2025-12-01,FAC-002,HW-CW-10097,21,50,53,18
INV-606370,2026-01-01,FAC-002,HW-CW-10097,12,55,54,13
INV-606371,2026-02-01,FAC-002,HW-CW-10097,19,48,58,9
INV-606372,2026-03-01,FAC-002,HW-CW-10097,22,61,78,5
INV-606373,2023-04-01,FAC-002,HW-CW-10098,35,104,117,22
INV-606374,2023-05-01,FAC-002,HW-CW-10098,39,110,135,14
INV-606375,2023-06-01,FAC-002,HW-CW-10098,26,108,117,17
INV-606376,2023-07-01,FAC-002,HW-CW-10098,26,77,91,12
INV-606377,2023-08-01,FAC-002,HW-CW-10098,20,97,89,28
INV-606378,2023-09-01,FAC-002,HW-CW-10098,36,122,144,14
INV-606379,2023-10-01,FAC-002,HW-CW-10098,59,154,197,16
INV-606380,2023-11-01,FAC-002,HW-CW-10098,20,94,86,28
INV-606381,2023-12-01,FAC-002,HW-CW-10098,42,110,135,17
INV-606382,2024-01-01,FAC-002,HW-CW-10098,28,95,115,8
INV-606383,2024-02-01,FAC-002,HW-CW-10098,33,86,96,23
INV-606384,2024-03-01,FAC-002,HW-CW-10098,33,86,97,22
INV-606385,2024-04-01,FAC-002,HW-CW-10098,39,106,124,21
INV-606386,2024-05-01,FAC-002,HW-CW-10098,37,108,117,28
INV-606387,2024-06-01,FAC-002,HW-CW-10098,37,107,108,36
INV-606388,2024-07-01,FAC-002,HW-CW-10098,31,95,116,10
INV-606389,2024-08-01,FAC-002,HW-CW-10098,29,94,104,19
INV-606390,2024-09-01,FAC-002,HW-CW-10098,42,136,165,13
INV-606391,2024-10-01,FAC-002,HW-CW-10098,35,152,163,24
INV-606392,2024-11-01,FAC-002,HW-CW-10098,39,114,138,15
INV-606393,2024-12-01,FAC-002,HW-CW-10098,31,108,114,25
INV-606394,2025-01-01,FAC-002,HW-CW-10098,34,106,120,20
INV-606395,2025-02-01,FAC-002,HW-CW-10098,41,106,118,29
INV-606396,2025-03-01,FAC-002,HW-CW-10098,24,89,96,17
INV-606397,2025-04-01,FAC-002,HW-CW-10098,32,95,96,31
INV-606398,2025-05-01,FAC-002,HW-CW-10098,29,100,110,19
INV-606399,2025-06-01,FAC-002,HW-CW-10098,26,97,114,9
INV-606400,2025-07-01,FAC-002,HW-CW-10098,28,76,97,7
INV-606401,2025-08-01,FAC-002,HW-CW-10098,35,85,92,28
INV-606402,2025-09-01,FAC-002,HW-CW-10098,43,139,136,46
INV-606403,2025-10-01,FAC-002,HW-CW-10098,40,137,156,21
INV-606404,2025-11-01,FAC-002,HW-CW-10098,25,113,112,26
INV-606405,2025-12-01,FAC-002,HW-CW-10098,30,98,115,13
INV-606406,2026-01-01,FAC-002,HW-CW-10098,20,98,105,13
INV-606407,2026-02-01,FAC-002,HW-CW-10098,36,111,127,20
INV-606408,2026-03-01,FAC-002,HW-CW-10098,22,89,88,23
INV-606409,2023-04-01,FAC-002,HW-CW-10099,22,69,71,20
INV-606410,2023-05-01,FAC-002,HW-CW-10099,16,57,63,10
INV-606411,2023-06-01,FAC-002,HW-CW-10099,17,60,66,11
INV-606412,2023-07-01,FAC-002,HW-CW-10099,10,48,43,15
INV-606413,2023-08-01,FAC-002,HW-CW-10099,10,48,47,11
INV-606414,2023-09-01,FAC-002,HW-CW-10099,35,93,111,17
INV-606415,2023-10-01,FAC-002,HW-CW-10099,25,95,111,9
INV-606416,2023-11-01,FAC-002,HW-CW-10099,18,60,64,14
INV-606417,2023-12-01,FAC-002,HW-CW-10099,23,54,59,18
INV-606418,2024-01-01,FAC-002,HW-CW-10099,16,59,57,18
INV-606419,2024-02-01,FAC-002,HW-CW-10099,11,55,53,13
INV-606420,2024-03-01,FAC-002,HW-CW-10099,19,68,67,20
INV-606421,2024-04-01,FAC-002,HW-CW-10099,28,64,73,19
INV-606422,2024-05-01,FAC-002,HW-CW-10099,25,57,64,18
INV-606423,2024-06-01,FAC-002,HW-CW-10099,16,62,73,5
INV-606424,2024-07-01,FAC-002,HW-CW-10099,24,60,68,16
INV-606425,2024-08-01,FAC-002,HW-CW-10099,13,51,59,5
INV-606426,2024-09-01,FAC-002,HW-CW-10099,29,97,111,15
INV-606427,2024-10-01,FAC-002,HW-CW-10099,24,78,89,13
INV-606428,2024-11-01,FAC-002,HW-CW-10099,17,59,57,19
INV-606429,2024-12-01,FAC-002,HW-CW-10099,28,67,89,6
INV-606430,2025-01-01,FAC-002,HW-CW-10099,22,66,70,18
INV-606431,2025-02-01,FAC-002,HW-CW-10099,24,71,84,11
INV-606432,2025-03-01,FAC-002,HW-CW-10099,26,65,68,23
INV-606433,2025-04-01,FAC-002,HW-CW-10099,20,56,70,6
INV-606434,2025-05-01,FAC-002,HW-CW-10099,19,65,69,15
INV-606435,2025-06-01,FAC-002,HW-CW-10099,25,66,79,12
INV-606436,2025-07-01,FAC-002,HW-CW-10099,21,49,60,10
INV-606437,2025-08-01,FAC-002,HW-CW-10099,14,57,58,13
INV-606438,2025-09-01,FAC-002,HW-CW-10099,20,96,98,18
INV-606439,2025-10-01,FAC-002,HW-CW-10099,33,86,95,24
INV-606440,2025-11-01,FAC-002,HW-CW-10099,24,56,69,11
INV-606441,2025-12-01,FAC-002,HW-CW-10099,13,54,63,4
INV-606442,2026-01-01,FAC-002,HW-CW-10099,19,56,62,13
INV-606443,2026-02-01,FAC-002,HW-CW-10099,26,69,82,13
INV-606444,2026-03-01,FAC-002,HW-CW-10099,21,52,61,12
INV-606445,2023-04-01,FAC-002,HW-CW-10101,11,52,56,7
INV-606446,2023-05-01,FAC-002,HW-CW-10101,13,47,46,14
INV-606447,2023-06-01,FAC-002,HW-CW-10101,10,44,44,10
INV-606448,2023-07-01,FAC-002,HW-CW-10101,13,47,53,7
INV-606449,2023-08-01,FAC-002,HW-CW-10101,12,37,41,8
INV-606450,2023-09-01,FAC-002,HW-CW-10101,32,80,94,18
INV-606451,2023-10-01,FAC-002,HW-CW-10101,18,75,80,13
INV-606452,2023-11-01,FAC-002,HW-CW-10101,12,43,43,12
INV-606453,2023-12-01,FAC-002,HW-CW-10101,17,53,63,7
INV-606454,2024-01-01,FAC-002,HW-CW-10101,11,50,54,7
INV-606455,2024-02-01,FAC-002,HW-CW-10101,22,54,65,11
INV-606456,2024-03-01,FAC-002,HW-CW-10101,20,53,57,16
INV-606457,2024-04-01,FAC-002,HW-CW-10101,9,44,43,10
INV-606458,2024-05-01,FAC-002,HW-CW-10101,22,49,59,12
INV-606459,2024-06-01,FAC-002,HW-CW-10101,19,53,56,16
INV-606460,2024-07-01,FAC-002,HW-CW-10101,12,36,42,6
INV-606461,2024-08-01,FAC-002,HW-CW-10101,13,48,56,5
INV-606462,2024-09-01,FAC-002,HW-CW-10101,24,67,79,12
INV-606463,2024-10-01,FAC-002,HW-CW-10101,13,60,55,18
INV-606464,2024-11-01,FAC-002,HW-CW-10101,18,48,51,15
INV-606465,2024-12-01,FAC-002,HW-CW-10101,13,51,58,6
INV-606466,2025-01-01,FAC-002,HW-CW-10101,21,54,64,11
INV-606467,2025-02-01,FAC-002,HW-CW-10101,18,46,50,14
INV-606468,2025-03-01,FAC-002,HW-CW-10101,11,46,50,7
INV-606469,2025-04-01,FAC-002,HW-CW-10101,18,52,58,12
INV-606470,2025-05-01,FAC-002,HW-CW-10101,18,44,52,10
INV-606471,2025-06-01,FAC-002,HW-CW-10101,16,48,50,14
INV-606472,2025-07-01,FAC-002,HW-CW-10101,11,37,38,10
INV-606473,2025-08-01,FAC-002,HW-CW-10101,16,39,47,8
INV-606474,2025-09-01,FAC-002,HW-CW-10101,25,69,88,6
INV-606475,2025-10-01,FAC-002,HW-CW-10101,24,61,73,12
INV-606476,2025-11-01,FAC-002,HW-CW-10101,12,44,47,9
INV-606477,2025-12-01,FAC-002,HW-CW-10101,13,52,55,10
INV-606478,2026-01-01,FAC-002,HW-CW-10101,16,52,62,6
INV-606479,2026-02-01,FAC-002,HW-CW-10101,17,55,68,4
INV-606480,2026-03-01,FAC-002,HW-CW-10101,8,43,42,9
INV-606481,2023-04-01,FAC-002,HW-CW-10103,14,63,60,17
INV-606482,2023-05-01,FAC-002,HW-CW-10103,29,70,87,12
INV-606483,2023-06-01,FAC-002,HW-CW-10103,23,67,71,19
INV-606484,2023-07-01,FAC-002,HW-CW-10103,19,53,61,11
INV-606485,2023-08-01,FAC-002,HW-CW-10103,20,46,60,6
INV-606486,2023-09-01,FAC-002,HW-CW-10103,29,83,104,8
INV-606487,2023-10-01,FAC-002,HW-CW-10103,25,78,86,17
INV-606488,2023-11-01,FAC-002,HW-CW-10103,25,62,71,16
INV-606489,2023-12-01,FAC-002,HW-CW-10103,11,55,50,16
INV-606490,2024-01-01,FAC-002,HW-CW-10103,23,62,67,18
INV-606491,2024-02-01,FAC-002,HW-CW-10103,24,66,72,18
INV-606492,2024-03-01,FAC-002,HW-CW-10103,24,65,75,14
INV-606493,2024-04-01,FAC-002,HW-CW-10103,21,60,76,5
INV-606494,2024-05-01,FAC-002,HW-CW-10103,18,62,67,13
INV-606495,2024-06-01,FAC-002,HW-CW-10103,18,55,59,14
INV-606496,2024-07-01,FAC-002,HW-CW-10103,15,48,47,16
INV-606497,2024-08-01,FAC-002,HW-CW-10103,11,52,47,16
INV-606498,2024-09-01,FAC-002,HW-CW-10103,42,98,110,30
INV-606499,2024-10-01,FAC-002,HW-CW-10103,24,90,96,18
INV-606500,2024-11-01,FAC-002,HW-CW-10103,16,62,69,9
INV-606501,2024-12-01,FAC-002,HW-CW-10103,11,56,60,7
INV-606502,2025-01-01,FAC-002,HW-CW-10103,21,67,74,14
INV-606503,2025-02-01,FAC-002,HW-CW-10103,19,63,67,15
INV-606504,2025-03-01,FAC-002,HW-CW-10103,20,63,73,10
INV-606505,2025-04-01,FAC-002,HW-CW-10103,20,68,73,15
INV-606506,2025-05-01,FAC-002,HW-CW-10103,20,61,68,13
INV-606507,2025-06-01,FAC-002,HW-CW-10103,26,71,90,7
INV-606508,2025-07-01,FAC-002,HW-CW-10103,25,57,71,11
INV-606509,2025-08-01,FAC-002,HW-CW-10103,14,61,57,18
INV-606510,2025-09-01,FAC-002,HW-CW-10103,40,91,109,22
INV-606511,2025-10-01,FAC-002,HW-CW-10103,26,81,94,13
INV-606512,2025-11-01,FAC-002,HW-CW-10103,22,60,77,5
INV-606513,2025-12-01,FAC-002,HW-CW-10103,19,71,73,17
INV-606514,2026-01-01,FAC-002,HW-CW-10103,18,61,60,19
INV-606515,2026-02-01,FAC-002,HW-CW-10103,20,69,82,7
INV-606516,2026-03-01,FAC-002,HW-CW-10103,14,72,81,5
INV-606517,2023-04-01,FAC-002,HW-CW-10104,14,50,54,10
INV-606518,2023-05-01,FAC-002,HW-CW-10104,16,47,48,15
INV-606519,2023-06-01,FAC-002,HW-CW-10104,13,51,48,16
INV-606520,2023-07-01,FAC-002,HW-CW-10104,14,43,47,10
INV-606521,2023-08-01,FAC-002,HW-CW-10104,15,37,45,7
INV-606522,2023-09-01,FAC-002,HW-CW-10104,19,61,67,13
INV-606523,2023-10-01,FAC-002,HW-CW-10104,21,60,73,8
INV-606524,2023-11-01,FAC-002,HW-CW-10104,13,53,60,6
INV-606525,2023-12-01,FAC-002,HW-CW-10104,20,47,51,16
INV-606526,2024-01-01,FAC-002,HW-CW-10104,17,49,52,14
INV-606527,2024-02-01,FAC-002,HW-CW-10104,19,54,55,18
INV-606528,2024-03-01,FAC-002,HW-CW-10104,16,51,52,15
INV-606529,2024-04-01,FAC-002,HW-CW-10104,24,57,65,16
INV-606530,2024-05-01,FAC-002,HW-CW-10104,13,50,57,6
INV-606531,2024-06-01,FAC-002,HW-CW-10104,16,56,65,7
INV-606532,2024-07-01,FAC-002,HW-CW-10104,12,42,50,4
INV-606533,2024-08-01,FAC-002,HW-CW-10104,13,42,48,7
INV-606534,2024-09-01,FAC-002,HW-CW-10104,17,64,75,6
INV-606535,2024-10-01,FAC-002,HW-CW-10104,29,73,82,20
INV-606536,2024-11-01,FAC-002,HW-CW-10104,22,50,58,14
INV-606537,2024-12-01,FAC-002,HW-CW-10104,14,44,47,11
INV-606538,2025-01-01,FAC-002,HW-CW-10104,18,44,58,4
INV-606539,2025-02-01,FAC-002,HW-CW-10104,20,51,65,6
INV-606540,2025-03-01,FAC-002,HW-CW-10104,11,53,50,14
INV-606541,2025-04-01,FAC-002,HW-CW-10104,8,43,41,10
INV-606542,2025-05-01,FAC-002,HW-CW-10104,12,48,45,15
INV-606543,2025-06-01,FAC-002,HW-CW-10104,13,50,57,6
INV-606544,2025-07-01,FAC-002,HW-CW-10104,14,36,47,3
INV-606545,2025-08-01,FAC-002,HW-CW-10104,17,45,58,4
INV-606546,2025-09-01,FAC-002,HW-CW-10104,28,63,82,9
INV-606547,2025-10-01,FAC-002,HW-CW-10104,21,74,81,14
INV-606548,2025-11-01,FAC-002,HW-CW-10104,18,52,62,8
INV-606549,2025-12-01,FAC-002,HW-CW-10104,12,43,46,9
INV-606550,2026-01-01,FAC-002,HW-CW-10104,11,46,44,13
INV-606551,2026-02-01,FAC-002,HW-CW-10104,15,47,47,15
INV-606552,2026-03-01,FAC-002,HW-CW-10104,21,56,69,8
INV-606553,2023-04-01,FAC-002,HW-CW-10105,37,113,141,9
INV-606554,2023-05-01,FAC-002,HW-CW-10105,40,118,145,13
INV-606555,2023-06-01,FAC-002,HW-CW-10105,19,98,103,14
INV-606556,2023-07-01,FAC-002,HW-CW-10105,18,82,89,11
INV-606557,2023-08-01,FAC-002,HW-CW-10105,31,87,110,8
INV-606558,2023-09-01,FAC-002,HW-CW-10105,36,145,139,42
INV-606559,2023-10-01,FAC-002,HW-CW-10105,29,136,126,39
INV-606560,2023-11-01,FAC-002,HW-CW-10105,29,107,121,15
INV-606561,2023-12-01,FAC-002,HW-CW-10105,48,122,145,25
INV-606562,2024-01-01,FAC-002,HW-CW-10105,36,96,108,24
INV-606563,2024-02-01,FAC-002,HW-CW-10105,39,96,110,25
INV-606564,2024-03-01,FAC-002,HW-CW-10105,41,100,131,10
INV-606565,2024-04-01,FAC-002,HW-CW-10105,30,104,116,18
INV-606566,2024-05-01,FAC-002,HW-CW-10105,25,117,123,19
INV-606567,2024-06-01,FAC-002,HW-CW-10105,32,124,145,11
INV-606568,2024-07-01,FAC-002,HW-CW-10105,28,106,120,14
INV-606569,2024-08-01,FAC-002,HW-CW-10105,33,86,108,11
INV-606570,2024-09-01,FAC-002,HW-CW-10105,53,142,177,18
INV-606571,2024-10-01,FAC-002,HW-CW-10105,35,147,139,43
INV-606572,2024-11-01,FAC-002,HW-CW-10105,49,112,147,14
INV-606573,2024-12-01,FAC-002,HW-CW-10105,35,107,114,28
INV-606574,2025-01-01,FAC-002,HW-CW-10105,31,98,108,21
INV-606575,2025-02-01,FAC-002,HW-CW-10105,48,110,137,21
INV-606576,2025-03-01,FAC-002,HW-CW-10105,26,113,131,8
INV-606577,2025-04-01,FAC-002,HW-CW-10105,49,119,139,29
INV-606578,2025-05-01,FAC-002,HW-CW-10105,36,110,115,31
INV-606579,2025-06-01,FAC-002,HW-CW-10105,49,116,129,36
INV-606580,2025-07-01,FAC-002,HW-CW-10105,31,81,90,22
INV-606581,2025-08-01,FAC-002,HW-CW-10105,35,96,106,25
INV-606582,2025-09-01,FAC-002,HW-CW-10105,56,168,206,18
INV-606583,2025-10-01,FAC-002,HW-CW-10105,69,166,177,58
INV-606584,2025-11-01,FAC-002,HW-CW-10105,22,101,103,20
INV-606585,2025-12-01,FAC-002,HW-CW-10105,38,122,147,13
INV-606586,2026-01-01,FAC-002,HW-CW-10105,29,104,123,10
INV-606587,2026-02-01,FAC-002,HW-CW-10105,42,107,118,31
INV-606588,2026-03-01,FAC-002,HW-CW-10105,42,124,149,17
INV-606589,2023-04-01,FAC-002,HW-CW-10106,58,138,181,15
INV-606590,2023-05-01,FAC-002,HW-CW-10106,33,120,128,25
INV-606591,2023-06-01,FAC-002,HW-CW-10106,47,125,135,37
INV-606592,2023-07-01,FAC-002,HW-CW-10106,40,112,128,24
INV-606593,2023-08-01,FAC-002,HW-CW-10106,55,126,139,42
INV-606594,2023-09-01,FAC-002,HW-CW-10106,53,206,215,44
INV-606595,2023-10-01,FAC-002,HW-CW-10106,39,167,167,39
INV-606596,2023-11-01,FAC-002,HW-CW-10106,56,132,168,20
INV-606597,2023-12-01,FAC-002,HW-CW-10106,55,158,170,43
INV-606598,2024-01-01,FAC-002,HW-CW-10106,36,131,136,31
INV-606599,2024-02-01,FAC-002,HW-CW-10106,48,146,160,34
INV-606600,2024-03-01,FAC-002,HW-CW-10106,25,124,118,31
INV-606601,2024-04-01,FAC-002,HW-CW-10106,48,122,131,39
INV-606602,2024-05-01,FAC-002,HW-CW-10106,43,148,146,45
INV-606603,2024-06-01,FAC-002,HW-CW-10106,52,152,162,42
INV-606604,2024-07-01,FAC-002,HW-CW-10106,27,132,125,34
INV-606605,2024-08-01,FAC-002,HW-CW-10106,47,127,140,34
INV-606606,2024-09-01,FAC-002,HW-CW-10106,70,169,194,45
INV-606607,2024-10-01,FAC-002,HW-CW-10106,57,176,217,16
INV-606608,2024-11-01,FAC-002,HW-CW-10106,46,119,142,23
INV-606609,2024-12-01,FAC-002,HW-CW-10106,52,135,176,11
INV-606610,2025-01-01,FAC-002,HW-CW-10106,29,127,145,11
INV-606611,2025-02-01,FAC-002,HW-CW-10106,45,146,165,26
INV-606612,2025-03-01,FAC-002,HW-CW-10106,58,149,193,14
INV-606613,2025-04-01,FAC-002,HW-CW-10106,36,135,150,21
INV-606614,2025-05-01,FAC-002,HW-CW-10106,47,135,151,31
INV-606615,2025-06-01,FAC-002,HW-CW-10106,39,124,144,19
INV-606616,2025-07-01,FAC-002,HW-CW-10106,41,128,132,37
INV-606617,2025-08-01,FAC-002,HW-CW-10106,45,115,133,27
INV-606618,2025-09-01,FAC-002,HW-CW-10106,67,206,217,56
INV-606619,2025-10-01,FAC-002,HW-CW-10106,46,211,219,38
INV-606620,2025-11-01,FAC-002,HW-CW-10106,27,126,130,23
INV-606621,2025-12-01,FAC-002,HW-CW-10106,51,138,169,20
INV-606622,2026-01-01,FAC-002,HW-CW-10106,44,148,168,24
INV-606623,2026-02-01,FAC-002,HW-CW-10106,43,142,160,25
INV-606624,2026-03-01,FAC-002,HW-CW-10106,38,157,181,14
INV-606625,2023-04-01,FAC-002,HW-CW-10107,25,95,105,15
INV-606626,2023-05-01,FAC-002,HW-CW-10107,37,89,115,11
INV-606627,2023-06-01,FAC-002,HW-CW-10107,33,105,129,9
INV-606628,2023-07-01,FAC-002,HW-CW-10107,30,94,110,14
INV-606629,2023-08-01,FAC-002,HW-CW-10107,30,87,95,22
INV-606630,2023-09-01,FAC-002,HW-CW-10107,30,139,138,31
INV-606631,2023-10-01,FAC-002,HW-CW-10107,65,149,201,13
INV-606632,2023-11-01,FAC-002,HW-CW-10107,35,102,107,30
INV-606633,2023-12-01,FAC-002,HW-CW-10107,23,106,104,25
INV-606634,2024-01-01,FAC-002,HW-CW-10107,29,106,102,33
INV-606635,2024-02-01,FAC-002,HW-CW-10107,30,111,107,34
INV-606636,2024-03-01,FAC-002,HW-CW-10107,23,88,87,24
INV-606637,2024-04-01,FAC-002,HW-CW-10107,30,109,126,13
INV-606638,2024-05-01,FAC-002,HW-CW-10107,29,91,106,14
INV-606639,2024-06-01,FAC-002,HW-CW-10107,36,105,131,10
INV-606640,2024-07-01,FAC-002,HW-CW-10107,25,78,95,8
INV-606641,2024-08-01,FAC-002,HW-CW-10107,15,74,70,19
INV-606642,2024-09-01,FAC-002,HW-CW-10107,38,147,145,40
INV-606643,2024-10-01,FAC-002,HW-CW-10107,49,139,150,38
INV-606644,2024-11-01,FAC-002,HW-CW-10107,33,94,119,8
INV-606645,2024-12-01,FAC-002,HW-CW-10107,41,106,121,26
INV-606646,2025-01-01,FAC-002,HW-CW-10107,29,94,112,11
INV-606647,2025-02-01,FAC-002,HW-CW-10107,40,99,131,8
INV-606648,2025-03-01,FAC-002,HW-CW-10107,18,88,82,24
INV-606649,2025-04-01,FAC-002,HW-CW-10107,22,97,109,10
INV-606650,2025-05-01,FAC-002,HW-CW-10107,23,86,85,24
INV-606651,2025-06-01,FAC-002,HW-CW-10107,41,114,144,11
INV-606652,2025-07-01,FAC-002,HW-CW-10107,31,98,102,27
INV-606653,2025-08-01,FAC-002,HW-CW-10107,19,77,85,11
INV-606654,2025-09-01,FAC-002,HW-CW-10107,25,121,127,19
INV-606655,2025-10-01,FAC-002,HW-CW-10107,53,147,164,36
INV-606656,2025-11-01,FAC-002,HW-CW-10107,36,110,112,34
INV-606657,2025-12-01,FAC-002,HW-CW-10107,48,110,120,38
INV-606658,2026-01-01,FAC-002,HW-CW-10107,31,97,99,29
INV-606659,2026-02-01,FAC-002,HW-CW-10107,30,112,128,14
INV-606660,2026-03-01,FAC-002,HW-CW-10107,37,106,112,31
INV-606661,2023-04-01,FAC-002,HW-CW-10108,22,86,88,20
INV-606662,2023-05-01,FAC-002,HW-CW-10108,31,109,126,14
INV-606663,2023-06-01,FAC-002,HW-CW-10108,38,98,128,8
INV-606664,2023-07-01,FAC-002,HW-CW-10108,32,78,96,14
INV-606665,2023-08-01,FAC-002,HW-CW-10108,33,93,105,21
INV-606666,2023-09-01,FAC-002,HW-CW-10108,27,128,132,23
INV-606667,2023-10-01,FAC-002,HW-CW-10108,61,160,180,41
INV-606668,2023-11-01,FAC-002,HW-CW-10108,42,109,121,30
INV-606669,2023-12-01,FAC-002,HW-CW-10108,19,85,96,8
INV-606670,2024-01-01,FAC-002,HW-CW-10108,30,110,112,28
INV-606671,2024-02-01,FAC-002,HW-CW-10108,46,108,139,15
INV-606672,2024-03-01,FAC-002,HW-CW-10108,26,103,110,19
INV-606673,2024-04-01,FAC-002,HW-CW-10108,36,92,105,23
INV-606674,2024-05-01,FAC-002,HW-CW-10108,32,110,129,13
INV-606675,2024-06-01,FAC-002,HW-CW-10108,29,94,107,16
INV-606676,2024-07-01,FAC-002,HW-CW-10108,32,74,91,15
INV-606677,2024-08-01,FAC-002,HW-CW-10108,34,85,109,10
INV-606678,2024-09-01,FAC-002,HW-CW-10108,60,140,152,48
INV-606679,2024-10-01,FAC-002,HW-CW-10108,42,123,135,30
INV-606680,2024-11-01,FAC-002,HW-CW-10108,27,98,103,22
INV-606681,2024-12-01,FAC-002,HW-CW-10108,37,109,138,8
INV-606682,2025-01-01,FAC-002,HW-CW-10108,28,108,109,27
INV-606683,2025-02-01,FAC-002,HW-CW-10108,39,95,101,33
INV-606684,2025-03-01,FAC-002,HW-CW-10108,38,91,113,16
INV-606685,2025-04-01,FAC-002,HW-CW-10108,23,91,105,9
INV-606686,2025-05-01,FAC-002,HW-CW-10108,29,111,116,24
INV-606687,2025-06-01,FAC-002,HW-CW-10108,43,110,139,14
INV-606688,2025-07-01,FAC-002,HW-CW-10108,36,85,98,23
INV-606689,2025-08-01,FAC-002,HW-CW-10108,28,76,89,15
INV-606690,2025-09-01,FAC-002,HW-CW-10108,33,154,171,16
INV-606691,2025-10-01,FAC-002,HW-CW-10108,47,131,134,44
INV-606692,2025-11-01,FAC-002,HW-CW-10108,39,103,116,26
INV-606693,2025-12-01,FAC-002,HW-CW-10108,30,91,110,11
INV-606694,2026-01-01,FAC-002,HW-CW-10108,24,94,95,23
INV-606695,2026-02-01,FAC-002,HW-CW-10108,32,113,108,37
INV-606696,2026-03-01,FAC-002,HW-CW-10108,40,108,114,34
INV-606697,2023-04-01,FAC-002,HW-CW-10109,36,111,121,26
INV-606698,2023-05-01,FAC-002,HW-CW-10109,31,120,121,30
INV-606699,2023-06-01,FAC-002,HW-CW-10109,37,95,114,18
INV-606700,2023-07-01,FAC-002,HW-CW-10109,23,94,102,15
INV-606701,2023-08-01,FAC-002,HW-CW-10109,28,99,115,12
INV-606702,2023-09-01,FAC-002,HW-CW-10109,56,144,151,49
INV-606703,2023-10-01,FAC-002,HW-CW-10109,67,153,208,12
INV-606704,2023-11-01,FAC-002,HW-CW-10109,31,100,99,32
INV-606705,2023-12-01,FAC-002,HW-CW-10109,41,120,133,28
INV-606706,2024-01-01,FAC-002,HW-CW-10109,41,95,116,20
INV-606707,2024-02-01,FAC-002,HW-CW-10109,28,100,102,26
INV-606708,2024-03-01,FAC-002,HW-CW-10109,48,111,146,13
INV-606709,2024-04-01,FAC-002,HW-CW-10109,43,106,124,25
INV-606710,2024-05-01,FAC-002,HW-CW-10109,44,99,115,28
INV-606711,2024-06-01,FAC-002,HW-CW-10109,45,102,114,33
INV-606712,2024-07-01,FAC-002,HW-CW-10109,42,98,119,21
INV-606713,2024-08-01,FAC-002,HW-CW-10109,22,78,77,23
INV-606714,2024-09-01,FAC-002,HW-CW-10109,58,147,171,34
INV-606715,2024-10-01,FAC-002,HW-CW-10109,50,148,171,27
INV-606716,2024-11-01,FAC-002,HW-CW-10109,32,119,138,13
INV-606717,2024-12-01,FAC-002,HW-CW-10109,30,110,113,27
INV-606718,2025-01-01,FAC-002,HW-CW-10109,36,103,110,29
INV-606719,2025-02-01,FAC-002,HW-CW-10109,41,121,151,11
INV-606720,2025-03-01,FAC-002,HW-CW-10109,26,93,89,30
INV-606721,2025-04-01,FAC-002,HW-CW-10109,41,100,106,35
INV-606722,2025-05-01,FAC-002,HW-CW-10109,24,105,107,22
INV-606723,2025-06-01,FAC-002,HW-CW-10109,41,118,142,17
INV-606724,2025-07-01,FAC-002,HW-CW-10109,37,87,110,14
INV-606725,2025-08-01,FAC-002,HW-CW-10109,27,89,108,8
INV-606726,2025-09-01,FAC-002,HW-CW-10109,57,154,175,36
INV-606727,2025-10-01,FAC-002,HW-CW-10109,52,138,165,25
INV-606728,2025-11-01,FAC-002,HW-CW-10109,38,108,115,31
INV-606729,2025-12-01,FAC-002,HW-CW-10109,51,117,155,13
INV-606730,2026-01-01,FAC-002,HW-CW-10109,30,102,120,12
INV-606731,2026-02-01,FAC-002,HW-CW-10109,37,111,138,10
INV-606732,2026-03-01,FAC-002,HW-CW-10109,35,109,109,35
INV-606733,2023-04-01,FAC-002,HW-EL-10110,17,42,49,10
INV-606734,2023-05-01,FAC-002,HW-EL-10110,20,49,60,9
INV-606735,2023-06-01,FAC-002,HW-EL-10110,13,51,58,6
INV-606736,2023-07-01,FAC-002,HW-EL-10110,8,38,36,10
INV-606737,2023-08-01,FAC-002,HW-EL-10110,10,39,43,6
INV-606738,2023-09-01,FAC-002,HW-EL-10110,23,64,66,21
INV-606739,2023-10-01,FAC-002,HW-EL-10110,20,62,76,6
INV-606740,2023-11-01,FAC-002,HW-EL-10110,24,55,69,10
INV-606741,2023-12-01,FAC-002,HW-EL-10110,18,52,61,9
INV-606742,2024-01-01,FAC-002,HW-EL-10110,14,44,47,11
INV-606743,2024-02-01,FAC-002,HW-EL-10110,16,49,50,15
INV-606744,2024-03-01,FAC-002,HW-EL-10110,10,47,53,4
INV-606745,2024-04-01,FAC-002,HW-EL-10110,11,44,51,4
INV-606746,2024-05-01,FAC-002,HW-EL-10110,11,49,49,11
INV-606747,2024-06-01,FAC-002,HW-EL-10110,11,44,41,14
INV-606748,2024-07-01,FAC-002,HW-EL-10110,16,41,49,8
INV-606749,2024-08-01,FAC-002,HW-EL-10110,10,43,43,10
INV-606750,2024-09-01,FAC-002,HW-EL-10110,17,77,86,8
INV-606751,2024-10-01,FAC-002,HW-EL-10110,28,69,78,19
INV-606752,2024-11-01,FAC-002,HW-EL-10110,18,47,58,7
INV-606753,2024-12-01,FAC-002,HW-EL-10110,19,45,49,15
INV-606754,2025-01-01,FAC-002,HW-EL-10110,15,43,51,7
INV-606755,2025-02-01,FAC-002,HW-EL-10110,16,56,54,18
INV-606756,2025-03-01,FAC-002,HW-EL-10110,13,51,53,11
INV-606757,2025-04-01,FAC-002,HW-EL-10110,10,49,49,10
INV-606758,2025-05-01,FAC-002,HW-EL-10110,18,48,58,8
INV-606759,2025-06-01,FAC-002,HW-EL-10110,11,45,44,12
INV-606760,2025-07-01,FAC-002,HW-EL-10110,13,38,48,3
INV-606761,2025-08-01,FAC-002,HW-EL-10110,15,44,49,10
INV-606762,2025-09-01,FAC-002,HW-EL-10110,28,66,88,6
INV-606763,2025-10-01,FAC-002,HW-EL-10110,18,69,78,9
INV-606764,2025-11-01,FAC-002,HW-EL-10110,17,44,55,6
INV-606765,2025-12-01,FAC-002,HW-EL-10110,19,44,59,4
INV-606766,2026-01-01,FAC-002,HW-EL-10110,18,56,59,15
INV-606767,2026-02-01,FAC-002,HW-EL-10110,15,51,52,14
INV-606768,2026-03-01,FAC-002,HW-EL-10110,17,48,49,16
INV-606769,2023-04-01,FAC-002,HW-EL-10111,16,42,50,8
INV-606770,2023-05-01,FAC-002,HW-EL-10111,18,43,46,15
INV-606771,2023-06-01,FAC-002,HW-EL-10111,20,51,64,7
INV-606772,2023-07-01,FAC-002,HW-EL-10111,15,36,47,4
INV-606773,2023-08-01,FAC-002,HW-EL-10111,13,43,42,14
INV-606774,2023-09-01,FAC-002,HW-EL-10111,21,71,83,9
INV-606775,2023-10-01,FAC-002,HW-EL-10111,24,67,70,21
INV-606776,2023-11-01,FAC-002,HW-EL-10111,10,44,40,14
INV-606777,2023-12-01,FAC-002,HW-EL-10111,19,50,60,9
INV-606778,2024-01-01,FAC-002,HW-EL-10111,18,51,56,13
INV-606779,2024-02-01,FAC-002,HW-EL-10111,13,47,53,7
INV-606780,2024-03-01,FAC-002,HW-EL-10111,8,44,45,7
INV-606781,2024-04-01,FAC-002,HW-EL-10111,19,56,67,8
INV-606782,2024-05-01,FAC-002,HW-EL-10111,16,52,60,8
INV-606783,2024-06-01,FAC-002,HW-EL-10111,13,54,54,13
INV-606784,2024-07-01,FAC-002,HW-EL-10111,11,38,45,4
INV-606785,2024-08-01,FAC-002,HW-EL-10111,11,40,47,4
INV-606786,2024-09-01,FAC-002,HW-EL-10111,23,70,85,8
INV-606787,2024-10-01,FAC-002,HW-EL-10111,25,69,72,22
INV-606788,2024-11-01,FAC-002,HW-EL-10111,13,45,49,9
INV-606789,2024-12-01,FAC-002,HW-EL-10111,24,56,73,7
INV-606790,2025-01-01,FAC-002,HW-EL-10111,20,47,59,8
INV-606791,2025-02-01,FAC-002,HW-EL-10111,18,48,49,17
INV-606792,2025-03-01,FAC-002,HW-EL-10111,17,44,53,8
INV-606793,2025-04-01,FAC-002,HW-EL-10111,15,47,57,5
INV-606794,2025-05-01,FAC-002,HW-EL-10111,15,51,51,15
INV-606795,2025-06-01,FAC-002,HW-EL-10111,20,46,55,11
INV-606796,2025-07-01,FAC-002,HW-EL-10111,13,42,50,5
INV-606797,2025-08-01,FAC-002,HW-EL-10111,16,43,48,11
INV-606798,2025-09-01,FAC-002,HW-EL-10111,25,60,79,6
INV-606799,2025-10-01,FAC-002,HW-EL-10111,34,79,103,10
INV-606800,2025-11-01,FAC-002,HW-EL-10111,21,52,63,10
INV-606801,2025-12-01,FAC-002,HW-EL-10111,13,44,53,4
INV-606802,2026-01-01,FAC-002,HW-EL-10111,19,47,50,16
INV-606803,2026-02-01,FAC-002,HW-EL-10111,13,47,45,15
INV-606804,2026-03-01,FAC-002,HW-EL-10111,10,44,49,5
INV-606805,2023-04-01,FAC-002,HW-EL-10112,9,46,48,7
INV-606806,2023-05-01,FAC-002,HW-EL-10112,18,51,56,13
INV-606807,2023-06-01,FAC-002,HW-EL-10112,17,45,56,6
INV-606808,2023-07-01,FAC-002,HW-EL-10112,11,37,38,10
INV-606809,2023-08-01,FAC-002,HW-EL-10112,14,38,44,8
INV-606810,2023-09-01,FAC-002,HW-EL-10112,17,64,76,5
INV-606811,2023-10-01,FAC-002,HW-EL-10112,32,77,91,18
INV-606812,2023-11-01,FAC-002,HW-EL-10112,15,51,50,16
INV-606813,2023-12-01,FAC-002,HW-EL-10112,16,48,51,13
INV-606814,2024-01-01,FAC-002,HW-EL-10112,13,55,55,13
INV-606815,2024-02-01,FAC-002,HW-EL-10112,13,44,43,14
INV-606816,2024-03-01,FAC-002,HW-EL-10112,13,46,49,10
INV-606817,2024-04-01,FAC-002,HW-EL-10112,13,50,53,10
INV-606818,2024-05-01,FAC-002,HW-EL-10112,13,50,57,6
INV-606819,2024-06-01,FAC-002,HW-EL-10112,14,50,60,4
INV-606820,2024-07-01,FAC-002,HW-EL-10112,20,46,58,8
INV-606821,2024-08-01,FAC-002,HW-EL-10112,10,40,44,6
INV-606822,2024-09-01,FAC-002,HW-EL-10112,28,80,100,8
INV-606823,2024-10-01,FAC-002,HW-EL-10112,19,66,79,6
INV-606824,2024-11-01,FAC-002,HW-EL-10112,23,53,68,8
INV-606825,2024-12-01,FAC-002,HW-EL-10112,16,49,60,5
INV-606826,2025-01-01,FAC-002,HW-EL-10112,13,50,52,11
INV-606827,2025-02-01,FAC-002,HW-EL-10112,11,50,54,7
INV-606828,2025-03-01,FAC-002,HW-EL-10112,13,44,51,6
INV-606829,2025-04-01,FAC-002,HW-EL-10112,20,49,56,13
INV-606830,2025-05-01,FAC-002,HW-EL-10112,14,56,53,17
INV-606831,2025-06-01,FAC-002,HW-EL-10112,21,55,60,16
INV-606832,2025-07-01,FAC-002,HW-EL-10112,15,48,59,4
INV-606833,2025-08-01,FAC-002,HW-EL-10112,13,42,46,9
INV-606834,2025-09-01,FAC-002,HW-EL-10112,22,66,73,15
INV-606835,2025-10-01,FAC-002,HW-EL-10112,15,60,59,16
INV-606836,2025-11-01,FAC-002,HW-EL-10112,19,55,66,8
INV-606837,2025-12-01,FAC-002,HW-EL-10112,20,56,71,5
INV-606838,2026-01-01,FAC-002,HW-EL-10112,11,47,48,10
INV-606839,2026-02-01,FAC-002,HW-EL-10112,20,49,59,10
INV-606840,2026-03-01,FAC-002,HW-EL-10112,17,46,53,10
INV-606841,2023-04-01,FAC-002,HW-AC-10113,61,143,187,17
INV-606842,2023-05-01,FAC-002,HW-AC-10113,42,143,141,44
INV-606843,2023-06-01,FAC-002,HW-AC-10113,53,138,157,34
INV-606844,2023-07-01,FAC-002,HW-AC-10113,47,109,142,14
INV-606845,2023-08-01,FAC-002,HW-AC-10113,28,123,117,34
INV-606846,2023-09-01,FAC-002,HW-AC-10113,60,172,179,53
INV-606847,2023-10-01,FAC-002,HW-AC-10113,96,216,256,56
INV-606848,2023-11-01,FAC-002,HW-AC-10113,52,138,178,12
INV-606849,2023-12-01,FAC-002,HW-AC-10113,33,156,148,41
INV-606850,2024-01-01,FAC-002,HW-AC-10113,55,150,159,46
INV-606851,2024-02-01,FAC-002,HW-AC-10113,55,140,154,41
INV-606852,2024-03-01,FAC-002,HW-AC-10113,33,155,170,18
INV-606853,2024-04-01,FAC-002,HW-AC-10113,40,144,164,20
INV-606854,2024-05-01,FAC-002,HW-AC-10113,65,151,177,39
INV-606855,2024-06-01,FAC-002,HW-AC-10113,51,147,169,29
INV-606856,2024-07-01,FAC-002,HW-AC-10113,26,132,127,31
INV-606857,2024-08-01,FAC-002,HW-AC-10113,29,120,138,11
INV-606858,2024-09-01,FAC-002,HW-AC-10113,65,204,245,24
INV-606859,2024-10-01,FAC-002,HW-AC-10113,65,193,193,65
INV-606860,2024-11-01,FAC-002,HW-AC-10113,31,134,146,19
INV-606861,2024-12-01,FAC-002,HW-AC-10113,38,139,149,28
INV-606862,2025-01-01,FAC-002,HW-AC-10113,54,127,137,44
INV-606863,2025-02-01,FAC-002,HW-AC-10113,50,155,179,26
INV-606864,2025-03-01,FAC-002,HW-AC-10113,57,131,151,37
INV-606865,2025-04-01,FAC-002,HW-AC-10113,64,143,191,16
INV-606866,2025-05-01,FAC-002,HW-AC-10113,63,141,181,23
INV-606867,2025-06-01,FAC-002,HW-AC-10113,38,127,134,31
INV-606868,2025-07-01,FAC-002,HW-AC-10113,44,113,136,21
INV-606869,2025-08-01,FAC-002,HW-AC-10113,42,102,116,28
INV-606870,2025-09-01,FAC-002,HW-AC-10113,98,225,303,20
INV-606871,2025-10-01,FAC-002,HW-AC-10113,54,214,229,39
INV-606872,2025-11-01,FAC-002,HW-AC-10113,33,128,140,21
INV-606873,2025-12-01,FAC-002,HW-AC-10113,53,120,161,12
INV-606874,2026-01-01,FAC-002,HW-AC-10113,44,134,150,28
INV-606875,2026-02-01,FAC-002,HW-AC-10113,58,156,172,42
INV-606876,2026-03-01,FAC-002,HW-AC-10113,42,137,168,11
INV-606877,2023-04-01,FAC-002,HW-AC-10114,51,122,160,13
INV-606878,2023-05-01,FAC-002,HW-AC-10114,50,155,180,25
INV-606879,2023-06-01,FAC-002,HW-AC-10114,30,142,149,23
INV-606880,2023-07-01,FAC-002,HW-AC-10114,28,101,120,9
INV-606881,2023-08-01,FAC-002,HW-AC-10114,48,112,128,32
INV-606882,2023-09-01,FAC-002,HW-AC-10114,66,185,226,25
INV-606883,2023-10-01,FAC-002,HW-AC-10114,82,196,210,68
INV-606884,2023-11-01,FAC-002,HW-AC-10114,39,157,181,15
INV-606885,2023-12-01,FAC-002,HW-AC-10114,55,135,168,22
INV-606886,2024-01-01,FAC-002,HW-AC-10114,54,126,143,37
INV-606887,2024-02-01,FAC-002,HW-AC-10114,52,129,139,42
INV-606888,2024-03-01,FAC-002,HW-AC-10114,41,128,154,15
INV-606889,2024-04-01,FAC-002,HW-AC-10114,42,125,149,18
INV-606890,2024-05-01,FAC-002,HW-AC-10114,67,155,201,21
INV-606891,2024-06-01,FAC-002,HW-AC-10114,45,146,147,44
INV-606892,2024-07-01,FAC-002,HW-AC-10114,56,126,163,19
INV-606893,2024-08-01,FAC-002,HW-AC-10114,32,101,116,17
INV-606894,2024-09-01,FAC-002,HW-AC-10114,78,207,245,40
INV-606895,2024-10-01,FAC-002,HW-AC-10114,77,179,227,29
INV-606896,2024-11-01,FAC-002,HW-AC-10114,35,128,152,11
INV-606897,2024-12-01,FAC-002,HW-AC-10114,47,156,153,50
INV-606898,2025-01-01,FAC-002,HW-AC-10114,32,121,134,19
INV-606899,2025-02-01,FAC-002,HW-AC-10114,51,143,173,21
INV-606900,2025-03-01,FAC-002,HW-AC-10114,26,119,119,26
INV-606901,2025-04-01,FAC-002,HW-AC-10114,27,125,133,19
INV-606902,2025-05-01,FAC-002,HW-AC-10114,59,153,193,19
INV-606903,2025-06-01,FAC-002,HW-AC-10114,56,146,162,40
INV-606904,2025-07-01,FAC-002,HW-AC-10114,33,136,133,36
INV-606905,2025-08-01,FAC-002,HW-AC-10114,49,111,151,9
INV-606906,2025-09-01,FAC-002,HW-AC-10114,76,213,246,43
INV-606907,2025-10-01,FAC-002,HW-AC-10114,83,223,287,19
INV-606908,2025-11-01,FAC-002,HW-AC-10114,37,132,155,14
INV-606909,2025-12-01,FAC-002,HW-AC-10114,54,125,152,27
INV-606910,2026-01-01,FAC-002,HW-AC-10114,44,157,179,22
INV-606911,2026-02-01,FAC-002,HW-AC-10114,49,139,159,29
INV-606912,2026-03-01,FAC-002,HW-AC-10114,59,159,174,44
INV-606913,2023-04-01,FAC-002,HW-AC-10115,38,131,130,39
INV-606914,2023-05-01,FAC-002,HW-AC-10115,42,156,158,40
INV-606915,2023-06-01,FAC-002,HW-AC-10115,63,157,171,49
INV-606916,2023-07-01,FAC-002,HW-AC-10115,54,128,139,43
INV-606917,2023-08-01,FAC-002,HW-AC-10115,43,130,152,21
INV-606918,2023-09-01,FAC-002,HW-AC-10115,73,195,202,66
INV-606919,2023-10-01,FAC-002,HW-AC-10115,43,211,213,41
INV-606920,2023-11-01,FAC-002,HW-AC-10115,50,125,142,33
INV-606921,2023-12-01,FAC-002,HW-AC-10115,42,138,162,18
INV-606922,2024-01-01,FAC-002,HW-AC-10115,55,139,148,46
INV-606923,2024-02-01,FAC-002,HW-AC-10115,42,127,158,11
INV-606924,2024-03-01,FAC-002,HW-AC-10115,25,122,114,33
INV-606925,2024-04-01,FAC-002,HW-AC-10115,43,145,172,16
INV-606926,2024-05-01,FAC-002,HW-AC-10115,30,122,123,29
INV-606927,2024-06-01,FAC-002,HW-AC-10115,53,145,153,45
INV-606928,2024-07-01,FAC-002,HW-AC-10115,38,134,153,19
INV-606929,2024-08-01,FAC-002,HW-AC-10115,30,119,136,13
INV-606930,2024-09-01,FAC-002,HW-AC-10115,63,214,240,37
INV-606931,2024-10-01,FAC-002,HW-AC-10115,67,181,201,47
INV-606932,2024-11-01,FAC-002,HW-AC-10115,39,154,145,48
INV-606933,2024-12-01,FAC-002,HW-AC-10115,32,130,137,25
INV-606934,2025-01-01,FAC-002,HW-AC-10115,49,127,140,36
INV-606935,2025-02-01,FAC-002,HW-AC-10115,51,148,188,11
INV-606936,2025-03-01,FAC-002,HW-AC-10115,66,160,203,23
INV-606937,2025-04-01,FAC-002,HW-AC-10115,52,135,176,11
INV-606938,2025-05-01,FAC-002,HW-AC-10115,39,119,125,33
INV-606939,2025-06-01,FAC-002,HW-AC-10115,44,142,160,26
INV-606940,2025-07-01,FAC-002,HW-AC-10115,52,120,147,25
INV-606941,2025-08-01,FAC-002,HW-AC-10115,36,131,139,28
INV-606942,2025-09-01,FAC-002,HW-AC-10115,52,194,203,43
INV-606943,2025-10-01,FAC-002,HW-AC-10115,69,201,236,34
INV-606944,2025-11-01,FAC-002,HW-AC-10115,37,133,148,22
INV-606945,2025-12-01,FAC-002,HW-AC-10115,32,124,118,38
INV-606946,2026-01-01,FAC-002,HW-AC-10115,31,122,115,38
INV-606947,2026-02-01,FAC-002,HW-AC-10115,46,129,133,42
INV-606948,2026-03-01,FAC-002,HW-AC-10115,58,137,177,18
INV-606949,2023-04-01,FAC-002,HW-AC-10116,44,157,153,48
INV-606950,2023-05-01,FAC-002,HW-AC-10116,66,160,190,36
INV-606951,2023-06-01,FAC-002,HW-AC-10116,53,146,156,43
INV-606952,2023-07-01,FAC-002,HW-AC-10116,34,108,132,10
INV-606953,2023-08-01,FAC-002,HW-AC-10116,39,101,106,34
INV-606954,2023-09-01,FAC-002,HW-AC-10116,69,194,233,30
INV-606955,2023-10-01,FAC-002,HW-AC-10116,51,170,191,30
INV-606956,2023-11-01,FAC-002,HW-AC-10116,28,121,131,18
INV-606957,2023-12-01,FAC-002,HW-AC-10116,33,140,148,25
INV-606958,2024-01-01,FAC-002,HW-AC-10116,32,157,166,23
INV-606959,2024-02-01,FAC-002,HW-AC-10116,24,122,113,33
INV-606960,2024-03-01,FAC-002,HW-AC-10116,54,136,153,37
INV-606961,2024-04-01,FAC-002,HW-AC-10116,43,145,149,39
INV-606962,2024-05-01,FAC-002,HW-AC-10116,55,140,178,17
INV-606963,2024-06-01,FAC-002,HW-AC-10116,43,154,179,18
INV-606964,2024-07-01,FAC-002,HW-AC-10116,41,108,140,9
INV-606965,2024-08-01,FAC-002,HW-AC-10116,31,101,116,16
INV-606966,2024-09-01,FAC-002,HW-AC-10116,50,207,242,15
INV-606967,2024-10-01,FAC-002,HW-AC-10116,48,202,188,62
INV-606968,2024-11-01,FAC-002,HW-AC-10116,33,151,143,41
INV-606969,2024-12-01,FAC-002,HW-AC-10116,50,143,171,22
INV-606970,2025-01-01,FAC-002,HW-AC-10116,53,135,177,11
INV-606971,2025-02-01,FAC-002,HW-AC-10116,48,130,166,12
INV-606972,2025-03-01,FAC-002,HW-AC-10116,54,147,159,42
INV-606973,2025-04-01,FAC-002,HW-AC-10116,48,141,168,21
INV-606974,2025-05-01,FAC-002,HW-AC-10116,33,160,147,46
INV-606975,2025-06-01,FAC-002,HW-AC-10116,47,122,131,38
INV-606976,2025-07-01,FAC-002,HW-AC-10116,34,123,132,25
INV-606977,2025-08-01,FAC-002,HW-AC-10116,44,108,131,21
INV-606978,2025-09-01,FAC-002,HW-AC-10116,76,222,230,68
INV-606979,2025-10-01,FAC-002,HW-AC-10116,78,176,227,27
INV-606980,2025-11-01,FAC-002,HW-AC-10116,45,121,138,28
INV-606981,2025-12-01,FAC-002,HW-AC-10116,31,131,148,14
INV-606982,2026-01-01,FAC-002,HW-AC-10116,32,121,124,29
INV-606983,2026-02-01,FAC-002,HW-AC-10116,40,125,124,41
INV-606984,2026-03-01,FAC-002,HW-AC-10116,56,131,151,36
INV-606985,2023-04-01,FAC-002,HW-AC-10117,46,138,167,17
INV-606986,2023-05-01,FAC-002,HW-AC-10117,52,126,160,18
INV-606987,2023-06-01,FAC-002,HW-AC-10117,33,149,137,45
INV-606988,2023-07-01,FAC-002,HW-AC-10117,50,122,149,23
INV-606989,2023-08-01,FAC-002,HW-AC-10117,24,108,117,15
INV-606990,2023-09-01,FAC-002,HW-AC-10117,50,209,195,64
INV-606991,2023-10-01,FAC-002,HW-AC-10117,65,190,227,28
INV-606992,2023-11-01,FAC-002,HW-AC-10117,53,153,159,47
INV-606993,2023-12-01,FAC-002,HW-AC-10117,65,147,197,15
INV-606994,2024-01-01,FAC-002,HW-AC-10117,42,155,177,20
INV-606995,2024-02-01,FAC-002,HW-AC-10117,56,154,168,42
INV-606996,2024-03-01,FAC-002,HW-AC-10117,49,159,161,47
INV-606997,2024-04-01,FAC-002,HW-AC-10117,44,123,139,28
INV-606998,2024-05-01,FAC-002,HW-AC-10117,46,122,152,16
INV-606999,2024-06-01,FAC-002,HW-AC-10117,37,149,165,21
INV-607000,2024-07-01,FAC-002,HW-AC-10117,27,101,106,22
INV-607001,2024-08-01,FAC-002,HW-AC-10117,38,130,126,42
INV-607002,2024-09-01,FAC-002,HW-AC-10117,60,187,232,15
INV-607003,2024-10-01,FAC-002,HW-AC-10117,54,221,216,59
INV-607004,2024-11-01,FAC-002,HW-AC-10117,49,125,130,44
INV-607005,2024-12-01,FAC-002,HW-AC-10117,41,124,131,34
INV-607006,2025-01-01,FAC-002,HW-AC-10117,35,122,126,31
INV-607007,2025-02-01,FAC-002,HW-AC-10117,62,140,156,46
INV-607008,2025-03-01,FAC-002,HW-AC-10117,58,134,177,15
INV-607009,2025-04-01,FAC-002,HW-AC-10117,50,135,142,43
INV-607010,2025-05-01,FAC-002,HW-AC-10117,65,148,182,31
INV-607011,2025-06-01,FAC-002,HW-AC-10117,34,139,151,22
INV-607012,2025-07-01,FAC-002,HW-AC-10117,44,122,125,41
INV-607013,2025-08-01,FAC-002,HW-AC-10117,41,120,127,34
INV-607014,2025-09-01,FAC-002,HW-AC-10117,47,178,200,25
INV-607015,2025-10-01,FAC-002,HW-AC-10117,83,202,230,55
INV-607016,2025-11-01,FAC-002,HW-AC-10117,60,157,179,38
INV-607017,2025-12-01,FAC-002,HW-AC-10117,32,123,145,10
INV-607018,2026-01-01,FAC-002,HW-AC-10117,37,132,133,36
INV-607019,2026-02-01,FAC-002,HW-AC-10117,40,152,156,36
INV-607020,2026-03-01,FAC-002,HW-AC-10117,41,136,147,30
INV-607021,2023-04-01,FAC-002,HW-AC-10118,61,153,194,20
INV-607022,2023-05-01,FAC-002,HW-AC-10118,49,123,133,39
INV-607023,2023-06-01,FAC-002,HW-AC-10118,54,124,162,16
INV-607024,2023-07-01,FAC-002,HW-AC-10118,50,120,161,9
INV-607025,2023-08-01,FAC-002,HW-AC-10118,43,122,148,17
INV-607026,2023-09-01,FAC-002,HW-AC-10118,43,180,201,22
INV-607027,2023-10-01,FAC-002,HW-AC-10118,43,186,186,43
INV-607028,2023-11-01,FAC-002,HW-AC-10118,59,134,171,22
INV-607029,2023-12-01,FAC-002,HW-AC-10118,62,141,188,15
INV-607030,2024-01-01,FAC-002,HW-AC-10118,59,140,165,34
INV-607031,2024-02-01,FAC-002,HW-AC-10118,33,128,142,19
INV-607032,2024-03-01,FAC-002,HW-AC-10118,51,140,169,22
INV-607033,2024-04-01,FAC-002,HW-AC-10118,25,119,123,21
INV-607034,2024-05-01,FAC-002,HW-AC-10118,45,127,147,25
INV-607035,2024-06-01,FAC-002,HW-AC-10118,39,143,159,23
INV-607036,2024-07-01,FAC-002,HW-AC-10118,58,130,172,16
INV-607037,2024-08-01,FAC-002,HW-AC-10118,30,121,133,18
INV-607038,2024-09-01,FAC-002,HW-AC-10118,55,221,221,55
INV-607039,2024-10-01,FAC-002,HW-AC-10118,67,175,201,41
INV-607040,2024-11-01,FAC-002,HW-AC-10118,50,121,147,24
INV-607041,2024-12-01,FAC-002,HW-AC-10118,37,132,136,33
INV-607042,2025-01-01,FAC-002,HW-AC-10118,39,138,152,25
INV-607043,2025-02-01,FAC-002,HW-AC-10118,55,151,166,40
INV-607044,2025-03-01,FAC-002,HW-AC-10118,57,141,151,47
INV-607045,2025-04-01,FAC-002,HW-AC-10118,41,122,143,20
INV-607046,2025-05-01,FAC-002,HW-AC-10118,49,127,154,22
INV-607047,2025-06-01,FAC-002,HW-AC-10118,38,157,175,20
INV-607048,2025-07-01,FAC-002,HW-AC-10118,35,104,119,20
INV-607049,2025-08-01,FAC-002,HW-AC-10118,47,115,121,41
INV-607050,2025-09-01,FAC-002,HW-AC-10118,50,197,221,26
INV-607051,2025-10-01,FAC-002,HW-AC-10118,68,169,217,20
INV-607052,2025-11-01,FAC-002,HW-AC-10118,36,153,165,24
INV-607053,2025-12-01,FAC-002,HW-AC-10118,49,119,150,18
INV-607054,2026-01-01,FAC-002,HW-AC-10118,53,141,149,45
INV-607055,2026-02-01,FAC-002,HW-AC-10118,38,141,169,10
INV-607056,2026-03-01,FAC-002,HW-AC-10118,59,154,199,14
INV-607057,2023-04-01,FAC-002,HW-AC-10119,43,156,178,21
INV-607058,2023-05-01,FAC-002,HW-AC-10119,30,149,147,32
INV-607059,2023-06-01,FAC-002,HW-AC-10119,53,119,133,39
INV-607060,2023-07-01,FAC-002,HW-AC-10119,47,120,131,36
INV-607061,2023-08-01,FAC-002,HW-AC-10119,41,118,124,35
INV-607062,2023-09-01,FAC-002,HW-AC-10119,58,212,213,57
INV-607063,2023-10-01,FAC-002,HW-AC-10119,60,199,241,18
INV-607064,2023-11-01,FAC-002,HW-AC-10119,49,155,167,37
INV-607065,2023-12-01,FAC-002,HW-AC-10119,35,132,143,24
INV-607066,2024-01-01,FAC-002,HW-AC-10119,42,152,152,42
INV-607067,2024-02-01,FAC-002,HW-AC-10119,29,138,148,19
INV-607068,2024-03-01,FAC-002,HW-AC-10119,45,140,149,36
INV-607069,2024-04-01,FAC-002,HW-AC-10119,34,156,175,15
INV-607070,2024-05-01,FAC-002,HW-AC-10119,56,134,170,20
INV-607071,2024-06-01,FAC-002,HW-AC-10119,50,123,153,20
INV-607072,2024-07-01,FAC-002,HW-AC-10119,23,102,109,16
INV-607073,2024-08-01,FAC-002,HW-AC-10119,47,124,152,19
INV-607074,2024-09-01,FAC-002,HW-AC-10119,80,205,246,39
INV-607075,2024-10-01,FAC-002,HW-AC-10119,77,181,194,64
INV-607076,2024-11-01,FAC-002,HW-AC-10119,51,134,154,31
INV-607077,2024-12-01,FAC-002,HW-AC-10119,25,120,127,18
INV-607078,2025-01-01,FAC-002,HW-AC-10119,53,159,180,32
INV-607079,2025-02-01,FAC-002,HW-AC-10119,34,132,125,41
INV-607080,2025-03-01,FAC-002,HW-AC-10119,40,130,134,36
INV-607081,2025-04-01,FAC-002,HW-AC-10119,46,122,156,12
INV-607082,2025-05-01,FAC-002,HW-AC-10119,56,158,162,52
INV-607083,2025-06-01,FAC-002,HW-AC-10119,34,150,162,22
INV-607084,2025-07-01,FAC-002,HW-AC-10119,48,128,165,11
INV-607085,2025-08-01,FAC-002,HW-AC-10119,47,127,139,35
INV-607086,2025-09-01,FAC-002,HW-AC-10119,53,220,254,19
INV-607087,2025-10-01,FAC-002,HW-AC-10119,42,184,206,20
INV-607088,2025-11-01,FAC-002,HW-AC-10119,48,119,134,33
INV-607089,2025-12-01,FAC-002,HW-AC-10119,58,156,189,25
INV-607090,2026-01-01,FAC-002,HW-AC-10119,28,134,148,14
INV-607091,2026-02-01,FAC-002,HW-AC-10119,36,126,140,22
INV-607092,2026-03-01,FAC-002,HW-AC-10119,34,139,134,39
INV-607093,2023-04-01,FAC-002,HW-AC-10120,32,155,176,11
INV-607094,2023-05-01,FAC-002,HW-AC-10120,28,127,134,21
INV-607095,2023-06-01,FAC-002,HW-AC-10120,42,122,150,14
INV-607096,2023-07-01,FAC-002,HW-AC-10120,40,102,117,25
INV-607097,2023-08-01,FAC-002,HW-AC-10120,25,106,122,9
INV-607098,2023-09-01,FAC-002,HW-AC-10120,72,173,210,35
INV-607099,2023-10-01,FAC-002,HW-AC-10120,53,168,201,20
INV-607100,2023-11-01,FAC-002,HW-AC-10120,48,149,181,16
INV-607101,2023-12-01,FAC-002,HW-AC-10120,53,124,162,15
INV-607102,2024-01-01,FAC-002,HW-AC-10120,59,148,177,30
INV-607103,2024-02-01,FAC-002,HW-AC-10120,50,147,161,36
INV-607104,2024-03-01,FAC-002,HW-AC-10120,37,142,150,29
INV-607105,2024-04-01,FAC-002,HW-AC-10120,29,130,129,30
INV-607106,2024-05-01,FAC-002,HW-AC-10120,45,154,179,20
INV-607107,2024-06-01,FAC-002,HW-AC-10120,38,126,126,38
INV-607108,2024-07-01,FAC-002,HW-AC-10120,37,106,124,19
INV-607109,2024-08-01,FAC-002,HW-AC-10120,34,108,131,11
INV-607110,2024-09-01,FAC-002,HW-AC-10120,36,176,186,26
INV-607111,2024-10-01,FAC-002,HW-AC-10120,75,169,212,32
INV-607112,2024-11-01,FAC-002,HW-AC-10120,42,138,155,25
INV-607113,2024-12-01,FAC-002,HW-AC-10120,52,122,152,22
INV-607114,2025-01-01,FAC-002,HW-AC-10120,42,126,130,38
INV-607115,2025-02-01,FAC-002,HW-AC-10120,42,119,141,20
INV-607116,2025-03-01,FAC-002,HW-AC-10120,35,143,154,24
INV-607117,2025-04-01,FAC-002,HW-AC-10120,42,121,140,23
INV-607118,2025-05-01,FAC-002,HW-AC-10120,61,146,190,17
INV-607119,2025-06-01,FAC-002,HW-AC-10120,71,160,208,23
INV-607120,2025-07-01,FAC-002,HW-AC-10120,56,135,171,20
INV-607121,2025-08-01,FAC-002,HW-AC-10120,21,103,113,11
INV-607122,2025-09-01,FAC-002,HW-AC-10120,78,195,221,52
INV-607123,2025-10-01,FAC-002,HW-AC-10120,70,189,241,18
INV-607124,2025-11-01,FAC-002,HW-AC-10120,50,122,156,16
INV-607125,2025-12-01,FAC-002,HW-AC-10120,38,132,129,41
INV-607126,2026-01-01,FAC-002,HW-AC-10120,37,119,119,37
INV-607127,2026-02-01,FAC-002,HW-AC-10120,52,127,154,25
INV-607128,2026-03-01,FAC-002,HW-AC-10120,35,145,164,16
INV-607129,2023-04-01,FAC-002,HW-AC-10121,59,140,182,17
INV-607130,2023-05-01,FAC-002,HW-AC-10121,57,149,158,48
INV-607131,2023-06-01,FAC-002,HW-AC-10121,28,130,118,40
INV-607132,2023-07-01,FAC-002,HW-AC-10121,44,106,119,31
INV-607133,2023-08-01,FAC-002,HW-AC-10121,47,135,145,37
INV-607134,2023-09-01,FAC-002,HW-AC-10121,49,195,231,13
INV-607135,2023-10-01,FAC-002,HW-AC-10121,44,216,244,16
INV-607136,2023-11-01,FAC-002,HW-AC-10121,32,149,160,21
INV-607137,2023-12-01,FAC-002,HW-AC-10121,37,146,165,18
INV-607138,2024-01-01,FAC-002,HW-AC-10121,39,122,121,40
INV-607139,2024-02-01,FAC-002,HW-AC-10121,61,159,171,49
INV-607140,2024-03-01,FAC-002,HW-AC-10121,31,133,148,16
INV-607141,2024-04-01,FAC-002,HW-AC-10121,49,121,159,11
INV-607142,2024-05-01,FAC-002,HW-AC-10121,37,147,151,33
INV-607143,2024-06-01,FAC-002,HW-AC-10121,48,139,165,22
INV-607144,2024-07-01,FAC-002,HW-AC-10121,34,120,142,12
INV-607145,2024-08-01,FAC-002,HW-AC-10121,32,104,123,13
INV-607146,2024-09-01,FAC-002,HW-AC-10121,63,170,212,21
INV-607147,2024-10-01,FAC-002,HW-AC-10121,41,205,193,53
INV-607148,2024-11-01,FAC-002,HW-AC-10121,34,133,157,10
INV-607149,2024-12-01,FAC-002,HW-AC-10121,40,146,174,12
INV-607150,2025-01-01,FAC-002,HW-AC-10121,40,150,156,34
INV-607151,2025-02-01,FAC-002,HW-AC-10121,56,127,156,27
INV-607152,2025-03-01,FAC-002,HW-AC-10121,44,156,184,16
INV-607153,2025-04-01,FAC-002,HW-AC-10121,53,121,162,12
INV-607154,2025-05-01,FAC-002,HW-AC-10121,52,134,167,19
INV-607155,2025-06-01,FAC-002,HW-AC-10121,43,156,167,32
INV-607156,2025-07-01,FAC-002,HW-AC-10121,52,132,152,32
INV-607157,2025-08-01,FAC-002,HW-AC-10121,27,131,143,15
INV-607158,2025-09-01,FAC-002,HW-AC-10121,48,178,191,35
INV-607159,2025-10-01,FAC-002,HW-AC-10121,63,193,219,37
INV-607160,2025-11-01,FAC-002,HW-AC-10121,32,132,148,16
INV-607161,2025-12-01,FAC-002,HW-AC-10121,44,135,157,22
INV-607162,2026-01-01,FAC-002,HW-AC-10121,59,157,163,53
INV-607163,2026-02-01,FAC-002,HW-AC-10121,68,154,187,35
INV-607164,2026-03-01,FAC-002,HW-AC-10121,53,159,178,34
INV-607165,2023-04-01,FAC-002,HW-AC-10122,37,146,141,42
INV-607166,2023-05-01,FAC-002,HW-AC-10122,32,120,126,26
INV-607167,2023-06-01,FAC-002,HW-AC-10122,38,142,170,10
INV-607168,2023-07-01,FAC-002,HW-AC-10122,34,111,111,34
INV-607169,2023-08-01,FAC-002,HW-AC-10122,23,110,114,19
INV-607170,2023-09-01,FAC-002,HW-AC-10122,52,210,215,47
INV-607171,2023-10-01,FAC-002,HW-AC-10122,68,167,212,23
INV-607172,2023-11-01,FAC-002,HW-AC-10122,35,121,146,10
INV-607173,2023-12-01,FAC-002,HW-AC-10122,44,135,146,33
INV-607174,2024-01-01,FAC-002,HW-AC-10122,64,144,197,11
INV-607175,2024-02-01,FAC-002,HW-AC-10122,45,151,166,30
INV-607176,2024-03-01,FAC-002,HW-AC-10122,59,133,171,21
INV-607177,2024-04-01,FAC-002,HW-AC-10122,27,137,140,24
INV-607178,2024-05-01,FAC-002,HW-AC-10122,52,160,166,46
INV-607179,2024-06-01,FAC-002,HW-AC-10122,34,119,142,11
INV-607180,2024-07-01,FAC-002,HW-AC-10122,59,136,174,21
INV-607181,2024-08-01,FAC-002,HW-AC-10122,42,121,139,24
INV-607182,2024-09-01,FAC-002,HW-AC-10122,63,208,239,32
INV-607183,2024-10-01,FAC-002,HW-AC-10122,46,173,200,19
INV-607184,2024-11-01,FAC-002,HW-AC-10122,52,156,157,51
INV-607185,2024-12-01,FAC-002,HW-AC-10122,58,157,179,36
INV-607186,2025-01-01,FAC-002,HW-AC-10122,44,144,158,30
INV-607187,2025-02-01,FAC-002,HW-AC-10122,37,156,148,45
INV-607188,2025-03-01,FAC-002,HW-AC-10122,33,119,118,34
INV-607189,2025-04-01,FAC-002,HW-AC-10122,25,128,121,32
INV-607190,2025-05-01,FAC-002,HW-AC-10122,27,132,138,21
INV-607191,2025-06-01,FAC-002,HW-AC-10122,31,142,150,23
INV-607192,2025-07-01,FAC-002,HW-AC-10122,59,136,146,49
INV-607193,2025-08-01,FAC-002,HW-AC-10122,37,129,126,40
INV-607194,2025-09-01,FAC-002,HW-AC-10122,51,184,200,35
INV-607195,2025-10-01,FAC-002,HW-AC-10122,79,205,226,58
INV-607196,2025-11-01,FAC-002,HW-AC-10122,36,132,138,30
INV-607197,2025-12-01,FAC-002,HW-AC-10122,63,160,210,13
INV-607198,2026-01-01,FAC-002,HW-AC-10122,44,148,158,34
INV-607199,2026-02-01,FAC-002,HW-AC-10122,42,139,165,16
INV-607200,2026-03-01,FAC-002,HW-AC-10122,37,138,158,17
INV-607201,2023-04-01,FAC-002,HW-AC-10123,49,136,140,45
INV-607202,2023-05-01,FAC-002,HW-AC-10123,29,141,128,42
INV-607203,2023-06-01,FAC-002,HW-AC-10123,39,144,164,19
INV-607204,2023-07-01,FAC-002,HW-AC-10123,31,133,146,18
INV-607205,2023-08-01,FAC-002,HW-AC-10123,27,119,128,18
INV-607206,2023-09-01,FAC-002,HW-AC-10123,66,202,250,18
INV-607207,2023-10-01,FAC-002,HW-AC-10123,88,197,242,43
INV-607208,2023-11-01,FAC-002,HW-AC-10123,39,123,127,35
INV-607209,2023-12-01,FAC-002,HW-AC-10123,53,144,166,31
INV-607210,2024-01-01,FAC-002,HW-AC-10123,39,123,124,38
INV-607211,2024-02-01,FAC-002,HW-AC-10123,58,147,193,12
INV-607212,2024-03-01,FAC-002,HW-AC-10123,41,125,143,23
INV-607213,2024-04-01,FAC-002,HW-AC-10123,56,157,165,48
INV-607214,2024-05-01,FAC-002,HW-AC-10123,49,137,165,21
INV-607215,2024-06-01,FAC-002,HW-AC-10123,37,155,180,12
INV-607216,2024-07-01,FAC-002,HW-AC-10123,45,103,136,12
INV-607217,2024-08-01,FAC-002,HW-AC-10123,47,124,130,41
INV-607218,2024-09-01,FAC-002,HW-AC-10123,38,169,158,49
INV-607219,2024-10-01,FAC-002,HW-AC-10123,50,198,228,20
INV-607220,2024-11-01,FAC-002,HW-AC-10123,51,137,165,23
INV-607221,2024-12-01,FAC-002,HW-AC-10123,34,132,135,31
INV-607222,2025-01-01,FAC-002,HW-AC-10123,52,152,163,41
INV-607223,2025-02-01,FAC-002,HW-AC-10123,32,153,164,21
INV-607224,2025-03-01,FAC-002,HW-AC-10123,52,137,176,13
INV-607225,2025-04-01,FAC-002,HW-AC-10123,46,150,152,44
INV-607226,2025-05-01,FAC-002,HW-AC-10123,47,152,152,47
INV-607227,2025-06-01,FAC-002,HW-AC-10123,40,149,143,46
INV-607228,2025-07-01,FAC-002,HW-AC-10123,42,133,141,34
INV-607229,2025-08-01,FAC-002,HW-AC-10123,53,126,134,45
INV-607230,2025-09-01,FAC-002,HW-AC-10123,81,207,228,60
INV-607231,2025-10-01,FAC-002,HW-AC-10123,43,195,214,24
INV-607232,2025-11-01,FAC-002,HW-AC-10123,34,154,171,17
INV-607233,2025-12-01,FAC-002,HW-AC-10123,43,151,172,22
INV-607234,2026-01-01,FAC-002,HW-AC-10123,51,119,146,24
INV-607235,2026-02-01,FAC-002,HW-AC-10123,53,145,170,28
INV-607236,2026-03-01,FAC-002,HW-AC-10123,54,154,193,15
INV-607237,2023-04-01,FAC-003,HW-PC-10001,32,75,94,13
INV-607238,2023-05-01,FAC-003,HW-PC-10001,39,89,97,31
INV-607239,2023-06-01,FAC-003,HW-PC-10001,21,82,90,13
INV-607240,2023-07-01,FAC-003,HW-PC-10001,34,77,93,18
INV-607241,2023-08-01,FAC-003,HW-PC-10001,33,77,97,13
INV-607242,2023-09-01,FAC-003,HW-PC-10001,38,108,137,9
INV-607243,2023-10-01,FAC-003,HW-PC-10001,48,134,168,14
INV-607244,2023-11-01,FAC-003,HW-PC-10001,19,76,89,6
INV-607245,2023-12-01,FAC-003,HW-PC-10001,18,74,76,16
INV-607246,2024-01-01,FAC-003,HW-PC-10001,30,86,93,23
INV-607247,2024-02-01,FAC-003,HW-PC-10001,40,94,111,23
INV-607248,2024-03-01,FAC-003,HW-PC-10001,30,82,98,14
INV-607249,2024-04-01,FAC-003,HW-PC-10001,24,81,86,19
INV-607250,2024-05-01,FAC-003,HW-PC-10001,24,77,89,12
INV-607251,2024-06-01,FAC-003,HW-PC-10001,35,90,103,22
INV-607252,2024-07-01,FAC-003,HW-PC-10001,15,77,77,15
INV-607253,2024-08-01,FAC-003,HW-PC-10001,27,77,87,17
INV-607254,2024-09-01,FAC-003,HW-PC-10001,52,122,150,24
INV-607255,2024-10-01,FAC-003,HW-PC-10001,56,128,163,21
INV-607256,2024-11-01,FAC-003,HW-PC-10001,17,85,84,18
INV-607257,2024-12-01,FAC-003,HW-PC-10001,33,85,98,20
INV-607258,2025-01-01,FAC-003,HW-PC-10001,25,95,107,13
INV-607259,2025-02-01,FAC-003,HW-PC-10001,26,81,97,10
INV-607260,2025-03-01,FAC-003,HW-PC-10001,17,78,81,14
INV-607261,2025-04-01,FAC-003,HW-PC-10001,33,84,110,7
INV-607262,2025-05-01,FAC-003,HW-PC-10001,25,72,85,12
INV-607263,2025-06-01,FAC-003,HW-PC-10001,41,96,122,15
INV-607264,2025-07-01,FAC-003,HW-PC-10001,17,71,72,16
INV-607265,2025-08-01,FAC-003,HW-PC-10001,27,73,87,13
INV-607266,2025-09-01,FAC-003,HW-PC-10001,38,125,145,18
INV-607267,2025-10-01,FAC-003,HW-PC-10001,25,105,101,29
INV-607268,2025-11-01,FAC-003,HW-PC-10001,20,93,102,11
INV-607269,2025-12-01,FAC-003,HW-PC-10001,24,77,94,7
INV-607270,2026-01-01,FAC-003,HW-PC-10001,21,86,86,21
INV-607271,2026-02-01,FAC-003,HW-PC-10001,28,94,105,17
INV-607272,2026-03-01,FAC-003,HW-PC-10001,24,82,84,22
INV-607273,2023-04-01,FAC-003,HW-PC-10004,37,91,119,9
INV-607274,2023-05-01,FAC-003,HW-PC-10004,20,75,87,8
INV-607275,2023-06-01,FAC-003,HW-PC-10004,15,76,84,7
INV-607276,2023-07-01,FAC-003,HW-PC-10004,20,67,73,14
INV-607277,2023-08-01,FAC-003,HW-PC-10004,22,78,92,8
INV-607278,2023-09-01,FAC-003,HW-PC-10004,40,121,131,30
INV-607279,2023-10-01,FAC-003,HW-PC-10004,38,108,122,24
INV-607280,2023-11-01,FAC-003,HW-PC-10004,30,94,105,19
INV-607281,2023-12-01,FAC-003,HW-PC-10004,32,81,94,19
INV-607282,2024-01-01,FAC-003,HW-PC-10004,32,78,95,15
INV-607283,2024-02-01,FAC-003,HW-PC-10004,30,86,103,13
INV-607284,2024-03-01,FAC-003,HW-PC-10004,16,79,86,9
INV-607285,2024-04-01,FAC-003,HW-PC-10004,28,74,78,24
INV-607286,2024-05-01,FAC-003,HW-PC-10004,17,80,82,15
INV-607287,2024-06-01,FAC-003,HW-PC-10004,21,87,89,19
INV-607288,2024-07-01,FAC-003,HW-PC-10004,24,80,94,10
INV-607289,2024-08-01,FAC-003,HW-PC-10004,35,80,106,9
INV-607290,2024-09-01,FAC-003,HW-PC-10004,48,111,145,14
INV-607291,2024-10-01,FAC-003,HW-PC-10004,26,129,145,10
INV-607292,2024-11-01,FAC-003,HW-PC-10004,35,91,96,30
INV-607293,2024-12-01,FAC-003,HW-PC-10004,33,77,93,17
INV-607294,2025-01-01,FAC-003,HW-PC-10004,33,81,87,27
INV-607295,2025-02-01,FAC-003,HW-PC-10004,23,81,85,19
INV-607296,2025-03-01,FAC-003,HW-PC-10004,19,79,76,22
INV-607297,2025-04-01,FAC-003,HW-PC-10004,37,87,105,19
INV-607298,2025-05-01,FAC-003,HW-PC-10004,18,78,87,9
INV-607299,2025-06-01,FAC-003,HW-PC-10004,27,95,98,24
INV-607300,2025-07-01,FAC-003,HW-PC-10004,28,73,84,17
INV-607301,2025-08-01,FAC-003,HW-PC-10004,28,74,96,6
INV-607302,2025-09-01,FAC-003,HW-PC-10004,47,105,125,27
INV-607303,2025-10-01,FAC-003,HW-PC-10004,42,125,141,26
INV-607304,2025-11-01,FAC-003,HW-PC-10004,26,88,88,26
INV-607305,2025-12-01,FAC-003,HW-PC-10004,27,83,86,24
INV-607306,2026-01-01,FAC-003,HW-PC-10004,24,94,98,20
INV-607307,2026-02-01,FAC-003,HW-PC-10004,25,75,81,19
INV-607308,2026-03-01,FAC-003,HW-PC-10004,21,83,79,25
INV-607309,2023-04-01,FAC-003,HW-PC-10007,29,72,79,22
INV-607310,2023-05-01,FAC-003,HW-PC-10007,30,94,101,23
INV-607311,2023-06-01,FAC-003,HW-PC-10007,37,90,104,23
INV-607312,2023-07-01,FAC-003,HW-PC-10007,21,69,84,6
INV-607313,2023-08-01,FAC-003,HW-PC-10007,19,75,73,21
INV-607314,2023-09-01,FAC-003,HW-PC-10007,28,108,108,28
INV-607315,2023-10-01,FAC-003,HW-PC-10007,28,123,124,27
INV-607316,2023-11-01,FAC-003,HW-PC-10007,23,87,83,27
INV-607317,2023-12-01,FAC-003,HW-PC-10007,16,73,81,8
INV-607318,2024-01-01,FAC-003,HW-PC-10007,18,87,86,19
INV-607319,2024-02-01,FAC-003,HW-PC-10007,26,78,88,16
INV-607320,2024-03-01,FAC-003,HW-PC-10007,23,83,82,24
INV-607321,2024-04-01,FAC-003,HW-PC-10007,37,90,119,8
INV-607322,2024-05-01,FAC-003,HW-PC-10007,27,72,88,11
INV-607323,2024-06-01,FAC-003,HW-PC-10007,25,95,107,13
INV-607324,2024-07-01,FAC-003,HW-PC-10007,21,61,67,15
INV-607325,2024-08-01,FAC-003,HW-PC-10007,32,77,89,20
INV-607326,2024-09-01,FAC-003,HW-PC-10007,27,118,120,25
INV-607327,2024-10-01,FAC-003,HW-PC-10007,27,112,129,10
INV-607328,2024-11-01,FAC-003,HW-PC-10007,26,75,93,8
INV-607329,2024-12-01,FAC-003,HW-PC-10007,37,94,102,29
INV-607330,2025-01-01,FAC-003,HW-PC-10007,24,91,107,8
INV-607331,2025-02-01,FAC-003,HW-PC-10007,35,89,95,29
INV-607332,2025-03-01,FAC-003,HW-PC-10007,34,86,110,10
INV-607333,2025-04-01,FAC-003,HW-PC-10007,31,72,78,25
INV-607334,2025-05-01,FAC-003,HW-PC-10007,32,86,91,27
INV-607335,2025-06-01,FAC-003,HW-PC-10007,28,72,82,18
INV-607336,2025-07-01,FAC-003,HW-PC-10007,24,62,79,7
INV-607337,2025-08-01,FAC-003,HW-PC-10007,17,73,67,23
INV-607338,2025-09-01,FAC-003,HW-PC-10007,41,124,145,20
INV-607339,2025-10-01,FAC-003,HW-PC-10007,39,128,129,38
INV-607340,2025-11-01,FAC-003,HW-PC-10007,31,95,110,16
INV-607341,2025-12-01,FAC-003,HW-PC-10007,40,94,115,19
INV-607342,2026-01-01,FAC-003,HW-PC-10007,35,78,100,13
INV-607343,2026-02-01,FAC-003,HW-PC-10007,27,81,89,19
INV-607344,2026-03-01,FAC-003,HW-PC-10007,29,93,111,11
INV-607345,2023-04-01,FAC-003,HW-PC-10012,18,44,52,10
INV-607346,2023-05-01,FAC-003,HW-PC-10012,10,44,42,12
INV-607347,2023-06-01,FAC-003,HW-PC-10012,20,53,57,16
INV-607348,2023-07-01,FAC-003,HW-PC-10012,12,46,52,6
INV-607349,2023-08-01,FAC-003,HW-PC-10012,16,42,47,11
INV-607350,2023-09-01,FAC-003,HW-PC-10012,27,66,70,23
INV-607351,2023-10-01,FAC-003,HW-PC-10012,28,79,89,18
INV-607352,2023-11-01,FAC-003,HW-PC-10012,11,51,52,10
INV-607353,2023-12-01,FAC-003,HW-PC-10012,14,57,63,8
INV-607354,2024-01-01,FAC-003,HW-PC-10012,17,49,52,14
INV-607355,2024-02-01,FAC-003,HW-PC-10012,21,49,55,15
INV-607356,2024-03-01,FAC-003,HW-PC-10012,17,52,59,10
INV-607357,2024-04-01,FAC-003,HW-PC-10012,16,51,50,17
INV-607358,2024-05-01,FAC-003,HW-PC-10012,22,56,61,17
INV-607359,2024-06-01,FAC-003,HW-PC-10012,18,48,62,4
INV-607360,2024-07-01,FAC-003,HW-PC-10012,20,48,53,15
INV-607361,2024-08-01,FAC-003,HW-PC-10012,19,47,54,12
INV-607362,2024-09-01,FAC-003,HW-PC-10012,21,67,77,11
INV-607363,2024-10-01,FAC-003,HW-PC-10012,13,64,59,18
INV-607364,2024-11-01,FAC-003,HW-PC-10012,13,49,55,7
INV-607365,2024-12-01,FAC-003,HW-PC-10012,18,44,57,5
INV-607366,2025-01-01,FAC-003,HW-PC-10012,21,56,59,18
INV-607367,2025-02-01,FAC-003,HW-PC-10012,11,49,56,4
INV-607368,2025-03-01,FAC-003,HW-PC-10012,16,47,57,6
INV-607369,2025-04-01,FAC-003,HW-PC-10012,21,56,68,9
INV-607370,2025-05-01,FAC-003,HW-PC-10012,17,49,50,16
INV-607371,2025-06-01,FAC-003,HW-PC-10012,18,55,55,18
INV-607372,2025-07-01,FAC-003,HW-PC-10012,15,47,57,5
INV-607373,2025-08-01,FAC-003,HW-PC-10012,18,47,49,16
INV-607374,2025-09-01,FAC-003,HW-PC-10012,26,64,83,7
INV-607375,2025-10-01,FAC-003,HW-PC-10012,21,69,70,20
INV-607376,2025-11-01,FAC-003,HW-PC-10012,14,57,55,16
INV-607377,2025-12-01,FAC-003,HW-PC-10012,13,52,60,5
INV-607378,2026-01-01,FAC-003,HW-PC-10012,8,42,42,8
INV-607379,2026-02-01,FAC-003,HW-PC-10012,11,49,50,10
INV-607380,2026-03-01,FAC-003,HW-PC-10012,20,48,51,17
INV-607381,2023-04-01,FAC-003,HW-PC-10015,20,61,64,17
INV-607382,2023-05-01,FAC-003,HW-PC-10015,17,66,73,10
INV-607383,2023-06-01,FAC-003,HW-PC-10015,15,72,74,13
INV-607384,2023-07-01,FAC-003,HW-PC-10015,14,65,73,6
INV-607385,2023-08-01,FAC-003,HW-PC-10015,26,61,67,20
INV-607386,2023-09-01,FAC-003,HW-PC-10015,41,114,133,22
INV-607387,2023-10-01,FAC-003,HW-PC-10015,20,99,111,8
INV-607388,2023-11-01,FAC-003,HW-PC-10015,16,74,67,23
INV-607389,2023-12-01,FAC-003,HW-PC-10015,21,61,71,11
INV-607390,2024-01-01,FAC-003,HW-PC-10015,19,70,76,13
INV-607391,2024-02-01,FAC-003,HW-PC-10015,14,71,68,17
INV-607392,2024-03-01,FAC-003,HW-PC-10015,25,61,76,10
INV-607393,2024-04-01,FAC-003,HW-PC-10015,22,81,95,8
INV-607394,2024-05-01,FAC-003,HW-PC-10015,22,73,75,20
INV-607395,2024-06-01,FAC-003,HW-PC-10015,32,76,86,22
INV-607396,2024-07-01,FAC-003,HW-PC-10015,20,54,69,5
INV-607397,2024-08-01,FAC-003,HW-PC-10015,17,64,67,14
INV-607398,2024-09-01,FAC-003,HW-PC-10015,39,95,121,13
INV-607399,2024-10-01,FAC-003,HW-PC-10015,27,102,120,9
INV-607400,2024-11-01,FAC-003,HW-PC-10015,32,74,91,15
INV-607401,2024-12-01,FAC-003,HW-PC-10015,31,77,88,20
INV-607402,2025-01-01,FAC-003,HW-PC-10015,16,80,86,10
INV-607403,2025-02-01,FAC-003,HW-PC-10015,22,80,89,13
INV-607404,2025-03-01,FAC-003,HW-PC-10015,28,72,92,8
INV-607405,2025-04-01,FAC-003,HW-PC-10015,29,73,82,20
INV-607406,2025-05-01,FAC-003,HW-PC-10015,19,65,74,10
INV-607407,2025-06-01,FAC-003,HW-PC-10015,23,64,72,15
INV-607408,2025-07-01,FAC-003,HW-PC-10015,13,65,68,10
INV-607409,2025-08-01,FAC-003,HW-PC-10015,27,63,80,10
INV-607410,2025-09-01,FAC-003,HW-PC-10015,46,108,136,18
INV-607411,2025-10-01,FAC-003,HW-PC-10015,38,93,117,14
INV-607412,2025-11-01,FAC-003,HW-PC-10015,26,69,87,8
INV-607413,2025-12-01,FAC-003,HW-PC-10015,35,81,94,22
INV-607414,2026-01-01,FAC-003,HW-PC-10015,15,69,67,17
INV-607415,2026-02-01,FAC-003,HW-PC-10015,22,79,88,13
INV-607416,2026-03-01,FAC-003,HW-PC-10015,29,74,81,22
INV-607417,2023-04-01,FAC-003,HW-PC-10016,20,69,84,5
INV-607418,2023-05-01,FAC-003,HW-PC-10016,24,78,94,8
INV-607419,2023-06-01,FAC-003,HW-PC-10016,26,67,73,20
INV-607420,2023-07-01,FAC-003,HW-PC-10016,20,65,65,20
INV-607421,2023-08-01,FAC-003,HW-PC-10016,16,56,64,8
INV-607422,2023-09-01,FAC-003,HW-PC-10016,31,86,104,13
INV-607423,2023-10-01,FAC-003,HW-PC-10016,40,103,112,31
INV-607424,2023-11-01,FAC-003,HW-PC-10016,31,72,89,14
INV-607425,2023-12-01,FAC-003,HW-PC-10016,28,73,82,19
INV-607426,2024-01-01,FAC-003,HW-PC-10016,32,75,80,27
INV-607427,2024-02-01,FAC-003,HW-PC-10016,19,78,81,16
INV-607428,2024-03-01,FAC-003,HW-PC-10016,31,78,101,8
INV-607429,2024-04-01,FAC-003,HW-PC-10016,24,80,91,13
INV-607430,2024-05-01,FAC-003,HW-PC-10016,19,68,72,15
INV-607431,2024-06-01,FAC-003,HW-PC-10016,24,76,91,9
INV-607432,2024-07-01,FAC-003,HW-PC-10016,13,64,67,10
INV-607433,2024-08-01,FAC-003,HW-PC-10016,18,59,70,7
INV-607434,2024-09-01,FAC-003,HW-PC-10016,42,100,126,16
INV-607435,2024-10-01,FAC-003,HW-PC-10016,38,100,104,34
INV-607436,2024-11-01,FAC-003,HW-PC-10016,13,60,61,12
INV-607437,2024-12-01,FAC-003,HW-PC-10016,28,65,79,14
INV-607438,2025-01-01,FAC-003,HW-PC-10016,19,74,75,18
INV-607439,2025-02-01,FAC-003,HW-PC-10016,25,67,77,15
INV-607440,2025-03-01,FAC-003,HW-PC-10016,24,71,85,10
INV-607441,2025-04-01,FAC-003,HW-PC-10016,24,62,74,12
INV-607442,2025-05-01,FAC-003,HW-PC-10016,20,74,78,16
INV-607443,2025-06-01,FAC-003,HW-PC-10016,28,65,78,15
INV-607444,2025-07-01,FAC-003,HW-PC-10016,22,69,72,19
INV-607445,2025-08-01,FAC-003,HW-PC-10016,12,60,67,5
INV-607446,2025-09-01,FAC-003,HW-PC-10016,41,108,129,20
INV-607447,2025-10-01,FAC-003,HW-PC-10016,45,101,117,29
INV-607448,2025-11-01,FAC-003,HW-PC-10016,26,76,96,6
INV-607449,2025-12-01,FAC-003,HW-PC-10016,34,77,96,15
INV-607450,2026-01-01,FAC-003,HW-PC-10016,20,64,74,10
INV-607451,2026-02-01,FAC-003,HW-PC-10016,15,76,77,14
INV-607452,2026-03-01,FAC-003,HW-PC-10016,27,65,71,21
INV-607453,2023-04-01,FAC-003,HW-PC-10018,29,67,76,20
INV-607454,2023-05-01,FAC-003,HW-PC-10018,13,62,63,12
INV-607455,2023-06-01,FAC-003,HW-PC-10018,20,74,83,11
INV-607456,2023-07-01,FAC-003,HW-PC-10018,21,52,66,7
INV-607457,2023-08-01,FAC-003,HW-PC-10018,29,69,80,18
INV-607458,2023-09-01,FAC-003,HW-PC-10018,37,96,103,30
INV-607459,2023-10-01,FAC-003,HW-PC-10018,21,93,95,19
INV-607460,2023-11-01,FAC-003,HW-PC-10018,18,72,67,23
INV-607461,2023-12-01,FAC-003,HW-PC-10018,15,75,85,5
INV-607462,2024-01-01,FAC-003,HW-PC-10018,23,65,73,15
INV-607463,2024-02-01,FAC-003,HW-PC-10018,19,61,68,12
INV-607464,2024-03-01,FAC-003,HW-PC-10018,29,78,81,26
INV-607465,2024-04-01,FAC-003,HW-PC-10018,17,64,62,19
INV-607466,2024-05-01,FAC-003,HW-PC-10018,31,70,86,15
INV-607467,2024-06-01,FAC-003,HW-PC-10018,28,76,95,9
INV-607468,2024-07-01,FAC-003,HW-PC-10018,21,55,70,6
INV-607469,2024-08-01,FAC-003,HW-PC-10018,15,54,65,4
INV-607470,2024-09-01,FAC-003,HW-PC-10018,28,107,116,19
INV-607471,2024-10-01,FAC-003,HW-PC-10018,30,96,103,23
INV-607472,2024-11-01,FAC-003,HW-PC-10018,24,66,81,9
INV-607473,2024-12-01,FAC-003,HW-PC-10018,18,78,87,9
INV-607474,2025-01-01,FAC-003,HW-PC-10018,19,65,78,6
INV-607475,2025-02-01,FAC-003,HW-PC-10018,17,70,68,19
INV-607476,2025-03-01,FAC-003,HW-PC-10018,27,70,92,5
INV-607477,2025-04-01,FAC-003,HW-PC-10018,32,77,98,11
INV-607478,2025-05-01,FAC-003,HW-PC-10018,17,79,89,7
INV-607479,2025-06-01,FAC-003,HW-PC-10018,29,68,74,23
INV-607480,2025-07-01,FAC-003,HW-PC-10018,24,64,83,5
INV-607481,2025-08-01,FAC-003,HW-PC-10018,19,65,72,12
INV-607482,2025-09-01,FAC-003,HW-PC-10018,23,95,94,24
INV-607483,2025-10-01,FAC-003,HW-PC-10018,30,91,112,9
INV-607484,2025-11-01,FAC-003,HW-PC-10018,16,79,72,23
INV-607485,2025-12-01,FAC-003,HW-PC-10018,17,65,63,19
INV-607486,2026-01-01,FAC-003,HW-PC-10018,23,68,78,13
INV-607487,2026-02-01,FAC-003,HW-PC-10018,20,71,81,10
INV-607488,2026-03-01,FAC-003,HW-PC-10018,22,77,75,24
INV-607489,2023-04-01,FAC-003,HW-PC-10019,19,63,64,18
INV-607490,2023-05-01,FAC-003,HW-PC-10019,17,70,78,9
INV-607491,2023-06-01,FAC-003,HW-PC-10019,20,60,62,18
INV-607492,2023-07-01,FAC-003,HW-PC-10019,21,51,63,9
INV-607493,2023-08-01,FAC-003,HW-PC-10019,19,53,62,10
INV-607494,2023-09-01,FAC-003,HW-PC-10019,29,98,117,10
INV-607495,2023-10-01,FAC-003,HW-PC-10019,27,91,96,22
INV-607496,2023-11-01,FAC-003,HW-PC-10019,32,76,99,9
INV-607497,2023-12-01,FAC-003,HW-PC-10019,34,77,98,13
INV-607498,2024-01-01,FAC-003,HW-PC-10019,33,76,81,28
INV-607499,2024-02-01,FAC-003,HW-PC-10019,28,73,94,7
INV-607500,2024-03-01,FAC-003,HW-PC-10019,32,79,104,7
INV-607501,2024-04-01,FAC-003,HW-PC-10019,14,71,63,22
INV-607502,2024-05-01,FAC-003,HW-PC-10019,21,71,77,15
INV-607503,2024-06-01,FAC-003,HW-PC-10019,29,68,79,18
INV-607504,2024-07-01,FAC-003,HW-PC-10019,28,66,79,15
INV-607505,2024-08-01,FAC-003,HW-PC-10019,23,59,73,9
INV-607506,2024-09-01,FAC-003,HW-PC-10019,21,94,92,23
INV-607507,2024-10-01,FAC-003,HW-PC-10019,24,88,89,23
INV-607508,2024-11-01,FAC-003,HW-PC-10019,32,73,93,12
INV-607509,2024-12-01,FAC-003,HW-PC-10019,31,80,99,12
INV-607510,2025-01-01,FAC-003,HW-PC-10019,19,69,80,8
INV-607511,2025-02-01,FAC-003,HW-PC-10019,24,79,77,26
INV-607512,2025-03-01,FAC-003,HW-PC-10019,20,77,72,25
INV-607513,2025-04-01,FAC-003,HW-PC-10019,25,77,90,12
INV-607514,2025-05-01,FAC-003,HW-PC-10019,26,79,89,16
INV-607515,2025-06-01,FAC-003,HW-PC-10019,18,66,76,8
INV-607516,2025-07-01,FAC-003,HW-PC-10019,14,59,56,17
INV-607517,2025-08-01,FAC-003,HW-PC-10019,18,59,67,10
INV-607518,2025-09-01,FAC-003,HW-PC-10019,23,98,103,18
INV-607519,2025-10-01,FAC-003,HW-PC-10019,26,111,121,16
INV-607520,2025-11-01,FAC-003,HW-PC-10019,27,72,77,22
INV-607521,2025-12-01,FAC-003,HW-PC-10019,28,80,99,9
INV-607522,2026-01-01,FAC-003,HW-PC-10019,25,65,81,9
INV-607523,2026-02-01,FAC-003,HW-PC-10019,20,68,77,11
INV-607524,2026-03-01,FAC-003,HW-PC-10019,23,62,64,21
INV-607525,2023-04-01,FAC-003,HW-PC-10020,16,74,84,6
INV-607526,2023-05-01,FAC-003,HW-PC-10020,27,78,95,10
INV-607527,2023-06-01,FAC-003,HW-PC-10020,20,79,91,8
INV-607528,2023-07-01,FAC-003,HW-PC-10020,16,54,60,10
INV-607529,2023-08-01,FAC-003,HW-PC-10020,13,64,62,15
INV-607530,2023-09-01,FAC-003,HW-PC-10020,29,102,118,13
INV-607531,2023-10-01,FAC-003,HW-PC-10020,26,103,100,29
INV-607532,2023-11-01,FAC-003,HW-PC-10020,22,73,74,21
INV-607533,2023-12-01,FAC-003,HW-PC-10020,18,67,65,20
INV-607534,2024-01-01,FAC-003,HW-PC-10020,27,71,84,14
INV-607535,2024-02-01,FAC-003,HW-PC-10020,17,77,78,16
INV-607536,2024-03-01,FAC-003,HW-PC-10020,26,73,88,11
INV-607537,2024-04-01,FAC-003,HW-PC-10020,27,75,78,24
INV-607538,2024-05-01,FAC-003,HW-PC-10020,28,75,97,6
INV-607539,2024-06-01,FAC-003,HW-PC-10020,27,75,87,15
INV-607540,2024-07-01,FAC-003,HW-PC-10020,30,67,87,10
INV-607541,2024-08-01,FAC-003,HW-PC-10020,13,62,67,8
INV-607542,2024-09-01,FAC-003,HW-PC-10020,41,105,113,33
INV-607543,2024-10-01,FAC-003,HW-PC-10020,28,103,118,13
INV-607544,2024-11-01,FAC-003,HW-PC-10020,24,65,72,17
INV-607545,2024-12-01,FAC-003,HW-PC-10020,21,60,62,19
INV-607546,2025-01-01,FAC-003,HW-PC-10020,31,74,99,6
INV-607547,2025-02-01,FAC-003,HW-PC-10020,26,65,74,17
INV-607548,2025-03-01,FAC-003,HW-PC-10020,31,79,84,26
INV-607549,2025-04-01,FAC-003,HW-PC-10020,19,69,79,9
INV-607550,2025-05-01,FAC-003,HW-PC-10020,25,69,81,13
INV-607551,2025-06-01,FAC-003,HW-PC-10020,35,81,96,20
INV-607552,2025-07-01,FAC-003,HW-PC-10020,26,64,83,7
INV-607553,2025-08-01,FAC-003,HW-PC-10020,14,52,53,13
INV-607554,2025-09-01,FAC-003,HW-PC-10020,23,97,101,19
INV-607555,2025-10-01,FAC-003,HW-PC-10020,33,104,120,17
INV-607556,2025-11-01,FAC-003,HW-PC-10020,25,61,80,6
INV-607557,2025-12-01,FAC-003,HW-PC-10020,30,73,79,24
INV-607558,2026-01-01,FAC-003,HW-PC-10020,17,77,78,16
INV-607559,2026-02-01,FAC-003,HW-PC-10020,23,67,72,18
INV-607560,2026-03-01,FAC-003,HW-PC-10020,21,73,86,8
INV-607561,2023-04-01,FAC-003,HW-PC-10022,26,64,74,16
INV-607562,2023-05-01,FAC-003,HW-PC-10022,24,68,75,17
INV-607563,2023-06-01,FAC-003,HW-PC-10022,20,63,65,18
INV-607564,2023-07-01,FAC-003,HW-PC-10022,11,54,52,13
INV-607565,2023-08-01,FAC-003,HW-PC-10022,23,54,66,11
INV-607566,2023-09-01,FAC-003,HW-PC-10022,21,103,95,29
INV-607567,2023-10-01,FAC-003,HW-PC-10022,37,104,111,30
INV-607568,2023-11-01,FAC-003,HW-PC-10022,22,66,80,8
INV-607569,2023-12-01,FAC-003,HW-PC-10022,20,59,70,9
INV-607570,2024-01-01,FAC-003,HW-PC-10022,30,77,86,21
INV-607571,2024-02-01,FAC-003,HW-PC-10022,28,72,89,11
INV-607572,2024-03-01,FAC-003,HW-PC-10022,31,74,80,25
INV-607573,2024-04-01,FAC-003,HW-PC-10022,23,59,65,17
INV-607574,2024-05-01,FAC-003,HW-PC-10022,17,58,68,7
INV-607575,2024-06-01,FAC-003,HW-PC-10022,22,60,61,21
INV-607576,2024-07-01,FAC-003,HW-PC-10022,14,51,49,16
INV-607577,2024-08-01,FAC-003,HW-PC-10022,26,63,80,9
INV-607578,2024-09-01,FAC-003,HW-PC-10022,28,87,90,25
INV-607579,2024-10-01,FAC-003,HW-PC-10022,28,88,104,12
INV-607580,2024-11-01,FAC-003,HW-PC-10022,16,59,70,5
INV-607581,2024-12-01,FAC-003,HW-PC-10022,28,66,89,5
INV-607582,2025-01-01,FAC-003,HW-PC-10022,18,68,78,8
INV-607583,2025-02-01,FAC-003,HW-PC-10022,16,61,69,8
INV-607584,2025-03-01,FAC-003,HW-PC-10022,16,66,72,10
INV-607585,2025-04-01,FAC-003,HW-PC-10022,16,72,70,18
INV-607586,2025-05-01,FAC-003,HW-PC-10022,18,62,72,8
INV-607587,2025-06-01,FAC-003,HW-PC-10022,26,72,73,25
INV-607588,2025-07-01,FAC-003,HW-PC-10022,13,51,51,13
INV-607589,2025-08-01,FAC-003,HW-PC-10022,15,51,50,16
INV-607590,2025-09-01,FAC-003,HW-PC-10022,40,102,122,20
INV-607591,2025-10-01,FAC-003,HW-PC-10022,35,83,111,7
INV-607592,2025-11-01,FAC-003,HW-PC-10022,22,61,76,7
INV-607593,2025-12-01,FAC-003,HW-PC-10022,19,68,73,14
INV-607594,2026-01-01,FAC-003,HW-PC-10022,20,68,82,6
INV-607595,2026-02-01,FAC-003,HW-PC-10022,18,72,78,12
INV-607596,2026-03-01,FAC-003,HW-PC-10022,16,71,71,16
INV-607597,2023-04-01,FAC-003,HW-PC-10024,14,62,64,12
INV-607598,2023-05-01,FAC-003,HW-PC-10024,19,68,76,11
INV-607599,2023-06-01,FAC-003,HW-PC-10024,13,59,61,11
INV-607600,2023-07-01,FAC-003,HW-PC-10024,21,50,55,16
INV-607601,2023-08-01,FAC-003,HW-PC-10024,17,60,63,14
INV-607602,2023-09-01,FAC-003,HW-PC-10024,33,102,120,15
INV-607603,2023-10-01,FAC-003,HW-PC-10024,33,95,115,13
INV-607604,2023-11-01,FAC-003,HW-PC-10024,24,70,85,9
INV-607605,2023-12-01,FAC-003,HW-PC-10024,22,77,85,14
INV-607606,2024-01-01,FAC-003,HW-PC-10024,17,59,63,13
INV-607607,2024-02-01,FAC-003,HW-PC-10024,24,74,87,11
INV-607608,2024-03-01,FAC-003,HW-PC-10024,18,58,70,6
INV-607609,2024-04-01,FAC-003,HW-PC-10024,12,62,61,13
INV-607610,2024-05-01,FAC-003,HW-PC-10024,22,72,79,15
INV-607611,2024-06-01,FAC-003,HW-PC-10024,18,71,80,9
INV-607612,2024-07-01,FAC-003,HW-PC-10024,15,51,58,8
INV-607613,2024-08-01,FAC-003,HW-PC-10024,25,63,78,10
INV-607614,2024-09-01,FAC-003,HW-PC-10024,20,91,88,23
INV-607615,2024-10-01,FAC-003,HW-PC-10024,43,105,139,9
INV-607616,2024-11-01,FAC-003,HW-PC-10024,19,59,68,10
INV-607617,2024-12-01,FAC-003,HW-PC-10024,25,72,87,10
INV-607618,2025-01-01,FAC-003,HW-PC-10024,15,65,63,17
INV-607619,2025-02-01,FAC-003,HW-PC-10024,16,58,56,18
INV-607620,2025-03-01,FAC-003,HW-PC-10024,22,64,79,7
INV-607621,2025-04-01,FAC-003,HW-PC-10024,19,74,72,21
INV-607622,2025-05-01,FAC-003,HW-PC-10024,27,61,75,13
INV-607623,2025-06-01,FAC-003,HW-PC-10024,25,61,71,15
INV-607624,2025-07-01,FAC-003,HW-PC-10024,16,64,66,14
INV-607625,2025-08-01,FAC-003,HW-PC-10024,24,57,74,7
INV-607626,2025-09-01,FAC-003,HW-PC-10024,24,97,100,21
INV-607627,2025-10-01,FAC-003,HW-PC-10024,38,108,132,14
INV-607628,2025-11-01,FAC-003,HW-PC-10024,21,66,72,15
INV-607629,2025-12-01,FAC-003,HW-PC-10024,29,72,85,16
INV-607630,2026-01-01,FAC-003,HW-PC-10024,19,67,67,19
INV-607631,2026-02-01,FAC-003,HW-PC-10024,21,76,88,9
INV-607632,2026-03-01,FAC-003,HW-PC-10024,28,72,93,7
INV-607633,2023-04-01,FAC-003,HW-PC-10025,18,76,82,12
INV-607634,2023-05-01,FAC-003,HW-PC-10025,19,73,82,10
INV-607635,2023-06-01,FAC-003,HW-PC-10025,29,73,82,20
INV-607636,2023-07-01,FAC-003,HW-PC-10025,16,60,68,8
INV-607637,2023-08-01,FAC-003,HW-PC-10025,19,57,63,13
INV-607638,2023-09-01,FAC-003,HW-PC-10025,20,85,80,25
INV-607639,2023-10-01,FAC-003,HW-PC-10025,40,98,104,34
INV-607640,2023-11-01,FAC-003,HW-PC-10025,18,59,69,8
INV-607641,2023-12-01,FAC-003,HW-PC-10025,16,61,61,16
INV-607642,2024-01-01,FAC-003,HW-PC-10025,16,65,66,15
INV-607643,2024-02-01,FAC-003,HW-PC-10025,25,72,74,23
INV-607644,2024-03-01,FAC-003,HW-PC-10025,22,70,86,6
INV-607645,2024-04-01,FAC-003,HW-PC-10025,24,63,77,10
INV-607646,2024-05-01,FAC-003,HW-PC-10025,26,62,74,14
INV-607647,2024-06-01,FAC-003,HW-PC-10025,16,71,69,18
INV-607648,2024-07-01,FAC-003,HW-PC-10025,16,59,63,12
INV-607649,2024-08-01,FAC-003,HW-PC-10025,19,55,62,12
INV-607650,2024-09-01,FAC-003,HW-PC-10025,29,81,91,19
INV-607651,2024-10-01,FAC-003,HW-PC-10025,20,90,87,23
INV-607652,2024-11-01,FAC-003,HW-PC-10025,26,62,73,15
INV-607653,2024-12-01,FAC-003,HW-PC-10025,13,58,54,17
INV-607654,2025-01-01,FAC-003,HW-PC-10025,17,69,73,13
INV-607655,2025-02-01,FAC-003,HW-PC-10025,26,65,74,17
INV-607656,2025-03-01,FAC-003,HW-PC-10025,25,67,76,16
INV-607657,2025-04-01,FAC-003,HW-PC-10025,26,73,82,17
INV-607658,2025-05-01,FAC-003,HW-PC-10025,30,68,86,12
INV-607659,2025-06-01,FAC-003,HW-PC-10025,18,76,79,15
INV-607660,2025-07-01,FAC-003,HW-PC-10025,17,64,76,5
INV-607661,2025-08-01,FAC-003,HW-PC-10025,21,50,59,12
INV-607662,2025-09-01,FAC-003,HW-PC-10025,34,83,93,24
INV-607663,2025-10-01,FAC-003,HW-PC-10025,18,81,87,12
INV-607664,2025-11-01,FAC-003,HW-PC-10025,17,77,79,15
INV-607665,2025-12-01,FAC-003,HW-PC-10025,23,61,64,20
INV-607666,2026-01-01,FAC-003,HW-PC-10025,15,62,66,11
INV-607667,2026-02-01,FAC-003,HW-PC-10025,24,75,75,24
INV-607668,2026-03-01,FAC-003,HW-PC-10025,27,69,74,22
INV-607669,2023-04-01,FAC-003,HW-PC-10026,23,61,72,12
INV-607670,2023-05-01,FAC-003,HW-PC-10026,17,68,69,16
INV-607671,2023-06-01,FAC-003,HW-PC-10026,20,77,90,7
INV-607672,2023-07-01,FAC-003,HW-PC-10026,13,59,60,12
INV-607673,2023-08-01,FAC-003,HW-PC-10026,19,65,77,7
INV-607674,2023-09-01,FAC-003,HW-PC-10026,30,88,108,10
INV-607675,2023-10-01,FAC-003,HW-PC-10026,34,107,123,18
INV-607676,2023-11-01,FAC-003,HW-PC-10026,15,57,58,14
INV-607677,2023-12-01,FAC-003,HW-PC-10026,15,59,60,14
INV-607678,2024-01-01,FAC-003,HW-PC-10026,28,77,87,18
INV-607679,2024-02-01,FAC-003,HW-PC-10026,18,77,80,15
INV-607680,2024-03-01,FAC-003,HW-PC-10026,15,71,76,10
INV-607681,2024-04-01,FAC-003,HW-PC-10026,13,59,56,16
INV-607682,2024-05-01,FAC-003,HW-PC-10026,28,76,91,13
INV-607683,2024-06-01,FAC-003,HW-PC-10026,18,69,76,11
INV-607684,2024-07-01,FAC-003,HW-PC-10026,13,56,61,8
INV-607685,2024-08-01,FAC-003,HW-PC-10026,12,51,57,6
INV-607686,2024-09-01,FAC-003,HW-PC-10026,35,99,111,23
INV-607687,2024-10-01,FAC-003,HW-PC-10026,34,92,113,13
INV-607688,2024-11-01,FAC-003,HW-PC-10026,30,68,92,6
INV-607689,2024-12-01,FAC-003,HW-PC-10026,26,66,78,14
INV-607690,2025-01-01,FAC-003,HW-PC-10026,14,68,70,12
INV-607691,2025-02-01,FAC-003,HW-PC-10026,30,76,96,10
INV-607692,2025-03-01,FAC-003,HW-PC-10026,17,61,62,16
INV-607693,2025-04-01,FAC-003,HW-PC-10026,22,64,70,16
INV-607694,2025-05-01,FAC-003,HW-PC-10026,21,69,72,18
INV-607695,2025-06-01,FAC-003,HW-PC-10026,24,59,62,21
INV-607696,2025-07-01,FAC-003,HW-PC-10026,19,49,64,4
INV-607697,2025-08-01,FAC-003,HW-PC-10026,12,61,58,15
INV-607698,2025-09-01,FAC-003,HW-PC-10026,43,108,130,21
INV-607699,2025-10-01,FAC-003,HW-PC-10026,17,87,78,26
INV-607700,2025-11-01,FAC-003,HW-PC-10026,14,70,79,5
INV-607701,2025-12-01,FAC-003,HW-PC-10026,23,61,65,19
INV-607702,2026-01-01,FAC-003,HW-PC-10026,14,68,74,8
INV-607703,2026-02-01,FAC-003,HW-PC-10026,15,69,77,7
INV-607704,2026-03-01,FAC-003,HW-PC-10026,29,68,90,7
INV-607705,2023-04-01,FAC-003,HW-PC-10028,20,46,55,11
INV-607706,2023-05-01,FAC-003,HW-PC-10028,18,48,52,14
INV-607707,2023-06-01,FAC-003,HW-PC-10028,22,56,70,8
INV-607708,2023-07-01,FAC-003,HW-PC-10028,12,41,44,9
INV-607709,2023-08-01,FAC-003,HW-PC-10028,10,44,45,9
INV-607710,2023-09-01,FAC-003,HW-PC-10028,24,74,89,9
INV-607711,2023-10-01,FAC-003,HW-PC-10028,19,74,82,11
INV-607712,2023-11-01,FAC-003,HW-PC-10028,15,57,63,9
INV-607713,2023-12-01,FAC-003,HW-PC-10028,13,47,55,5
INV-607714,2024-01-01,FAC-003,HW-PC-10028,20,59,70,9
INV-607715,2024-02-01,FAC-003,HW-PC-10028,25,58,70,13
INV-607716,2024-03-01,FAC-003,HW-PC-10028,16,53,52,17
INV-607717,2024-04-01,FAC-003,HW-PC-10028,20,51,64,7
INV-607718,2024-05-01,FAC-003,HW-PC-10028,12,59,60,11
INV-607719,2024-06-01,FAC-003,HW-PC-10028,11,46,53,4
INV-607720,2024-07-01,FAC-003,HW-PC-10028,17,45,47,15
INV-607721,2024-08-01,FAC-003,HW-PC-10028,15,43,45,13
INV-607722,2024-09-01,FAC-003,HW-PC-10028,15,70,74,11
INV-607723,2024-10-01,FAC-003,HW-PC-10028,34,84,111,7
INV-607724,2024-11-01,FAC-003,HW-PC-10028,24,58,70,12
INV-607725,2024-12-01,FAC-003,HW-PC-10028,15,53,62,6
INV-607726,2025-01-01,FAC-003,HW-PC-10028,10,47,53,4
INV-607727,2025-02-01,FAC-003,HW-PC-10028,19,45,57,7
INV-607728,2025-03-01,FAC-003,HW-PC-10028,18,50,62,6
INV-607729,2025-04-01,FAC-003,HW-PC-10028,18,48,60,6
INV-607730,2025-05-01,FAC-003,HW-PC-10028,10,49,46,13
INV-607731,2025-06-01,FAC-003,HW-PC-10028,10,48,51,7
INV-607732,2025-07-01,FAC-003,HW-PC-10028,18,43,48,13
INV-607733,2025-08-01,FAC-003,HW-PC-10028,15,44,54,5
INV-607734,2025-09-01,FAC-003,HW-PC-10028,21,74,87,8
INV-607735,2025-10-01,FAC-003,HW-PC-10028,15,69,70,14
INV-607736,2025-11-01,FAC-003,HW-PC-10028,11,57,58,10
INV-607737,2025-12-01,FAC-003,HW-PC-10028,23,54,62,15
INV-607738,2026-01-01,FAC-003,HW-PC-10028,15,49,52,12
INV-607739,2026-02-01,FAC-003,HW-PC-10028,20,56,68,8
INV-607740,2026-03-01,FAC-003,HW-PC-10028,24,58,68,14
INV-607741,2023-04-01,FAC-003,HW-PC-10030,18,56,67,7
INV-607742,2023-05-01,FAC-003,HW-PC-10030,20,52,67,5
INV-607743,2023-06-01,FAC-003,HW-PC-10030,22,56,59,19
INV-607744,2023-07-01,FAC-003,HW-PC-10030,18,41,52,7
INV-607745,2023-08-01,FAC-003,HW-PC-10030,13,45,44,14
INV-607746,2023-09-01,FAC-003,HW-PC-10030,23,71,74,20
INV-607747,2023-10-01,FAC-003,HW-PC-10030,21,66,75,12
INV-607748,2023-11-01,FAC-003,HW-PC-10030,16,48,59,5
INV-607749,2023-12-01,FAC-003,HW-PC-10030,21,52,68,5
INV-607750,2024-01-01,FAC-003,HW-PC-10030,10,46,47,9
INV-607751,2024-02-01,FAC-003,HW-PC-10030,16,54,57,13
INV-607752,2024-03-01,FAC-003,HW-PC-10030,11,55,62,4
INV-607753,2024-04-01,FAC-003,HW-PC-10030,20,48,52,16
INV-607754,2024-05-01,FAC-003,HW-PC-10030,12,48,56,4
INV-607755,2024-06-01,FAC-003,HW-PC-10030,16,45,56,5
INV-607756,2024-07-01,FAC-003,HW-PC-10030,13,47,56,4
INV-607757,2024-08-01,FAC-003,HW-PC-10030,15,50,56,9
INV-607758,2024-09-01,FAC-003,HW-PC-10030,37,84,101,20
INV-607759,2024-10-01,FAC-003,HW-PC-10030,22,81,84,19
INV-607760,2024-11-01,FAC-003,HW-PC-10030,11,47,51,7
INV-607761,2024-12-01,FAC-003,HW-PC-10030,13,53,54,12
INV-607762,2025-01-01,FAC-003,HW-PC-10030,22,50,66,6
INV-607763,2025-02-01,FAC-003,HW-PC-10030,21,51,58,14
INV-607764,2025-03-01,FAC-003,HW-PC-10030,24,55,65,14
INV-607765,2025-04-01,FAC-003,HW-PC-10030,15,55,56,14
INV-607766,2025-05-01,FAC-003,HW-PC-10030,24,54,65,13
INV-607767,2025-06-01,FAC-003,HW-PC-10030,25,59,67,17
INV-607768,2025-07-01,FAC-003,HW-PC-10030,15,43,49,9
INV-607769,2025-08-01,FAC-003,HW-PC-10030,17,39,50,6
INV-607770,2025-09-01,FAC-003,HW-PC-10030,25,72,74,23
INV-607771,2025-10-01,FAC-003,HW-PC-10030,32,74,98,8
INV-607772,2025-11-01,FAC-003,HW-PC-10030,16,50,58,8
INV-607773,2025-12-01,FAC-003,HW-PC-10030,10,50,51,9
INV-607774,2026-01-01,FAC-003,HW-PC-10030,10,54,49,15
INV-607775,2026-02-01,FAC-003,HW-PC-10030,13,48,52,9
INV-607776,2026-03-01,FAC-003,HW-PC-10030,13,49,57,5
INV-607777,2023-04-01,FAC-003,HW-PC-10031,43,99,124,18
INV-607778,2023-05-01,FAC-003,HW-PC-10031,32,106,104,34
INV-607779,2023-06-01,FAC-003,HW-PC-10031,37,104,108,33
INV-607780,2023-07-01,FAC-003,HW-PC-10031,36,84,94,26
INV-607781,2023-08-01,FAC-003,HW-PC-10031,26,84,100,10
INV-607782,2023-09-01,FAC-003,HW-PC-10031,59,153,174,38
INV-607783,2023-10-01,FAC-003,HW-PC-10031,35,122,139,18
INV-607784,2023-11-01,FAC-003,HW-PC-10031,46,106,127,25
INV-607785,2023-12-01,FAC-003,HW-PC-10031,34,103,106,31
INV-607786,2024-01-01,FAC-003,HW-PC-10031,32,98,122,8
INV-607787,2024-02-01,FAC-003,HW-PC-10031,42,95,117,20
INV-607788,2024-03-01,FAC-003,HW-PC-10031,22,92,88,26
INV-607789,2024-04-01,FAC-003,HW-PC-10031,20,98,99,19
INV-607790,2024-05-01,FAC-003,HW-PC-10031,41,114,139,16
INV-607791,2024-06-01,FAC-003,HW-PC-10031,28,88,93,23
INV-607792,2024-07-01,FAC-003,HW-PC-10031,23,95,99,19
INV-607793,2024-08-01,FAC-003,HW-PC-10031,28,87,105,10
INV-607794,2024-09-01,FAC-003,HW-PC-10031,37,128,149,16
INV-607795,2024-10-01,FAC-003,HW-PC-10031,42,141,138,45
INV-607796,2024-11-01,FAC-003,HW-PC-10031,47,107,134,20
INV-607797,2024-12-01,FAC-003,HW-PC-10031,36,110,116,30
INV-607798,2025-01-01,FAC-003,HW-PC-10031,30,85,97,18
INV-607799,2025-02-01,FAC-003,HW-PC-10031,40,108,140,8
INV-607800,2025-03-01,FAC-003,HW-PC-10031,30,100,104,26
INV-607801,2025-04-01,FAC-003,HW-PC-10031,41,99,106,34
INV-607802,2025-05-01,FAC-003,HW-PC-10031,51,114,143,22
INV-607803,2025-06-01,FAC-003,HW-PC-10031,24,94,95,23
INV-607804,2025-07-01,FAC-003,HW-PC-10031,23,73,73,23
INV-607805,2025-08-01,FAC-003,HW-PC-10031,26,90,91,25
INV-607806,2025-09-01,FAC-003,HW-PC-10031,62,141,180,23
INV-607807,2025-10-01,FAC-003,HW-PC-10031,54,139,173,20
INV-607808,2025-11-01,FAC-003,HW-PC-10031,27,111,127,11
INV-607809,2025-12-01,FAC-003,HW-PC-10031,40,94,108,26
INV-607810,2026-01-01,FAC-003,HW-PC-10031,49,112,125,36
INV-607811,2026-02-01,FAC-003,HW-PC-10031,25,114,110,29
INV-607812,2026-03-01,FAC-003,HW-PC-10031,43,98,119,22
INV-607813,2023-04-01,FAC-003,HW-PC-10032,46,105,136,15
INV-607814,2023-05-01,FAC-003,HW-PC-10032,25,91,89,27
INV-607815,2023-06-01,FAC-003,HW-PC-10032,25,104,103,26
INV-607816,2023-07-01,FAC-003,HW-PC-10032,26,94,103,17
INV-607817,2023-08-01,FAC-003,HW-PC-10032,17,82,81,18
INV-607818,2023-09-01,FAC-003,HW-PC-10032,57,136,157,36
INV-607819,2023-10-01,FAC-003,HW-PC-10032,53,134,168,19
INV-607820,2023-11-01,FAC-003,HW-PC-10032,47,108,140,15
INV-607821,2023-12-01,FAC-003,HW-PC-10032,39,97,115,21
INV-607822,2024-01-01,FAC-003,HW-PC-10032,25,93,93,25
INV-607823,2024-02-01,FAC-003,HW-PC-10032,21,89,83,27
INV-607824,2024-03-01,FAC-003,HW-PC-10032,48,111,137,22
INV-607825,2024-04-01,FAC-003,HW-PC-10032,27,110,127,10
INV-607826,2024-05-01,FAC-003,HW-PC-10032,21,100,94,27
INV-607827,2024-06-01,FAC-003,HW-PC-10032,19,94,91,22
INV-607828,2024-07-01,FAC-003,HW-PC-10032,18,73,73,18
INV-607829,2024-08-01,FAC-003,HW-PC-10032,25,97,97,25
INV-607830,2024-09-01,FAC-003,HW-PC-10032,60,147,171,36
INV-607831,2024-10-01,FAC-003,HW-PC-10032,44,155,157,42
INV-607832,2024-11-01,FAC-003,HW-PC-10032,33,94,104,23
INV-607833,2024-12-01,FAC-003,HW-PC-10032,27,105,117,15
INV-607834,2025-01-01,FAC-003,HW-PC-10032,29,95,106,18
INV-607835,2025-02-01,FAC-003,HW-PC-10032,27,105,121,11
INV-607836,2025-03-01,FAC-003,HW-PC-10032,27,106,125,8
INV-607837,2025-04-01,FAC-003,HW-PC-10032,32,104,106,30
INV-607838,2025-05-01,FAC-003,HW-PC-10032,24,100,103,21
INV-607839,2025-06-01,FAC-003,HW-PC-10032,36,97,104,29
INV-607840,2025-07-01,FAC-003,HW-PC-10032,26,93,99,20
INV-607841,2025-08-01,FAC-003,HW-PC-10032,32,91,99,24
INV-607842,2025-09-01,FAC-003,HW-PC-10032,37,135,149,23
INV-607843,2025-10-01,FAC-003,HW-PC-10032,50,132,157,25
INV-607844,2025-11-01,FAC-003,HW-PC-10032,24,89,89,24
INV-607845,2025-12-01,FAC-003,HW-PC-10032,31,96,108,19
INV-607846,2026-01-01,FAC-003,HW-PC-10032,26,107,124,9
INV-607847,2026-02-01,FAC-003,HW-PC-10032,26,95,107,14
INV-607848,2026-03-01,FAC-003,HW-PC-10032,32,109,126,15
INV-607849,2023-04-01,FAC-003,HW-PC-10033,22,108,119,11
INV-607850,2023-05-01,FAC-003,HW-PC-10033,39,108,132,15
INV-607851,2023-06-01,FAC-003,HW-PC-10033,35,114,113,36
INV-607852,2023-07-01,FAC-003,HW-PC-10033,17,84,81,20
INV-607853,2023-08-01,FAC-003,HW-PC-10033,24,87,98,13
INV-607854,2023-09-01,FAC-003,HW-PC-10033,46,153,185,14
INV-607855,2023-10-01,FAC-003,HW-PC-10033,50,122,157,15
INV-607856,2023-11-01,FAC-003,HW-PC-10033,25,94,96,23
INV-607857,2023-12-01,FAC-003,HW-PC-10033,44,109,124,29
INV-607858,2024-01-01,FAC-003,HW-PC-10033,23,102,105,20
INV-607859,2024-02-01,FAC-003,HW-PC-10033,27,114,132,9
INV-607860,2024-03-01,FAC-003,HW-PC-10033,48,109,123,34
INV-607861,2024-04-01,FAC-003,HW-PC-10033,18,91,97,12
INV-607862,2024-05-01,FAC-003,HW-PC-10033,25,104,117,12
INV-607863,2024-06-01,FAC-003,HW-PC-10033,21,93,95,19
INV-607864,2024-07-01,FAC-003,HW-PC-10033,19,74,76,17
INV-607865,2024-08-01,FAC-003,HW-PC-10033,37,93,109,21
INV-607866,2024-09-01,FAC-003,HW-PC-10033,50,149,162,37
INV-607867,2024-10-01,FAC-003,HW-PC-10033,55,149,178,26
INV-607868,2024-11-01,FAC-003,HW-PC-10033,38,103,116,25
INV-607869,2024-12-01,FAC-003,HW-PC-10033,26,111,126,11
INV-607870,2025-01-01,FAC-003,HW-PC-10033,21,95,100,16
INV-607871,2025-02-01,FAC-003,HW-PC-10033,38,96,112,22
INV-607872,2025-03-01,FAC-003,HW-PC-10033,29,105,106,28
INV-607873,2025-04-01,FAC-003,HW-PC-10033,33,96,113,16
INV-607874,2025-05-01,FAC-003,HW-PC-10033,45,102,130,17
INV-607875,2025-06-01,FAC-003,HW-PC-10033,25,112,104,33
INV-607876,2025-07-01,FAC-003,HW-PC-10033,18,80,83,15
INV-607877,2025-08-01,FAC-003,HW-PC-10033,29,85,102,12
INV-607878,2025-09-01,FAC-003,HW-PC-10033,66,159,174,51
INV-607879,2025-10-01,FAC-003,HW-PC-10033,35,133,131,37
INV-607880,2025-11-01,FAC-003,HW-PC-10033,34,101,107,28
INV-607881,2025-12-01,FAC-003,HW-PC-10033,40,106,110,36
INV-607882,2026-01-01,FAC-003,HW-PC-10033,40,96,116,20
INV-607883,2026-02-01,FAC-003,HW-PC-10033,25,95,95,25
INV-607884,2026-03-01,FAC-003,HW-PC-10033,35,87,93,29
INV-607885,2023-04-01,FAC-003,HW-PC-10034,33,86,90,29
INV-607886,2023-05-01,FAC-003,HW-PC-10034,32,94,104,22
INV-607887,2023-06-01,FAC-003,HW-PC-10034,24,93,106,11
INV-607888,2023-07-01,FAC-003,HW-PC-10034,27,97,93,31
INV-607889,2023-08-01,FAC-003,HW-PC-10034,28,73,86,15
INV-607890,2023-09-01,FAC-003,HW-PC-10034,56,151,192,15
INV-607891,2023-10-01,FAC-003,HW-PC-10034,61,156,183,34
INV-607892,2023-11-01,FAC-003,HW-PC-10034,30,94,105,19
INV-607893,2023-12-01,FAC-003,HW-PC-10034,25,103,112,16
INV-607894,2024-01-01,FAC-003,HW-PC-10034,34,98,105,27
INV-607895,2024-02-01,FAC-003,HW-PC-10034,24,98,112,10
INV-607896,2024-03-01,FAC-003,HW-PC-10034,25,99,94,30
INV-607897,2024-04-01,FAC-003,HW-PC-10034,26,105,124,7
INV-607898,2024-05-01,FAC-003,HW-PC-10034,27,101,112,16
INV-607899,2024-06-01,FAC-003,HW-PC-10034,37,93,105,25
INV-607900,2024-07-01,FAC-003,HW-PC-10034,34,97,120,11
INV-607901,2024-08-01,FAC-003,HW-PC-10034,21,74,85,10
INV-607902,2024-09-01,FAC-003,HW-PC-10034,36,146,149,33
INV-607903,2024-10-01,FAC-003,HW-PC-10034,45,130,143,32
INV-607904,2024-11-01,FAC-003,HW-PC-10034,23,94,97,20
INV-607905,2024-12-01,FAC-003,HW-PC-10034,39,90,100,29
INV-607906,2025-01-01,FAC-003,HW-PC-10034,34,112,120,26
INV-607907,2025-02-01,FAC-003,HW-PC-10034,32,91,109,14
INV-607908,2025-03-01,FAC-003,HW-PC-10034,21,99,112,8
INV-607909,2025-04-01,FAC-003,HW-PC-10034,35,114,130,19
INV-607910,2025-05-01,FAC-003,HW-PC-10034,27,98,95,30
INV-607911,2025-06-01,FAC-003,HW-PC-10034,39,98,103,34
INV-607912,2025-07-01,FAC-003,HW-PC-10034,36,87,97,26
INV-607913,2025-08-01,FAC-003,HW-PC-10034,29,76,84,21
INV-607914,2025-09-01,FAC-003,HW-PC-10034,37,127,135,29
INV-607915,2025-10-01,FAC-003,HW-PC-10034,54,155,173,36
INV-607916,2025-11-01,FAC-003,HW-PC-10034,44,101,112,33
INV-607917,2025-12-01,FAC-003,HW-PC-10034,40,91,123,8
INV-607918,2026-01-01,FAC-003,HW-PC-10034,21,90,92,19
INV-607919,2026-02-01,FAC-003,HW-PC-10034,31,86,89,28
INV-607920,2026-03-01,FAC-003,HW-PC-10034,27,86,106,7
INV-607921,2023-04-01,FAC-003,HW-PC-10035,21,47,58,10
INV-607922,2023-05-01,FAC-003,HW-PC-10035,14,48,48,14
INV-607923,2023-06-01,FAC-003,HW-PC-10035,15,50,52,13
INV-607924,2023-07-01,FAC-003,HW-PC-10035,10,38,40,8
INV-607925,2023-08-01,FAC-003,HW-PC-10035,8,36,41,3
INV-607926,2023-09-01,FAC-003,HW-PC-10035,15,70,75,10
INV-607927,2023-10-01,FAC-003,HW-PC-10035,23,60,74,9
INV-607928,2023-11-01,FAC-003,HW-PC-10035,19,52,54,17
INV-607929,2023-12-01,FAC-003,HW-PC-10035,12,53,53,12
INV-607930,2024-01-01,FAC-003,HW-PC-10035,18,56,69,5
INV-607931,2024-02-01,FAC-003,HW-PC-10035,13,43,42,14
INV-607932,2024-03-01,FAC-003,HW-PC-10035,11,51,48,14
INV-607933,2024-04-01,FAC-003,HW-PC-10035,17,46,49,14
INV-607934,2024-05-01,FAC-003,HW-PC-10035,12,55,50,17
INV-607935,2024-06-01,FAC-003,HW-PC-10035,21,48,53,16
INV-607936,2024-07-01,FAC-003,HW-PC-10035,14,37,41,10
INV-607937,2024-08-01,FAC-003,HW-PC-10035,11,45,47,9
INV-607938,2024-09-01,FAC-003,HW-PC-10035,20,65,76,9
INV-607939,2024-10-01,FAC-003,HW-PC-10035,24,75,92,7
INV-607940,2024-11-01,FAC-003,HW-PC-10035,11,46,49,8
INV-607941,2024-12-01,FAC-003,HW-PC-10035,10,51,53,8
INV-607942,2025-01-01,FAC-003,HW-PC-10035,18,48,60,6
INV-607943,2025-02-01,FAC-003,HW-PC-10035,10,50,52,8
INV-607944,2025-03-01,FAC-003,HW-PC-10035,13,53,55,11
INV-607945,2025-04-01,FAC-003,HW-PC-10035,15,56,56,15
INV-607946,2025-05-01,FAC-003,HW-PC-10035,15,45,56,4
INV-607947,2025-06-01,FAC-003,HW-PC-10035,14,51,57,8
INV-607948,2025-07-01,FAC-003,HW-PC-10035,15,44,46,13
INV-607949,2025-08-01,FAC-003,HW-PC-10035,13,44,42,15
INV-607950,2025-09-01,FAC-003,HW-PC-10035,31,70,82,19
INV-607951,2025-10-01,FAC-003,HW-PC-10035,17,79,86,10
INV-607952,2025-11-01,FAC-003,HW-PC-10035,11,44,47,8
INV-607953,2025-12-01,FAC-003,HW-PC-10035,20,51,61,10
INV-607954,2026-01-01,FAC-003,HW-PC-10035,21,51,60,12
INV-607955,2026-02-01,FAC-003,HW-PC-10035,10,45,45,10
INV-607956,2026-03-01,FAC-003,HW-PC-10035,11,53,49,15
INV-607957,2023-04-01,FAC-003,HW-PC-10036,13,51,50,14
INV-607958,2023-05-01,FAC-003,HW-PC-10036,19,51,57,13
INV-607959,2023-06-01,FAC-003,HW-PC-10036,11,51,58,4
INV-607960,2023-07-01,FAC-003,HW-PC-10036,17,40,53,4
INV-607961,2023-08-01,FAC-003,HW-PC-10036,9,46,47,8
INV-607962,2023-09-01,FAC-003,HW-PC-10036,25,61,78,8
INV-607963,2023-10-01,FAC-003,HW-PC-10036,27,79,90,16
INV-607964,2023-11-01,FAC-003,HW-PC-10036,14,50,53,11
INV-607965,2023-12-01,FAC-003,HW-PC-10036,22,52,64,10
INV-607966,2024-01-01,FAC-003,HW-PC-10036,22,55,65,12
INV-607967,2024-02-01,FAC-003,HW-PC-10036,16,47,52,11
INV-607968,2024-03-01,FAC-003,HW-PC-10036,12,43,52,3
INV-607969,2024-04-01,FAC-003,HW-PC-10036,16,43,54,5
INV-607970,2024-05-01,FAC-003,HW-PC-10036,17,52,61,8
INV-607971,2024-06-01,FAC-003,HW-PC-10036,10,48,54,4
INV-607972,2024-07-01,FAC-003,HW-PC-10036,15,41,47,9
INV-607973,2024-08-01,FAC-003,HW-PC-10036,15,36,46,5
INV-607974,2024-09-01,FAC-003,HW-PC-10036,27,62,79,10
INV-607975,2024-10-01,FAC-003,HW-PC-10036,24,69,71,22
INV-607976,2024-11-01,FAC-003,HW-PC-10036,10,50,51,9
INV-607977,2024-12-01,FAC-003,HW-PC-10036,20,50,62,8
INV-607978,2025-01-01,FAC-003,HW-PC-10036,19,46,56,9
INV-607979,2025-02-01,FAC-003,HW-PC-10036,12,51,58,5
INV-607980,2025-03-01,FAC-003,HW-PC-10036,22,56,73,5
INV-607981,2025-04-01,FAC-003,HW-PC-10036,19,47,55,11
INV-607982,2025-05-01,FAC-003,HW-PC-10036,16,44,53,7
INV-607983,2025-06-01,FAC-003,HW-PC-10036,9,46,43,12
INV-607984,2025-07-01,FAC-003,HW-PC-10036,9,41,39,11
INV-607985,2025-08-01,FAC-003,HW-PC-10036,18,41,53,6
INV-607986,2025-09-01,FAC-003,HW-PC-10036,28,66,82,12
INV-607987,2025-10-01,FAC-003,HW-PC-10036,21,69,74,16
INV-607988,2025-11-01,FAC-003,HW-PC-10036,13,45,49,9
INV-607989,2025-12-01,FAC-003,HW-PC-10036,19,50,56,13
INV-607990,2026-01-01,FAC-003,HW-PC-10036,18,53,66,5
INV-607991,2026-02-01,FAC-003,HW-PC-10036,20,48,62,6
INV-607992,2026-03-01,FAC-003,HW-PC-10036,18,52,53,17
INV-607993,2023-04-01,FAC-003,HW-PC-10038,14,50,53,11
INV-607994,2023-05-01,FAC-003,HW-PC-10038,21,51,60,12
INV-607995,2023-06-01,FAC-003,HW-PC-10038,19,57,59,17
INV-607996,2023-07-01,FAC-003,HW-PC-10038,14,38,39,13
INV-607997,2023-08-01,FAC-003,HW-PC-10038,9,42,42,9
INV-607998,2023-09-01,FAC-003,HW-PC-10038,23,75,76,22
INV-607999,2023-10-01,FAC-003,HW-PC-10038,18,64,62,20
INV-608000,2023-11-01,FAC-003,HW-PC-10038,17,51,51,17
INV-608001,2023-12-01,FAC-003,HW-PC-10038,14,48,50,12
INV-608002,2024-01-01,FAC-003,HW-PC-10038,14,50,53,11
INV-608003,2024-02-01,FAC-003,HW-PC-10038,12,54,57,9
INV-608004,2024-03-01,FAC-003,HW-PC-10038,13,50,56,7
INV-608005,2024-04-01,FAC-003,HW-PC-10038,15,50,57,8
INV-608006,2024-05-01,FAC-003,HW-PC-10038,23,54,67,10
INV-608007,2024-06-01,FAC-003,HW-PC-10038,11,55,56,10
INV-608008,2024-07-01,FAC-003,HW-PC-10038,8,38,39,7
INV-608009,2024-08-01,FAC-003,HW-PC-10038,13,45,51,7
INV-608010,2024-09-01,FAC-003,HW-PC-10038,21,69,72,18
INV-608011,2024-10-01,FAC-003,HW-PC-10038,19,67,75,11
INV-608012,2024-11-01,FAC-003,HW-PC-10038,9,44,46,7
INV-608013,2024-12-01,FAC-003,HW-PC-10038,15,50,50,15
INV-608014,2025-01-01,FAC-003,HW-PC-10038,19,48,62,5
INV-608015,2025-02-01,FAC-003,HW-PC-10038,11,53,56,8
INV-608016,2025-03-01,FAC-003,HW-PC-10038,12,46,45,13
INV-608017,2025-04-01,FAC-003,HW-PC-10038,19,54,63,10
INV-608018,2025-05-01,FAC-003,HW-PC-10038,13,52,54,11
INV-608019,2025-06-01,FAC-003,HW-PC-10038,18,51,62,7
INV-608020,2025-07-01,FAC-003,HW-PC-10038,15,39,45,9
INV-608021,2025-08-01,FAC-003,HW-PC-10038,13,44,53,4
INV-608022,2025-09-01,FAC-003,HW-PC-10038,23,63,74,12
INV-608023,2025-10-01,FAC-003,HW-PC-10038,13,63,69,7
INV-608024,2025-11-01,FAC-003,HW-PC-10038,10,44,51,3
INV-608025,2025-12-01,FAC-003,HW-PC-10038,13,53,57,9
INV-608026,2026-01-01,FAC-003,HW-PC-10038,20,50,62,8
INV-608027,2026-02-01,FAC-003,HW-PC-10038,13,54,58,9
INV-608028,2026-03-01,FAC-003,HW-PC-10038,9,43,46,6
INV-608029,2023-04-01,FAC-003,HW-PC-10039,20,51,58,13
INV-608030,2023-05-01,FAC-003,HW-PC-10039,16,43,55,4
INV-608031,2023-06-01,FAC-003,HW-PC-10039,18,53,56,15
INV-608032,2023-07-01,FAC-003,HW-PC-10039,13,36,39,10
INV-608033,2023-08-01,FAC-003,HW-PC-10039,14,47,52,9
INV-608034,2023-09-01,FAC-003,HW-PC-10039,29,75,91,13
INV-608035,2023-10-01,FAC-003,HW-PC-10039,35,79,107,7
INV-608036,2023-11-01,FAC-003,HW-PC-10039,20,54,65,9
INV-608037,2023-12-01,FAC-003,HW-PC-10039,11,44,41,14
INV-608038,2024-01-01,FAC-003,HW-PC-10039,13,44,44,13
INV-608039,2024-02-01,FAC-003,HW-PC-10039,22,56,59,19
INV-608040,2024-03-01,FAC-003,HW-PC-10039,18,46,58,6
INV-608041,2024-04-01,FAC-003,HW-PC-10039,25,56,76,5
INV-608042,2024-05-01,FAC-003,HW-PC-10039,12,48,54,6
INV-608043,2024-06-01,FAC-003,HW-PC-10039,18,46,54,10
INV-608044,2024-07-01,FAC-003,HW-PC-10039,12,46,49,9
INV-608045,2024-08-01,FAC-003,HW-PC-10039,18,43,49,12
INV-608046,2024-09-01,FAC-003,HW-PC-10039,31,79,98,12
INV-608047,2024-10-01,FAC-003,HW-PC-10039,26,76,81,21
INV-608048,2024-11-01,FAC-003,HW-PC-10039,18,45,56,7
INV-608049,2024-12-01,FAC-003,HW-PC-10039,15,45,50,10
INV-608050,2025-01-01,FAC-003,HW-PC-10039,14,44,46,12
INV-608051,2025-02-01,FAC-003,HW-PC-10039,13,43,48,8
INV-608052,2025-03-01,FAC-003,HW-PC-10039,12,43,44,11
INV-608053,2025-04-01,FAC-003,HW-PC-10039,9,42,39,12
INV-608054,2025-05-01,FAC-003,HW-PC-10039,18,45,52,11
INV-608055,2025-06-01,FAC-003,HW-PC-10039,9,44,42,11
INV-608056,2025-07-01,FAC-003,HW-PC-10039,13,46,46,13
INV-608057,2025-08-01,FAC-003,HW-PC-10039,13,41,40,14
INV-608058,2025-09-01,FAC-003,HW-PC-10039,21,72,69,24
INV-608059,2025-10-01,FAC-003,HW-PC-10039,27,73,87,13
INV-608060,2025-11-01,FAC-003,HW-PC-10039,15,47,51,11
INV-608061,2025-12-01,FAC-003,HW-PC-10039,18,53,54,17
INV-608062,2026-01-01,FAC-003,HW-PC-10039,19,52,58,13
INV-608063,2026-02-01,FAC-003,HW-PC-10039,22,55,60,17
INV-608064,2026-03-01,FAC-003,HW-PC-10039,17,56,65,8
INV-608065,2023-04-01,FAC-003,HW-PC-10040,43,145,175,13
INV-608066,2023-05-01,FAC-003,HW-PC-10040,35,133,138,30
INV-608067,2023-06-01,FAC-003,HW-PC-10040,69,160,181,48
INV-608068,2023-07-01,FAC-003,HW-PC-10040,35,136,161,10
INV-608069,2023-08-01,FAC-003,HW-PC-10040,25,126,114,37
INV-608070,2023-09-01,FAC-003,HW-PC-10040,44,181,203,22
INV-608071,2023-10-01,FAC-003,HW-PC-10040,82,186,235,33
INV-608072,2023-11-01,FAC-003,HW-PC-10040,38,153,177,14
INV-608073,2023-12-01,FAC-003,HW-PC-10040,63,152,202,13
INV-608074,2024-01-01,FAC-003,HW-PC-10040,28,128,142,14
INV-608075,2024-02-01,FAC-003,HW-PC-10040,55,160,176,39
INV-608076,2024-03-01,FAC-003,HW-PC-10040,41,151,153,39
INV-608077,2024-04-01,FAC-003,HW-PC-10040,36,144,152,28
INV-608078,2024-05-01,FAC-003,HW-PC-10040,67,164,216,15
INV-608079,2024-06-01,FAC-003,HW-PC-10040,45,158,185,18
INV-608080,2024-07-01,FAC-003,HW-PC-10040,60,138,175,23
INV-608081,2024-08-01,FAC-003,HW-PC-10040,23,112,105,30
INV-608082,2024-09-01,FAC-003,HW-PC-10040,72,231,279,24
INV-608083,2024-10-01,FAC-003,HW-PC-10040,73,200,206,67
INV-608084,2024-11-01,FAC-003,HW-PC-10040,41,134,153,22
INV-608085,2024-12-01,FAC-003,HW-PC-10040,50,130,148,32
INV-608086,2025-01-01,FAC-003,HW-PC-10040,35,158,170,23
INV-608087,2025-02-01,FAC-003,HW-PC-10040,54,136,157,33
INV-608088,2025-03-01,FAC-003,HW-PC-10040,65,152,163,54
INV-608089,2025-04-01,FAC-003,HW-PC-10040,48,123,150,21
INV-608090,2025-05-01,FAC-003,HW-PC-10040,43,135,134,44
INV-608091,2025-06-01,FAC-003,HW-PC-10040,40,131,156,15
INV-608092,2025-07-01,FAC-003,HW-PC-10040,42,122,151,13
INV-608093,2025-08-01,FAC-003,HW-PC-10040,43,116,146,13
INV-608094,2025-09-01,FAC-003,HW-PC-10040,53,184,224,13
INV-608095,2025-10-01,FAC-003,HW-PC-10040,59,232,222,69
INV-608096,2025-11-01,FAC-003,HW-PC-10040,40,135,146,29
INV-608097,2025-12-01,FAC-003,HW-PC-10040,63,150,173,40
INV-608098,2026-01-01,FAC-003,HW-PC-10040,35,160,147,48
INV-608099,2026-02-01,FAC-003,HW-PC-10040,31,145,145,31
INV-608100,2026-03-01,FAC-003,HW-PC-10040,42,162,181,23
INV-608101,2023-04-01,FAC-003,HW-PC-10041,42,125,153,14
INV-608102,2023-05-01,FAC-003,HW-PC-10041,49,141,176,14
INV-608103,2023-06-01,FAC-003,HW-PC-10041,39,157,175,21
INV-608104,2023-07-01,FAC-003,HW-PC-10041,47,123,144,26
INV-608105,2023-08-01,FAC-003,HW-PC-10041,37,109,123,23
INV-608106,2023-09-01,FAC-003,HW-PC-10041,85,204,268,21
INV-608107,2023-10-01,FAC-003,HW-PC-10041,62,200,223,39
INV-608108,2023-11-01,FAC-003,HW-PC-10041,63,145,183,25
INV-608109,2023-12-01,FAC-003,HW-PC-10041,44,135,156,23
INV-608110,2024-01-01,FAC-003,HW-PC-10041,52,151,159,44
INV-608111,2024-02-01,FAC-003,HW-PC-10041,35,124,132,27
INV-608112,2024-03-01,FAC-003,HW-PC-10041,50,125,143,32
INV-608113,2024-04-01,FAC-003,HW-PC-10041,38,162,152,48
INV-608114,2024-05-01,FAC-003,HW-PC-10041,35,144,167,12
INV-608115,2024-06-01,FAC-003,HW-PC-10041,37,123,149,11
INV-608116,2024-07-01,FAC-003,HW-PC-10041,26,118,116,28
INV-608117,2024-08-01,FAC-003,HW-PC-10041,30,123,129,24
INV-608118,2024-09-01,FAC-003,HW-PC-10041,93,223,240,76
INV-608119,2024-10-01,FAC-003,HW-PC-10041,48,182,199,31
INV-608120,2024-11-01,FAC-003,HW-PC-10041,56,138,173,21
INV-608121,2024-12-01,FAC-003,HW-PC-10041,45,127,132,40
INV-608122,2025-01-01,FAC-003,HW-PC-10041,32,134,130,36
INV-608123,2025-02-01,FAC-003,HW-PC-10041,51,150,157,44
INV-608124,2025-03-01,FAC-003,HW-PC-10041,50,166,166,50
INV-608125,2025-04-01,FAC-003,HW-PC-10041,44,128,162,10
INV-608126,2025-05-01,FAC-003,HW-PC-10041,64,148,177,35
INV-608127,2025-06-01,FAC-003,HW-PC-10041,46,142,167,21
INV-608128,2025-07-01,FAC-003,HW-PC-10041,49,118,126,41
INV-608129,2025-08-01,FAC-003,HW-PC-10041,39,121,139,21
INV-608130,2025-09-01,FAC-003,HW-PC-10041,57,189,208,38
INV-608131,2025-10-01,FAC-003,HW-PC-10041,84,214,267,31
INV-608132,2025-11-01,FAC-003,HW-PC-10041,62,138,183,17
INV-608133,2025-12-01,FAC-003,HW-PC-10041,33,134,135,32
INV-608134,2026-01-01,FAC-003,HW-PC-10041,58,142,181,19
INV-608135,2026-02-01,FAC-003,HW-PC-10041,42,160,175,27
INV-608136,2026-03-01,FAC-003,HW-PC-10041,30,135,146,19
INV-608137,2023-04-01,FAC-003,HW-PC-10042,55,152,188,19
INV-608138,2023-05-01,FAC-003,HW-PC-10042,51,129,170,10
INV-608139,2023-06-01,FAC-003,HW-PC-10042,62,160,195,27
INV-608140,2023-07-01,FAC-003,HW-PC-10042,45,120,147,18
INV-608141,2023-08-01,FAC-003,HW-PC-10042,51,128,150,29
INV-608142,2023-09-01,FAC-003,HW-PC-10042,60,179,191,48
INV-608143,2023-10-01,FAC-003,HW-PC-10042,39,195,193,41
INV-608144,2023-11-01,FAC-003,HW-PC-10042,53,158,158,53
INV-608145,2023-12-01,FAC-003,HW-PC-10042,39,143,153,29
INV-608146,2024-01-01,FAC-003,HW-PC-10042,60,140,151,49
INV-608147,2024-02-01,FAC-003,HW-PC-10042,62,152,201,13
INV-608148,2024-03-01,FAC-003,HW-PC-10042,43,130,131,42
INV-608149,2024-04-01,FAC-003,HW-PC-10042,33,144,162,15
INV-608150,2024-05-01,FAC-003,HW-PC-10042,42,128,145,25
INV-608151,2024-06-01,FAC-003,HW-PC-10042,60,165,181,44
INV-608152,2024-07-01,FAC-003,HW-PC-10042,26,113,125,14
INV-608153,2024-08-01,FAC-003,HW-PC-10042,45,130,132,43
INV-608154,2024-09-01,FAC-003,HW-PC-10042,78,219,280,17
INV-608155,2024-10-01,FAC-003,HW-PC-10042,57,208,218,47
INV-608156,2024-11-01,FAC-003,HW-PC-10042,49,130,159,20
INV-608157,2024-12-01,FAC-003,HW-PC-10042,31,131,123,39
INV-608158,2025-01-01,FAC-003,HW-PC-10042,41,162,166,37
INV-608159,2025-02-01,FAC-003,HW-PC-10042,40,135,156,19
INV-608160,2025-03-01,FAC-003,HW-PC-10042,39,161,177,23
INV-608161,2025-04-01,FAC-003,HW-PC-10042,61,138,161,38
INV-608162,2025-05-01,FAC-003,HW-PC-10042,40,123,127,36
INV-608163,2025-06-01,FAC-003,HW-PC-10042,46,125,153,18
INV-608164,2025-07-01,FAC-003,HW-PC-10042,44,121,141,24
INV-608165,2025-08-01,FAC-003,HW-PC-10042,44,128,151,21
INV-608166,2025-09-01,FAC-003,HW-PC-10042,49,184,195,38
INV-608167,2025-10-01,FAC-003,HW-PC-10042,78,199,228,49
INV-608168,2025-11-01,FAC-003,HW-PC-10042,34,130,130,34
INV-608169,2025-12-01,FAC-003,HW-PC-10042,49,155,181,23
INV-608170,2026-01-01,FAC-003,HW-PC-10042,59,141,189,11
INV-608171,2026-02-01,FAC-003,HW-PC-10042,63,152,183,32
INV-608172,2026-03-01,FAC-003,HW-PC-10042,66,163,217,12
INV-608173,2023-04-01,FAC-003,HW-PC-10043,52,157,167,42
INV-608174,2023-05-01,FAC-003,HW-PC-10043,58,138,149,47
INV-608175,2023-06-01,FAC-003,HW-PC-10043,43,148,158,33
INV-608176,2023-07-01,FAC-003,HW-PC-10043,56,137,167,26
INV-608177,2023-08-01,FAC-003,HW-PC-10043,36,114,124,26
INV-608178,2023-09-01,FAC-003,HW-PC-10043,43,194,203,34
INV-608179,2023-10-01,FAC-003,HW-PC-10043,69,190,210,49
INV-608180,2023-11-01,FAC-003,HW-PC-10043,30,142,163,9
INV-608181,2023-12-01,FAC-003,HW-PC-10043,29,145,149,25
INV-608182,2024-01-01,FAC-003,HW-PC-10043,63,161,199,25
INV-608183,2024-02-01,FAC-003,HW-PC-10043,47,129,158,18
INV-608184,2024-03-01,FAC-003,HW-PC-10043,62,148,169,41
INV-608185,2024-04-01,FAC-003,HW-PC-10043,55,133,164,24
INV-608186,2024-05-01,FAC-003,HW-PC-10043,35,123,145,13
INV-608187,2024-06-01,FAC-003,HW-PC-10043,24,124,119,29
INV-608188,2024-07-01,FAC-003,HW-PC-10043,58,138,167,29
INV-608189,2024-08-01,FAC-003,HW-PC-10043,35,125,127,33
INV-608190,2024-09-01,FAC-003,HW-PC-10043,50,222,230,42
INV-608191,2024-10-01,FAC-003,HW-PC-10043,47,211,220,38
INV-608192,2024-11-01,FAC-003,HW-PC-10043,57,148,163,42
INV-608193,2024-12-01,FAC-003,HW-PC-10043,46,136,172,10
INV-608194,2025-01-01,FAC-003,HW-PC-10043,58,132,169,21
INV-608195,2025-02-01,FAC-003,HW-PC-10043,35,159,157,37
INV-608196,2025-03-01,FAC-003,HW-PC-10043,36,125,152,9
INV-608197,2025-04-01,FAC-003,HW-PC-10043,43,127,127,43
INV-608198,2025-05-01,FAC-003,HW-PC-10043,38,154,148,44
INV-608199,2025-06-01,FAC-003,HW-PC-10043,53,137,146,44
INV-608200,2025-07-01,FAC-003,HW-PC-10043,22,113,127,8
INV-608201,2025-08-01,FAC-003,HW-PC-10043,47,126,152,21
INV-608202,2025-09-01,FAC-003,HW-PC-10043,63,181,189,55
INV-608203,2025-10-01,FAC-003,HW-PC-10043,67,196,226,37
INV-608204,2025-11-01,FAC-003,HW-PC-10043,26,128,140,14
INV-608205,2025-12-01,FAC-003,HW-PC-10043,33,154,145,42
INV-608206,2026-01-01,FAC-003,HW-PC-10043,63,162,213,12
INV-608207,2026-02-01,FAC-003,HW-PC-10043,43,134,141,36
INV-608208,2026-03-01,FAC-003,HW-PC-10043,34,150,142,42
INV-608209,2023-04-01,FAC-003,HW-PC-10044,49,153,176,26
INV-608210,2023-05-01,FAC-003,HW-PC-10044,61,161,187,35
INV-608211,2023-06-01,FAC-003,HW-PC-10044,52,166,168,50
INV-608212,2023-07-01,FAC-003,HW-PC-10044,29,141,146,24
INV-608213,2023-08-01,FAC-003,HW-PC-10044,37,116,131,22
INV-608214,2023-09-01,FAC-003,HW-PC-10044,63,187,225,25
INV-608215,2023-10-01,FAC-003,HW-PC-10044,55,188,195,48
INV-608216,2023-11-01,FAC-003,HW-PC-10044,60,158,201,17
INV-608217,2023-12-01,FAC-003,HW-PC-10044,28,130,122,36
INV-608218,2024-01-01,FAC-003,HW-PC-10044,43,130,163,10
INV-608219,2024-02-01,FAC-003,HW-PC-10044,60,138,150,48
INV-608220,2024-03-01,FAC-003,HW-PC-10044,39,163,188,14
INV-608221,2024-04-01,FAC-003,HW-PC-10044,54,125,141,38
INV-608222,2024-05-01,FAC-003,HW-PC-10044,43,136,147,32
INV-608223,2024-06-01,FAC-003,HW-PC-10044,67,152,190,29
INV-608224,2024-07-01,FAC-003,HW-PC-10044,29,131,140,20
INV-608225,2024-08-01,FAC-003,HW-PC-10044,50,121,141,30
INV-608226,2024-09-01,FAC-003,HW-PC-10044,54,213,214,53
INV-608227,2024-10-01,FAC-003,HW-PC-10044,53,195,198,50
INV-608228,2024-11-01,FAC-003,HW-PC-10044,51,125,134,42
INV-608229,2024-12-01,FAC-003,HW-PC-10044,37,161,151,47
INV-608230,2025-01-01,FAC-003,HW-PC-10044,47,147,164,30
INV-608231,2025-02-01,FAC-003,HW-PC-10044,40,148,165,23
INV-608232,2025-03-01,FAC-003,HW-PC-10044,41,145,170,16
INV-608233,2025-04-01,FAC-003,HW-PC-10044,45,154,182,17
INV-608234,2025-05-01,FAC-003,HW-PC-10044,54,163,172,45
INV-608235,2025-06-01,FAC-003,HW-PC-10044,40,163,154,49
INV-608236,2025-07-01,FAC-003,HW-PC-10044,44,116,149,11
INV-608237,2025-08-01,FAC-003,HW-PC-10044,56,128,141,43
INV-608238,2025-09-01,FAC-003,HW-PC-10044,61,176,223,14
INV-608239,2025-10-01,FAC-003,HW-PC-10044,43,203,195,51
INV-608240,2025-11-01,FAC-003,HW-PC-10044,37,133,128,42
INV-608241,2025-12-01,FAC-003,HW-PC-10044,53,162,190,25
INV-608242,2026-01-01,FAC-003,HW-PC-10044,26,126,131,21
INV-608243,2026-02-01,FAC-003,HW-PC-10044,53,161,198,16
INV-608244,2026-03-01,FAC-003,HW-PC-10044,34,158,151,41
INV-608245,2023-04-01,FAC-003,HW-PC-10045,38,142,150,30
INV-608246,2023-05-01,FAC-003,HW-PC-10045,60,142,155,47
INV-608247,2023-06-01,FAC-003,HW-PC-10045,45,135,160,20
INV-608248,2023-07-01,FAC-003,HW-PC-10045,55,128,166,17
INV-608249,2023-08-01,FAC-003,HW-PC-10045,31,125,131,25
INV-608250,2023-09-01,FAC-003,HW-PC-10045,87,214,283,18
INV-608251,2023-10-01,FAC-003,HW-PC-10045,69,209,209,69
INV-608252,2023-11-01,FAC-003,HW-PC-10045,30,126,118,38
INV-608253,2023-12-01,FAC-003,HW-PC-10045,39,140,157,22
INV-608254,2024-01-01,FAC-003,HW-PC-10045,50,146,165,31
INV-608255,2024-02-01,FAC-003,HW-PC-10045,59,135,148,46
INV-608256,2024-03-01,FAC-003,HW-PC-10045,45,164,178,31
INV-608257,2024-04-01,FAC-003,HW-PC-10045,27,127,128,26
INV-608258,2024-05-01,FAC-003,HW-PC-10045,41,155,169,27
INV-608259,2024-06-01,FAC-003,HW-PC-10045,40,135,162,13
INV-608260,2024-07-01,FAC-003,HW-PC-10045,44,136,143,37
INV-608261,2024-08-01,FAC-003,HW-PC-10045,48,111,125,34
INV-608262,2024-09-01,FAC-003,HW-PC-10045,64,221,269,16
INV-608263,2024-10-01,FAC-003,HW-PC-10045,55,194,218,31
INV-608264,2024-11-01,FAC-003,HW-PC-10045,73,165,212,26
INV-608265,2024-12-01,FAC-003,HW-PC-10045,53,156,188,21
INV-608266,2025-01-01,FAC-003,HW-PC-10045,51,160,184,27
INV-608267,2025-02-01,FAC-003,HW-PC-10045,49,146,180,15
INV-608268,2025-03-01,FAC-003,HW-PC-10045,34,138,144,28
INV-608269,2025-04-01,FAC-003,HW-PC-10045,42,132,161,13
INV-608270,2025-05-01,FAC-003,HW-PC-10045,62,150,166,46
INV-608271,2025-06-01,FAC-003,HW-PC-10045,56,162,164,54
INV-608272,2025-07-01,FAC-003,HW-PC-10045,56,128,140,44
INV-608273,2025-08-01,FAC-003,HW-PC-10045,54,126,135,45
INV-608274,2025-09-01,FAC-003,HW-PC-10045,66,210,226,50
INV-608275,2025-10-01,FAC-003,HW-PC-10045,44,210,228,26
INV-608276,2025-11-01,FAC-003,HW-PC-10045,34,123,133,24
INV-608277,2025-12-01,FAC-003,HW-PC-10045,38,139,162,15
INV-608278,2026-01-01,FAC-003,HW-PC-10045,68,163,197,34
INV-608279,2026-02-01,FAC-003,HW-PC-10045,69,161,191,39
INV-608280,2026-03-01,FAC-003,HW-PC-10045,30,135,139,26
INV-608281,2023-04-01,FAC-003,HW-PC-10046,53,147,154,46
INV-608282,2023-05-01,FAC-003,HW-PC-10046,40,129,158,11
INV-608283,2023-06-01,FAC-003,HW-PC-10046,57,138,150,45
INV-608284,2023-07-01,FAC-003,HW-PC-10046,44,127,157,14
INV-608285,2023-08-01,FAC-003,HW-PC-10046,25,104,102,27
INV-608286,2023-09-01,FAC-003,HW-PC-10046,54,230,215,69
INV-608287,2023-10-01,FAC-003,HW-PC-10046,68,205,250,23
INV-608288,2023-11-01,FAC-003,HW-PC-10046,54,164,204,14
INV-608289,2023-12-01,FAC-003,HW-PC-10046,40,154,181,13
INV-608290,2024-01-01,FAC-003,HW-PC-10046,46,152,175,23
INV-608291,2024-02-01,FAC-003,HW-PC-10046,31,140,152,19
INV-608292,2024-03-01,FAC-003,HW-PC-10046,60,159,174,45
INV-608293,2024-04-01,FAC-003,HW-PC-10046,33,164,160,37
INV-608294,2024-05-01,FAC-003,HW-PC-10046,28,134,134,28
INV-608295,2024-06-01,FAC-003,HW-PC-10046,63,150,201,12
INV-608296,2024-07-01,FAC-003,HW-PC-10046,42,134,157,19
INV-608297,2024-08-01,FAC-003,HW-PC-10046,42,135,160,17
INV-608298,2024-09-01,FAC-003,HW-PC-10046,59,201,222,38
INV-608299,2024-10-01,FAC-003,HW-PC-10046,81,213,241,53
INV-608300,2024-11-01,FAC-003,HW-PC-10046,63,148,199,12
INV-608301,2024-12-01,FAC-003,HW-PC-10046,33,133,146,20
INV-608302,2025-01-01,FAC-003,HW-PC-10046,29,141,139,31
INV-608303,2025-02-01,FAC-003,HW-PC-10046,63,158,187,34
INV-608304,2025-03-01,FAC-003,HW-PC-10046,49,143,152,40
INV-608305,2025-04-01,FAC-003,HW-PC-10046,29,146,147,28
INV-608306,2025-05-01,FAC-003,HW-PC-10046,50,137,164,23
INV-608307,2025-06-01,FAC-003,HW-PC-10046,28,139,133,34
INV-608308,2025-07-01,FAC-003,HW-PC-10046,27,128,119,36
INV-608309,2025-08-01,FAC-003,HW-PC-10046,49,128,144,33
INV-608310,2025-09-01,FAC-003,HW-PC-10046,88,202,272,18
INV-608311,2025-10-01,FAC-003,HW-PC-10046,76,191,231,36
INV-608312,2025-11-01,FAC-003,HW-PC-10046,52,165,196,21
INV-608313,2025-12-01,FAC-003,HW-PC-10046,50,156,187,19
INV-608314,2026-01-01,FAC-003,HW-PC-10046,30,134,136,28
INV-608315,2026-02-01,FAC-003,HW-PC-10046,53,164,190,27
INV-608316,2026-03-01,FAC-003,HW-PC-10046,34,150,152,32
INV-608317,2023-04-01,FAC-003,HW-PC-10047,18,76,78,16
INV-608318,2023-05-01,FAC-003,HW-PC-10047,15,58,60,13
INV-608319,2023-06-01,FAC-003,HW-PC-10047,17,67,66,18
INV-608320,2023-07-01,FAC-003,HW-PC-10047,26,61,70,17
INV-608321,2023-08-01,FAC-003,HW-PC-10047,15,60,70,5
INV-608322,2023-09-01,FAC-003,HW-PC-10047,39,98,104,33
INV-608323,2023-10-01,FAC-003,HW-PC-10047,31,96,102,25
INV-608324,2023-11-01,FAC-003,HW-PC-10047,21,62,73,10
INV-608325,2023-12-01,FAC-003,HW-PC-10047,19,57,59,17
INV-608326,2024-01-01,FAC-003,HW-PC-10047,20,59,64,15
INV-608327,2024-02-01,FAC-003,HW-PC-10047,18,65,73,10
INV-608328,2024-03-01,FAC-003,HW-PC-10047,29,66,77,18
INV-608329,2024-04-01,FAC-003,HW-PC-10047,18,71,75,14
INV-608330,2024-05-01,FAC-003,HW-PC-10047,19,68,73,14
INV-608331,2024-06-01,FAC-003,HW-PC-10047,12,62,58,16
INV-608332,2024-07-01,FAC-003,HW-PC-10047,23,60,66,17
INV-608333,2024-08-01,FAC-003,HW-PC-10047,11,55,52,14
INV-608334,2024-09-01,FAC-003,HW-PC-10047,35,101,107,29
INV-608335,2024-10-01,FAC-003,HW-PC-10047,34,86,95,25
INV-608336,2024-11-01,FAC-003,HW-PC-10047,23,63,74,12
INV-608337,2024-12-01,FAC-003,HW-PC-10047,28,66,74,20
INV-608338,2025-01-01,FAC-003,HW-PC-10047,17,71,76,12
INV-608339,2025-02-01,FAC-003,HW-PC-10047,23,74,86,11
INV-608340,2025-03-01,FAC-003,HW-PC-10047,17,73,80,10
INV-608341,2025-04-01,FAC-003,HW-PC-10047,25,75,78,22
INV-608342,2025-05-01,FAC-003,HW-PC-10047,15,59,57,17
INV-608343,2025-06-01,FAC-003,HW-PC-10047,14,67,64,17
INV-608344,2025-07-01,FAC-003,HW-PC-10047,17,55,62,10
INV-608345,2025-08-01,FAC-003,HW-PC-10047,12,60,55,17
INV-608346,2025-09-01,FAC-003,HW-PC-10047,24,81,79,26
INV-608347,2025-10-01,FAC-003,HW-PC-10047,25,100,117,8
INV-608348,2025-11-01,FAC-003,HW-PC-10047,20,66,77,9
INV-608349,2025-12-01,FAC-003,HW-PC-10047,24,71,89,6
INV-608350,2026-01-01,FAC-003,HW-PC-10047,26,65,75,16
INV-608351,2026-02-01,FAC-003,HW-PC-10047,19,73,74,18
INV-608352,2026-03-01,FAC-003,HW-PC-10047,17,70,69,18
INV-608353,2023-04-01,FAC-003,HW-PC-10048,29,70,87,12
INV-608354,2023-05-01,FAC-003,HW-PC-10048,24,73,74,23
INV-608355,2023-06-01,FAC-003,HW-PC-10048,19,58,62,15
INV-608356,2023-07-01,FAC-003,HW-PC-10048,16,52,60,8
INV-608357,2023-08-01,FAC-003,HW-PC-10048,21,54,67,8
INV-608358,2023-09-01,FAC-003,HW-PC-10048,44,100,116,28
INV-608359,2023-10-01,FAC-003,HW-PC-10048,40,97,118,19
INV-608360,2023-11-01,FAC-003,HW-PC-10048,21,72,80,13
INV-608361,2023-12-01,FAC-003,HW-PC-10048,25,58,75,8
INV-608362,2024-01-01,FAC-003,HW-PC-10048,27,74,79,22
INV-608363,2024-02-01,FAC-003,HW-PC-10048,23,57,66,14
INV-608364,2024-03-01,FAC-003,HW-PC-10048,21,62,69,14
INV-608365,2024-04-01,FAC-003,HW-PC-10048,22,70,81,11
INV-608366,2024-05-01,FAC-003,HW-PC-10048,18,74,75,17
INV-608367,2024-06-01,FAC-003,HW-PC-10048,28,65,76,17
INV-608368,2024-07-01,FAC-003,HW-PC-10048,19,54,60,13
INV-608369,2024-08-01,FAC-003,HW-PC-10048,27,64,77,14
INV-608370,2024-09-01,FAC-003,HW-PC-10048,20,97,104,13
INV-608371,2024-10-01,FAC-003,HW-PC-10048,28,99,100,27
INV-608372,2024-11-01,FAC-003,HW-PC-10048,23,75,86,12
INV-608373,2024-12-01,FAC-003,HW-PC-10048,17,57,67,7
INV-608374,2025-01-01,FAC-003,HW-PC-10048,22,64,68,18
INV-608375,2025-02-01,FAC-003,HW-PC-10048,28,65,80,13
INV-608376,2025-03-01,FAC-003,HW-PC-10048,31,75,99,7
INV-608377,2025-04-01,FAC-003,HW-PC-10048,14,74,82,6
INV-608378,2025-05-01,FAC-003,HW-PC-10048,12,59,54,17
INV-608379,2025-06-01,FAC-003,HW-PC-10048,22,63,70,15
INV-608380,2025-07-01,FAC-003,HW-PC-10048,15,48,52,11
INV-608381,2025-08-01,FAC-003,HW-PC-10048,16,61,61,16
INV-608382,2025-09-01,FAC-003,HW-PC-10048,23,86,94,15
INV-608383,2025-10-01,FAC-003,HW-PC-10048,26,92,97,21
INV-608384,2025-11-01,FAC-003,HW-PC-10048,28,64,73,19
INV-608385,2025-12-01,FAC-003,HW-PC-10048,27,73,75,25
INV-608386,2026-01-01,FAC-003,HW-PC-10048,29,76,93,12
INV-608387,2026-02-01,FAC-003,HW-PC-10048,22,65,69,18
INV-608388,2026-03-01,FAC-003,HW-PC-10048,23,57,74,6
INV-608389,2023-04-01,FAC-003,HW-PC-10049,20,54,58,16
INV-608390,2023-05-01,FAC-003,HW-PC-10049,14,48,55,7
INV-608391,2023-06-01,FAC-003,HW-PC-10049,12,55,57,10
INV-608392,2023-07-01,FAC-003,HW-PC-10049,17,45,48,14
INV-608393,2023-08-01,FAC-003,HW-PC-10049,17,42,48,11
INV-608394,2023-09-01,FAC-003,HW-PC-10049,27,68,72,23
INV-608395,2023-10-01,FAC-003,HW-PC-10049,21,77,73,25
INV-608396,2023-11-01,FAC-003,HW-PC-10049,10,46,43,13
INV-608397,2023-12-01,FAC-003,HW-PC-10049,13,52,60,5
INV-608398,2024-01-01,FAC-003,HW-PC-10049,15,50,54,11
INV-608399,2024-02-01,FAC-003,HW-PC-10049,16,52,52,16
INV-608400,2024-03-01,FAC-003,HW-PC-10049,16,55,54,17
INV-608401,2024-04-01,FAC-003,HW-PC-10049,18,50,54,14
INV-608402,2024-05-01,FAC-003,HW-PC-10049,19,54,64,9
INV-608403,2024-06-01,FAC-003,HW-PC-10049,21,48,55,14
INV-608404,2024-07-01,FAC-003,HW-PC-10049,11,43,48,6
INV-608405,2024-08-01,FAC-003,HW-PC-10049,7,36,39,4
INV-608406,2024-09-01,FAC-003,HW-PC-10049,19,68,75,12
INV-608407,2024-10-01,FAC-003,HW-PC-10049,18,74,72,20
INV-608408,2024-11-01,FAC-003,HW-PC-10049,19,56,62,13
INV-608409,2024-12-01,FAC-003,HW-PC-10049,17,54,56,15
INV-608410,2025-01-01,FAC-003,HW-PC-10049,13,45,53,5
INV-608411,2025-02-01,FAC-003,HW-PC-10049,10,43,49,4
INV-608412,2025-03-01,FAC-003,HW-PC-10049,15,44,46,13
INV-608413,2025-04-01,FAC-003,HW-PC-10049,15,51,50,16
INV-608414,2025-05-01,FAC-003,HW-PC-10049,18,51,61,8
INV-608415,2025-06-01,FAC-003,HW-PC-10049,16,52,58,10
INV-608416,2025-07-01,FAC-003,HW-PC-10049,16,44,52,8
INV-608417,2025-08-01,FAC-003,HW-PC-10049,10,43,41,12
INV-608418,2025-09-01,FAC-003,HW-PC-10049,27,64,82,9
INV-608419,2025-10-01,FAC-003,HW-PC-10049,18,71,68,21
INV-608420,2025-11-01,FAC-003,HW-PC-10049,23,55,60,18
INV-608421,2025-12-01,FAC-003,HW-PC-10049,16,54,57,13
INV-608422,2026-01-01,FAC-003,HW-PC-10049,18,53,64,7
INV-608423,2026-02-01,FAC-003,HW-PC-10049,12,43,44,11
INV-608424,2026-03-01,FAC-003,HW-PC-10049,15,47,50,12
INV-608425,2023-04-01,FAC-003,HW-PC-10050,18,48,57,9
INV-608426,2023-05-01,FAC-003,HW-PC-10050,13,52,52,13
INV-608427,2023-06-01,FAC-003,HW-PC-10050,9,42,40,11
INV-608428,2023-07-01,FAC-003,HW-PC-10050,12,36,45,3
INV-608429,2023-08-01,FAC-003,HW-PC-10050,14,37,39,12
INV-608430,2023-09-01,FAC-003,HW-PC-10050,26,73,92,7
INV-608431,2023-10-01,FAC-003,HW-PC-10050,17,61,59,19
INV-608432,2023-11-01,FAC-003,HW-PC-10050,20,48,61,7
INV-608433,2023-12-01,FAC-003,HW-PC-10050,17,53,64,6
INV-608434,2024-01-01,FAC-003,HW-PC-10050,11,49,55,5
INV-608435,2024-02-01,FAC-003,HW-PC-10050,9,46,42,13
INV-608436,2024-03-01,FAC-003,HW-PC-10050,17,51,54,14
INV-608437,2024-04-01,FAC-003,HW-PC-10050,20,53,68,5
INV-608438,2024-05-01,FAC-003,HW-PC-10050,20,51,63,8
INV-608439,2024-06-01,FAC-003,HW-PC-10050,12,46,49,9
INV-608440,2024-07-01,FAC-003,HW-PC-10050,9,36,38,7
INV-608441,2024-08-01,FAC-003,HW-PC-10050,8,37,37,8
INV-608442,2024-09-01,FAC-003,HW-PC-10050,30,74,89,15
INV-608443,2024-10-01,FAC-003,HW-PC-10050,20,69,70,19
INV-608444,2024-11-01,FAC-003,HW-PC-10050,17,44,51,10
INV-608445,2024-12-01,FAC-003,HW-PC-10050,20,54,58,16
INV-608446,2025-01-01,FAC-003,HW-PC-10050,15,50,54,11
INV-608447,2025-02-01,FAC-003,HW-PC-10050,22,50,65,7
INV-608448,2025-03-01,FAC-003,HW-PC-10050,11,56,52,15
INV-608449,2025-04-01,FAC-003,HW-PC-10050,11,43,45,9
INV-608450,2025-05-01,FAC-003,HW-PC-10050,16,52,63,5
INV-608451,2025-06-01,FAC-003,HW-PC-10050,13,56,63,6
INV-608452,2025-07-01,FAC-003,HW-PC-10050,13,42,49,6
INV-608453,2025-08-01,FAC-003,HW-PC-10050,15,37,45,7
INV-608454,2025-09-01,FAC-003,HW-PC-10050,34,77,94,17
INV-608455,2025-10-01,FAC-003,HW-PC-10050,14,61,61,14
INV-608456,2025-11-01,FAC-003,HW-PC-10050,17,44,49,12
INV-608457,2025-12-01,FAC-003,HW-PC-10050,21,57,61,17
INV-608458,2026-01-01,FAC-003,HW-PC-10050,15,49,54,10
INV-608459,2026-02-01,FAC-003,HW-PC-10050,10,50,53,7
INV-608460,2026-03-01,FAC-003,HW-PC-10050,19,49,62,6
INV-608461,2023-04-01,FAC-003,HW-PC-10051,16,43,55,4
INV-608462,2023-05-01,FAC-003,HW-PC-10051,12,49,47,14
INV-608463,2023-06-01,FAC-003,HW-PC-10051,12,46,48,10
INV-608464,2023-07-01,FAC-003,HW-PC-10051,11,44,41,14
INV-608465,2023-08-01,FAC-003,HW-PC-10051,16,40,47,9
INV-608466,2023-09-01,FAC-003,HW-PC-10051,25,79,83,21
INV-608467,2023-10-01,FAC-003,HW-PC-10051,23,63,73,13
INV-608468,2023-11-01,FAC-003,HW-PC-10051,19,51,62,8
INV-608469,2023-12-01,FAC-003,HW-PC-10051,17,43,51,9
INV-608470,2024-01-01,FAC-003,HW-PC-10051,16,48,55,9
INV-608471,2024-02-01,FAC-003,HW-PC-10051,13,44,46,11
INV-608472,2024-03-01,FAC-003,HW-PC-10051,10,47,44,13
INV-608473,2024-04-01,FAC-003,HW-PC-10051,12,44,52,4
INV-608474,2024-05-01,FAC-003,HW-PC-10051,13,45,47,11
INV-608475,2024-06-01,FAC-003,HW-PC-10051,11,54,51,14
INV-608476,2024-07-01,FAC-003,HW-PC-10051,17,38,47,8
INV-608477,2024-08-01,FAC-003,HW-PC-10051,9,37,36,10
INV-608478,2024-09-01,FAC-003,HW-PC-10051,24,62,73,13
INV-608479,2024-10-01,FAC-003,HW-PC-10051,20,72,79,13
INV-608480,2024-11-01,FAC-003,HW-PC-10051,12,46,51,7
INV-608481,2024-12-01,FAC-003,HW-PC-10051,15,44,54,5
INV-608482,2025-01-01,FAC-003,HW-PC-10051,18,44,47,15
INV-608483,2025-02-01,FAC-003,HW-PC-10051,16,47,54,9
INV-608484,2025-03-01,FAC-003,HW-PC-10051,17,43,56,4
INV-608485,2025-04-01,FAC-003,HW-PC-10051,19,45,55,9
INV-608486,2025-05-01,FAC-003,HW-PC-10051,13,56,62,7
INV-608487,2025-06-01,FAC-003,HW-PC-10051,18,43,53,8
INV-608488,2025-07-01,FAC-003,HW-PC-10051,9,40,44,5
INV-608489,2025-08-01,FAC-003,HW-PC-10051,12,43,46,9
INV-608490,2025-09-01,FAC-003,HW-PC-10051,21,76,74,23
INV-608491,2025-10-01,FAC-003,HW-PC-10051,23,78,82,19
INV-608492,2025-11-01,FAC-003,HW-PC-10051,19,45,50,14
INV-608493,2025-12-01,FAC-003,HW-PC-10051,21,52,55,18
INV-608494,2026-01-01,FAC-003,HW-PC-10051,16,54,61,9
INV-608495,2026-02-01,FAC-003,HW-PC-10051,17,48,52,13
INV-608496,2026-03-01,FAC-003,HW-PC-10051,18,42,45,15
INV-608497,2023-04-01,FAC-003,HW-PC-10053,19,48,53,14
INV-608498,2023-05-01,FAC-003,HW-PC-10053,17,55,59,13
INV-608499,2023-06-01,FAC-003,HW-PC-10053,14,52,54,12
INV-608500,2023-07-01,FAC-003,HW-PC-10053,12,45,45,12
INV-608501,2023-08-01,FAC-003,HW-PC-10053,18,46,54,10
INV-608502,2023-09-01,FAC-003,HW-PC-10053,26,70,81,15
INV-608503,2023-10-01,FAC-003,HW-PC-10053,30,68,76,22
INV-608504,2023-11-01,FAC-003,HW-PC-10053,21,51,63,9
INV-608505,2023-12-01,FAC-003,HW-PC-10053,15,55,56,14
INV-608506,2024-01-01,FAC-003,HW-PC-10053,16,55,63,8
INV-608507,2024-02-01,FAC-003,HW-PC-10053,17,44,52,9
INV-608508,2024-03-01,FAC-003,HW-PC-10053,14,46,53,7
INV-608509,2024-04-01,FAC-003,HW-PC-10053,15,42,48,9
INV-608510,2024-05-01,FAC-003,HW-PC-10053,17,45,50,12
INV-608511,2024-06-01,FAC-003,HW-PC-10053,14,46,53,7
INV-608512,2024-07-01,FAC-003,HW-PC-10053,11,47,48,10
INV-608513,2024-08-01,FAC-003,HW-PC-10053,14,36,41,9
INV-608514,2024-09-01,FAC-003,HW-PC-10053,20,74,86,8
INV-608515,2024-10-01,FAC-003,HW-PC-10053,30,70,76,24
INV-608516,2024-11-01,FAC-003,HW-PC-10053,19,50,60,9
INV-608517,2024-12-01,FAC-003,HW-PC-10053,18,42,48,12
INV-608518,2025-01-01,FAC-003,HW-PC-10053,14,46,51,9
INV-608519,2025-02-01,FAC-003,HW-PC-10053,15,53,56,12
INV-608520,2025-03-01,FAC-003,HW-PC-10053,14,50,59,5
INV-608521,2025-04-01,FAC-003,HW-PC-10053,17,55,54,18
INV-608522,2025-05-01,FAC-003,HW-PC-10053,12,56,54,14
INV-608523,2025-06-01,FAC-003,HW-PC-10053,10,44,49,5
INV-608524,2025-07-01,FAC-003,HW-PC-10053,18,43,48,13
INV-608525,2025-08-01,FAC-003,HW-PC-10053,18,42,54,6
INV-608526,2025-09-01,FAC-003,HW-PC-10053,18,74,83,9
INV-608527,2025-10-01,FAC-003,HW-PC-10053,21,66,75,12
INV-608528,2025-11-01,FAC-003,HW-PC-10053,19,51,61,9
INV-608529,2025-12-01,FAC-003,HW-PC-10053,13,43,49,7
INV-608530,2026-01-01,FAC-003,HW-PC-10053,12,46,44,14
INV-608531,2026-02-01,FAC-003,HW-PC-10053,21,48,55,14
INV-608532,2026-03-01,FAC-003,HW-PC-10053,19,50,51,18
INV-608533,2023-04-01,FAC-003,HW-PC-10055,11,55,51,15
INV-608534,2023-05-01,FAC-003,HW-PC-10055,13,47,55,5
INV-608535,2023-06-01,FAC-003,HW-PC-10055,15,42,44,13
INV-608536,2023-07-01,FAC-003,HW-PC-10055,18,46,54,10
INV-608537,2023-08-01,FAC-003,HW-PC-10055,13,38,39,12
INV-608538,2023-09-01,FAC-003,HW-PC-10055,22,63,80,5
INV-608539,2023-10-01,FAC-003,HW-PC-10055,27,78,90,15
INV-608540,2023-11-01,FAC-003,HW-PC-10055,19,57,63,13
INV-608541,2023-12-01,FAC-003,HW-PC-10055,14,56,53,17
INV-608542,2024-01-01,FAC-003,HW-PC-10055,11,52,51,12
INV-608543,2024-02-01,FAC-003,HW-PC-10055,16,48,60,4
INV-608544,2024-03-01,FAC-003,HW-PC-10055,13,45,45,13
INV-608545,2024-04-01,FAC-003,HW-PC-10055,19,51,59,11
INV-608546,2024-05-01,FAC-003,HW-PC-10055,16,46,53,9
INV-608547,2024-06-01,FAC-003,HW-PC-10055,13,45,48,10
INV-608548,2024-07-01,FAC-003,HW-PC-10055,19,48,60,7
INV-608549,2024-08-01,FAC-003,HW-PC-10055,18,47,60,5
INV-608550,2024-09-01,FAC-003,HW-PC-10055,18,60,70,8
INV-608551,2024-10-01,FAC-003,HW-PC-10055,17,71,71,17
INV-608552,2024-11-01,FAC-003,HW-PC-10055,12,47,48,11
INV-608553,2024-12-01,FAC-003,HW-PC-10055,20,50,62,8
INV-608554,2025-01-01,FAC-003,HW-PC-10055,23,55,64,14
INV-608555,2025-02-01,FAC-003,HW-PC-10055,10,47,53,4
INV-608556,2025-03-01,FAC-003,HW-PC-10055,16,43,48,11
INV-608557,2025-04-01,FAC-003,HW-PC-10055,17,56,66,7
INV-608558,2025-05-01,FAC-003,HW-PC-10055,12,46,50,8
INV-608559,2025-06-01,FAC-003,HW-PC-10055,18,57,70,5
INV-608560,2025-07-01,FAC-003,HW-PC-10055,18,46,53,11
INV-608561,2025-08-01,FAC-003,HW-PC-10055,10,41,48,3
INV-608562,2025-09-01,FAC-003,HW-PC-10055,30,79,88,21
INV-608563,2025-10-01,FAC-003,HW-PC-10055,28,64,70,22
INV-608564,2025-11-01,FAC-003,HW-PC-10055,15,55,58,12
INV-608565,2025-12-01,FAC-003,HW-PC-10055,12,54,54,12
INV-608566,2026-01-01,FAC-003,HW-PC-10055,20,56,68,8
INV-608567,2026-02-01,FAC-003,HW-PC-10055,11,53,50,14
INV-608568,2026-03-01,FAC-003,HW-PC-10055,14,49,52,11
INV-608569,2023-04-01,FAC-003,HW-PC-10057,15,76,69,22
INV-608570,2023-05-01,FAC-003,HW-PC-10057,28,70,76,22
INV-608571,2023-06-01,FAC-003,HW-PC-10057,27,74,80,21
INV-608572,2023-07-01,FAC-003,HW-PC-10057,26,62,75,13
INV-608573,2023-08-01,FAC-003,HW-PC-10057,19,55,64,10
INV-608574,2023-09-01,FAC-003,HW-PC-10057,19,87,82,24
INV-608575,2023-10-01,FAC-003,HW-PC-10057,24,91,96,19
INV-608576,2023-11-01,FAC-003,HW-PC-10057,29,70,86,13
INV-608577,2023-12-01,FAC-003,HW-PC-10057,26,81,82,25
INV-608578,2024-01-01,FAC-003,HW-PC-10057,29,72,79,22
INV-608579,2024-02-01,FAC-003,HW-PC-10057,18,64,67,15
INV-608580,2024-03-01,FAC-003,HW-PC-10057,15,68,66,17
INV-608581,2024-04-01,FAC-003,HW-PC-10057,22,76,85,13
INV-608582,2024-05-01,FAC-003,HW-PC-10057,24,73,77,20
INV-608583,2024-06-01,FAC-003,HW-PC-10057,15,73,73,15
INV-608584,2024-07-01,FAC-003,HW-PC-10057,15,63,62,16
INV-608585,2024-08-01,FAC-003,HW-PC-10057,12,56,55,13
INV-608586,2024-09-01,FAC-003,HW-PC-10057,33,116,125,24
INV-608587,2024-10-01,FAC-003,HW-PC-10057,38,106,135,9
INV-608588,2024-11-01,FAC-003,HW-PC-10057,31,80,104,7
INV-608589,2024-12-01,FAC-003,HW-PC-10057,23,67,83,7
INV-608590,2025-01-01,FAC-003,HW-PC-10057,33,75,83,25
INV-608591,2025-02-01,FAC-003,HW-PC-10057,31,71,84,18
INV-608592,2025-03-01,FAC-003,HW-PC-10057,16,78,83,11
INV-608593,2025-04-01,FAC-003,HW-PC-10057,24,82,79,27
INV-608594,2025-05-01,FAC-003,HW-PC-10057,26,62,78,10
INV-608595,2025-06-01,FAC-003,HW-PC-10057,13,64,70,7
INV-608596,2025-07-01,FAC-003,HW-PC-10057,15,67,66,16
INV-608597,2025-08-01,FAC-003,HW-PC-10057,22,67,83,6
INV-608598,2025-09-01,FAC-003,HW-PC-10057,37,101,117,21
INV-608599,2025-10-01,FAC-003,HW-PC-10057,34,115,118,31
INV-608600,2025-11-01,FAC-003,HW-PC-10057,28,69,82,15
INV-608601,2025-12-01,FAC-003,HW-PC-10057,23,69,71,21
INV-608602,2026-01-01,FAC-003,HW-PC-10057,16,62,67,11
INV-608603,2026-02-01,FAC-003,HW-PC-10057,31,77,101,7
INV-608604,2026-03-01,FAC-003,HW-PC-10057,27,71,74,24
INV-608605,2023-04-01,FAC-003,HW-PC-10058,19,64,65,18
INV-608606,2023-05-01,FAC-003,HW-PC-10058,24,68,75,17
INV-608607,2023-06-01,FAC-003,HW-PC-10058,22,74,75,21
INV-608608,2023-07-01,FAC-003,HW-PC-10058,13,54,51,16
INV-608609,2023-08-01,FAC-003,HW-PC-10058,25,64,72,17
INV-608610,2023-09-01,FAC-003,HW-PC-10058,39,98,108,29
INV-608611,2023-10-01,FAC-003,HW-PC-10058,29,90,104,15
INV-608612,2023-11-01,FAC-003,HW-PC-10058,28,75,78,25
INV-608613,2023-12-01,FAC-003,HW-PC-10058,18,71,80,9
INV-608614,2024-01-01,FAC-003,HW-PC-10058,21,81,78,24
INV-608615,2024-02-01,FAC-003,HW-PC-10058,15,67,66,16
INV-608616,2024-03-01,FAC-003,HW-PC-10058,32,73,87,18
INV-608617,2024-04-01,FAC-003,HW-PC-10058,15,66,63,18
INV-608618,2024-05-01,FAC-003,HW-PC-10058,25,66,69,22
INV-608619,2024-06-01,FAC-003,HW-PC-10058,27,83,94,16
INV-608620,2024-07-01,FAC-003,HW-PC-10058,21,59,67,13
INV-608621,2024-08-01,FAC-003,HW-PC-10058,15,58,68,5
INV-608622,2024-09-01,FAC-003,HW-PC-10058,29,95,101,23
INV-608623,2024-10-01,FAC-003,HW-PC-10058,21,89,86,24
INV-608624,2024-11-01,FAC-003,HW-PC-10058,23,77,90,10
INV-608625,2024-12-01,FAC-003,HW-PC-10058,19,77,82,14
INV-608626,2025-01-01,FAC-003,HW-PC-10058,27,78,91,14
INV-608627,2025-02-01,FAC-003,HW-PC-10058,16,78,84,10
INV-608628,2025-03-01,FAC-003,HW-PC-10058,23,68,72,19
INV-608629,2025-04-01,FAC-003,HW-PC-10058,25,80,92,13
INV-608630,2025-05-01,FAC-003,HW-PC-10058,33,79,100,12
INV-608631,2025-06-01,FAC-003,HW-PC-10058,26,65,79,12
INV-608632,2025-07-01,FAC-003,HW-PC-10058,27,64,72,19
INV-608633,2025-08-01,FAC-003,HW-PC-10058,18,57,67,8
INV-608634,2025-09-01,FAC-003,HW-PC-10058,35,100,113,22
INV-608635,2025-10-01,FAC-003,HW-PC-10058,42,105,115,32
INV-608636,2025-11-01,FAC-003,HW-PC-10058,30,77,89,18
INV-608637,2025-12-01,FAC-003,HW-PC-10058,14,69,75,8
INV-608638,2026-01-01,FAC-003,HW-PC-10058,19,69,71,17
INV-608639,2026-02-01,FAC-003,HW-PC-10058,27,72,89,10
INV-608640,2026-03-01,FAC-003,HW-PC-10058,25,70,84,11
INV-608641,2023-04-01,FAC-003,HW-PC-10059,27,64,80,11
INV-608642,2023-05-01,FAC-003,HW-PC-10059,16,76,84,8
INV-608643,2023-06-01,FAC-003,HW-PC-10059,30,74,98,6
INV-608644,2023-07-01,FAC-003,HW-PC-10059,28,70,73,25
INV-608645,2023-08-01,FAC-003,HW-PC-10059,15,69,77,7
INV-608646,2023-09-01,FAC-003,HW-PC-10059,33,95,96,32
INV-608647,2023-10-01,FAC-003,HW-PC-10059,25,110,112,23
INV-608648,2023-11-01,FAC-003,HW-PC-10059,29,79,81,27
INV-608649,2023-12-01,FAC-003,HW-PC-10059,14,70,74,10
INV-608650,2024-01-01,FAC-003,HW-PC-10059,30,83,89,24
INV-608651,2024-02-01,FAC-003,HW-PC-10059,30,69,78,21
INV-608652,2024-03-01,FAC-003,HW-PC-10059,22,74,86,10
INV-608653,2024-04-01,FAC-003,HW-PC-10059,23,81,91,13
INV-608654,2024-05-01,FAC-003,HW-PC-10059,19,74,74,19
INV-608655,2024-06-01,FAC-003,HW-PC-10059,17,73,82,8
INV-608656,2024-07-01,FAC-003,HW-PC-10059,12,54,54,12
INV-608657,2024-08-01,FAC-003,HW-PC-10059,17,54,58,13
INV-608658,2024-09-01,FAC-003,HW-PC-10059,47,109,140,16
INV-608659,2024-10-01,FAC-003,HW-PC-10059,39,92,108,23
INV-608660,2024-11-01,FAC-003,HW-PC-10059,21,72,74,19
INV-608661,2024-12-01,FAC-003,HW-PC-10059,22,81,89,14
INV-608662,2025-01-01,FAC-003,HW-PC-10059,26,67,84,9
INV-608663,2025-02-01,FAC-003,HW-PC-10059,25,68,82,11
INV-608664,2025-03-01,FAC-003,HW-PC-10059,25,74,85,14
INV-608665,2025-04-01,FAC-003,HW-PC-10059,23,63,72,14
INV-608666,2025-05-01,FAC-003,HW-PC-10059,29,71,75,25
INV-608667,2025-06-01,FAC-003,HW-PC-10059,15,67,62,20
INV-608668,2025-07-01,FAC-003,HW-PC-10059,25,57,65,17
INV-608669,2025-08-01,FAC-003,HW-PC-10059,14,65,68,11
INV-608670,2025-09-01,FAC-003,HW-PC-10059,31,117,136,12
INV-608671,2025-10-01,FAC-003,HW-PC-10059,40,117,127,30
INV-608672,2025-11-01,FAC-003,HW-PC-10059,31,76,83,24
INV-608673,2025-12-01,FAC-003,HW-PC-10059,19,71,72,18
INV-608674,2026-01-01,FAC-003,HW-PC-10059,24,80,85,19
INV-608675,2026-02-01,FAC-003,HW-PC-10059,19,75,74,20
INV-608676,2026-03-01,FAC-003,HW-PC-10059,22,73,76,19
INV-608677,2023-04-01,FAC-003,HW-PC-10060,29,73,93,9
INV-608678,2023-05-01,FAC-003,HW-PC-10060,23,67,82,8
INV-608679,2023-06-01,FAC-003,HW-PC-10060,30,71,93,8
INV-608680,2023-07-01,FAC-003,HW-PC-10060,14,56,55,15
INV-608681,2023-08-01,FAC-003,HW-PC-10060,23,56,73,6
INV-608682,2023-09-01,FAC-003,HW-PC-10060,30,88,101,17
INV-608683,2023-10-01,FAC-003,HW-PC-10060,35,98,124,9
INV-608684,2023-11-01,FAC-003,HW-PC-10060,14,65,59,20
INV-608685,2023-12-01,FAC-003,HW-PC-10060,19,70,74,15
INV-608686,2024-01-01,FAC-003,HW-PC-10060,28,73,83,18
INV-608687,2024-02-01,FAC-003,HW-PC-10060,28,69,89,8
INV-608688,2024-03-01,FAC-003,HW-PC-10060,18,67,77,8
INV-608689,2024-04-01,FAC-003,HW-PC-10060,17,63,67,13
INV-608690,2024-05-01,FAC-003,HW-PC-10060,16,66,68,14
INV-608691,2024-06-01,FAC-003,HW-PC-10060,31,78,103,6
INV-608692,2024-07-01,FAC-003,HW-PC-10060,13,54,60,7
INV-608693,2024-08-01,FAC-003,HW-PC-10060,17,62,62,17
INV-608694,2024-09-01,FAC-003,HW-PC-10060,29,95,97,27
INV-608695,2024-10-01,FAC-003,HW-PC-10060,26,116,134,8
INV-608696,2024-11-01,FAC-003,HW-PC-10060,24,80,93,11
INV-608697,2024-12-01,FAC-003,HW-PC-10060,19,76,77,18
INV-608698,2025-01-01,FAC-003,HW-PC-10060,26,73,84,15
INV-608699,2025-02-01,FAC-003,HW-PC-10060,22,72,79,15
INV-608700,2025-03-01,FAC-003,HW-PC-10060,23,71,87,7
INV-608701,2025-04-01,FAC-003,HW-PC-10060,28,75,89,14
INV-608702,2025-05-01,FAC-003,HW-PC-10060,26,76,77,25
INV-608703,2025-06-01,FAC-003,HW-PC-10060,17,83,82,18
INV-608704,2025-07-01,FAC-003,HW-PC-10060,12,54,59,7
INV-608705,2025-08-01,FAC-003,HW-PC-10060,24,60,67,17
INV-608706,2025-09-01,FAC-003,HW-PC-10060,24,94,103,15
INV-608707,2025-10-01,FAC-003,HW-PC-10060,34,111,119,26
INV-608708,2025-11-01,FAC-003,HW-PC-10060,19,83,86,16
INV-608709,2025-12-01,FAC-003,HW-PC-10060,15,70,68,17
INV-608710,2026-01-01,FAC-003,HW-PC-10060,25,62,75,12
INV-608711,2026-02-01,FAC-003,HW-PC-10060,26,79,91,14
INV-608712,2026-03-01,FAC-003,HW-PC-10060,32,77,83,26
INV-608713,2023-04-01,FAC-003,HW-PC-10061,33,77,104,6
INV-608714,2023-05-01,FAC-003,HW-PC-10061,18,76,72,22
INV-608715,2023-06-01,FAC-003,HW-PC-10061,25,82,84,23
INV-608716,2023-07-01,FAC-003,HW-PC-10061,15,70,76,9
INV-608717,2023-08-01,FAC-003,HW-PC-10061,14,64,63,15
INV-608718,2023-09-01,FAC-003,HW-PC-10061,31,91,103,19
INV-608719,2023-10-01,FAC-003,HW-PC-10061,38,87,102,23
INV-608720,2023-11-01,FAC-003,HW-PC-10061,17,67,65,19
INV-608721,2023-12-01,FAC-003,HW-PC-10061,22,83,87,18
INV-608722,2024-01-01,FAC-003,HW-PC-10061,29,81,90,20
INV-608723,2024-02-01,FAC-003,HW-PC-10061,31,81,89,23
INV-608724,2024-03-01,FAC-003,HW-PC-10061,32,76,91,17
INV-608725,2024-04-01,FAC-003,HW-PC-10061,34,78,99,13
INV-608726,2024-05-01,FAC-003,HW-PC-10061,16,64,69,11
INV-608727,2024-06-01,FAC-003,HW-PC-10061,29,68,80,17
INV-608728,2024-07-01,FAC-003,HW-PC-10061,22,61,70,13
INV-608729,2024-08-01,FAC-003,HW-PC-10061,12,59,61,10
INV-608730,2024-09-01,FAC-003,HW-PC-10061,41,113,127,27
INV-608731,2024-10-01,FAC-003,HW-PC-10061,36,90,118,8
INV-608732,2024-11-01,FAC-003,HW-PC-10061,26,70,79,17
INV-608733,2024-12-01,FAC-003,HW-PC-10061,29,73,78,24
INV-608734,2025-01-01,FAC-003,HW-PC-10061,18,73,74,17
INV-608735,2025-02-01,FAC-003,HW-PC-10061,15,76,79,12
INV-608736,2025-03-01,FAC-003,HW-PC-10061,24,68,71,21
INV-608737,2025-04-01,FAC-003,HW-PC-10061,28,78,100,6
INV-608738,2025-05-01,FAC-003,HW-PC-10061,22,82,78,26
INV-608739,2025-06-01,FAC-003,HW-PC-10061,26,76,77,25
INV-608740,2025-07-01,FAC-003,HW-PC-10061,19,55,68,6
INV-608741,2025-08-01,FAC-003,HW-PC-10061,16,69,70,15
INV-608742,2025-09-01,FAC-003,HW-PC-10061,27,88,103,12
INV-608743,2025-10-01,FAC-003,HW-PC-10061,36,111,113,34
INV-608744,2025-11-01,FAC-003,HW-PC-10061,30,70,79,21
INV-608745,2025-12-01,FAC-003,HW-PC-10061,26,69,85,10
INV-608746,2026-01-01,FAC-003,HW-PC-10061,24,82,90,16
INV-608747,2026-02-01,FAC-003,HW-PC-10061,31,72,93,10
INV-608748,2026-03-01,FAC-003,HW-PC-10061,18,80,89,9
INV-608749,2023-04-01,FAC-003,HW-PC-10062,13,62,66,9
INV-608750,2023-05-01,FAC-003,HW-PC-10062,29,70,88,11
INV-608751,2023-06-01,FAC-003,HW-PC-10062,23,62,67,18
INV-608752,2023-07-01,FAC-003,HW-PC-10062,21,60,74,7
INV-608753,2023-08-01,FAC-003,HW-PC-10062,24,61,77,8
INV-608754,2023-09-01,FAC-003,HW-PC-10062,32,99,116,15
INV-608755,2023-10-01,FAC-003,HW-PC-10062,36,87,111,12
INV-608756,2023-11-01,FAC-003,HW-PC-10062,29,67,75,21
INV-608757,2023-12-01,FAC-003,HW-PC-10062,23,82,94,11
INV-608758,2024-01-01,FAC-003,HW-PC-10062,27,72,77,22
INV-608759,2024-02-01,FAC-003,HW-PC-10062,15,67,75,7
INV-608760,2024-03-01,FAC-003,HW-PC-10062,25,68,85,8
INV-608761,2024-04-01,FAC-003,HW-PC-10062,18,81,91,8
INV-608762,2024-05-01,FAC-003,HW-PC-10062,25,66,81,10
INV-608763,2024-06-01,FAC-003,HW-PC-10062,15,62,65,12
INV-608764,2024-07-01,FAC-003,HW-PC-10062,25,60,69,16
INV-608765,2024-08-01,FAC-003,HW-PC-10062,22,70,86,6
INV-608766,2024-09-01,FAC-003,HW-PC-10062,44,109,117,36
INV-608767,2024-10-01,FAC-003,HW-PC-10062,24,104,103,25
INV-608768,2024-11-01,FAC-003,HW-PC-10062,28,75,78,25
INV-608769,2024-12-01,FAC-003,HW-PC-10062,24,73,74,23
INV-608770,2025-01-01,FAC-003,HW-PC-10062,27,73,76,24
INV-608771,2025-02-01,FAC-003,HW-PC-10062,26,78,95,9
INV-608772,2025-03-01,FAC-003,HW-PC-10062,26,66,70,22
INV-608773,2025-04-01,FAC-003,HW-PC-10062,17,70,80,7
INV-608774,2025-05-01,FAC-003,HW-PC-10062,15,77,69,23
INV-608775,2025-06-01,FAC-003,HW-PC-10062,16,68,73,11
INV-608776,2025-07-01,FAC-003,HW-PC-10062,28,65,87,6
INV-608777,2025-08-01,FAC-003,HW-PC-10062,13,65,64,14
INV-608778,2025-09-01,FAC-003,HW-PC-10062,33,102,117,18
INV-608779,2025-10-01,FAC-003,HW-PC-10062,48,116,126,38
INV-608780,2025-11-01,FAC-003,HW-PC-10062,27,67,85,9
INV-608781,2025-12-01,FAC-003,HW-PC-10062,26,68,83,11
INV-608782,2026-01-01,FAC-003,HW-PC-10062,18,72,83,7
INV-608783,2026-02-01,FAC-003,HW-PC-10062,18,76,83,11
INV-608784,2026-03-01,FAC-003,HW-PC-10062,32,78,87,23
INV-608785,2023-04-01,FAC-003,HW-PC-10064,41,115,130,26
INV-608786,2023-05-01,FAC-003,HW-PC-10064,46,111,138,19
INV-608787,2023-06-01,FAC-003,HW-PC-10064,25,111,102,34
INV-608788,2023-07-01,FAC-003,HW-PC-10064,36,84,108,12
INV-608789,2023-08-01,FAC-003,HW-PC-10064,22,108,115,15
INV-608790,2023-09-01,FAC-003,HW-PC-10064,53,135,155,33
INV-608791,2023-10-01,FAC-003,HW-PC-10064,46,137,147,36
INV-608792,2023-11-01,FAC-003,HW-PC-10064,42,117,141,18
INV-608793,2023-12-01,FAC-003,HW-PC-10064,37,128,139,26
INV-608794,2024-01-01,FAC-003,HW-PC-10064,42,122,124,40
INV-608795,2024-02-01,FAC-003,HW-PC-10064,26,123,116,33
INV-608796,2024-03-01,FAC-003,HW-PC-10064,21,98,89,30
INV-608797,2024-04-01,FAC-003,HW-PC-10064,30,97,101,26
INV-608798,2024-05-01,FAC-003,HW-PC-10064,36,99,107,28
INV-608799,2024-06-01,FAC-003,HW-PC-10064,28,95,99,24
INV-608800,2024-07-01,FAC-003,HW-PC-10064,28,90,104,14
INV-608801,2024-08-01,FAC-003,HW-PC-10064,42,98,119,21
INV-608802,2024-09-01,FAC-003,HW-PC-10064,39,155,174,20
INV-608803,2024-10-01,FAC-003,HW-PC-10064,44,139,152,31
INV-608804,2024-11-01,FAC-003,HW-PC-10064,50,117,156,11
INV-608805,2024-12-01,FAC-003,HW-PC-10064,26,100,114,12
INV-608806,2025-01-01,FAC-003,HW-PC-10064,35,112,131,16
INV-608807,2025-02-01,FAC-003,HW-PC-10064,50,115,143,22
INV-608808,2025-03-01,FAC-003,HW-PC-10064,36,110,133,13
INV-608809,2025-04-01,FAC-003,HW-PC-10064,41,115,147,9
INV-608810,2025-05-01,FAC-003,HW-PC-10064,33,115,131,17
INV-608811,2025-06-01,FAC-003,HW-PC-10064,23,117,118,22
INV-608812,2025-07-01,FAC-003,HW-PC-10064,33,102,122,13
INV-608813,2025-08-01,FAC-003,HW-PC-10064,41,93,108,26
INV-608814,2025-09-01,FAC-003,HW-PC-10064,42,137,153,26
INV-608815,2025-10-01,FAC-003,HW-PC-10064,38,149,165,22
INV-608816,2025-11-01,FAC-003,HW-PC-10064,38,107,131,14
INV-608817,2025-12-01,FAC-003,HW-PC-10064,35,120,133,22
INV-608818,2026-01-01,FAC-003,HW-PC-10064,45,110,143,12
INV-608819,2026-02-01,FAC-003,HW-PC-10064,23,106,101,28
INV-608820,2026-03-01,FAC-003,HW-PC-10064,36,107,126,17
INV-608821,2023-04-01,FAC-003,HW-PC-10065,50,117,147,20
INV-608822,2023-05-01,FAC-003,HW-PC-10065,34,100,115,19
INV-608823,2023-06-01,FAC-003,HW-PC-10065,35,124,132,27
INV-608824,2023-07-01,FAC-003,HW-PC-10065,32,98,116,14
INV-608825,2023-08-01,FAC-003,HW-PC-10065,27,82,84,25
INV-608826,2023-09-01,FAC-003,HW-PC-10065,54,148,157,45
INV-608827,2023-10-01,FAC-003,HW-PC-10065,55,147,177,25
INV-608828,2023-11-01,FAC-003,HW-PC-10065,33,98,102,29
INV-608829,2023-12-01,FAC-003,HW-PC-10065,32,103,104,31
INV-608830,2024-01-01,FAC-003,HW-PC-10065,30,128,143,15
INV-608831,2024-02-01,FAC-003,HW-PC-10065,55,123,148,30
INV-608832,2024-03-01,FAC-003,HW-PC-10065,54,124,139,39
INV-608833,2024-04-01,FAC-003,HW-PC-10065,23,111,117,17
INV-608834,2024-05-01,FAC-003,HW-PC-10065,28,114,129,13
INV-608835,2024-06-01,FAC-003,HW-PC-10065,38,96,101,33
INV-608836,2024-07-01,FAC-003,HW-PC-10065,21,99,96,24
INV-608837,2024-08-01,FAC-003,HW-PC-10065,27,101,109,19
INV-608838,2024-09-01,FAC-003,HW-PC-10065,37,176,194,19
INV-608839,2024-10-01,FAC-003,HW-PC-10065,31,136,129,38
INV-608840,2024-11-01,FAC-003,HW-PC-10065,31,128,147,12
INV-608841,2024-12-01,FAC-003,HW-PC-10065,37,128,144,21
INV-608842,2025-01-01,FAC-003,HW-PC-10065,36,121,122,35
INV-608843,2025-02-01,FAC-003,HW-PC-10065,42,109,136,15
INV-608844,2025-03-01,FAC-003,HW-PC-10065,24,102,117,9
INV-608845,2025-04-01,FAC-003,HW-PC-10065,36,96,100,32
INV-608846,2025-05-01,FAC-003,HW-PC-10065,52,123,141,34
INV-608847,2025-06-01,FAC-003,HW-PC-10065,31,97,103,25
INV-608848,2025-07-01,FAC-003,HW-PC-10065,33,92,98,27
INV-608849,2025-08-01,FAC-003,HW-PC-10065,36,91,111,16
INV-608850,2025-09-01,FAC-003,HW-PC-10065,54,148,182,20
INV-608851,2025-10-01,FAC-003,HW-PC-10065,41,161,151,51
INV-608852,2025-11-01,FAC-003,HW-PC-10065,49,122,152,19
INV-608853,2025-12-01,FAC-003,HW-PC-10065,33,97,118,12
INV-608854,2026-01-01,FAC-003,HW-PC-10065,26,108,116,18
INV-608855,2026-02-01,FAC-003,HW-PC-10065,25,122,127,20
INV-608856,2026-03-01,FAC-003,HW-PC-10065,40,116,137,19
INV-608857,2023-04-01,FAC-003,HW-PC-10066,25,99,108,16
INV-608858,2023-05-01,FAC-003,HW-PC-10066,34,95,113,16
INV-608859,2023-06-01,FAC-003,HW-PC-10066,36,103,119,20
INV-608860,2023-07-01,FAC-003,HW-PC-10066,27,88,107,8
INV-608861,2023-08-01,FAC-003,HW-PC-10066,33,93,95,31
INV-608862,2023-09-01,FAC-003,HW-PC-10066,29,136,149,16
INV-608863,2023-10-01,FAC-003,HW-PC-10066,38,149,168,19
INV-608864,2023-11-01,FAC-003,HW-PC-10066,26,100,105,21
INV-608865,2023-12-01,FAC-003,HW-PC-10066,36,106,116,26
INV-608866,2024-01-01,FAC-003,HW-PC-10066,44,108,140,12
INV-608867,2024-02-01,FAC-003,HW-PC-10066,51,123,150,24
INV-608868,2024-03-01,FAC-003,HW-PC-10066,39,116,140,15
INV-608869,2024-04-01,FAC-003,HW-PC-10066,25,113,125,13
INV-608870,2024-05-01,FAC-003,HW-PC-10066,48,120,132,36
INV-608871,2024-06-01,FAC-003,HW-PC-10066,28,104,112,20
INV-608872,2024-07-01,FAC-003,HW-PC-10066,24,84,84,24
INV-608873,2024-08-01,FAC-003,HW-PC-10066,33,88,111,10
INV-608874,2024-09-01,FAC-003,HW-PC-10066,45,134,135,44
INV-608875,2024-10-01,FAC-003,HW-PC-10066,51,137,168,20
INV-608876,2024-11-01,FAC-003,HW-PC-10066,38,122,147,13
INV-608877,2024-12-01,FAC-003,HW-PC-10066,26,100,97,29
INV-608878,2025-01-01,FAC-003,HW-PC-10066,31,121,118,34
INV-608879,2025-02-01,FAC-003,HW-PC-10066,25,116,107,34
INV-608880,2025-03-01,FAC-003,HW-PC-10066,19,98,104,13
INV-608881,2025-04-01,FAC-003,HW-PC-10066,28,114,113,29
INV-608882,2025-05-01,FAC-003,HW-PC-10066,39,122,143,18
INV-608883,2025-06-01,FAC-003,HW-PC-10066,28,110,130,8
INV-608884,2025-07-01,FAC-003,HW-PC-10066,22,97,98,21
INV-608885,2025-08-01,FAC-003,HW-PC-10066,22,90,104,8
INV-608886,2025-09-01,FAC-003,HW-PC-10066,43,174,178,39
INV-608887,2025-10-01,FAC-003,HW-PC-10066,42,169,183,28
INV-608888,2025-11-01,FAC-003,HW-PC-10066,42,118,142,18
INV-608889,2025-12-01,FAC-003,HW-PC-10066,52,118,139,31
INV-608890,2026-01-01,FAC-003,HW-PC-10066,25,124,120,29
INV-608891,2026-02-01,FAC-003,HW-PC-10066,34,96,100,30
INV-608892,2026-03-01,FAC-003,HW-PC-10066,44,123,126,41
INV-608893,2023-04-01,FAC-003,HW-PC-10067,45,124,127,42
INV-608894,2023-05-01,FAC-003,HW-PC-10067,47,124,141,30
INV-608895,2023-06-01,FAC-003,HW-PC-10067,33,106,128,11
INV-608896,2023-07-01,FAC-003,HW-PC-10067,19,88,98,9
INV-608897,2023-08-01,FAC-003,HW-PC-10067,34,81,93,22
INV-608898,2023-09-01,FAC-003,HW-PC-10067,36,157,179,14
INV-608899,2023-10-01,FAC-003,HW-PC-10067,72,168,212,28
INV-608900,2023-11-01,FAC-003,HW-PC-10067,27,101,108,20
INV-608901,2023-12-01,FAC-003,HW-PC-10067,49,115,135,29
INV-608902,2024-01-01,FAC-003,HW-PC-10067,51,118,131,38
INV-608903,2024-02-01,FAC-003,HW-PC-10067,37,124,144,17
INV-608904,2024-03-01,FAC-003,HW-PC-10067,29,105,101,33
INV-608905,2024-04-01,FAC-003,HW-PC-10067,51,127,136,42
INV-608906,2024-05-01,FAC-003,HW-PC-10067,44,128,158,14
INV-608907,2024-06-01,FAC-003,HW-PC-10067,28,97,110,15
INV-608908,2024-07-01,FAC-003,HW-PC-10067,26,83,91,18
INV-608909,2024-08-01,FAC-003,HW-PC-10067,23,87,103,7
INV-608910,2024-09-01,FAC-003,HW-PC-10067,36,146,156,26
INV-608911,2024-10-01,FAC-003,HW-PC-10067,62,164,203,23
INV-608912,2024-11-01,FAC-003,HW-PC-10067,28,96,112,12
INV-608913,2024-12-01,FAC-003,HW-PC-10067,43,125,127,41
INV-608914,2025-01-01,FAC-003,HW-PC-10067,23,108,117,14
INV-608915,2025-02-01,FAC-003,HW-PC-10067,23,97,100,20
INV-608916,2025-03-01,FAC-003,HW-PC-10067,33,110,120,23
INV-608917,2025-04-01,FAC-003,HW-PC-10067,34,119,131,22
INV-608918,2025-05-01,FAC-003,HW-PC-10067,30,105,117,18
INV-608919,2025-06-01,FAC-003,HW-PC-10067,42,111,131,22
INV-608920,2025-07-01,FAC-003,HW-PC-10067,32,103,114,21
INV-608921,2025-08-01,FAC-003,HW-PC-10067,25,100,103,22
INV-608922,2025-09-01,FAC-003,HW-PC-10067,33,162,163,32
INV-608923,2025-10-01,FAC-003,HW-PC-10067,71,161,214,18
INV-608924,2025-11-01,FAC-003,HW-PC-10067,33,104,104,33
INV-608925,2025-12-01,FAC-003,HW-PC-10067,40,103,110,33
INV-608926,2026-01-01,FAC-003,HW-PC-10067,44,103,134,13
INV-608927,2026-02-01,FAC-003,HW-PC-10067,50,121,153,18
INV-608928,2026-03-01,FAC-003,HW-PC-10067,32,99,109,22
INV-608929,2023-04-01,FAC-003,HW-PC-10068,18,59,58,19
INV-608930,2023-05-01,FAC-003,HW-PC-10068,12,50,57,5
INV-608931,2023-06-01,FAC-003,HW-PC-10068,19,56,63,12
INV-608932,2023-07-01,FAC-003,HW-PC-10068,18,47,55,10
INV-608933,2023-08-01,FAC-003,HW-PC-10068,22,51,69,4
INV-608934,2023-09-01,FAC-003,HW-PC-10068,34,79,93,20
INV-608935,2023-10-01,FAC-003,HW-PC-10068,35,83,109,9
INV-608936,2023-11-01,FAC-003,HW-PC-10068,17,59,59,17
INV-608937,2023-12-01,FAC-003,HW-PC-10068,19,51,55,15
INV-608938,2024-01-01,FAC-003,HW-PC-10068,18,53,61,10
INV-608939,2024-02-01,FAC-003,HW-PC-10068,22,61,75,8
INV-608940,2024-03-01,FAC-003,HW-PC-10068,22,55,61,16
INV-608941,2024-04-01,FAC-003,HW-PC-10068,21,49,62,8
INV-608942,2024-05-01,FAC-003,HW-PC-10068,17,56,60,13
INV-608943,2024-06-01,FAC-003,HW-PC-10068,12,54,55,11
INV-608944,2024-07-01,FAC-003,HW-PC-10068,15,45,52,8
INV-608945,2024-08-01,FAC-003,HW-PC-10068,18,52,64,6
INV-608946,2024-09-01,FAC-003,HW-PC-10068,27,76,78,25
INV-608947,2024-10-01,FAC-003,HW-PC-10068,23,67,74,16
INV-608948,2024-11-01,FAC-003,HW-PC-10068,19,58,71,6
INV-608949,2024-12-01,FAC-003,HW-PC-10068,14,61,62,13
INV-608950,2025-01-01,FAC-003,HW-PC-10068,15,56,57,14
INV-608951,2025-02-01,FAC-003,HW-PC-10068,26,59,76,9
INV-608952,2025-03-01,FAC-003,HW-PC-10068,16,54,60,10
INV-608953,2025-04-01,FAC-003,HW-PC-10068,17,53,55,15
INV-608954,2025-05-01,FAC-003,HW-PC-10068,23,60,73,10
INV-608955,2025-06-01,FAC-003,HW-PC-10068,16,61,58,19
INV-608956,2025-07-01,FAC-003,HW-PC-10068,22,50,62,10
INV-608957,2025-08-01,FAC-003,HW-PC-10068,15,39,41,13
INV-608958,2025-09-01,FAC-003,HW-PC-10068,20,76,89,7
INV-608959,2025-10-01,FAC-003,HW-PC-10068,31,74,85,20
INV-608960,2025-11-01,FAC-003,HW-PC-10068,22,52,58,16
INV-608961,2025-12-01,FAC-003,HW-PC-10068,16,55,64,7
INV-608962,2026-01-01,FAC-003,HW-PC-10068,14,47,54,7
INV-608963,2026-02-01,FAC-003,HW-PC-10068,11,52,56,7
INV-608964,2026-03-01,FAC-003,HW-PC-10068,10,54,55,9
INV-608965,2023-04-01,FAC-003,HW-PC-10070,21,55,58,18
INV-608966,2023-05-01,FAC-003,HW-PC-10070,14,46,54,6
INV-608967,2023-06-01,FAC-003,HW-PC-10070,19,48,59,8
INV-608968,2023-07-01,FAC-003,HW-PC-10070,14,43,53,4
INV-608969,2023-08-01,FAC-003,HW-PC-10070,13,41,47,7
INV-608970,2023-09-01,FAC-003,HW-PC-10070,14,67,60,21
INV-608971,2023-10-01,FAC-003,HW-PC-10070,15,71,78,8
INV-608972,2023-11-01,FAC-003,HW-PC-10070,13,62,62,13
INV-608973,2023-12-01,FAC-003,HW-PC-10070,10,46,45,11
INV-608974,2024-01-01,FAC-003,HW-PC-10070,22,52,61,13
INV-608975,2024-02-01,FAC-003,HW-PC-10070,13,53,49,17
INV-608976,2024-03-01,FAC-003,HW-PC-10070,13,60,68,5
INV-608977,2024-04-01,FAC-003,HW-PC-10070,16,48,60,4
INV-608978,2024-05-01,FAC-003,HW-PC-10070,14,48,56,6
INV-608979,2024-06-01,FAC-003,HW-PC-10070,17,46,48,15
INV-608980,2024-07-01,FAC-003,HW-PC-10070,10,42,48,4
INV-608981,2024-08-01,FAC-003,HW-PC-10070,8,41,42,7
INV-608982,2024-09-01,FAC-003,HW-PC-10070,21,72,71,22
INV-608983,2024-10-01,FAC-003,HW-PC-10070,28,81,89,20
INV-608984,2024-11-01,FAC-003,HW-PC-10070,16,48,57,7
INV-608985,2024-12-01,FAC-003,HW-PC-10070,10,50,47,13
INV-608986,2025-01-01,FAC-003,HW-PC-10070,25,56,60,21
INV-608987,2025-02-01,FAC-003,HW-PC-10070,10,50,48,12
INV-608988,2025-03-01,FAC-003,HW-PC-10070,22,52,56,18
INV-608989,2025-04-01,FAC-003,HW-PC-10070,17,58,68,7
INV-608990,2025-05-01,FAC-003,HW-PC-10070,11,54,61,4
INV-608991,2025-06-01,FAC-003,HW-PC-10070,16,47,58,5
INV-608992,2025-07-01,FAC-003,HW-PC-10070,13,40,48,5
INV-608993,2025-08-01,FAC-003,HW-PC-10070,19,52,57,14
INV-608994,2025-09-01,FAC-003,HW-PC-10070,30,80,97,13
INV-608995,2025-10-01,FAC-003,HW-PC-10070,18,83,77,24
INV-608996,2025-11-01,FAC-003,HW-PC-10070,24,56,67,13
INV-608997,2025-12-01,FAC-003,HW-PC-10070,26,61,80,7
INV-608998,2026-01-01,FAC-003,HW-PC-10070,25,60,77,8
INV-608999,2026-02-01,FAC-003,HW-PC-10070,11,57,52,16
INV-609000,2026-03-01,FAC-003,HW-PC-10070,9,48,44,13
INV-609001,2023-04-01,FAC-003,HW-PC-10073,17,54,55,16
INV-609002,2023-05-01,FAC-003,HW-PC-10073,15,55,62,8
INV-609003,2023-06-01,FAC-003,HW-PC-10073,14,46,54,6
INV-609004,2023-07-01,FAC-003,HW-PC-10073,16,38,41,13
INV-609005,2023-08-01,FAC-003,HW-PC-10073,18,42,56,4
INV-609006,2023-09-01,FAC-003,HW-PC-10073,15,64,70,9
INV-609007,2023-10-01,FAC-003,HW-PC-10073,19,60,71,8
INV-609008,2023-11-01,FAC-003,HW-PC-10073,12,50,52,10
INV-609009,2023-12-01,FAC-003,HW-PC-10073,19,56,67,8
INV-609010,2024-01-01,FAC-003,HW-PC-10073,11,47,46,12
INV-609011,2024-02-01,FAC-003,HW-PC-10073,13,50,54,9
INV-609012,2024-03-01,FAC-003,HW-PC-10073,20,53,57,16
INV-609013,2024-04-01,FAC-003,HW-PC-10073,19,53,54,18
INV-609014,2024-05-01,FAC-003,HW-PC-10073,15,43,47,11
INV-609015,2024-06-01,FAC-003,HW-PC-10073,9,44,41,12
INV-609016,2024-07-01,FAC-003,HW-PC-10073,18,48,56,10
INV-609017,2024-08-01,FAC-003,HW-PC-10073,17,48,58,7
INV-609018,2024-09-01,FAC-003,HW-PC-10073,22,65,67,20
INV-609019,2024-10-01,FAC-003,HW-PC-10073,13,67,63,17
INV-609020,2024-11-01,FAC-003,HW-PC-10073,12,43,50,5
INV-609021,2024-12-01,FAC-003,HW-PC-10073,19,48,59,8
INV-609022,2025-01-01,FAC-003,HW-PC-10073,12,50,57,5
INV-609023,2025-02-01,FAC-003,HW-PC-10073,16,43,51,8
INV-609024,2025-03-01,FAC-003,HW-PC-10073,12,49,51,10
INV-609025,2025-04-01,FAC-003,HW-PC-10073,22,55,72,5
INV-609026,2025-05-01,FAC-003,HW-PC-10073,13,47,45,15
INV-609027,2025-06-01,FAC-003,HW-PC-10073,15,56,58,13
INV-609028,2025-07-01,FAC-003,HW-PC-10073,15,47,53,9
INV-609029,2025-08-01,FAC-003,HW-PC-10073,12,38,46,4
INV-609030,2025-09-01,FAC-003,HW-PC-10073,18,71,67,22
INV-609031,2025-10-01,FAC-003,HW-PC-10073,22,66,66,22
INV-609032,2025-11-01,FAC-003,HW-PC-10073,16,51,60,7
INV-609033,2025-12-01,FAC-003,HW-PC-10073,16,42,49,9
INV-609034,2026-01-01,FAC-003,HW-PC-10073,21,48,53,16
INV-609035,2026-02-01,FAC-003,HW-PC-10073,14,50,54,10
INV-609036,2026-03-01,FAC-003,HW-PC-10073,11,50,53,8
INV-609037,2023-04-01,FAC-003,HW-CW-10075,17,64,71,10
INV-609038,2023-05-01,FAC-003,HW-CW-10075,24,65,67,22
INV-609039,2023-06-01,FAC-003,HW-CW-10075,28,70,88,10
INV-609040,2023-07-01,FAC-003,HW-CW-10075,27,65,82,10
INV-609041,2023-08-01,FAC-003,HW-CW-10075,28,63,80,11
INV-609042,2023-09-01,FAC-003,HW-CW-10075,32,106,128,10
INV-609043,2023-10-01,FAC-003,HW-CW-10075,19,97,91,25
INV-609044,2023-11-01,FAC-003,HW-CW-10075,18,65,75,8
INV-609045,2023-12-01,FAC-003,HW-CW-10075,18,77,86,9
INV-609046,2024-01-01,FAC-003,HW-CW-10075,24,74,80,18
INV-609047,2024-02-01,FAC-003,HW-CW-10075,22,82,79,25
INV-609048,2024-03-01,FAC-003,HW-CW-10075,26,69,83,12
INV-609049,2024-04-01,FAC-003,HW-CW-10075,15,67,72,10
INV-609050,2024-05-01,FAC-003,HW-CW-10075,22,77,90,9
INV-609051,2024-06-01,FAC-003,HW-CW-10075,21,84,90,15
INV-609052,2024-07-01,FAC-003,HW-CW-10075,20,53,60,13
INV-609053,2024-08-01,FAC-003,HW-CW-10075,22,57,72,7
INV-609054,2024-09-01,FAC-003,HW-CW-10075,19,91,89,21
INV-609055,2024-10-01,FAC-003,HW-CW-10075,42,107,128,21
INV-609056,2024-11-01,FAC-003,HW-CW-10075,29,75,88,16
INV-609057,2024-12-01,FAC-003,HW-CW-10075,25,76,93,8
INV-609058,2025-01-01,FAC-003,HW-CW-10075,18,68,66,20
INV-609059,2025-02-01,FAC-003,HW-CW-10075,24,81,86,19
INV-609060,2025-03-01,FAC-003,HW-CW-10075,36,84,113,7
INV-609061,2025-04-01,FAC-003,HW-CW-10075,27,66,75,18
INV-609062,2025-05-01,FAC-003,HW-CW-10075,18,63,68,13
INV-609063,2025-06-01,FAC-003,HW-CW-10075,21,65,78,8
INV-609064,2025-07-01,FAC-003,HW-CW-10075,17,60,62,15
INV-609065,2025-08-01,FAC-003,HW-CW-10075,14,70,70,14
INV-609066,2025-09-01,FAC-003,HW-CW-10075,40,96,104,32
INV-609067,2025-10-01,FAC-003,HW-CW-10075,30,100,120,10
INV-609068,2025-11-01,FAC-003,HW-CW-10075,24,67,70,21
INV-609069,2025-12-01,FAC-003,HW-CW-10075,29,84,98,15
INV-609070,2026-01-01,FAC-003,HW-CW-10075,20,72,72,20
INV-609071,2026-02-01,FAC-003,HW-CW-10075,33,76,89,20
INV-609072,2026-03-01,FAC-003,HW-CW-10075,19,82,94,7
INV-609073,2023-04-01,FAC-003,HW-CW-10076,23,76,88,11
INV-609074,2023-05-01,FAC-003,HW-CW-10076,26,84,94,16
INV-609075,2023-06-01,FAC-003,HW-CW-10076,18,67,69,16
INV-609076,2023-07-01,FAC-003,HW-CW-10076,23,68,81,10
INV-609077,2023-08-01,FAC-003,HW-CW-10076,18,71,80,9
INV-609078,2023-09-01,FAC-003,HW-CW-10076,35,94,99,30
INV-609079,2023-10-01,FAC-003,HW-CW-10076,39,118,131,26
INV-609080,2023-11-01,FAC-003,HW-CW-10076,17,83,79,21
INV-609081,2023-12-01,FAC-003,HW-CW-10076,33,81,94,20
INV-609082,2024-01-01,FAC-003,HW-CW-10076,24,73,84,13
INV-609083,2024-02-01,FAC-003,HW-CW-10076,32,77,93,16
INV-609084,2024-03-01,FAC-003,HW-CW-10076,17,67,70,14
INV-609085,2024-04-01,FAC-003,HW-CW-10076,21,83,98,6
INV-609086,2024-05-01,FAC-003,HW-CW-10076,24,74,73,25
INV-609087,2024-06-01,FAC-003,HW-CW-10076,34,88,96,26
INV-609088,2024-07-01,FAC-003,HW-CW-10076,20,75,84,11
INV-609089,2024-08-01,FAC-003,HW-CW-10076,28,73,94,7
INV-609090,2024-09-01,FAC-003,HW-CW-10076,54,122,138,38
INV-609091,2024-10-01,FAC-003,HW-CW-10076,37,104,126,15
INV-609092,2024-11-01,FAC-003,HW-CW-10076,17,79,88,8
INV-609093,2024-12-01,FAC-003,HW-CW-10076,26,89,91,24
INV-609094,2025-01-01,FAC-003,HW-CW-10076,17,67,74,10
INV-609095,2025-02-01,FAC-003,HW-CW-10076,19,88,92,15
INV-609096,2025-03-01,FAC-003,HW-CW-10076,22,83,90,15
INV-609097,2025-04-01,FAC-003,HW-CW-10076,34,84,99,19
INV-609098,2025-05-01,FAC-003,HW-CW-10076,23,84,84,23
INV-609099,2025-06-01,FAC-003,HW-CW-10076,20,71,68,23
INV-609100,2025-07-01,FAC-003,HW-CW-10076,22,62,73,11
INV-609101,2025-08-01,FAC-003,HW-CW-10076,15,58,63,10
INV-609102,2025-09-01,FAC-003,HW-CW-10076,31,104,120,15
INV-609103,2025-10-01,FAC-003,HW-CW-10076,25,94,92,27
INV-609104,2025-11-01,FAC-003,HW-CW-10076,30,70,82,18
INV-609105,2025-12-01,FAC-003,HW-CW-10076,30,79,82,27
INV-609106,2026-01-01,FAC-003,HW-CW-10076,29,72,93,8
INV-609107,2026-02-01,FAC-003,HW-CW-10076,22,75,87,10
INV-609108,2026-03-01,FAC-003,HW-CW-10076,16,74,72,18
INV-609109,2023-04-01,FAC-003,HW-CW-10077,13,43,50,6
INV-609110,2023-05-01,FAC-003,HW-CW-10077,10,50,50,10
INV-609111,2023-06-01,FAC-003,HW-CW-10077,11,53,48,16
INV-609112,2023-07-01,FAC-003,HW-CW-10077,9,40,45,4
INV-609113,2023-08-01,FAC-003,HW-CW-10077,11,43,48,6
INV-609114,2023-09-01,FAC-003,HW-CW-10077,15,67,65,17
INV-609115,2023-10-01,FAC-003,HW-CW-10077,15,72,69,18
INV-609116,2023-11-01,FAC-003,HW-CW-10077,11,45,49,7
INV-609117,2023-12-01,FAC-003,HW-CW-10077,20,54,65,9
INV-609118,2024-01-01,FAC-003,HW-CW-10077,12,56,53,15
INV-609119,2024-02-01,FAC-003,HW-CW-10077,14,48,51,11
INV-609120,2024-03-01,FAC-003,HW-CW-10077,10,45,46,9
INV-609121,2024-04-01,FAC-003,HW-CW-10077,16,56,54,18
INV-609122,2024-05-01,FAC-003,HW-CW-10077,14,53,53,14
INV-609123,2024-06-01,FAC-003,HW-CW-10077,17,47,58,6
INV-609124,2024-07-01,FAC-003,HW-CW-10077,12,43,44,11
INV-609125,2024-08-01,FAC-003,HW-CW-10077,16,37,46,7
INV-609126,2024-09-01,FAC-003,HW-CW-10077,21,60,67,14
INV-609127,2024-10-01,FAC-003,HW-CW-10077,31,79,86,24
INV-609128,2024-11-01,FAC-003,HW-CW-10077,17,53,55,15
INV-609129,2024-12-01,FAC-003,HW-CW-10077,17,52,52,17
INV-609130,2025-01-01,FAC-003,HW-CW-10077,18,52,54,16
INV-609131,2025-02-01,FAC-003,HW-CW-10077,16,47,48,15
INV-609132,2025-03-01,FAC-003,HW-CW-10077,11,55,50,16
INV-609133,2025-04-01,FAC-003,HW-CW-10077,14,44,50,8
INV-609134,2025-05-01,FAC-003,HW-CW-10077,13,48,55,6
INV-609135,2025-06-01,FAC-003,HW-CW-10077,11,43,40,14
INV-609136,2025-07-01,FAC-003,HW-CW-10077,10,36,36,10
INV-609137,2025-08-01,FAC-003,HW-CW-10077,15,39,42,12
INV-609138,2025-09-01,FAC-003,HW-CW-10077,27,75,83,19
INV-609139,2025-10-01,FAC-003,HW-CW-10077,21,70,70,21
INV-609140,2025-11-01,FAC-003,HW-CW-10077,19,56,69,6
INV-609141,2025-12-01,FAC-003,HW-CW-10077,11,54,51,14
INV-609142,2026-01-01,FAC-003,HW-CW-10077,17,44,56,5
INV-609143,2026-02-01,FAC-003,HW-CW-10077,11,50,47,14
INV-609144,2026-03-01,FAC-003,HW-CW-10077,23,54,60,17
INV-609145,2023-04-01,FAC-003,HW-CW-10078,9,47,51,5
INV-609146,2023-05-01,FAC-003,HW-CW-10078,17,49,54,12
INV-609147,2023-06-01,FAC-003,HW-CW-10078,12,47,53,6
INV-609148,2023-07-01,FAC-003,HW-CW-10078,12,44,45,11
INV-609149,2023-08-01,FAC-003,HW-CW-10078,7,36,37,6
INV-609150,2023-09-01,FAC-003,HW-CW-10078,21,70,83,8
INV-609151,2023-10-01,FAC-003,HW-CW-10078,20,70,70,20
INV-609152,2023-11-01,FAC-003,HW-CW-10078,18,54,55,17
INV-609153,2023-12-01,FAC-003,HW-CW-10078,15,52,61,6
INV-609154,2024-01-01,FAC-003,HW-CW-10078,19,56,67,8
INV-609155,2024-02-01,FAC-003,HW-CW-10078,14,43,51,6
INV-609156,2024-03-01,FAC-003,HW-CW-10078,17,49,61,5
INV-609157,2024-04-01,FAC-003,HW-CW-10078,10,45,48,7
INV-609158,2024-05-01,FAC-003,HW-CW-10078,22,54,66,10
INV-609159,2024-06-01,FAC-003,HW-CW-10078,20,54,56,18
INV-609160,2024-07-01,FAC-003,HW-CW-10078,11,45,44,12
INV-609161,2024-08-01,FAC-003,HW-CW-10078,11,41,42,10
INV-609162,2024-09-01,FAC-003,HW-CW-10078,17,63,60,20
INV-609163,2024-10-01,FAC-003,HW-CW-10078,27,69,88,8
INV-609164,2024-11-01,FAC-003,HW-CW-10078,16,54,62,8
INV-609165,2024-12-01,FAC-003,HW-CW-10078,9,46,48,7
INV-609166,2025-01-01,FAC-003,HW-CW-10078,20,52,62,10
INV-609167,2025-02-01,FAC-003,HW-CW-10078,18,44,54,8
INV-609168,2025-03-01,FAC-003,HW-CW-10078,21,54,60,15
INV-609169,2025-04-01,FAC-003,HW-CW-10078,10,43,40,13
INV-609170,2025-05-01,FAC-003,HW-CW-10078,14,46,55,5
INV-609171,2025-06-01,FAC-003,HW-CW-10078,20,55,56,19
INV-609172,2025-07-01,FAC-003,HW-CW-10078,14,40,41,13
INV-609173,2025-08-01,FAC-003,HW-CW-10078,19,46,53,12
INV-609174,2025-09-01,FAC-003,HW-CW-10078,17,74,80,11
INV-609175,2025-10-01,FAC-003,HW-CW-10078,14,59,65,8
INV-609176,2025-11-01,FAC-003,HW-CW-10078,19,53,60,12
INV-609177,2025-12-01,FAC-003,HW-CW-10078,20,52,67,5
INV-609178,2026-01-01,FAC-003,HW-CW-10078,21,55,67,9
INV-609179,2026-02-01,FAC-003,HW-CW-10078,11,51,48,14
INV-609180,2026-03-01,FAC-003,HW-CW-10078,21,54,65,10
INV-609181,2023-04-01,FAC-003,HW-CW-10079,11,42,44,9
INV-609182,2023-05-01,FAC-003,HW-CW-10079,21,49,54,16
INV-609183,2023-06-01,FAC-003,HW-CW-10079,14,50,60,4
INV-609184,2023-07-01,FAC-003,HW-CW-10079,14,47,57,4
INV-609185,2023-08-01,FAC-003,HW-CW-10079,10,42,44,8
INV-609186,2023-09-01,FAC-003,HW-CW-10079,22,64,80,6
INV-609187,2023-10-01,FAC-003,HW-CW-10079,20,76,77,19
INV-609188,2023-11-01,FAC-003,HW-CW-10079,11,43,41,13
INV-609189,2023-12-01,FAC-003,HW-CW-10079,18,49,60,7
INV-609190,2024-01-01,FAC-003,HW-CW-10079,12,43,44,11
INV-609191,2024-02-01,FAC-003,HW-CW-10079,12,44,45,11
INV-609192,2024-03-01,FAC-003,HW-CW-10079,21,52,61,12
INV-609193,2024-04-01,FAC-003,HW-CW-10079,12,53,60,5
INV-609194,2024-05-01,FAC-003,HW-CW-10079,10,44,41,13
INV-609195,2024-06-01,FAC-003,HW-CW-10079,15,47,58,4
INV-609196,2024-07-01,FAC-003,HW-CW-10079,13,46,51,8
INV-609197,2024-08-01,FAC-003,HW-CW-10079,17,44,54,7
INV-609198,2024-09-01,FAC-003,HW-CW-10079,26,71,87,10
INV-609199,2024-10-01,FAC-003,HW-CW-10079,15,62,68,9
INV-609200,2024-11-01,FAC-003,HW-CW-10079,16,55,67,4
INV-609201,2024-12-01,FAC-003,HW-CW-10079,13,45,47,11
INV-609202,2025-01-01,FAC-003,HW-CW-10079,15,56,59,12
INV-609203,2025-02-01,FAC-003,HW-CW-10079,14,45,54,5
INV-609204,2025-03-01,FAC-003,HW-CW-10079,18,47,60,5
INV-609205,2025-04-01,FAC-003,HW-CW-10079,16,43,47,12
INV-609206,2025-05-01,FAC-003,HW-CW-10079,15,45,53,7
INV-609207,2025-06-01,FAC-003,HW-CW-10079,10,48,54,4
INV-609208,2025-07-01,FAC-003,HW-CW-10079,12,45,48,9
INV-609209,2025-08-01,FAC-003,HW-CW-10079,10,36,39,7
INV-609210,2025-09-01,FAC-003,HW-CW-10079,17,70,78,9
INV-609211,2025-10-01,FAC-003,HW-CW-10079,22,65,69,18
INV-609212,2025-11-01,FAC-003,HW-CW-10079,12,48,52,8
INV-609213,2025-12-01,FAC-003,HW-CW-10079,9,48,43,14
INV-609214,2026-01-01,FAC-003,HW-CW-10079,12,49,52,9
INV-609215,2026-02-01,FAC-003,HW-CW-10079,17,48,61,4
INV-609216,2026-03-01,FAC-003,HW-CW-10079,19,50,62,7
INV-609217,2023-04-01,FAC-003,HW-CW-10081,24,58,67,15
INV-609218,2023-05-01,FAC-003,HW-CW-10081,21,50,62,9
INV-609219,2023-06-01,FAC-003,HW-CW-10081,20,51,57,14
INV-609220,2023-07-01,FAC-003,HW-CW-10081,13,40,45,8
INV-609221,2023-08-01,FAC-003,HW-CW-10081,15,49,58,6
INV-609222,2023-09-01,FAC-003,HW-CW-10081,24,70,74,20
INV-609223,2023-10-01,FAC-003,HW-CW-10081,29,71,79,21
INV-609224,2023-11-01,FAC-003,HW-CW-10081,15,57,54,18
INV-609225,2023-12-01,FAC-003,HW-CW-10081,17,46,50,13
INV-609226,2024-01-01,FAC-003,HW-CW-10081,20,55,61,14
INV-609227,2024-02-01,FAC-003,HW-CW-10081,15,52,62,5
INV-609228,2024-03-01,FAC-003,HW-CW-10081,12,50,51,11
INV-609229,2024-04-01,FAC-003,HW-CW-10081,20,55,70,5
INV-609230,2024-05-01,FAC-003,HW-CW-10081,16,59,63,12
INV-609231,2024-06-01,FAC-003,HW-CW-10081,24,56,65,15
INV-609232,2024-07-01,FAC-003,HW-CW-10081,18,44,50,12
INV-609233,2024-08-01,FAC-003,HW-CW-10081,18,44,56,6
INV-609234,2024-09-01,FAC-003,HW-CW-10081,19,68,71,16
INV-609235,2024-10-01,FAC-003,HW-CW-10081,37,83,108,12
INV-609236,2024-11-01,FAC-003,HW-CW-10081,10,52,55,7
INV-609237,2024-12-01,FAC-003,HW-CW-10081,18,51,60,9
INV-609238,2025-01-01,FAC-003,HW-CW-10081,22,52,55,19
INV-609239,2025-02-01,FAC-003,HW-CW-10081,16,56,64,8
INV-609240,2025-03-01,FAC-003,HW-CW-10081,11,55,53,13
INV-609241,2025-04-01,FAC-003,HW-CW-10081,11,48,52,7
INV-609242,2025-05-01,FAC-003,HW-CW-10081,15,48,50,13
INV-609243,2025-06-01,FAC-003,HW-CW-10081,20,54,60,14
INV-609244,2025-07-01,FAC-003,HW-CW-10081,18,46,49,15
INV-609245,2025-08-01,FAC-003,HW-CW-10081,13,47,46,14
INV-609246,2025-09-01,FAC-003,HW-CW-10081,19,75,85,9
INV-609247,2025-10-01,FAC-003,HW-CW-10081,14,64,66,12
INV-609248,2025-11-01,FAC-003,HW-CW-10081,20,54,59,15
INV-609249,2025-12-01,FAC-003,HW-CW-10081,25,58,70,13
INV-609250,2026-01-01,FAC-003,HW-CW-10081,18,57,57,18
INV-609251,2026-02-01,FAC-003,HW-CW-10081,11,50,57,4
INV-609252,2026-03-01,FAC-003,HW-CW-10081,17,48,52,13
INV-609253,2023-04-01,FAC-003,HW-CW-10082,23,60,64,19
INV-609254,2023-05-01,FAC-003,HW-CW-10082,29,73,90,12
INV-609255,2023-06-01,FAC-003,HW-CW-10082,14,57,65,6
INV-609256,2023-07-01,FAC-003,HW-CW-10082,11,49,51,9
INV-609257,2023-08-01,FAC-003,HW-CW-10082,13,52,56,9
INV-609258,2023-09-01,FAC-003,HW-CW-10082,20,88,92,16
INV-609259,2023-10-01,FAC-003,HW-CW-10082,34,89,94,29
INV-609260,2023-11-01,FAC-003,HW-CW-10082,21,68,73,16
INV-609261,2023-12-01,FAC-003,HW-CW-10082,12,60,66,6
INV-609262,2024-01-01,FAC-003,HW-CW-10082,22,62,78,6
INV-609263,2024-02-01,FAC-003,HW-CW-10082,20,67,69,18
INV-609264,2024-03-01,FAC-003,HW-CW-10082,27,74,89,12
INV-609265,2024-04-01,FAC-003,HW-CW-10082,26,64,80,10
INV-609266,2024-05-01,FAC-003,HW-CW-10082,21,61,68,14
INV-609267,2024-06-01,FAC-003,HW-CW-10082,22,56,60,18
INV-609268,2024-07-01,FAC-003,HW-CW-10082,15,56,58,13
INV-609269,2024-08-01,FAC-003,HW-CW-10082,24,55,65,14
INV-609270,2024-09-01,FAC-003,HW-CW-10082,29,83,89,23
INV-609271,2024-10-01,FAC-003,HW-CW-10082,17,81,73,25
INV-609272,2024-11-01,FAC-003,HW-CW-10082,19,64,65,18
INV-609273,2024-12-01,FAC-003,HW-CW-10082,16,71,81,6
INV-609274,2025-01-01,FAC-003,HW-CW-10082,13,67,75,5
INV-609275,2025-02-01,FAC-003,HW-CW-10082,19,62,65,16
INV-609276,2025-03-01,FAC-003,HW-CW-10082,22,70,71,21
INV-609277,2025-04-01,FAC-003,HW-CW-10082,22,58,63,17
INV-609278,2025-05-01,FAC-003,HW-CW-10082,18,58,69,7
INV-609279,2025-06-01,FAC-003,HW-CW-10082,16,61,70,7
INV-609280,2025-07-01,FAC-003,HW-CW-10082,17,50,63,4
INV-609281,2025-08-01,FAC-003,HW-CW-10082,13,61,60,14
INV-609282,2025-09-01,FAC-003,HW-CW-10082,35,82,110,7
INV-609283,2025-10-01,FAC-003,HW-CW-10082,31,85,106,10
INV-609284,2025-11-01,FAC-003,HW-CW-10082,14,60,55,19
INV-609285,2025-12-01,FAC-003,HW-CW-10082,27,64,84,7
INV-609286,2026-01-01,FAC-003,HW-CW-10082,14,58,59,13
INV-609287,2026-02-01,FAC-003,HW-CW-10082,25,71,81,15
INV-609288,2026-03-01,FAC-003,HW-CW-10082,15,67,69,13
INV-609289,2023-04-01,FAC-003,HW-CW-10083,14,43,46,11
INV-609290,2023-05-01,FAC-003,HW-CW-10083,17,50,57,10
INV-609291,2023-06-01,FAC-003,HW-CW-10083,16,55,60,11
INV-609292,2023-07-01,FAC-003,HW-CW-10083,14,36,40,10
INV-609293,2023-08-01,FAC-003,HW-CW-10083,12,46,43,15
INV-609294,2023-09-01,FAC-003,HW-CW-10083,27,62,72,17
INV-609295,2023-10-01,FAC-003,HW-CW-10083,14,61,60,15
INV-609296,2023-11-01,FAC-003,HW-CW-10083,14,43,45,12
INV-609297,2023-12-01,FAC-003,HW-CW-10083,11,50,50,11
INV-609298,2024-01-01,FAC-003,HW-CW-10083,10,51,50,11
INV-609299,2024-02-01,FAC-003,HW-CW-10083,12,47,51,8
INV-609300,2024-03-01,FAC-003,HW-CW-10083,18,51,53,16
INV-609301,2024-04-01,FAC-003,HW-CW-10083,11,46,48,9
INV-609302,2024-05-01,FAC-003,HW-CW-10083,13,49,56,6
INV-609303,2024-06-01,FAC-003,HW-CW-10083,19,43,47,15
INV-609304,2024-07-01,FAC-003,HW-CW-10083,13,45,53,5
INV-609305,2024-08-01,FAC-003,HW-CW-10083,10,37,38,9
INV-609306,2024-09-01,FAC-003,HW-CW-10083,35,80,90,25
INV-609307,2024-10-01,FAC-003,HW-CW-10083,24,72,74,22
INV-609308,2024-11-01,FAC-003,HW-CW-10083,20,45,54,11
INV-609309,2024-12-01,FAC-003,HW-CW-10083,11,44,44,11
INV-609310,2025-01-01,FAC-003,HW-CW-10083,14,50,53,11
INV-609311,2025-02-01,FAC-003,HW-CW-10083,12,44,42,14
INV-609312,2025-03-01,FAC-003,HW-CW-10083,13,55,61,7
INV-609313,2025-04-01,FAC-003,HW-CW-10083,14,47,49,12
INV-609314,2025-05-01,FAC-003,HW-CW-10083,21,52,58,15
INV-609315,2025-06-01,FAC-003,HW-CW-10083,17,46,49,14
INV-609316,2025-07-01,FAC-003,HW-CW-10083,9,44,46,7
INV-609317,2025-08-01,FAC-003,HW-CW-10083,9,42,44,7
INV-609318,2025-09-01,FAC-003,HW-CW-10083,17,68,69,16
INV-609319,2025-10-01,FAC-003,HW-CW-10083,15,69,79,5
INV-609320,2025-11-01,FAC-003,HW-CW-10083,11,52,57,6
INV-609321,2025-12-01,FAC-003,HW-CW-10083,16,47,50,13
INV-609322,2026-01-01,FAC-003,HW-CW-10083,20,53,62,11
INV-609323,2026-02-01,FAC-003,HW-CW-10083,12,46,47,11
INV-609324,2026-03-01,FAC-003,HW-CW-10083,12,44,49,7
INV-609325,2023-04-01,FAC-003,HW-CW-10084,18,73,83,8
INV-609326,2023-05-01,FAC-003,HW-CW-10084,26,86,84,28
INV-609327,2023-06-01,FAC-003,HW-CW-10084,32,81,85,28
INV-609328,2023-07-01,FAC-003,HW-CW-10084,23,67,74,16
INV-609329,2023-08-01,FAC-003,HW-CW-10084,21,70,80,11
INV-609330,2023-09-01,FAC-003,HW-CW-10084,28,108,118,18
INV-609331,2023-10-01,FAC-003,HW-CW-10084,50,115,136,29
INV-609332,2023-11-01,FAC-003,HW-CW-10084,29,66,83,12
INV-609333,2023-12-01,FAC-003,HW-CW-10084,19,87,86,20
INV-609334,2024-01-01,FAC-003,HW-CW-10084,27,68,87,8
INV-609335,2024-02-01,FAC-003,HW-CW-10084,18,77,73,22
INV-609336,2024-03-01,FAC-003,HW-CW-10084,25,79,92,12
INV-609337,2024-04-01,FAC-003,HW-CW-10084,21,72,70,23
INV-609338,2024-05-01,FAC-003,HW-CW-10084,24,79,96,7
INV-609339,2024-06-01,FAC-003,HW-CW-10084,23,80,82,21
INV-609340,2024-07-01,FAC-003,HW-CW-10084,14,73,70,17
INV-609341,2024-08-01,FAC-003,HW-CW-10084,26,74,85,15
INV-609342,2024-09-01,FAC-003,HW-CW-10084,40,98,109,29
INV-609343,2024-10-01,FAC-003,HW-CW-10084,24,99,96,27
INV-609344,2024-11-01,FAC-003,HW-CW-10084,30,87,102,15
INV-609345,2024-12-01,FAC-003,HW-CW-10084,22,87,81,28
INV-609346,2025-01-01,FAC-003,HW-CW-10084,25,79,87,17
INV-609347,2025-02-01,FAC-003,HW-CW-10084,20,66,69,17
INV-609348,2025-03-01,FAC-003,HW-CW-10084,18,71,72,17
INV-609349,2025-04-01,FAC-003,HW-CW-10084,20,73,87,6
INV-609350,2025-05-01,FAC-003,HW-CW-10084,29,86,108,7
INV-609351,2025-06-01,FAC-003,HW-CW-10084,25,88,94,19
INV-609352,2025-07-01,FAC-003,HW-CW-10084,26,74,79,21
INV-609353,2025-08-01,FAC-003,HW-CW-10084,17,69,70,16
INV-609354,2025-09-01,FAC-003,HW-CW-10084,25,98,92,31
INV-609355,2025-10-01,FAC-003,HW-CW-10084,32,120,116,36
INV-609356,2025-11-01,FAC-003,HW-CW-10084,22,67,84,5
INV-609357,2025-12-01,FAC-003,HW-CW-10084,15,68,69,14
INV-609358,2026-01-01,FAC-003,HW-CW-10084,21,78,80,19
INV-609359,2026-02-01,FAC-003,HW-CW-10084,20,75,88,7
INV-609360,2026-03-01,FAC-003,HW-CW-10084,17,66,75,8
INV-609361,2023-04-01,FAC-003,HW-CW-10085,19,44,55,8
INV-609362,2023-05-01,FAC-003,HW-CW-10085,14,46,48,12
INV-609363,2023-06-01,FAC-003,HW-CW-10085,12,44,48,8
INV-609364,2023-07-01,FAC-003,HW-CW-10085,13,46,48,11
INV-609365,2023-08-01,FAC-003,HW-CW-10085,15,42,51,6
INV-609366,2023-09-01,FAC-003,HW-CW-10085,22,66,72,16
INV-609367,2023-10-01,FAC-003,HW-CW-10085,17,74,72,19
INV-609368,2023-11-01,FAC-003,HW-CW-10085,20,48,58,10
INV-609369,2023-12-01,FAC-003,HW-CW-10085,12,56,57,11
INV-609370,2024-01-01,FAC-003,HW-CW-10085,16,48,58,6
INV-609371,2024-02-01,FAC-003,HW-CW-10085,20,55,65,10
INV-609372,2024-03-01,FAC-003,HW-CW-10085,16,56,65,7
INV-609373,2024-04-01,FAC-003,HW-CW-10085,18,56,66,8
INV-609374,2024-05-01,FAC-003,HW-CW-10085,11,48,51,8
INV-609375,2024-06-01,FAC-003,HW-CW-10085,14,45,54,5
INV-609376,2024-07-01,FAC-003,HW-CW-10085,7,37,38,6
INV-609377,2024-08-01,FAC-003,HW-CW-10085,12,40,43,9
INV-609378,2024-09-01,FAC-003,HW-CW-10085,12,61,67,6
INV-609379,2024-10-01,FAC-003,HW-CW-10085,19,64,78,5
INV-609380,2024-11-01,FAC-003,HW-CW-10085,12,54,56,10
INV-609381,2024-12-01,FAC-003,HW-CW-10085,19,53,64,8
INV-609382,2025-01-01,FAC-003,HW-CW-10085,11,49,50,10
INV-609383,2025-02-01,FAC-003,HW-CW-10085,18,52,53,17
INV-609384,2025-03-01,FAC-003,HW-CW-10085,18,43,47,14
INV-609385,2025-04-01,FAC-003,HW-CW-10085,18,46,53,11
INV-609386,2025-05-01,FAC-003,HW-CW-10085,14,45,50,9
INV-609387,2025-06-01,FAC-003,HW-CW-10085,21,49,56,14
INV-609388,2025-07-01,FAC-003,HW-CW-10085,10,44,44,10
INV-609389,2025-08-01,FAC-003,HW-CW-10085,11,45,48,8
INV-609390,2025-09-01,FAC-003,HW-CW-10085,13,62,64,11
INV-609391,2025-10-01,FAC-003,HW-CW-10085,16,73,83,6
INV-609392,2025-11-01,FAC-003,HW-CW-10085,10,45,43,12
INV-609393,2025-12-01,FAC-003,HW-CW-10085,10,45,50,5
INV-609394,2026-01-01,FAC-003,HW-CW-10085,14,49,59,4
INV-609395,2026-02-01,FAC-003,HW-CW-10085,11,48,47,12
INV-609396,2026-03-01,FAC-003,HW-CW-10085,14,46,48,12
INV-609397,2023-04-01,FAC-003,HW-CW-10086,26,67,82,11
INV-609398,2023-05-01,FAC-003,HW-CW-10086,13,58,60,11
INV-609399,2023-06-01,FAC-003,HW-CW-10086,12,58,59,11
INV-609400,2023-07-01,FAC-003,HW-CW-10086,19,51,56,14
INV-609401,2023-08-01,FAC-003,HW-CW-10086,24,62,65,21
INV-609402,2023-09-01,FAC-003,HW-CW-10086,30,89,105,14
INV-609403,2023-10-01,FAC-003,HW-CW-10086,28,89,96,21
INV-609404,2023-11-01,FAC-003,HW-CW-10086,25,59,68,16
INV-609405,2023-12-01,FAC-003,HW-CW-10086,13,55,62,6
INV-609406,2024-01-01,FAC-003,HW-CW-10086,25,65,82,8
INV-609407,2024-02-01,FAC-003,HW-CW-10086,23,70,73,20
INV-609408,2024-03-01,FAC-003,HW-CW-10086,19,57,62,14
INV-609409,2024-04-01,FAC-003,HW-CW-10086,21,65,74,12
INV-609410,2024-05-01,FAC-003,HW-CW-10086,11,55,59,7
INV-609411,2024-06-01,FAC-003,HW-CW-10086,21,58,67,12
INV-609412,2024-07-01,FAC-003,HW-CW-10086,25,62,72,15
INV-609413,2024-08-01,FAC-003,HW-CW-10086,12,56,56,12
INV-609414,2024-09-01,FAC-003,HW-CW-10086,33,95,108,20
INV-609415,2024-10-01,FAC-003,HW-CW-10086,32,80,90,22
INV-609416,2024-11-01,FAC-003,HW-CW-10086,24,70,77,17
INV-609417,2024-12-01,FAC-003,HW-CW-10086,14,55,64,5
INV-609418,2025-01-01,FAC-003,HW-CW-10086,24,70,79,15
INV-609419,2025-02-01,FAC-003,HW-CW-10086,20,66,75,11
INV-609420,2025-03-01,FAC-003,HW-CW-10086,24,60,74,10
INV-609421,2025-04-01,FAC-003,HW-CW-10086,24,60,71,13
INV-609422,2025-05-01,FAC-003,HW-CW-10086,12,57,61,8
INV-609423,2025-06-01,FAC-003,HW-CW-10086,28,71,87,12
INV-609424,2025-07-01,FAC-003,HW-CW-10086,10,48,47,11
INV-609425,2025-08-01,FAC-003,HW-CW-10086,26,60,68,18
INV-609426,2025-09-01,FAC-003,HW-CW-10086,32,96,96,32
INV-609427,2025-10-01,FAC-003,HW-CW-10086,36,90,101,25
INV-609428,2025-11-01,FAC-003,HW-CW-10086,18,71,68,21
INV-609429,2025-12-01,FAC-003,HW-CW-10086,23,57,66,14
INV-609430,2026-01-01,FAC-003,HW-CW-10086,22,69,76,15
INV-609431,2026-02-01,FAC-003,HW-CW-10086,21,69,81,9
INV-609432,2026-03-01,FAC-003,HW-CW-10086,20,56,67,9
INV-609433,2023-04-01,FAC-003,HW-CW-10087,15,45,50,10
INV-609434,2023-05-01,FAC-003,HW-CW-10087,10,48,45,13
INV-609435,2023-06-01,FAC-003,HW-CW-10087,21,55,62,14
INV-609436,2023-07-01,FAC-003,HW-CW-10087,10,46,48,8
INV-609437,2023-08-01,FAC-003,HW-CW-10087,19,47,54,12
INV-609438,2023-09-01,FAC-003,HW-CW-10087,23,75,89,9
INV-609439,2023-10-01,FAC-003,HW-CW-10087,27,70,74,23
INV-609440,2023-11-01,FAC-003,HW-CW-10087,17,51,59,9
INV-609441,2023-12-01,FAC-003,HW-CW-10087,22,52,67,7
INV-609442,2024-01-01,FAC-003,HW-CW-10087,18,45,48,15
INV-609443,2024-02-01,FAC-003,HW-CW-10087,21,51,55,17
INV-609444,2024-03-01,FAC-003,HW-CW-10087,21,55,64,12
INV-609445,2024-04-01,FAC-003,HW-CW-10087,14,47,57,4
INV-609446,2024-05-01,FAC-003,HW-CW-10087,15,45,45,15
INV-609447,2024-06-01,FAC-003,HW-CW-10087,17,45,50,12
INV-609448,2024-07-01,FAC-003,HW-CW-10087,15,48,53,10
INV-609449,2024-08-01,FAC-003,HW-CW-10087,15,36,40,11
INV-609450,2024-09-01,FAC-003,HW-CW-10087,20,70,74,16
INV-609451,2024-10-01,FAC-003,HW-CW-10087,26,73,77,22
INV-609452,2024-11-01,FAC-003,HW-CW-10087,19,49,57,11
INV-609453,2024-12-01,FAC-003,HW-CW-10087,12,44,44,12
INV-609454,2025-01-01,FAC-003,HW-CW-10087,12,44,48,8
INV-609455,2025-02-01,FAC-003,HW-CW-10087,15,43,55,3
INV-609456,2025-03-01,FAC-003,HW-CW-10087,22,56,62,16
INV-609457,2025-04-01,FAC-003,HW-CW-10087,17,42,44,15
INV-609458,2025-05-01,FAC-003,HW-CW-10087,15,45,47,13
INV-609459,2025-06-01,FAC-003,HW-CW-10087,21,55,68,8
INV-609460,2025-07-01,FAC-003,HW-CW-10087,11,46,51,6
INV-609461,2025-08-01,FAC-003,HW-CW-10087,14,40,41,13
INV-609462,2025-09-01,FAC-003,HW-CW-10087,32,74,80,26
INV-609463,2025-10-01,FAC-003,HW-CW-10087,14,61,62,13
INV-609464,2025-11-01,FAC-003,HW-CW-10087,18,46,54,10
INV-609465,2025-12-01,FAC-003,HW-CW-10087,18,49,55,12
INV-609466,2026-01-01,FAC-003,HW-CW-10087,18,47,58,7
INV-609467,2026-02-01,FAC-003,HW-CW-10087,9,42,40,11
INV-609468,2026-03-01,FAC-003,HW-CW-10087,12,47,52,7
INV-609469,2023-04-01,FAC-003,HW-CW-10089,14,50,54,10
INV-609470,2023-05-01,FAC-003,HW-CW-10089,21,51,56,16
INV-609471,2023-06-01,FAC-003,HW-CW-10089,15,43,48,10
INV-609472,2023-07-01,FAC-003,HW-CW-10089,8,38,39,7
INV-609473,2023-08-01,FAC-003,HW-CW-10089,17,39,46,10
INV-609474,2023-09-01,FAC-003,HW-CW-10089,22,63,67,18
INV-609475,2023-10-01,FAC-003,HW-CW-10089,22,69,76,15
INV-609476,2023-11-01,FAC-003,HW-CW-10089,13,54,62,5
INV-609477,2023-12-01,FAC-003,HW-CW-10089,15,54,54,15
INV-609478,2024-01-01,FAC-003,HW-CW-10089,13,46,50,9
INV-609479,2024-02-01,FAC-003,HW-CW-10089,18,43,46,15
INV-609480,2024-03-01,FAC-003,HW-CW-10089,10,46,44,12
INV-609481,2024-04-01,FAC-003,HW-CW-10089,19,55,58,16
INV-609482,2024-05-01,FAC-003,HW-CW-10089,22,55,69,8
INV-609483,2024-06-01,FAC-003,HW-CW-10089,19,55,62,12
INV-609484,2024-07-01,FAC-003,HW-CW-10089,10,40,43,7
INV-609485,2024-08-01,FAC-003,HW-CW-10089,16,47,58,5
INV-609486,2024-09-01,FAC-003,HW-CW-10089,24,66,79,11
INV-609487,2024-10-01,FAC-003,HW-CW-10089,26,73,78,21
INV-609488,2024-11-01,FAC-003,HW-CW-10089,19,44,47,16
INV-609489,2024-12-01,FAC-003,HW-CW-10089,15,49,52,12
INV-609490,2025-01-01,FAC-003,HW-CW-10089,20,54,68,6
INV-609491,2025-02-01,FAC-003,HW-CW-10089,16,48,59,5
INV-609492,2025-03-01,FAC-003,HW-CW-10089,25,57,73,9
INV-609493,2025-04-01,FAC-003,HW-CW-10089,9,44,48,5
INV-609494,2025-05-01,FAC-003,HW-CW-10089,21,55,61,15
INV-609495,2025-06-01,FAC-003,HW-CW-10089,14,52,55,11
INV-609496,2025-07-01,FAC-003,HW-CW-10089,17,41,46,12
INV-609497,2025-08-01,FAC-003,HW-CW-10089,12,43,48,7
INV-609498,2025-09-01,FAC-003,HW-CW-10089,30,71,77,24
INV-609499,2025-10-01,FAC-003,HW-CW-10089,25,64,73,16
INV-609500,2025-11-01,FAC-003,HW-CW-10089,14,44,51,7
INV-609501,2025-12-01,FAC-003,HW-CW-10089,11,43,49,5
INV-609502,2026-01-01,FAC-003,HW-CW-10089,10,50,48,12
INV-609503,2026-02-01,FAC-003,HW-CW-10089,12,52,58,6
INV-609504,2026-03-01,FAC-003,HW-CW-10089,16,52,63,5
INV-609505,2023-04-01,FAC-003,HW-CW-10090,20,55,64,11
INV-609506,2023-05-01,FAC-003,HW-CW-10090,16,57,60,13
INV-609507,2023-06-01,FAC-003,HW-CW-10090,21,56,67,10
INV-609508,2023-07-01,FAC-003,HW-CW-10090,14,50,52,12
INV-609509,2023-08-01,FAC-003,HW-CW-10090,10,47,45,12
INV-609510,2023-09-01,FAC-003,HW-CW-10090,26,79,94,11
INV-609511,2023-10-01,FAC-003,HW-CW-10090,35,81,106,10
INV-609512,2023-11-01,FAC-003,HW-CW-10090,28,68,83,13
INV-609513,2023-12-01,FAC-003,HW-CW-10090,14,61,67,8
INV-609514,2024-01-01,FAC-003,HW-CW-10090,19,61,71,9
INV-609515,2024-02-01,FAC-003,HW-CW-10090,19,58,63,14
INV-609516,2024-03-01,FAC-003,HW-CW-10090,26,63,81,8
INV-609517,2024-04-01,FAC-003,HW-CW-10090,13,65,72,6
INV-609518,2024-05-01,FAC-003,HW-CW-10090,23,55,61,17
INV-609519,2024-06-01,FAC-003,HW-CW-10090,22,58,70,10
INV-609520,2024-07-01,FAC-003,HW-CW-10090,18,49,57,10
INV-609521,2024-08-01,FAC-003,HW-CW-10090,16,47,49,14
INV-609522,2024-09-01,FAC-003,HW-CW-10090,17,88,90,15
INV-609523,2024-10-01,FAC-003,HW-CW-10090,22,81,87,16
INV-609524,2024-11-01,FAC-003,HW-CW-10090,27,62,81,8
INV-609525,2024-12-01,FAC-003,HW-CW-10090,20,63,68,15
INV-609526,2025-01-01,FAC-003,HW-CW-10090,14,51,59,6
INV-609527,2025-02-01,FAC-003,HW-CW-10090,17,57,59,15
INV-609528,2025-03-01,FAC-003,HW-CW-10090,11,55,57,9
INV-609529,2025-04-01,FAC-003,HW-CW-10090,20,59,67,12
INV-609530,2025-05-01,FAC-003,HW-CW-10090,25,65,81,9
INV-609531,2025-06-01,FAC-003,HW-CW-10090,17,59,71,5
INV-609532,2025-07-01,FAC-003,HW-CW-10090,10,44,45,9
INV-609533,2025-08-01,FAC-003,HW-CW-10090,10,52,55,7
INV-609534,2025-09-01,FAC-003,HW-CW-10090,27,85,93,19
INV-609535,2025-10-01,FAC-003,HW-CW-10090,20,84,80,24
INV-609536,2025-11-01,FAC-003,HW-CW-10090,21,56,66,11
INV-609537,2025-12-01,FAC-003,HW-CW-10090,20,59,68,11
INV-609538,2026-01-01,FAC-003,HW-CW-10090,12,56,63,5
INV-609539,2026-02-01,FAC-003,HW-CW-10090,22,61,69,14
INV-609540,2026-03-01,FAC-003,HW-CW-10090,22,64,65,21
INV-609541,2023-04-01,FAC-003,HW-CW-10091,14,61,57,18
INV-609542,2023-05-01,FAC-003,HW-CW-10091,25,69,83,11
INV-609543,2023-06-01,FAC-003,HW-CW-10091,20,73,80,13
INV-609544,2023-07-01,FAC-003,HW-CW-10091,25,57,66,16
INV-609545,2023-08-01,FAC-003,HW-CW-10091,14,62,68,8
INV-609546,2023-09-01,FAC-003,HW-CW-10091,37,94,99,32
INV-609547,2023-10-01,FAC-003,HW-CW-10091,17,79,83,13
INV-609548,2023-11-01,FAC-003,HW-CW-10091,28,67,80,15
INV-609549,2023-12-01,FAC-003,HW-CW-10091,14,56,52,18
INV-609550,2024-01-01,FAC-003,HW-CW-10091,28,70,93,5
INV-609551,2024-02-01,FAC-003,HW-CW-10091,12,63,59,16
INV-609552,2024-03-01,FAC-003,HW-CW-10091,29,66,73,22
INV-609553,2024-04-01,FAC-003,HW-CW-10091,21,57,68,10
INV-609554,2024-05-01,FAC-003,HW-CW-10091,24,60,65,19
INV-609555,2024-06-01,FAC-003,HW-CW-10091,18,73,69,22
INV-609556,2024-07-01,FAC-003,HW-CW-10091,12,52,54,10
INV-609557,2024-08-01,FAC-003,HW-CW-10091,18,58,67,9
INV-609558,2024-09-01,FAC-003,HW-CW-10091,18,87,99,6
INV-609559,2024-10-01,FAC-003,HW-CW-10091,21,99,100,20
INV-609560,2024-11-01,FAC-003,HW-CW-10091,16,67,71,12
INV-609561,2024-12-01,FAC-003,HW-CW-10091,16,65,63,18
INV-609562,2025-01-01,FAC-003,HW-CW-10091,19,70,71,18
INV-609563,2025-02-01,FAC-003,HW-CW-10091,26,69,76,19
INV-609564,2025-03-01,FAC-003,HW-CW-10091,26,72,80,18
INV-609565,2025-04-01,FAC-003,HW-CW-10091,24,63,68,19
INV-609566,2025-05-01,FAC-003,HW-CW-10091,23,64,74,13
INV-609567,2025-06-01,FAC-003,HW-CW-10091,22,67,70,19
INV-609568,2025-07-01,FAC-003,HW-CW-10091,17,53,63,7
INV-609569,2025-08-01,FAC-003,HW-CW-10091,17,57,69,5
INV-609570,2025-09-01,FAC-003,HW-CW-10091,20,80,81,19
INV-609571,2025-10-01,FAC-003,HW-CW-10091,29,83,84,28
INV-609572,2025-11-01,FAC-003,HW-CW-10091,15,58,64,9
INV-609573,2025-12-01,FAC-003,HW-CW-10091,28,72,78,22
INV-609574,2026-01-01,FAC-003,HW-CW-10091,13,66,64,15
INV-609575,2026-02-01,FAC-003,HW-CW-10091,21,70,70,21
INV-609576,2026-03-01,FAC-003,HW-CW-10091,15,63,64,14
INV-609577,2023-04-01,FAC-003,HW-CW-10092,20,47,57,10
INV-609578,2023-05-01,FAC-003,HW-CW-10092,21,55,67,9
INV-609579,2023-06-01,FAC-003,HW-CW-10092,9,49,50,8
INV-609580,2023-07-01,FAC-003,HW-CW-10092,9,40,41,8
INV-609581,2023-08-01,FAC-003,HW-CW-10092,19,45,52,12
INV-609582,2023-09-01,FAC-003,HW-CW-10092,28,70,80,18
INV-609583,2023-10-01,FAC-003,HW-CW-10092,16,62,72,6
INV-609584,2023-11-01,FAC-003,HW-CW-10092,12,44,47,9
INV-609585,2023-12-01,FAC-003,HW-CW-10092,23,55,65,13
INV-609586,2024-01-01,FAC-003,HW-CW-10092,13,56,53,16
INV-609587,2024-02-01,FAC-003,HW-CW-10092,18,56,58,16
INV-609588,2024-03-01,FAC-003,HW-CW-10092,19,49,62,6
INV-609589,2024-04-01,FAC-003,HW-CW-10092,18,55,67,6
INV-609590,2024-05-01,FAC-003,HW-CW-10092,17,50,60,7
INV-609591,2024-06-01,FAC-003,HW-CW-10092,10,48,47,11
INV-609592,2024-07-01,FAC-003,HW-CW-10092,10,44,42,12
INV-609593,2024-08-01,FAC-003,HW-CW-10092,8,39,42,5
INV-609594,2024-09-01,FAC-003,HW-CW-10092,14,64,69,9
INV-609595,2024-10-01,FAC-003,HW-CW-10092,15,77,73,19
INV-609596,2024-11-01,FAC-003,HW-CW-10092,16,56,67,5
INV-609597,2024-12-01,FAC-003,HW-CW-10092,11,46,45,12
INV-609598,2025-01-01,FAC-003,HW-CW-10092,18,43,57,4
INV-609599,2025-02-01,FAC-003,HW-CW-10092,23,56,72,7
INV-609600,2025-03-01,FAC-003,HW-CW-10092,21,52,57,16
INV-609601,2025-04-01,FAC-003,HW-CW-10092,17,48,60,5
INV-609602,2025-05-01,FAC-003,HW-CW-10092,21,52,61,12
INV-609603,2025-06-01,FAC-003,HW-CW-10092,23,53,59,17
INV-609604,2025-07-01,FAC-003,HW-CW-10092,15,47,54,8
INV-609605,2025-08-01,FAC-003,HW-CW-10092,14,47,50,11
INV-609606,2025-09-01,FAC-003,HW-CW-10092,14,70,71,13
INV-609607,2025-10-01,FAC-003,HW-CW-10092,28,65,71,22
INV-609608,2025-11-01,FAC-003,HW-CW-10092,21,49,65,5
INV-609609,2025-12-01,FAC-003,HW-CW-10092,18,53,57,14
INV-609610,2026-01-01,FAC-003,HW-CW-10092,10,48,52,6
INV-609611,2026-02-01,FAC-003,HW-CW-10092,17,47,52,12
INV-609612,2026-03-01,FAC-003,HW-CW-10092,16,49,59,6
INV-609613,2023-04-01,FAC-003,HW-CW-10093,16,70,65,21
INV-609614,2023-05-01,FAC-003,HW-CW-10093,18,75,70,23
INV-609615,2023-06-01,FAC-003,HW-CW-10093,27,81,83,25
INV-609616,2023-07-01,FAC-003,HW-CW-10093,12,53,54,11
INV-609617,2023-08-01,FAC-003,HW-CW-10093,23,65,68,20
INV-609618,2023-09-01,FAC-003,HW-CW-10093,31,106,115,22
INV-609619,2023-10-01,FAC-003,HW-CW-10093,31,111,110,32
INV-609620,2023-11-01,FAC-003,HW-CW-10093,20,81,81,20
INV-609621,2023-12-01,FAC-003,HW-CW-10093,28,77,95,10
INV-609622,2024-01-01,FAC-003,HW-CW-10093,19,66,65,20
INV-609623,2024-02-01,FAC-003,HW-CW-10093,19,73,81,11
INV-609624,2024-03-01,FAC-003,HW-CW-10093,13,62,62,13
INV-609625,2024-04-01,FAC-003,HW-CW-10093,35,83,111,7
INV-609626,2024-05-01,FAC-003,HW-CW-10093,15,71,69,17
INV-609627,2024-06-01,FAC-003,HW-CW-10093,17,76,75,18
INV-609628,2024-07-01,FAC-003,HW-CW-10093,16,53,54,15
INV-609629,2024-08-01,FAC-003,HW-CW-10093,16,54,57,13
INV-609630,2024-09-01,FAC-003,HW-CW-10093,39,103,109,33
INV-609631,2024-10-01,FAC-003,HW-CW-10093,22,111,111,22
INV-609632,2024-11-01,FAC-003,HW-CW-10093,32,74,91,15
INV-609633,2024-12-01,FAC-003,HW-CW-10093,21,65,71,15
INV-609634,2025-01-01,FAC-003,HW-CW-10093,17,72,75,14
INV-609635,2025-02-01,FAC-003,HW-CW-10093,25,65,78,12
INV-609636,2025-03-01,FAC-003,HW-CW-10093,26,63,77,12
INV-609637,2025-04-01,FAC-003,HW-CW-10093,14,68,71,11
INV-609638,2025-05-01,FAC-003,HW-CW-10093,29,70,74,25
INV-609639,2025-06-01,FAC-003,HW-CW-10093,27,62,83,6
INV-609640,2025-07-01,FAC-003,HW-CW-10093,20,53,57,16
INV-609641,2025-08-01,FAC-003,HW-CW-10093,27,65,70,22
INV-609642,2025-09-01,FAC-003,HW-CW-10093,19,94,85,28
INV-609643,2025-10-01,FAC-003,HW-CW-10093,34,87,97,24
INV-609644,2025-11-01,FAC-003,HW-CW-10093,28,72,84,16
INV-609645,2025-12-01,FAC-003,HW-CW-10093,14,71,73,12
INV-609646,2026-01-01,FAC-003,HW-CW-10093,25,64,71,18
INV-609647,2026-02-01,FAC-003,HW-CW-10093,27,76,89,14
INV-609648,2026-03-01,FAC-003,HW-CW-10093,17,67,77,7
INV-609649,2023-04-01,FAC-003,HW-CW-10094,19,54,66,7
INV-609650,2023-05-01,FAC-003,HW-CW-10094,20,57,66,11
INV-609651,2023-06-01,FAC-003,HW-CW-10094,18,52,63,7
INV-609652,2023-07-01,FAC-003,HW-CW-10094,12,58,61,9
INV-609653,2023-08-01,FAC-003,HW-CW-10094,9,49,50,8
INV-609654,2023-09-01,FAC-003,HW-CW-10094,21,74,76,19
INV-609655,2023-10-01,FAC-003,HW-CW-10094,25,80,86,19
INV-609656,2023-11-01,FAC-003,HW-CW-10094,15,60,65,10
INV-609657,2023-12-01,FAC-003,HW-CW-10094,16,66,69,13
INV-609658,2024-01-01,FAC-003,HW-CW-10094,21,62,68,15
INV-609659,2024-02-01,FAC-003,HW-CW-10094,12,62,60,14
INV-609660,2024-03-01,FAC-003,HW-CW-10094,12,60,61,11
INV-609661,2024-04-01,FAC-003,HW-CW-10094,24,62,66,20
INV-609662,2024-05-01,FAC-003,HW-CW-10094,23,68,74,17
INV-609663,2024-06-01,FAC-003,HW-CW-10094,18,55,67,6
INV-609664,2024-07-01,FAC-003,HW-CW-10094,18,51,56,13
INV-609665,2024-08-01,FAC-003,HW-CW-10094,13,49,55,7
INV-609666,2024-09-01,FAC-003,HW-CW-10094,19,80,81,18
INV-609667,2024-10-01,FAC-003,HW-CW-10094,35,92,103,24
INV-609668,2024-11-01,FAC-003,HW-CW-10094,14,67,61,20
INV-609669,2024-12-01,FAC-003,HW-CW-10094,12,53,49,16
INV-609670,2025-01-01,FAC-003,HW-CW-10094,21,62,73,10
INV-609671,2025-02-01,FAC-003,HW-CW-10094,24,63,68,19
INV-609672,2025-03-01,FAC-003,HW-CW-10094,21,62,77,6
INV-609673,2025-04-01,FAC-003,HW-CW-10094,11,55,58,8
INV-609674,2025-05-01,FAC-003,HW-CW-10094,17,64,69,12
INV-609675,2025-06-01,FAC-003,HW-CW-10094,22,52,57,17
INV-609676,2025-07-01,FAC-003,HW-CW-10094,9,44,44,9
INV-609677,2025-08-01,FAC-003,HW-CW-10094,16,44,55,5
INV-609678,2025-09-01,FAC-003,HW-CW-10094,27,77,78,26
INV-609679,2025-10-01,FAC-003,HW-CW-10094,22,81,81,22
INV-609680,2025-11-01,FAC-003,HW-CW-10094,14,62,70,6
INV-609681,2025-12-01,FAC-003,HW-CW-10094,23,62,79,6
INV-609682,2026-01-01,FAC-003,HW-CW-10094,22,67,75,14
INV-609683,2026-02-01,FAC-003,HW-CW-10094,21,57,66,12
INV-609684,2026-03-01,FAC-003,HW-CW-10094,17,67,68,16
INV-609685,2023-04-01,FAC-003,HW-CW-10095,12,54,55,11
INV-609686,2023-05-01,FAC-003,HW-CW-10095,10,48,48,10
INV-609687,2023-06-01,FAC-003,HW-CW-10095,10,50,51,9
INV-609688,2023-07-01,FAC-003,HW-CW-10095,21,48,59,10
INV-609689,2023-08-01,FAC-003,HW-CW-10095,11,42,50,3
INV-609690,2023-09-01,FAC-003,HW-CW-10095,20,65,63,22
INV-609691,2023-10-01,FAC-003,HW-CW-10095,14,66,71,9
INV-609692,2023-11-01,FAC-003,HW-CW-10095,17,50,54,13
INV-609693,2023-12-01,FAC-003,HW-CW-10095,10,54,52,12
INV-609694,2024-01-01,FAC-003,HW-CW-10095,22,52,58,16
INV-609695,2024-02-01,FAC-003,HW-CW-10095,16,50,61,5
INV-609696,2024-03-01,FAC-003,HW-CW-10095,13,43,44,12
INV-609697,2024-04-01,FAC-003,HW-CW-10095,9,42,48,3
INV-609698,2024-05-01,FAC-003,HW-CW-10095,19,45,50,14
INV-609699,2024-06-01,FAC-003,HW-CW-10095,20,56,58,18
INV-609700,2024-07-01,FAC-003,HW-CW-10095,12,43,45,10
INV-609701,2024-08-01,FAC-003,HW-CW-10095,12,41,46,7
INV-609702,2024-09-01,FAC-003,HW-CW-10095,21,75,89,7
INV-609703,2024-10-01,FAC-003,HW-CW-10095,16,79,71,24
INV-609704,2024-11-01,FAC-003,HW-CW-10095,16,48,51,13
INV-609705,2024-12-01,FAC-003,HW-CW-10095,17,46,54,9
INV-609706,2025-01-01,FAC-003,HW-CW-10095,18,45,55,8
INV-609707,2025-02-01,FAC-003,HW-CW-10095,17,47,49,15
INV-609708,2025-03-01,FAC-003,HW-CW-10095,11,49,45,15
INV-609709,2025-04-01,FAC-003,HW-CW-10095,11,47,50,8
INV-609710,2025-05-01,FAC-003,HW-CW-10095,12,52,48,16
INV-609711,2025-06-01,FAC-003,HW-CW-10095,10,54,52,12
INV-609712,2025-07-01,FAC-003,HW-CW-10095,16,42,53,5
INV-609713,2025-08-01,FAC-003,HW-CW-10095,11,45,50,6
INV-609714,2025-09-01,FAC-003,HW-CW-10095,16,64,68,12
INV-609715,2025-10-01,FAC-003,HW-CW-10095,15,73,67,21
INV-609716,2025-11-01,FAC-003,HW-CW-10095,22,54,66,10
INV-609717,2025-12-01,FAC-003,HW-CW-10095,19,48,60,7
INV-609718,2026-01-01,FAC-003,HW-CW-10095,14,51,51,14
INV-609719,2026-02-01,FAC-003,HW-CW-10095,13,48,49,12
INV-609720,2026-03-01,FAC-003,HW-CW-10095,12,50,56,6
INV-609721,2023-04-01,FAC-003,HW-CW-10096,22,57,66,13
INV-609722,2023-05-01,FAC-003,HW-CW-10096,17,55,66,6
INV-609723,2023-06-01,FAC-003,HW-CW-10096,23,66,80,9
INV-609724,2023-07-01,FAC-003,HW-CW-10096,17,42,55,4
INV-609725,2023-08-01,FAC-003,HW-CW-10096,19,50,58,11
INV-609726,2023-09-01,FAC-003,HW-CW-10096,30,75,91,14
INV-609727,2023-10-01,FAC-003,HW-CW-10096,30,83,104,9
INV-609728,2023-11-01,FAC-003,HW-CW-10096,15,62,64,13
INV-609729,2023-12-01,FAC-003,HW-CW-10096,22,66,82,6
INV-609730,2024-01-01,FAC-003,HW-CW-10096,23,63,70,16
INV-609731,2024-02-01,FAC-003,HW-CW-10096,19,54,61,12
INV-609732,2024-03-01,FAC-003,HW-CW-10096,24,63,70,17
INV-609733,2024-04-01,FAC-003,HW-CW-10096,19,61,65,15
INV-609734,2024-05-01,FAC-003,HW-CW-10096,23,56,64,15
INV-609735,2024-06-01,FAC-003,HW-CW-10096,15,54,54,15
INV-609736,2024-07-01,FAC-003,HW-CW-10096,11,49,54,6
INV-609737,2024-08-01,FAC-003,HW-CW-10096,15,45,46,14
INV-609738,2024-09-01,FAC-003,HW-CW-10096,28,92,109,11
INV-609739,2024-10-01,FAC-003,HW-CW-10096,32,87,108,11
INV-609740,2024-11-01,FAC-003,HW-CW-10096,18,51,55,14
INV-609741,2024-12-01,FAC-003,HW-CW-10096,27,62,82,7
INV-609742,2025-01-01,FAC-003,HW-CW-10096,14,51,53,12
INV-609743,2025-02-01,FAC-003,HW-CW-10096,11,51,51,11
INV-609744,2025-03-01,FAC-003,HW-CW-10096,22,66,76,12
INV-609745,2025-04-01,FAC-003,HW-CW-10096,20,57,72,5
INV-609746,2025-05-01,FAC-003,HW-CW-10096,12,59,60,11
INV-609747,2025-06-01,FAC-003,HW-CW-10096,19,66,73,12
INV-609748,2025-07-01,FAC-003,HW-CW-10096,10,43,49,4
INV-609749,2025-08-01,FAC-003,HW-CW-10096,12,46,47,11
INV-609750,2025-09-01,FAC-003,HW-CW-10096,20,92,102,10
INV-609751,2025-10-01,FAC-003,HW-CW-10096,31,77,102,6
INV-609752,2025-11-01,FAC-003,HW-CW-10096,12,55,52,15
INV-609753,2025-12-01,FAC-003,HW-CW-10096,14,62,60,16
INV-609754,2026-01-01,FAC-003,HW-CW-10096,15,52,51,16
INV-609755,2026-02-01,FAC-003,HW-CW-10096,26,64,74,16
INV-609756,2026-03-01,FAC-003,HW-CW-10096,21,59,71,9
INV-609757,2023-04-01,FAC-003,HW-CW-10097,17,50,59,8
INV-609758,2023-05-01,FAC-003,HW-CW-10097,13,47,48,12
INV-609759,2023-06-01,FAC-003,HW-CW-10097,14,50,54,10
INV-609760,2023-07-01,FAC-003,HW-CW-10097,16,41,43,14
INV-609761,2023-08-01,FAC-003,HW-CW-10097,14,43,47,10
INV-609762,2023-09-01,FAC-003,HW-CW-10097,27,68,76,19
INV-609763,2023-10-01,FAC-003,HW-CW-10097,32,77,95,14
INV-609764,2023-11-01,FAC-003,HW-CW-10097,19,54,62,11
INV-609765,2023-12-01,FAC-003,HW-CW-10097,15,57,56,16
INV-609766,2024-01-01,FAC-003,HW-CW-10097,16,46,48,14
INV-609767,2024-02-01,FAC-003,HW-CW-10097,16,56,66,6
INV-609768,2024-03-01,FAC-003,HW-CW-10097,12,46,44,14
INV-609769,2024-04-01,FAC-003,HW-CW-10097,14,46,56,4
INV-609770,2024-05-01,FAC-003,HW-CW-10097,17,48,54,11
INV-609771,2024-06-01,FAC-003,HW-CW-10097,14,43,43,14
INV-609772,2024-07-01,FAC-003,HW-CW-10097,18,47,53,12
INV-609773,2024-08-01,FAC-003,HW-CW-10097,10,44,48,6
INV-609774,2024-09-01,FAC-003,HW-CW-10097,30,76,85,21
INV-609775,2024-10-01,FAC-003,HW-CW-10097,21,65,81,5
INV-609776,2024-11-01,FAC-003,HW-CW-10097,16,56,65,7
INV-609777,2024-12-01,FAC-003,HW-CW-10097,14,56,64,6
INV-609778,2025-01-01,FAC-003,HW-CW-10097,13,46,46,13
INV-609779,2025-02-01,FAC-003,HW-CW-10097,20,50,59,11
INV-609780,2025-03-01,FAC-003,HW-CW-10097,11,44,47,8
INV-609781,2025-04-01,FAC-003,HW-CW-10097,17,51,52,16
INV-609782,2025-05-01,FAC-003,HW-CW-10097,22,53,63,12
INV-609783,2025-06-01,FAC-003,HW-CW-10097,22,53,65,10
INV-609784,2025-07-01,FAC-003,HW-CW-10097,16,44,48,12
INV-609785,2025-08-01,FAC-003,HW-CW-10097,17,43,48,12
INV-609786,2025-09-01,FAC-003,HW-CW-10097,27,78,87,18
INV-609787,2025-10-01,FAC-003,HW-CW-10097,21,72,85,8
INV-609788,2025-11-01,FAC-003,HW-CW-10097,20,49,58,11
INV-609789,2025-12-01,FAC-003,HW-CW-10097,23,52,58,17
INV-609790,2026-01-01,FAC-003,HW-CW-10097,12,53,59,6
INV-609791,2026-02-01,FAC-003,HW-CW-10097,22,51,67,6
INV-609792,2026-03-01,FAC-003,HW-CW-10097,10,43,46,7
INV-609793,2023-04-01,FAC-003,HW-CW-10098,17,75,79,13
INV-609794,2023-05-01,FAC-003,HW-CW-10098,30,72,92,10
INV-609795,2023-06-01,FAC-003,HW-CW-10098,18,91,82,27
INV-609796,2023-07-01,FAC-003,HW-CW-10098,32,72,85,19
INV-609797,2023-08-01,FAC-003,HW-CW-10098,15,68,73,10
INV-609798,2023-09-01,FAC-003,HW-CW-10098,27,122,125,24
INV-609799,2023-10-01,FAC-003,HW-CW-10098,39,123,143,19
INV-609800,2023-11-01,FAC-003,HW-CW-10098,33,91,108,16
INV-609801,2023-12-01,FAC-003,HW-CW-10098,39,92,108,23
INV-609802,2024-01-01,FAC-003,HW-CW-10098,30,75,83,22
INV-609803,2024-02-01,FAC-003,HW-CW-10098,19,94,105,8
INV-609804,2024-03-01,FAC-003,HW-CW-10098,33,86,98,21
INV-609805,2024-04-01,FAC-003,HW-CW-10098,24,96,96,24
INV-609806,2024-05-01,FAC-003,HW-CW-10098,31,72,86,17
INV-609807,2024-06-01,FAC-003,HW-CW-10098,32,88,110,10
INV-609808,2024-07-01,FAC-003,HW-CW-10098,25,74,88,11
INV-609809,2024-08-01,FAC-003,HW-CW-10098,18,76,72,22
INV-609810,2024-09-01,FAC-003,HW-CW-10098,29,102,111,20
INV-609811,2024-10-01,FAC-003,HW-CW-10098,53,121,142,32
INV-609812,2024-11-01,FAC-003,HW-CW-10098,29,90,94,25
INV-609813,2024-12-01,FAC-003,HW-CW-10098,37,86,95,28
INV-609814,2025-01-01,FAC-003,HW-CW-10098,17,84,82,19
INV-609815,2025-02-01,FAC-003,HW-CW-10098,35,87,109,13
INV-609816,2025-03-01,FAC-003,HW-CW-10098,35,83,95,23
INV-609817,2025-04-01,FAC-003,HW-CW-10098,28,90,109,9
INV-609818,2025-05-01,FAC-003,HW-CW-10098,38,91,102,27
INV-609819,2025-06-01,FAC-003,HW-CW-10098,33,88,108,13
INV-609820,2025-07-01,FAC-003,HW-CW-10098,14,71,68,17
INV-609821,2025-08-01,FAC-003,HW-CW-10098,27,67,86,8
INV-609822,2025-09-01,FAC-003,HW-CW-10098,45,103,116,32
INV-609823,2025-10-01,FAC-003,HW-CW-10098,28,114,130,12
INV-609824,2025-11-01,FAC-003,HW-CW-10098,25,90,101,14
INV-609825,2025-12-01,FAC-003,HW-CW-10098,22,76,80,18
INV-609826,2026-01-01,FAC-003,HW-CW-10098,32,77,96,13
INV-609827,2026-02-01,FAC-003,HW-CW-10098,20,78,73,25
INV-609828,2026-03-01,FAC-003,HW-CW-10098,26,80,85,21
INV-609829,2023-04-01,FAC-003,HW-CW-10099,14,51,60,5
INV-609830,2023-05-01,FAC-003,HW-CW-10099,14,49,52,11
INV-609831,2023-06-01,FAC-003,HW-CW-10099,12,48,48,12
INV-609832,2023-07-01,FAC-003,HW-CW-10099,19,49,60,8
INV-609833,2023-08-01,FAC-003,HW-CW-10099,14,44,46,12
INV-609834,2023-09-01,FAC-003,HW-CW-10099,18,64,69,13
INV-609835,2023-10-01,FAC-003,HW-CW-10099,14,64,62,16
INV-609836,2023-11-01,FAC-003,HW-CW-10099,14,50,49,15
INV-609837,2023-12-01,FAC-003,HW-CW-10099,12,48,45,15
INV-609838,2024-01-01,FAC-003,HW-CW-10099,10,50,53,7
INV-609839,2024-02-01,FAC-003,HW-CW-10099,14,51,50,15
INV-609840,2024-03-01,FAC-003,HW-CW-10099,12,48,56,4
INV-609841,2024-04-01,FAC-003,HW-CW-10099,11,58,60,9
INV-609842,2024-05-01,FAC-003,HW-CW-10099,11,49,53,7
INV-609843,2024-06-01,FAC-003,HW-CW-10099,14,47,53,8
INV-609844,2024-07-01,FAC-003,HW-CW-10099,19,45,58,6
INV-609845,2024-08-01,FAC-003,HW-CW-10099,13,48,45,16
INV-609846,2024-09-01,FAC-003,HW-CW-10099,35,79,94,20
INV-609847,2024-10-01,FAC-003,HW-CW-10099,20,85,84,21
INV-609848,2024-11-01,FAC-003,HW-CW-10099,14,47,55,6
INV-609849,2024-12-01,FAC-003,HW-CW-10099,21,50,60,11
INV-609850,2025-01-01,FAC-003,HW-CW-10099,20,52,55,17
INV-609851,2025-02-01,FAC-003,HW-CW-10099,14,57,57,14
INV-609852,2025-03-01,FAC-003,HW-CW-10099,22,54,65,11
INV-609853,2025-04-01,FAC-003,HW-CW-10099,21,55,60,16
INV-609854,2025-05-01,FAC-003,HW-CW-10099,17,58,58,17
INV-609855,2025-06-01,FAC-003,HW-CW-10099,13,50,50,13
INV-609856,2025-07-01,FAC-003,HW-CW-10099,10,42,45,7
INV-609857,2025-08-01,FAC-003,HW-CW-10099,16,46,50,12
INV-609858,2025-09-01,FAC-003,HW-CW-10099,18,80,84,14
INV-609859,2025-10-01,FAC-003,HW-CW-10099,22,69,74,17
INV-609860,2025-11-01,FAC-003,HW-CW-10099,24,57,72,9
INV-609861,2025-12-01,FAC-003,HW-CW-10099,12,47,55,4
INV-609862,2026-01-01,FAC-003,HW-CW-10099,22,52,61,13
INV-609863,2026-02-01,FAC-003,HW-CW-10099,25,60,74,11
INV-609864,2026-03-01,FAC-003,HW-CW-10099,13,45,54,4
INV-609865,2023-04-01,FAC-003,HW-CW-10100,23,78,92,9
INV-609866,2023-05-01,FAC-003,HW-CW-10100,36,89,114,11
INV-609867,2023-06-01,FAC-003,HW-CW-10100,22,97,92,27
INV-609868,2023-07-01,FAC-003,HW-CW-10100,27,64,76,15
INV-609869,2023-08-01,FAC-003,HW-CW-10100,17,64,66,15
INV-609870,2023-09-01,FAC-003,HW-CW-10100,51,133,163,21
INV-609871,2023-10-01,FAC-003,HW-CW-10100,44,104,117,31
INV-609872,2023-11-01,FAC-003,HW-CW-10100,19,90,83,26
INV-609873,2023-12-01,FAC-003,HW-CW-10100,25,74,86,13
INV-609874,2024-01-01,FAC-003,HW-CW-10100,20,75,87,8
INV-609875,2024-02-01,FAC-003,HW-CW-10100,19,76,79,16
INV-609876,2024-03-01,FAC-003,HW-CW-10100,25,95,113,7
INV-609877,2024-04-01,FAC-003,HW-CW-10100,24,83,82,25
INV-609878,2024-05-01,FAC-003,HW-CW-10100,23,91,99,15
INV-609879,2024-06-01,FAC-003,HW-CW-10100,23,79,93,9
INV-609880,2024-07-01,FAC-003,HW-CW-10100,18,79,84,13
INV-609881,2024-08-01,FAC-003,HW-CW-10100,16,76,77,15
INV-609882,2024-09-01,FAC-003,HW-CW-10100,35,113,134,14
INV-609883,2024-10-01,FAC-003,HW-CW-10100,25,109,107,27
INV-609884,2024-11-01,FAC-003,HW-CW-10100,37,98,101,34
INV-609885,2024-12-01,FAC-003,HW-CW-10100,22,84,93,13
INV-609886,2025-01-01,FAC-003,HW-CW-10100,37,85,96,26
INV-609887,2025-02-01,FAC-003,HW-CW-10100,33,89,111,11
INV-609888,2025-03-01,FAC-003,HW-CW-10100,31,84,93,22
INV-609889,2025-04-01,FAC-003,HW-CW-10100,36,85,113,8
INV-609890,2025-05-01,FAC-003,HW-CW-10100,27,92,108,11
INV-609891,2025-06-01,FAC-003,HW-CW-10100,16,74,79,11
INV-609892,2025-07-01,FAC-003,HW-CW-10100,30,69,82,17
INV-609893,2025-08-01,FAC-003,HW-CW-10100,26,72,88,10
INV-609894,2025-09-01,FAC-003,HW-CW-10100,30,120,135,15
INV-609895,2025-10-01,FAC-003,HW-CW-10100,28,115,125,18
INV-609896,2025-11-01,FAC-003,HW-CW-10100,33,76,95,14
INV-609897,2025-12-01,FAC-003,HW-CW-10100,28,99,119,8
INV-609898,2026-01-01,FAC-003,HW-CW-10100,16,77,70,23
INV-609899,2026-02-01,FAC-003,HW-CW-10100,18,86,88,16
INV-609900,2026-03-01,FAC-003,HW-CW-10100,23,82,92,13
INV-609901,2023-04-01,FAC-003,HW-CW-10101,29,86,107,8
INV-609902,2023-05-01,FAC-003,HW-CW-10101,33,76,94,15
INV-609903,2023-06-01,FAC-003,HW-CW-10101,18,91,97,12
INV-609904,2023-07-01,FAC-003,HW-CW-10101,15,74,77,12
INV-609905,2023-08-01,FAC-003,HW-CW-10101,25,74,75,24
INV-609906,2023-09-01,FAC-003,HW-CW-10101,25,118,130,13
INV-609907,2023-10-01,FAC-003,HW-CW-10101,22,96,94,24
INV-609908,2023-11-01,FAC-003,HW-CW-10101,36,83,92,27
INV-609909,2023-12-01,FAC-003,HW-CW-10101,20,71,83,8
INV-609910,2024-01-01,FAC-003,HW-CW-10101,22,79,87,14
INV-609911,2024-02-01,FAC-003,HW-CW-10101,22,74,78,18
INV-609912,2024-03-01,FAC-003,HW-CW-10101,37,87,111,13
INV-609913,2024-04-01,FAC-003,HW-CW-10101,25,78,79,24
INV-609914,2024-05-01,FAC-003,HW-CW-10101,29,85,106,8
INV-609915,2024-06-01,FAC-003,HW-CW-10101,28,72,88,12
INV-609916,2024-07-01,FAC-003,HW-CW-10101,23,63,80,6
INV-609917,2024-08-01,FAC-003,HW-CW-10101,28,76,78,26
INV-609918,2024-09-01,FAC-003,HW-CW-10101,45,124,137,32
INV-609919,2024-10-01,FAC-003,HW-CW-10101,23,101,94,30
INV-609920,2024-11-01,FAC-003,HW-CW-10101,22,86,81,27
INV-609921,2024-12-01,FAC-003,HW-CW-10101,24,77,79,22
INV-609922,2025-01-01,FAC-003,HW-CW-10101,17,69,76,10
INV-609923,2025-02-01,FAC-003,HW-CW-10101,23,69,71,21
INV-609924,2025-03-01,FAC-003,HW-CW-10101,21,72,71,22
INV-609925,2025-04-01,FAC-003,HW-CW-10101,20,72,75,17
INV-609926,2025-05-01,FAC-003,HW-CW-10101,18,85,94,9
INV-609927,2025-06-01,FAC-003,HW-CW-10101,34,87,98,23
INV-609928,2025-07-01,FAC-003,HW-CW-10101,18,74,71,21
INV-609929,2025-08-01,FAC-003,HW-CW-10101,25,58,67,16
INV-609930,2025-09-01,FAC-003,HW-CW-10101,33,126,148,11
INV-609931,2025-10-01,FAC-003,HW-CW-10101,53,125,151,27
INV-609932,2025-11-01,FAC-003,HW-CW-10101,38,88,102,24
INV-609933,2025-12-01,FAC-003,HW-CW-10101,29,78,86,21
INV-609934,2026-01-01,FAC-003,HW-CW-10101,18,86,88,16
INV-609935,2026-02-01,FAC-003,HW-CW-10101,19,70,71,18
INV-609936,2026-03-01,FAC-003,HW-CW-10101,21,88,99,10
INV-609937,2023-04-01,FAC-003,HW-CW-10102,24,93,93,24
INV-609938,2023-05-01,FAC-003,HW-CW-10102,18,93,95,16
INV-609939,2023-06-01,FAC-003,HW-CW-10102,25,106,113,18
INV-609940,2023-07-01,FAC-003,HW-CW-10102,37,90,116,11
INV-609941,2023-08-01,FAC-003,HW-CW-10102,24,87,103,8
INV-609942,2023-09-01,FAC-003,HW-CW-10102,48,149,161,36
INV-609943,2023-10-01,FAC-003,HW-CW-10102,36,128,129,35
INV-609944,2023-11-01,FAC-003,HW-CW-10102,33,97,109,21
INV-609945,2023-12-01,FAC-003,HW-CW-10102,32,82,89,25
INV-609946,2024-01-01,FAC-003,HW-CW-10102,29,83,92,20
INV-609947,2024-02-01,FAC-003,HW-CW-10102,23,81,94,10
INV-609948,2024-03-01,FAC-003,HW-CW-10102,28,97,98,27
INV-609949,2024-04-01,FAC-003,HW-CW-10102,40,97,120,17
INV-609950,2024-05-01,FAC-003,HW-CW-10102,33,102,120,15
INV-609951,2024-06-01,FAC-003,HW-CW-10102,41,105,136,10
INV-609952,2024-07-01,FAC-003,HW-CW-10102,33,78,97,14
INV-609953,2024-08-01,FAC-003,HW-CW-10102,18,88,93,13
INV-609954,2024-09-01,FAC-003,HW-CW-10102,35,145,158,22
INV-609955,2024-10-01,FAC-003,HW-CW-10102,39,144,152,31
INV-609956,2024-11-01,FAC-003,HW-CW-10102,31,95,95,31
INV-609957,2024-12-01,FAC-003,HW-CW-10102,18,82,80,20
INV-609958,2025-01-01,FAC-003,HW-CW-10102,33,86,102,17
INV-609959,2025-02-01,FAC-003,HW-CW-10102,21,101,103,19
INV-609960,2025-03-01,FAC-003,HW-CW-10102,36,89,111,14
INV-609961,2025-04-01,FAC-003,HW-CW-10102,22,104,112,14
INV-609962,2025-05-01,FAC-003,HW-CW-10102,38,95,113,20
INV-609963,2025-06-01,FAC-003,HW-CW-10102,20,95,101,14
INV-609964,2025-07-01,FAC-003,HW-CW-10102,15,74,67,22
INV-609965,2025-08-01,FAC-003,HW-CW-10102,25,90,106,9
INV-609966,2025-09-01,FAC-003,HW-CW-10102,64,149,197,16
INV-609967,2025-10-01,FAC-003,HW-CW-10102,40,147,145,42
INV-609968,2025-11-01,FAC-003,HW-CW-10102,31,97,98,30
INV-609969,2025-12-01,FAC-003,HW-CW-10102,33,99,121,11
INV-609970,2026-01-01,FAC-003,HW-CW-10102,33,97,108,22
INV-609971,2026-02-01,FAC-003,HW-CW-10102,40,92,102,30
INV-609972,2026-03-01,FAC-003,HW-CW-10102,33,92,104,21
INV-609973,2023-04-01,FAC-003,HW-CW-10103,12,50,50,12
INV-609974,2023-05-01,FAC-003,HW-CW-10103,19,60,63,16
INV-609975,2023-06-01,FAC-003,HW-CW-10103,11,52,58,5
INV-609976,2023-07-01,FAC-003,HW-CW-10103,19,44,51,12
INV-609977,2023-08-01,FAC-003,HW-CW-10103,13,50,48,15
INV-609978,2023-09-01,FAC-003,HW-CW-10103,22,64,69,17
INV-609979,2023-10-01,FAC-003,HW-CW-10103,29,74,82,21
INV-609980,2023-11-01,FAC-003,HW-CW-10103,20,50,59,11
INV-609981,2023-12-01,FAC-003,HW-CW-10103,17,59,63,13
INV-609982,2024-01-01,FAC-003,HW-CW-10103,20,48,63,5
INV-609983,2024-02-01,FAC-003,HW-CW-10103,18,61,72,7
INV-609984,2024-03-01,FAC-003,HW-CW-10103,16,52,62,6
INV-609985,2024-04-01,FAC-003,HW-CW-10103,12,48,48,12
INV-609986,2024-05-01,FAC-003,HW-CW-10103,17,58,61,14
INV-609987,2024-06-01,FAC-003,HW-CW-10103,18,62,63,17
INV-609988,2024-07-01,FAC-003,HW-CW-10103,18,47,49,16
INV-609989,2024-08-01,FAC-003,HW-CW-10103,9,47,47,9
INV-609990,2024-09-01,FAC-003,HW-CW-10103,19,70,75,14
INV-609991,2024-10-01,FAC-003,HW-CW-10103,32,85,109,8
INV-609992,2024-11-01,FAC-003,HW-CW-10103,11,56,53,14
INV-609993,2024-12-01,FAC-003,HW-CW-10103,21,60,76,5
INV-609994,2025-01-01,FAC-003,HW-CW-10103,13,48,50,11
INV-609995,2025-02-01,FAC-003,HW-CW-10103,13,51,53,11
INV-609996,2025-03-01,FAC-003,HW-CW-10103,15,56,54,17
INV-609997,2025-04-01,FAC-003,HW-CW-10103,17,57,63,11
INV-609998,2025-05-01,FAC-003,HW-CW-10103,22,53,64,11
INV-609999,2025-06-01,FAC-003,HW-CW-10103,19,60,63,16
INV-610000,2025-07-01,FAC-003,HW-CW-10103,14,43,48,9
INV-610001,2025-08-01,FAC-003,HW-CW-10103,12,48,52,8
INV-610002,2025-09-01,FAC-003,HW-CW-10103,29,81,93,17
INV-610003,2025-10-01,FAC-003,HW-CW-10103,25,86,85,26
INV-610004,2025-11-01,FAC-003,HW-CW-10103,14,59,65,8
INV-610005,2025-12-01,FAC-003,HW-CW-10103,9,48,44,13
INV-610006,2026-01-01,FAC-003,HW-CW-10103,11,52,49,14
INV-610007,2026-02-01,FAC-003,HW-CW-10103,22,58,73,7
INV-610008,2026-03-01,FAC-003,HW-CW-10103,18,59,71,6
INV-610009,2023-04-01,FAC-003,HW-CW-10104,18,49,53,14
INV-610010,2023-05-01,FAC-003,HW-CW-10104,16,54,54,16
INV-610011,2023-06-01,FAC-003,HW-CW-10104,10,44,50,4
INV-610012,2023-07-01,FAC-003,HW-CW-10104,13,48,49,12
INV-610013,2023-08-01,FAC-003,HW-CW-10104,15,38,41,12
INV-610014,2023-09-01,FAC-003,HW-CW-10104,28,78,98,8
INV-610015,2023-10-01,FAC-003,HW-CW-10104,26,71,84,13
INV-610016,2023-11-01,FAC-003,HW-CW-10104,22,54,65,11
INV-610017,2023-12-01,FAC-003,HW-CW-10104,21,51,67,5
INV-610018,2024-01-01,FAC-003,HW-CW-10104,10,52,47,15
INV-610019,2024-02-01,FAC-003,HW-CW-10104,12,55,53,14
INV-610020,2024-03-01,FAC-003,HW-CW-10104,15,45,51,9
INV-610021,2024-04-01,FAC-003,HW-CW-10104,11,46,51,6
INV-610022,2024-05-01,FAC-003,HW-CW-10104,11,56,52,15
INV-610023,2024-06-01,FAC-003,HW-CW-10104,20,52,65,7
INV-610024,2024-07-01,FAC-003,HW-CW-10104,18,45,49,14
INV-610025,2024-08-01,FAC-003,HW-CW-10104,13,37,45,5
INV-610026,2024-09-01,FAC-003,HW-CW-10104,31,71,92,10
INV-610027,2024-10-01,FAC-003,HW-CW-10104,15,74,68,21
INV-610028,2024-11-01,FAC-003,HW-CW-10104,13,54,50,17
INV-610029,2024-12-01,FAC-003,HW-CW-10104,23,56,62,17
INV-610030,2025-01-01,FAC-003,HW-CW-10104,11,54,52,13
INV-610031,2025-02-01,FAC-003,HW-CW-10104,19,51,52,18
INV-610032,2025-03-01,FAC-003,HW-CW-10104,11,47,55,3
INV-610033,2025-04-01,FAC-003,HW-CW-10104,15,52,51,16
INV-610034,2025-05-01,FAC-003,HW-CW-10104,18,51,63,6
INV-610035,2025-06-01,FAC-003,HW-CW-10104,20,46,55,11
INV-610036,2025-07-01,FAC-003,HW-CW-10104,11,39,42,8
INV-610037,2025-08-01,FAC-003,HW-CW-10104,18,48,57,9
INV-610038,2025-09-01,FAC-003,HW-CW-10104,14,62,64,12
INV-610039,2025-10-01,FAC-003,HW-CW-10104,28,74,81,21
INV-610040,2025-11-01,FAC-003,HW-CW-10104,13,44,53,4
INV-610041,2025-12-01,FAC-003,HW-CW-10104,14,50,52,12
INV-610042,2026-01-01,FAC-003,HW-CW-10104,14,44,52,6
INV-610043,2026-02-01,FAC-003,HW-CW-10104,18,57,58,17
INV-610044,2026-03-01,FAC-003,HW-CW-10104,20,52,55,17
INV-610045,2023-04-01,FAC-003,HW-CW-10107,18,50,60,8
INV-610046,2023-05-01,FAC-003,HW-CW-10107,9,42,39,12
INV-610047,2023-06-01,FAC-003,HW-CW-10107,16,53,59,10
INV-610048,2023-07-01,FAC-003,HW-CW-10107,12,45,51,6
INV-610049,2023-08-01,FAC-003,HW-CW-10107,12,41,43,10
INV-610050,2023-09-01,FAC-003,HW-CW-10107,31,79,82,28
INV-610051,2023-10-01,FAC-003,HW-CW-10107,31,79,85,25
INV-610052,2023-11-01,FAC-003,HW-CW-10107,11,43,47,7
INV-610053,2023-12-01,FAC-003,HW-CW-10107,13,51,53,11
INV-610054,2024-01-01,FAC-003,HW-CW-10107,9,45,46,8
INV-610055,2024-02-01,FAC-003,HW-CW-10107,15,47,58,4
INV-610056,2024-03-01,FAC-003,HW-CW-10107,8,44,39,13
INV-610057,2024-04-01,FAC-003,HW-CW-10107,18,49,58,9
INV-610058,2024-05-01,FAC-003,HW-CW-10107,14,49,51,12
INV-610059,2024-06-01,FAC-003,HW-CW-10107,16,48,50,14
INV-610060,2024-07-01,FAC-003,HW-CW-10107,15,45,48,12
INV-610061,2024-08-01,FAC-003,HW-CW-10107,18,42,45,15
INV-610062,2024-09-01,FAC-003,HW-CW-10107,19,63,71,11
INV-610063,2024-10-01,FAC-003,HW-CW-10107,27,63,79,11
INV-610064,2024-11-01,FAC-003,HW-CW-10107,15,55,64,6
INV-610065,2024-12-01,FAC-003,HW-CW-10107,12,48,55,5
INV-610066,2025-01-01,FAC-003,HW-CW-10107,18,43,51,10
INV-610067,2025-02-01,FAC-003,HW-CW-10107,19,57,68,8
INV-610068,2025-03-01,FAC-003,HW-CW-10107,13,42,49,6
INV-610069,2025-04-01,FAC-003,HW-CW-10107,12,54,55,11
INV-610070,2025-05-01,FAC-003,HW-CW-10107,10,48,48,10
INV-610071,2025-06-01,FAC-003,HW-CW-10107,14,54,56,12
INV-610072,2025-07-01,FAC-003,HW-CW-10107,9,48,49,8
INV-610073,2025-08-01,FAC-003,HW-CW-10107,17,45,55,7
INV-610074,2025-09-01,FAC-003,HW-CW-10107,15,74,76,13
INV-610075,2025-10-01,FAC-003,HW-CW-10107,16,75,68,23
INV-610076,2025-11-01,FAC-003,HW-CW-10107,20,54,61,13
INV-610077,2025-12-01,FAC-003,HW-CW-10107,21,56,72,5
INV-610078,2026-01-01,FAC-003,HW-CW-10107,17,56,65,8
INV-610079,2026-02-01,FAC-003,HW-CW-10107,20,52,65,7
INV-610080,2026-03-01,FAC-003,HW-CW-10107,11,44,44,11
INV-610081,2023-04-01,FAC-003,HW-EL-10110,20,51,57,14
INV-610082,2023-05-01,FAC-003,HW-EL-10110,13,43,52,4
INV-610083,2023-06-01,FAC-003,HW-EL-10110,15,54,52,17
INV-610084,2023-07-01,FAC-003,HW-EL-10110,17,44,53,8
INV-610085,2023-08-01,FAC-003,HW-EL-10110,9,41,46,4
INV-610086,2023-09-01,FAC-003,HW-EL-10110,16,65,73,8
INV-610087,2023-10-01,FAC-003,HW-EL-10110,29,80,95,14
INV-610088,2023-11-01,FAC-003,HW-EL-10110,9,47,44,12
INV-610089,2023-12-01,FAC-003,HW-EL-10110,12,51,58,5
INV-610090,2024-01-01,FAC-003,HW-EL-10110,14,45,50,9
INV-610091,2024-02-01,FAC-003,HW-EL-10110,14,51,60,5
INV-610092,2024-03-01,FAC-003,HW-EL-10110,18,49,58,9
INV-610093,2024-04-01,FAC-003,HW-EL-10110,15,44,50,9
INV-610094,2024-05-01,FAC-003,HW-EL-10110,23,55,60,18
INV-610095,2024-06-01,FAC-003,HW-EL-10110,11,43,51,3
INV-610096,2024-07-01,FAC-003,HW-EL-10110,13,36,42,7
INV-610097,2024-08-01,FAC-003,HW-EL-10110,11,44,43,12
INV-610098,2024-09-01,FAC-003,HW-EL-10110,15,68,63,20
INV-610099,2024-10-01,FAC-003,HW-EL-10110,20,61,67,14
INV-610100,2024-11-01,FAC-003,HW-EL-10110,12,46,45,13
INV-610101,2024-12-01,FAC-003,HW-EL-10110,12,48,53,7
INV-610102,2025-01-01,FAC-003,HW-EL-10110,19,44,48,15
INV-610103,2025-02-01,FAC-003,HW-EL-10110,22,56,69,9
INV-610104,2025-03-01,FAC-003,HW-EL-10110,13,56,54,15
INV-610105,2025-04-01,FAC-003,HW-EL-10110,12,46,47,11
INV-610106,2025-05-01,FAC-003,HW-EL-10110,10,51,50,11
INV-610107,2025-06-01,FAC-003,HW-EL-10110,16,46,58,4
INV-610108,2025-07-01,FAC-003,HW-EL-10110,12,42,44,10
INV-610109,2025-08-01,FAC-003,HW-EL-10110,10,46,52,4
INV-610110,2025-09-01,FAC-003,HW-EL-10110,18,68,81,5
INV-610111,2025-10-01,FAC-003,HW-EL-10110,28,79,80,27
INV-610112,2025-11-01,FAC-003,HW-EL-10110,15,53,56,12
INV-610113,2025-12-01,FAC-003,HW-EL-10110,14,44,52,6
INV-610114,2026-01-01,FAC-003,HW-EL-10110,19,46,51,14
INV-610115,2026-02-01,FAC-003,HW-EL-10110,15,43,53,5
INV-610116,2026-03-01,FAC-003,HW-EL-10110,21,56,60,17
INV-610117,2023-04-01,FAC-003,HW-EL-10111,13,56,59,10
INV-610118,2023-05-01,FAC-003,HW-EL-10111,15,50,61,4
INV-610119,2023-06-01,FAC-003,HW-EL-10111,15,43,45,13
INV-610120,2023-07-01,FAC-003,HW-EL-10111,16,42,46,12
INV-610121,2023-08-01,FAC-003,HW-EL-10111,17,41,52,6
INV-610122,2023-09-01,FAC-003,HW-EL-10111,18,71,74,15
INV-610123,2023-10-01,FAC-003,HW-EL-10111,30,75,83,22
INV-610124,2023-11-01,FAC-003,HW-EL-10111,11,52,47,16
INV-610125,2023-12-01,FAC-003,HW-EL-10111,12,50,47,15
INV-610126,2024-01-01,FAC-003,HW-EL-10111,17,53,63,7
INV-610127,2024-02-01,FAC-003,HW-EL-10111,19,52,57,14
INV-610128,2024-03-01,FAC-003,HW-EL-10111,16,46,48,14
INV-610129,2024-04-01,FAC-003,HW-EL-10111,17,54,56,15
INV-610130,2024-05-01,FAC-003,HW-EL-10111,22,51,55,18
INV-610131,2024-06-01,FAC-003,HW-EL-10111,18,44,47,15
INV-610132,2024-07-01,FAC-003,HW-EL-10111,10,36,38,8
INV-610133,2024-08-01,FAC-003,HW-EL-10111,14,43,53,4
INV-610134,2024-09-01,FAC-003,HW-EL-10111,33,75,91,17
INV-610135,2024-10-01,FAC-003,HW-EL-10111,26,61,65,22
INV-610136,2024-11-01,FAC-003,HW-EL-10111,11,54,58,7
INV-610137,2024-12-01,FAC-003,HW-EL-10111,16,56,57,15
INV-610138,2025-01-01,FAC-003,HW-EL-10111,14,45,46,13
INV-610139,2025-02-01,FAC-003,HW-EL-10111,15,52,54,13
INV-610140,2025-03-01,FAC-003,HW-EL-10111,16,49,50,15
INV-610141,2025-04-01,FAC-003,HW-EL-10111,22,53,60,15
INV-610142,2025-05-01,FAC-003,HW-EL-10111,17,45,48,14
INV-610143,2025-06-01,FAC-003,HW-EL-10111,15,43,46,12
INV-610144,2025-07-01,FAC-003,HW-EL-10111,16,38,43,11
INV-610145,2025-08-01,FAC-003,HW-EL-10111,11,47,53,5
INV-610146,2025-09-01,FAC-003,HW-EL-10111,15,70,76,9
INV-610147,2025-10-01,FAC-003,HW-EL-10111,18,78,85,11
INV-610148,2025-11-01,FAC-003,HW-EL-10111,19,49,60,8
INV-610149,2025-12-01,FAC-003,HW-EL-10111,10,42,43,9
INV-610150,2026-01-01,FAC-003,HW-EL-10111,15,56,62,9
INV-610151,2026-02-01,FAC-003,HW-EL-10111,15,42,49,8
INV-610152,2026-03-01,FAC-003,HW-EL-10111,22,53,58,17
INV-610153,2023-04-01,FAC-003,HW-EL-10112,13,57,62,8
INV-610154,2023-05-01,FAC-003,HW-EL-10112,19,53,57,15
INV-610155,2023-06-01,FAC-003,HW-EL-10112,16,45,48,13
INV-610156,2023-07-01,FAC-003,HW-EL-10112,14,44,47,11
INV-610157,2023-08-01,FAC-003,HW-EL-10112,17,39,47,9
INV-610158,2023-09-01,FAC-003,HW-EL-10112,31,71,89,13
INV-610159,2023-10-01,FAC-003,HW-EL-10112,17,79,88,8
INV-610160,2023-11-01,FAC-003,HW-EL-10112,18,47,59,6
INV-610161,2023-12-01,FAC-003,HW-EL-10112,13,46,52,7
INV-610162,2024-01-01,FAC-003,HW-EL-10112,16,43,45,14
INV-610163,2024-02-01,FAC-003,HW-EL-10112,15,56,61,10
INV-610164,2024-03-01,FAC-003,HW-EL-10112,11,44,45,10
INV-610165,2024-04-01,FAC-003,HW-EL-10112,9,49,53,5
INV-610166,2024-05-01,FAC-003,HW-EL-10112,16,42,48,10
INV-610167,2024-06-01,FAC-003,HW-EL-10112,12,50,54,8
INV-610168,2024-07-01,FAC-003,HW-EL-10112,10,42,41,11
INV-610169,2024-08-01,FAC-003,HW-EL-10112,7,36,32,11
INV-610170,2024-09-01,FAC-003,HW-EL-10112,23,64,70,17
INV-610171,2024-10-01,FAC-003,HW-EL-10112,15,66,70,11
INV-610172,2024-11-01,FAC-003,HW-EL-10112,17,47,57,7
INV-610173,2024-12-01,FAC-003,HW-EL-10112,13,51,54,10
INV-610174,2025-01-01,FAC-003,HW-EL-10112,19,46,58,7
INV-610175,2025-02-01,FAC-003,HW-EL-10112,21,49,60,10
INV-610176,2025-03-01,FAC-003,HW-EL-10112,10,47,48,9
INV-610177,2025-04-01,FAC-003,HW-EL-10112,22,55,67,10
INV-610178,2025-05-01,FAC-003,HW-EL-10112,17,48,58,7
INV-610179,2025-06-01,FAC-003,HW-EL-10112,15,48,55,8
INV-610180,2025-07-01,FAC-003,HW-EL-10112,18,47,49,16
INV-610181,2025-08-01,FAC-003,HW-EL-10112,15,37,47,5
INV-610182,2025-09-01,FAC-003,HW-EL-10112,23,67,83,7
INV-610183,2025-10-01,FAC-003,HW-EL-10112,30,78,85,23
INV-610184,2025-11-01,FAC-003,HW-EL-10112,11,53,59,5
INV-610185,2025-12-01,FAC-003,HW-EL-10112,16,44,52,8
INV-610186,2026-01-01,FAC-003,HW-EL-10112,18,54,54,18
INV-610187,2026-02-01,FAC-003,HW-EL-10112,15,53,55,13
INV-610188,2026-03-01,FAC-003,HW-EL-10112,19,57,67,9
INV-610189,2023-04-01,FAC-003,HW-AC-10113,49,128,156,21
INV-610190,2023-05-01,FAC-003,HW-AC-10113,42,136,158,20
INV-610191,2023-06-01,FAC-003,HW-AC-10113,37,129,139,27
INV-610192,2023-07-01,FAC-003,HW-AC-10113,23,115,112,26
INV-610193,2023-08-01,FAC-003,HW-AC-10113,20,100,111,9
INV-610194,2023-09-01,FAC-003,HW-AC-10113,40,155,178,17
INV-610195,2023-10-01,FAC-003,HW-AC-10113,56,155,192,19
INV-610196,2023-11-01,FAC-003,HW-AC-10113,51,129,138,42
INV-610197,2023-12-01,FAC-003,HW-AC-10113,28,104,99,33
INV-610198,2024-01-01,FAC-003,HW-AC-10113,35,119,132,22
INV-610199,2024-02-01,FAC-003,HW-AC-10113,35,111,119,27
INV-610200,2024-03-01,FAC-003,HW-AC-10113,39,108,130,17
INV-610201,2024-04-01,FAC-003,HW-AC-10113,54,130,163,21
INV-610202,2024-05-01,FAC-003,HW-AC-10113,26,125,116,35
INV-610203,2024-06-01,FAC-003,HW-AC-10113,33,130,133,30
INV-610204,2024-07-01,FAC-003,HW-AC-10113,22,90,101,11
INV-610205,2024-08-01,FAC-003,HW-AC-10113,29,93,95,27
INV-610206,2024-09-01,FAC-003,HW-AC-10113,66,175,198,43
INV-610207,2024-10-01,FAC-003,HW-AC-10113,46,180,200,26
INV-610208,2024-11-01,FAC-003,HW-AC-10113,56,127,145,38
INV-610209,2024-12-01,FAC-003,HW-AC-10113,27,104,101,30
INV-610210,2025-01-01,FAC-003,HW-AC-10113,30,107,114,23
INV-610211,2025-02-01,FAC-003,HW-AC-10113,33,133,156,10
INV-610212,2025-03-01,FAC-003,HW-AC-10113,54,130,172,12
INV-610213,2025-04-01,FAC-003,HW-AC-10113,50,128,149,29
INV-610214,2025-05-01,FAC-003,HW-AC-10113,51,119,140,30
INV-610215,2025-06-01,FAC-003,HW-AC-10113,39,102,121,20
INV-610216,2025-07-01,FAC-003,HW-AC-10113,24,110,117,17
INV-610217,2025-08-01,FAC-003,HW-AC-10113,39,93,101,31
INV-610218,2025-09-01,FAC-003,HW-AC-10113,40,183,168,55
INV-610219,2025-10-01,FAC-003,HW-AC-10113,43,153,171,25
INV-610220,2025-11-01,FAC-003,HW-AC-10113,32,105,108,29
INV-610221,2025-12-01,FAC-003,HW-AC-10113,27,131,129,29
INV-610222,2026-01-01,FAC-003,HW-AC-10113,52,123,161,14
INV-610223,2026-02-01,FAC-003,HW-AC-10113,28,133,147,14
INV-610224,2026-03-01,FAC-003,HW-AC-10113,54,128,147,35
INV-610225,2023-04-01,FAC-003,HW-AC-10114,41,115,130,26
INV-610226,2023-05-01,FAC-003,HW-AC-10114,39,116,127,28
INV-610227,2023-06-01,FAC-003,HW-AC-10114,46,129,155,20
INV-610228,2023-07-01,FAC-003,HW-AC-10114,40,92,116,16
INV-610229,2023-08-01,FAC-003,HW-AC-10114,35,91,98,28
INV-610230,2023-09-01,FAC-003,HW-AC-10114,47,144,164,27
INV-610231,2023-10-01,FAC-003,HW-AC-10114,43,151,182,12
INV-610232,2023-11-01,FAC-003,HW-AC-10114,26,111,129,8
INV-610233,2023-12-01,FAC-003,HW-AC-10114,41,111,121,31
INV-610234,2024-01-01,FAC-003,HW-AC-10114,35,120,146,9
INV-610235,2024-02-01,FAC-003,HW-AC-10114,40,116,146,10
INV-610236,2024-03-01,FAC-003,HW-AC-10114,30,136,152,14
INV-610237,2024-04-01,FAC-003,HW-AC-10114,39,114,126,27
INV-610238,2024-05-01,FAC-003,HW-AC-10114,27,115,122,20
INV-610239,2024-06-01,FAC-003,HW-AC-10114,29,120,127,22
INV-610240,2024-07-01,FAC-003,HW-AC-10114,43,115,133,25
INV-610241,2024-08-01,FAC-003,HW-AC-10114,38,113,117,34
INV-610242,2024-09-01,FAC-003,HW-AC-10114,41,168,188,21
INV-610243,2024-10-01,FAC-003,HW-AC-10114,54,189,203,40
INV-610244,2024-11-01,FAC-003,HW-AC-10114,31,116,133,14
INV-610245,2024-12-01,FAC-003,HW-AC-10114,26,123,136,13
INV-610246,2025-01-01,FAC-003,HW-AC-10114,47,107,127,27
INV-610247,2025-02-01,FAC-003,HW-AC-10114,26,123,122,27
INV-610248,2025-03-01,FAC-003,HW-AC-10114,41,129,158,12
INV-610249,2025-04-01,FAC-003,HW-AC-10114,52,121,163,10
INV-610250,2025-05-01,FAC-003,HW-AC-10114,39,117,143,13
INV-610251,2025-06-01,FAC-003,HW-AC-10114,45,109,133,21
INV-610252,2025-07-01,FAC-003,HW-AC-10114,23,107,117,13
INV-610253,2025-08-01,FAC-003,HW-AC-10114,38,95,113,20
INV-610254,2025-09-01,FAC-003,HW-AC-10114,67,155,200,22
INV-610255,2025-10-01,FAC-003,HW-AC-10114,55,190,215,30
INV-610256,2025-11-01,FAC-003,HW-AC-10114,45,122,126,41
INV-610257,2025-12-01,FAC-003,HW-AC-10114,47,111,131,27
INV-610258,2026-01-01,FAC-003,HW-AC-10114,34,135,160,9
INV-610259,2026-02-01,FAC-003,HW-AC-10114,49,126,145,30
INV-610260,2026-03-01,FAC-003,HW-AC-10114,44,133,156,21
INV-610261,2023-04-01,FAC-003,HW-AC-10115,51,123,136,38
INV-610262,2023-05-01,FAC-003,HW-AC-10115,26,127,143,10
INV-610263,2023-06-01,FAC-003,HW-AC-10115,39,136,134,41
INV-610264,2023-07-01,FAC-003,HW-AC-10115,21,105,106,20
INV-610265,2023-08-01,FAC-003,HW-AC-10115,29,94,92,31
INV-610266,2023-09-01,FAC-003,HW-AC-10115,29,144,151,22
INV-610267,2023-10-01,FAC-003,HW-AC-10115,43,169,186,26
INV-610268,2023-11-01,FAC-003,HW-AC-10115,35,132,153,14
INV-610269,2023-12-01,FAC-003,HW-AC-10115,25,124,122,27
INV-610270,2024-01-01,FAC-003,HW-AC-10115,45,119,132,32
INV-610271,2024-02-01,FAC-003,HW-AC-10115,50,136,153,33
INV-610272,2024-03-01,FAC-003,HW-AC-10115,25,104,109,20
INV-610273,2024-04-01,FAC-003,HW-AC-10115,46,118,146,18
INV-610274,2024-05-01,FAC-003,HW-AC-10115,37,108,109,36
INV-610275,2024-06-01,FAC-003,HW-AC-10115,44,115,131,28
INV-610276,2024-07-01,FAC-003,HW-AC-10115,49,111,139,21
INV-610277,2024-08-01,FAC-003,HW-AC-10115,26,90,87,29
INV-610278,2024-09-01,FAC-003,HW-AC-10115,69,171,210,30
INV-610279,2024-10-01,FAC-003,HW-AC-10115,71,180,230,21
INV-610280,2024-11-01,FAC-003,HW-AC-10115,45,110,136,19
INV-610281,2024-12-01,FAC-003,HW-AC-10115,49,111,150,10
INV-610282,2025-01-01,FAC-003,HW-AC-10115,49,121,136,34
INV-610283,2025-02-01,FAC-003,HW-AC-10115,28,116,122,22
INV-610284,2025-03-01,FAC-003,HW-AC-10115,29,118,130,17
INV-610285,2025-04-01,FAC-003,HW-AC-10115,22,105,105,22
INV-610286,2025-05-01,FAC-003,HW-AC-10115,32,115,117,30
INV-610287,2025-06-01,FAC-003,HW-AC-10115,27,113,116,24
INV-610288,2025-07-01,FAC-003,HW-AC-10115,28,113,125,16
INV-610289,2025-08-01,FAC-003,HW-AC-10115,25,90,93,22
INV-610290,2025-09-01,FAC-003,HW-AC-10115,57,188,217,28
INV-610291,2025-10-01,FAC-003,HW-AC-10115,40,171,197,14
INV-610292,2025-11-01,FAC-003,HW-AC-10115,23,113,110,26
INV-610293,2025-12-01,FAC-003,HW-AC-10115,25,113,120,18
INV-610294,2026-01-01,FAC-003,HW-AC-10115,40,113,114,39
INV-610295,2026-02-01,FAC-003,HW-AC-10115,32,136,148,20
INV-610296,2026-03-01,FAC-003,HW-AC-10115,30,126,120,36
INV-610297,2023-04-01,FAC-003,HW-AC-10116,26,109,119,16
INV-610298,2023-05-01,FAC-003,HW-AC-10116,38,116,116,38
INV-610299,2023-06-01,FAC-003,HW-AC-10116,31,131,133,29
INV-610300,2023-07-01,FAC-003,HW-AC-10116,20,88,95,13
INV-610301,2023-08-01,FAC-003,HW-AC-10116,39,106,124,21
INV-610302,2023-09-01,FAC-003,HW-AC-10116,61,189,209,41
INV-610303,2023-10-01,FAC-003,HW-AC-10116,34,153,160,27
INV-610304,2023-11-01,FAC-003,HW-AC-10116,37,112,117,32
INV-610305,2023-12-01,FAC-003,HW-AC-10116,58,131,153,36
INV-610306,2024-01-01,FAC-003,HW-AC-10116,54,131,175,10
INV-610307,2024-02-01,FAC-003,HW-AC-10116,43,113,124,32
INV-610308,2024-03-01,FAC-003,HW-AC-10116,46,123,151,18
INV-610309,2024-04-01,FAC-003,HW-AC-10116,44,108,126,26
INV-610310,2024-05-01,FAC-003,HW-AC-10116,36,108,132,12
INV-610311,2024-06-01,FAC-003,HW-AC-10116,52,135,140,47
INV-610312,2024-07-01,FAC-003,HW-AC-10116,19,90,83,26
INV-610313,2024-08-01,FAC-003,HW-AC-10116,27,97,95,29
INV-610314,2024-09-01,FAC-003,HW-AC-10116,65,185,227,23
INV-610315,2024-10-01,FAC-003,HW-AC-10116,48,160,169,39
INV-610316,2024-11-01,FAC-003,HW-AC-10116,40,116,132,24
INV-610317,2024-12-01,FAC-003,HW-AC-10116,55,131,156,30
INV-610318,2025-01-01,FAC-003,HW-AC-10116,47,109,139,17
INV-610319,2025-02-01,FAC-003,HW-AC-10116,47,124,130,41
INV-610320,2025-03-01,FAC-003,HW-AC-10116,24,103,98,29
INV-610321,2025-04-01,FAC-003,HW-AC-10116,27,116,131,12
INV-610322,2025-05-01,FAC-003,HW-AC-10116,35,121,119,37
INV-610323,2025-06-01,FAC-003,HW-AC-10116,27,122,133,16
INV-610324,2025-07-01,FAC-003,HW-AC-10116,36,110,113,33
INV-610325,2025-08-01,FAC-003,HW-AC-10116,30,109,110,29
INV-610326,2025-09-01,FAC-003,HW-AC-10116,71,165,191,45
INV-610327,2025-10-01,FAC-003,HW-AC-10116,39,186,172,53
INV-610328,2025-11-01,FAC-003,HW-AC-10116,31,126,127,30
INV-610329,2025-12-01,FAC-003,HW-AC-10116,30,106,109,27
INV-610330,2026-01-01,FAC-003,HW-AC-10116,47,127,163,11
INV-610331,2026-02-01,FAC-003,HW-AC-10116,47,127,154,20
INV-610332,2026-03-01,FAC-003,HW-AC-10116,36,132,136,32
INV-610333,2023-04-01,FAC-003,HW-AC-10117,46,109,132,23
INV-610334,2023-05-01,FAC-003,HW-AC-10117,43,111,125,29
INV-610335,2023-06-01,FAC-003,HW-AC-10117,60,135,172,23
INV-610336,2023-07-01,FAC-003,HW-AC-10117,23,89,95,17
INV-610337,2023-08-01,FAC-003,HW-AC-10117,27,111,106,32
INV-610338,2023-09-01,FAC-003,HW-AC-10117,47,145,177,15
INV-610339,2023-10-01,FAC-003,HW-AC-10117,36,143,159,20
INV-610340,2023-11-01,FAC-003,HW-AC-10117,52,130,165,17
INV-610341,2023-12-01,FAC-003,HW-AC-10117,31,105,128,8
INV-610342,2024-01-01,FAC-003,HW-AC-10117,47,136,163,20
INV-610343,2024-02-01,FAC-003,HW-AC-10117,42,135,137,40
INV-610344,2024-03-01,FAC-003,HW-AC-10117,55,125,160,20
INV-610345,2024-04-01,FAC-003,HW-AC-10117,39,129,129,39
INV-610346,2024-05-01,FAC-003,HW-AC-10117,47,107,130,24
INV-610347,2024-06-01,FAC-003,HW-AC-10117,44,101,123,22
INV-610348,2024-07-01,FAC-003,HW-AC-10117,37,111,114,34
INV-610349,2024-08-01,FAC-003,HW-AC-10117,46,104,113,37
INV-610350,2024-09-01,FAC-003,HW-AC-10117,47,183,190,40
INV-610351,2024-10-01,FAC-003,HW-AC-10117,67,160,193,34
INV-610352,2024-11-01,FAC-003,HW-AC-10117,47,117,124,40
INV-610353,2024-12-01,FAC-003,HW-AC-10117,21,104,110,15
INV-610354,2025-01-01,FAC-003,HW-AC-10117,49,119,142,26
INV-610355,2025-02-01,FAC-003,HW-AC-10117,43,109,122,30
INV-610356,2025-03-01,FAC-003,HW-AC-10117,35,134,132,37
INV-610357,2025-04-01,FAC-003,HW-AC-10117,25,118,108,35
INV-610358,2025-05-01,FAC-003,HW-AC-10117,29,118,110,37
INV-610359,2025-06-01,FAC-003,HW-AC-10117,35,111,121,25
INV-610360,2025-07-01,FAC-003,HW-AC-10117,31,90,107,14
INV-610361,2025-08-01,FAC-003,HW-AC-10117,31,106,106,31
INV-610362,2025-09-01,FAC-003,HW-AC-10117,70,166,199,37
INV-610363,2025-10-01,FAC-003,HW-AC-10117,33,151,172,12
INV-610364,2025-11-01,FAC-003,HW-AC-10117,35,127,131,31
INV-610365,2025-12-01,FAC-003,HW-AC-10117,32,133,141,24
INV-610366,2026-01-01,FAC-003,HW-AC-10117,37,126,123,40
INV-610367,2026-02-01,FAC-003,HW-AC-10117,46,109,132,23
INV-610368,2026-03-01,FAC-003,HW-AC-10117,44,130,163,11
INV-610369,2023-04-01,FAC-003,HW-AC-10118,32,118,130,20
INV-610370,2023-05-01,FAC-003,HW-AC-10118,40,125,150,15
INV-610371,2023-06-01,FAC-003,HW-AC-10118,30,107,121,16
INV-610372,2023-07-01,FAC-003,HW-AC-10118,28,93,114,7
INV-610373,2023-08-01,FAC-003,HW-AC-10118,45,104,133,16
INV-610374,2023-09-01,FAC-003,HW-AC-10118,61,177,185,53
INV-610375,2023-10-01,FAC-003,HW-AC-10118,43,167,199,11
INV-610376,2023-11-01,FAC-003,HW-AC-10118,28,110,120,18
INV-610377,2023-12-01,FAC-003,HW-AC-10118,24,119,110,33
INV-610378,2024-01-01,FAC-003,HW-AC-10118,41,130,133,38
INV-610379,2024-02-01,FAC-003,HW-AC-10118,30,117,116,31
INV-610380,2024-03-01,FAC-003,HW-AC-10118,39,135,132,42
INV-610381,2024-04-01,FAC-003,HW-AC-10118,53,135,150,38
INV-610382,2024-05-01,FAC-003,HW-AC-10118,47,115,133,29
INV-610383,2024-06-01,FAC-003,HW-AC-10118,40,121,133,28
INV-610384,2024-07-01,FAC-003,HW-AC-10118,33,105,104,34
INV-610385,2024-08-01,FAC-003,HW-AC-10118,25,110,113,22
INV-610386,2024-09-01,FAC-003,HW-AC-10118,63,170,193,40
INV-610387,2024-10-01,FAC-003,HW-AC-10118,41,178,192,27
INV-610388,2024-11-01,FAC-003,HW-AC-10118,54,130,159,25
INV-610389,2024-12-01,FAC-003,HW-AC-10118,26,112,113,25
INV-610390,2025-01-01,FAC-003,HW-AC-10118,29,120,140,9
INV-610391,2025-02-01,FAC-003,HW-AC-10118,27,133,137,23
INV-610392,2025-03-01,FAC-003,HW-AC-10118,33,129,138,24
INV-610393,2025-04-01,FAC-003,HW-AC-10118,28,115,124,19
INV-610394,2025-05-01,FAC-003,HW-AC-10118,39,136,150,25
INV-610395,2025-06-01,FAC-003,HW-AC-10118,46,112,145,13
INV-610396,2025-07-01,FAC-003,HW-AC-10118,38,91,100,29
INV-610397,2025-08-01,FAC-003,HW-AC-10118,31,88,98,21
INV-610398,2025-09-01,FAC-003,HW-AC-10118,61,168,174,55
INV-610399,2025-10-01,FAC-003,HW-AC-10118,49,156,164,41
INV-610400,2025-11-01,FAC-003,HW-AC-10118,22,102,112,12
INV-610401,2025-12-01,FAC-003,HW-AC-10118,31,133,131,33
INV-610402,2026-01-01,FAC-003,HW-AC-10118,54,124,144,34
INV-610403,2026-02-01,FAC-003,HW-AC-10118,42,131,162,11
INV-610404,2026-03-01,FAC-003,HW-AC-10118,47,106,128,25
INV-610405,2023-04-01,FAC-003,HW-AC-10119,38,117,141,14
INV-610406,2023-05-01,FAC-003,HW-AC-10119,44,126,141,29
INV-610407,2023-06-01,FAC-003,HW-AC-10119,56,129,139,46
INV-610408,2023-07-01,FAC-003,HW-AC-10119,42,103,127,18
INV-610409,2023-08-01,FAC-003,HW-AC-10119,46,110,140,16
INV-610410,2023-09-01,FAC-003,HW-AC-10119,78,177,235,20
INV-610411,2023-10-01,FAC-003,HW-AC-10119,40,182,177,45
INV-610412,2023-11-01,FAC-003,HW-AC-10119,45,121,134,32
INV-610413,2023-12-01,FAC-003,HW-AC-10119,28,104,119,13
INV-610414,2024-01-01,FAC-003,HW-AC-10119,56,132,155,33
INV-610415,2024-02-01,FAC-003,HW-AC-10119,34,114,122,26
INV-610416,2024-03-01,FAC-003,HW-AC-10119,35,124,119,40
INV-610417,2024-04-01,FAC-003,HW-AC-10119,29,116,109,36
INV-610418,2024-05-01,FAC-003,HW-AC-10119,29,117,122,24
INV-610419,2024-06-01,FAC-003,HW-AC-10119,38,111,141,8
INV-610420,2024-07-01,FAC-003,HW-AC-10119,36,102,128,10
INV-610421,2024-08-01,FAC-003,HW-AC-10119,23,97,96,24
INV-610422,2024-09-01,FAC-003,HW-AC-10119,58,161,164,55
INV-610423,2024-10-01,FAC-003,HW-AC-10119,40,184,208,16
INV-610424,2024-11-01,FAC-003,HW-AC-10119,60,135,177,18
INV-610425,2024-12-01,FAC-003,HW-AC-10119,39,106,114,31
INV-610426,2025-01-01,FAC-003,HW-AC-10119,37,133,138,32
INV-610427,2025-02-01,FAC-003,HW-AC-10119,27,133,126,34
INV-610428,2025-03-01,FAC-003,HW-AC-10119,43,116,139,20
INV-610429,2025-04-01,FAC-003,HW-AC-10119,52,125,137,40
INV-610430,2025-05-01,FAC-003,HW-AC-10119,45,119,143,21
INV-610431,2025-06-01,FAC-003,HW-AC-10119,23,117,106,34
INV-610432,2025-07-01,FAC-003,HW-AC-10119,25,89,88,26
INV-610433,2025-08-01,FAC-003,HW-AC-10119,23,98,109,12
INV-610434,2025-09-01,FAC-003,HW-AC-10119,55,185,204,36
INV-610435,2025-10-01,FAC-003,HW-AC-10119,63,189,239,13
INV-610436,2025-11-01,FAC-003,HW-AC-10119,44,106,127,23
INV-610437,2025-12-01,FAC-003,HW-AC-10119,44,101,136,9
INV-610438,2026-01-01,FAC-003,HW-AC-10119,49,114,126,37
INV-610439,2026-02-01,FAC-003,HW-AC-10119,30,125,123,32
INV-610440,2026-03-01,FAC-003,HW-AC-10119,37,128,123,42
INV-610441,2023-04-01,FAC-003,HW-AC-10120,40,109,117,32
INV-610442,2023-05-01,FAC-003,HW-AC-10120,34,131,136,29
INV-610443,2023-06-01,FAC-003,HW-AC-10120,40,111,116,35
INV-610444,2023-07-01,FAC-003,HW-AC-10120,28,100,118,10
INV-610445,2023-08-01,FAC-003,HW-AC-10120,35,88,96,27
INV-610446,2023-09-01,FAC-003,HW-AC-10120,36,146,140,42
INV-610447,2023-10-01,FAC-003,HW-AC-10120,74,167,182,59
INV-610448,2023-11-01,FAC-003,HW-AC-10120,34,117,123,28
INV-610449,2023-12-01,FAC-003,HW-AC-10120,47,112,119,40
INV-610450,2024-01-01,FAC-003,HW-AC-10120,33,128,133,28
INV-610451,2024-02-01,FAC-003,HW-AC-10120,32,116,113,35
INV-610452,2024-03-01,FAC-003,HW-AC-10120,28,105,121,12
INV-610453,2024-04-01,FAC-003,HW-AC-10120,40,105,117,28
INV-610454,2024-05-01,FAC-003,HW-AC-10120,40,132,134,38
INV-610455,2024-06-01,FAC-003,HW-AC-10120,33,136,145,24
INV-610456,2024-07-01,FAC-003,HW-AC-10120,30,103,125,8
INV-610457,2024-08-01,FAC-003,HW-AC-10120,45,111,147,9
INV-610458,2024-09-01,FAC-003,HW-AC-10120,36,164,180,20
INV-610459,2024-10-01,FAC-003,HW-AC-10120,39,160,168,31
INV-610460,2024-11-01,FAC-003,HW-AC-10120,32,134,152,14
INV-610461,2024-12-01,FAC-003,HW-AC-10120,27,116,131,12
INV-610462,2025-01-01,FAC-003,HW-AC-10120,36,135,138,33
INV-610463,2025-02-01,FAC-003,HW-AC-10120,46,115,121,40
INV-610464,2025-03-01,FAC-003,HW-AC-10120,41,109,124,26
INV-610465,2025-04-01,FAC-003,HW-AC-10120,46,112,147,11
INV-610466,2025-05-01,FAC-003,HW-AC-10120,35,134,157,12
INV-610467,2025-06-01,FAC-003,HW-AC-10120,30,127,136,21
INV-610468,2025-07-01,FAC-003,HW-AC-10120,32,86,105,13
INV-610469,2025-08-01,FAC-003,HW-AC-10120,26,109,118,17
INV-610470,2025-09-01,FAC-003,HW-AC-10120,65,150,190,25
INV-610471,2025-10-01,FAC-003,HW-AC-10120,36,146,160,22
INV-610472,2025-11-01,FAC-003,HW-AC-10120,45,118,131,32
INV-610473,2025-12-01,FAC-003,HW-AC-10120,30,124,132,22
INV-610474,2026-01-01,FAC-003,HW-AC-10120,48,135,139,44
INV-610475,2026-02-01,FAC-003,HW-AC-10120,32,136,150,18
INV-610476,2026-03-01,FAC-003,HW-AC-10120,32,120,119,33
INV-610477,2023-04-01,FAC-003,HW-AC-10121,54,131,155,30
INV-610478,2023-05-01,FAC-003,HW-AC-10121,43,104,124,23
INV-610479,2023-06-01,FAC-003,HW-AC-10121,35,116,124,27
INV-610480,2023-07-01,FAC-003,HW-AC-10121,35,101,114,22
INV-610481,2023-08-01,FAC-003,HW-AC-10121,31,113,124,20
INV-610482,2023-09-01,FAC-003,HW-AC-10121,60,156,166,50
INV-610483,2023-10-01,FAC-003,HW-AC-10121,60,151,165,46
INV-610484,2023-11-01,FAC-003,HW-AC-10121,54,123,151,26
INV-610485,2023-12-01,FAC-003,HW-AC-10121,29,107,124,12
INV-610486,2024-01-01,FAC-003,HW-AC-10121,43,113,141,15
INV-610487,2024-02-01,FAC-003,HW-AC-10121,47,119,135,31
INV-610488,2024-03-01,FAC-003,HW-AC-10121,44,119,127,36
INV-610489,2024-04-01,FAC-003,HW-AC-10121,39,110,131,18
INV-610490,2024-05-01,FAC-003,HW-AC-10121,47,118,139,26
INV-610491,2024-06-01,FAC-003,HW-AC-10121,50,132,147,35
INV-610492,2024-07-01,FAC-003,HW-AC-10121,35,97,122,10
INV-610493,2024-08-01,FAC-003,HW-AC-10121,29,91,92,28
INV-610494,2024-09-01,FAC-003,HW-AC-10121,57,155,162,50
INV-610495,2024-10-01,FAC-003,HW-AC-10121,73,174,233,14
INV-610496,2024-11-01,FAC-003,HW-AC-10121,41,108,139,10
INV-610497,2024-12-01,FAC-003,HW-AC-10121,31,104,126,9
INV-610498,2025-01-01,FAC-003,HW-AC-10121,46,108,131,23
INV-610499,2025-02-01,FAC-003,HW-AC-10121,32,104,110,26
INV-610500,2025-03-01,FAC-003,HW-AC-10121,37,111,125,23
INV-610501,2025-04-01,FAC-003,HW-AC-10121,26,118,131,13
INV-610502,2025-05-01,FAC-003,HW-AC-10121,47,118,150,15
INV-610503,2025-06-01,FAC-003,HW-AC-10121,22,112,124,10
INV-610504,2025-07-01,FAC-003,HW-AC-10121,24,109,118,15
INV-610505,2025-08-01,FAC-003,HW-AC-10121,17,86,88,15
INV-610506,2025-09-01,FAC-003,HW-AC-10121,64,146,195,15
INV-610507,2025-10-01,FAC-003,HW-AC-10121,37,174,171,40
INV-610508,2025-11-01,FAC-003,HW-AC-10121,36,114,117,33
INV-610509,2025-12-01,FAC-003,HW-AC-10121,37,121,148,10
INV-610510,2026-01-01,FAC-003,HW-AC-10121,45,134,157,22
INV-610511,2026-02-01,FAC-003,HW-AC-10121,27,106,123,10
INV-610512,2026-03-01,FAC-003,HW-AC-10121,31,126,135,22
INV-610513,2023-04-01,FAC-003,HW-AC-10122,27,113,131,9
INV-610514,2023-05-01,FAC-003,HW-AC-10122,35,117,122,30
INV-610515,2023-06-01,FAC-003,HW-AC-10122,54,132,154,32
INV-610516,2023-07-01,FAC-003,HW-AC-10122,26,86,88,24
INV-610517,2023-08-01,FAC-003,HW-AC-10122,26,90,89,27
INV-610518,2023-09-01,FAC-003,HW-AC-10122,40,189,190,39
INV-610519,2023-10-01,FAC-003,HW-AC-10122,55,149,156,48
INV-610520,2023-11-01,FAC-003,HW-AC-10122,47,120,156,11
INV-610521,2023-12-01,FAC-003,HW-AC-10122,28,126,118,36
INV-610522,2024-01-01,FAC-003,HW-AC-10122,32,127,133,26
INV-610523,2024-02-01,FAC-003,HW-AC-10122,55,136,175,16
INV-610524,2024-03-01,FAC-003,HW-AC-10122,46,131,159,18
INV-610525,2024-04-01,FAC-003,HW-AC-10122,50,113,131,32
INV-610526,2024-05-01,FAC-003,HW-AC-10122,33,122,119,36
INV-610527,2024-06-01,FAC-003,HW-AC-10122,34,121,134,21
INV-610528,2024-07-01,FAC-003,HW-AC-10122,34,102,105,31
INV-610529,2024-08-01,FAC-003,HW-AC-10122,39,99,112,26
INV-610530,2024-09-01,FAC-003,HW-AC-10122,52,163,198,17
INV-610531,2024-10-01,FAC-003,HW-AC-10122,39,174,196,17
INV-610532,2024-11-01,FAC-003,HW-AC-10122,50,130,151,29
INV-610533,2024-12-01,FAC-003,HW-AC-10122,40,128,150,18
INV-610534,2025-01-01,FAC-003,HW-AC-10122,55,132,157,30
INV-610535,2025-02-01,FAC-003,HW-AC-10122,29,131,123,37
INV-610536,2025-03-01,FAC-003,HW-AC-10122,43,120,127,36
INV-610537,2025-04-01,FAC-003,HW-AC-10122,26,118,125,19
INV-610538,2025-05-01,FAC-003,HW-AC-10122,50,131,149,32
INV-610539,2025-06-01,FAC-003,HW-AC-10122,49,136,168,17
INV-610540,2025-07-01,FAC-003,HW-AC-10122,47,106,139,14
INV-610541,2025-08-01,FAC-003,HW-AC-10122,29,101,115,15
INV-610542,2025-09-01,FAC-003,HW-AC-10122,61,171,189,43
INV-610543,2025-10-01,FAC-003,HW-AC-10122,55,163,200,18
INV-610544,2025-11-01,FAC-003,HW-AC-10122,29,128,125,32
INV-610545,2025-12-01,FAC-003,HW-AC-10122,20,102,96,26
INV-610546,2026-01-01,FAC-003,HW-AC-10122,54,129,151,32
INV-610547,2026-02-01,FAC-003,HW-AC-10122,45,121,156,10
INV-610548,2026-03-01,FAC-003,HW-AC-10122,28,133,128,33
INV-610549,2023-04-01,FAC-003,HW-AC-10123,46,123,137,32
INV-610550,2023-05-01,FAC-003,HW-AC-10123,41,131,163,9
INV-610551,2023-06-01,FAC-003,HW-AC-10123,22,101,99,24
INV-610552,2023-07-01,FAC-003,HW-AC-10123,34,86,91,29
INV-610553,2023-08-01,FAC-003,HW-AC-10123,23,108,104,27
INV-610554,2023-09-01,FAC-003,HW-AC-10123,80,183,219,44
INV-610555,2023-10-01,FAC-003,HW-AC-10123,67,190,214,43
INV-610556,2023-11-01,FAC-003,HW-AC-10123,35,129,131,33
INV-610557,2023-12-01,FAC-003,HW-AC-10123,36,124,124,36
INV-610558,2024-01-01,FAC-003,HW-AC-10123,40,103,126,17
INV-610559,2024-02-01,FAC-003,HW-AC-10123,48,115,135,28
INV-610560,2024-03-01,FAC-003,HW-AC-10123,53,126,164,15
INV-610561,2024-04-01,FAC-003,HW-AC-10123,44,119,135,28
INV-610562,2024-05-01,FAC-003,HW-AC-10123,32,124,130,26
INV-610563,2024-06-01,FAC-003,HW-AC-10123,22,108,112,18
INV-610564,2024-07-01,FAC-003,HW-AC-10123,23,112,106,29
INV-610565,2024-08-01,FAC-003,HW-AC-10123,36,99,105,30
INV-610566,2024-09-01,FAC-003,HW-AC-10123,47,144,174,17
INV-610567,2024-10-01,FAC-003,HW-AC-10123,41,143,162,22
INV-610568,2024-11-01,FAC-003,HW-AC-10123,27,105,113,19
INV-610569,2024-12-01,FAC-003,HW-AC-10123,36,135,144,27
INV-610570,2025-01-01,FAC-003,HW-AC-10123,48,115,124,39
INV-610571,2025-02-01,FAC-003,HW-AC-10123,49,121,161,9
INV-610572,2025-03-01,FAC-003,HW-AC-10123,37,126,135,28
INV-610573,2025-04-01,FAC-003,HW-AC-10123,39,113,136,16
INV-610574,2025-05-01,FAC-003,HW-AC-10123,39,130,150,19
INV-610575,2025-06-01,FAC-003,HW-AC-10123,57,133,169,21
INV-610576,2025-07-01,FAC-003,HW-AC-10123,34,105,109,30
INV-610577,2025-08-01,FAC-003,HW-AC-10123,28,89,91,26
INV-610578,2025-09-01,FAC-003,HW-AC-10123,61,170,197,34
INV-610579,2025-10-01,FAC-003,HW-AC-10123,30,143,133,40
INV-610580,2025-11-01,FAC-003,HW-AC-10123,47,106,125,28
INV-610581,2025-12-01,FAC-003,HW-AC-10123,23,111,117,17
INV-610582,2026-01-01,FAC-003,HW-AC-10123,30,124,143,11
INV-610583,2026-02-01,FAC-003,HW-AC-10123,33,129,137,25
INV-610584,2026-03-01,FAC-003,HW-AC-10123,33,117,137,13
