pricing_id,snapshot_date,product_id,competitor,hawkins_price,competitor_price,price_gap_pct
CP-800001,2023-04-01,HW-PC-10001,TTK Prestige,1020.0,1060.0,3.92
CP-800002,2023-04-01,HW-PC-10001,Butterfly,1020.0,820.0,-19.61
CP-800003,2023-04-01,HW-PC-10001,Pigeon,1020.0,740.0,-27.45
CP-800004,2023-04-01,HW-PC-10001,Stove Kraft,1020.0,910.0,-10.78
CP-800005,2023-05-01,HW-PC-10001,TTK Prestige,1020.0,1050.0,2.94
CP-800006,2023-05-01,HW-PC-10001,Butterfly,1020.0,960.0,-5.88
CP-800007,2023-05-01,HW-PC-10001,Pigeon,1020.0,760.0,-25.49
CP-800008,2023-05-01,HW-PC-10001,Stove Kraft,1020.0,810.0,-20.59
CP-800009,2023-06-01,HW-PC-10001,TTK Prestige,1020.0,1030.0,0.98
CP-800010,2023-06-01,HW-PC-10001,Butterfly,1020.0,850.0,-16.67
CP-800011,2023-06-01,HW-PC-10001,Pigeon,1020.0,790.0,-22.55
CP-800012,2023-06-01,HW-PC-10001,Stove Kraft,1020.0,860.0,-15.69
CP-800013,2023-07-01,HW-PC-10001,TTK Prestige,1020.0,1040.0,1.96
CP-800014,2023-07-01,HW-PC-10001,Butterfly,1020.0,800.0,-21.57
CP-800015,2023-07-01,HW-PC-10001,Pigeon,1020.0,770.0,-24.51
CP-800016,2023-07-01,HW-PC-10001,Stove Kraft,1020.0,910.0,-10.78
CP-800017,2023-08-01,HW-PC-10001,TTK Prestige,1020.0,1080.0,5.88
CP-800018,2023-08-01,HW-PC-10001,Butterfly,1020.0,910.0,-10.78
CP-800019,2023-08-01,HW-PC-10001,Pigeon,1020.0,790.0,-22.55
CP-800020,2023-08-01,HW-PC-10001,Stove Kraft,1020.0,860.0,-15.69
CP-800021,2023-09-01,HW-PC-10001,TTK Prestige,1020.0,1170.0,14.71
CP-800022,2023-09-01,HW-PC-10001,Butterfly,1020.0,920.0,-9.8
CP-800023,2023-09-01,HW-PC-10001,Pigeon,1020.0,810.0,-20.59
CP-800024,2023-09-01,HW-PC-10001,Stove Kraft,1020.0,910.0,-10.78
CP-800025,2023-10-01,HW-PC-10001,TTK Prestige,1020.0,1140.0,11.76
CP-800026,2023-10-01,HW-PC-10001,Butterfly,1020.0,840.0,-17.65
CP-800027,2023-10-01,HW-PC-10001,Pigeon,1020.0,880.0,-13.73
CP-800028,2023-10-01,HW-PC-10001,Stove Kraft,1020.0,930.0,-8.82
CP-800029,2023-11-01,HW-PC-10001,TTK Prestige,1020.0,1120.0,9.8
CP-800030,2023-11-01,HW-PC-10001,Butterfly,1020.0,880.0,-13.73
CP-800031,2023-11-01,HW-PC-10001,Pigeon,1020.0,780.0,-23.53
CP-800032,2023-11-01,HW-PC-10001,Stove Kraft,1020.0,1020.0,0.0
CP-800033,2023-12-01,HW-PC-10001,TTK Prestige,1020.0,1120.0,9.8
CP-800034,2023-12-01,HW-PC-10001,Butterfly,1020.0,920.0,-9.8
CP-800035,2023-12-01,HW-PC-10001,Pigeon,1020.0,850.0,-16.67
CP-800036,2023-12-01,HW-PC-10001,Stove Kraft,1020.0,940.0,-7.84
CP-800037,2024-01-01,HW-PC-10001,TTK Prestige,1020.0,1080.0,5.88
CP-800038,2024-01-01,HW-PC-10001,Butterfly,1020.0,820.0,-19.61
CP-800039,2024-01-01,HW-PC-10001,Pigeon,1020.0,860.0,-15.69
CP-800040,2024-01-01,HW-PC-10001,Stove Kraft,1020.0,910.0,-10.78
CP-800041,2024-02-01,HW-PC-10001,TTK Prestige,1020.0,1130.0,10.78
CP-800042,2024-02-01,HW-PC-10001,Butterfly,1020.0,1040.0,1.96
CP-800043,2024-02-01,HW-PC-10001,Pigeon,1020.0,840.0,-17.65
CP-800044,2024-02-01,HW-PC-10001,Stove Kraft,1020.0,1020.0,0.0
CP-800045,2024-03-01,HW-PC-10001,TTK Prestige,1020.0,1120.0,9.8
CP-800046,2024-03-01,HW-PC-10001,Butterfly,1020.0,930.0,-8.82
CP-800047,2024-03-01,HW-PC-10001,Pigeon,1020.0,800.0,-21.57
CP-800048,2024-03-01,HW-PC-10001,Stove Kraft,1020.0,940.0,-7.84
CP-800049,2024-04-01,HW-PC-10001,TTK Prestige,1020.0,1070.0,4.9
CP-800050,2024-04-01,HW-PC-10001,Butterfly,1020.0,900.0,-11.76
CP-800051,2024-04-01,HW-PC-10001,Pigeon,1020.0,790.0,-22.55
CP-800052,2024-04-01,HW-PC-10001,Stove Kraft,1020.0,1040.0,1.96
CP-800053,2024-05-01,HW-PC-10001,TTK Prestige,1020.0,1110.0,8.82
CP-800054,2024-05-01,HW-PC-10001,Butterfly,1020.0,880.0,-13.73
CP-800055,2024-05-01,HW-PC-10001,Pigeon,1020.0,820.0,-19.61
CP-800056,2024-05-01,HW-PC-10001,Stove Kraft,1020.0,1080.0,5.88
CP-800057,2024-06-01,HW-PC-10001,TTK Prestige,1020.0,1130.0,10.78
CP-800058,2024-06-01,HW-PC-10001,Butterfly,1020.0,980.0,-3.92
CP-800059,2024-06-01,HW-PC-10001,Pigeon,1020.0,790.0,-22.55
CP-800060,2024-06-01,HW-PC-10001,Stove Kraft,1020.0,940.0,-7.84
CP-800061,2024-07-01,HW-PC-10001,TTK Prestige,1020.0,1120.0,9.8
CP-800062,2024-07-01,HW-PC-10001,Butterfly,1020.0,940.0,-7.84
CP-800063,2024-07-01,HW-PC-10001,Pigeon,1020.0,830.0,-18.63
CP-800064,2024-07-01,HW-PC-10001,Stove Kraft,1020.0,1090.0,6.86
CP-800065,2024-08-01,HW-PC-10001,TTK Prestige,1020.0,1120.0,9.8
CP-800066,2024-08-01,HW-PC-10001,Butterfly,1020.0,900.0,-11.76
CP-800067,2024-08-01,HW-PC-10001,Pigeon,1020.0,790.0,-22.55
CP-800068,2024-08-01,HW-PC-10001,Stove Kraft,1020.0,1050.0,2.94
CP-800069,2024-09-01,HW-PC-10001,TTK Prestige,1020.0,1120.0,9.8
CP-800070,2024-09-01,HW-PC-10001,Butterfly,1020.0,990.0,-2.94
CP-800071,2024-09-01,HW-PC-10001,Pigeon,1020.0,890.0,-12.75
CP-800072,2024-09-01,HW-PC-10001,Stove Kraft,1020.0,940.0,-7.84
CP-800073,2024-10-01,HW-PC-10001,TTK Prestige,1020.0,1120.0,9.8
CP-800074,2024-10-01,HW-PC-10001,Butterfly,1020.0,920.0,-9.8
CP-800075,2024-10-01,HW-PC-10001,Pigeon,1020.0,820.0,-19.61
CP-800076,2024-10-01,HW-PC-10001,Stove Kraft,1020.0,930.0,-8.82
CP-800077,2024-11-01,HW-PC-10001,TTK Prestige,1020.0,1180.0,15.69
CP-800078,2024-11-01,HW-PC-10001,Butterfly,1020.0,960.0,-5.88
CP-800079,2024-11-01,HW-PC-10001,Pigeon,1020.0,830.0,-18.63
CP-800080,2024-11-01,HW-PC-10001,Stove Kraft,1020.0,990.0,-2.94
CP-800081,2024-12-01,HW-PC-10001,TTK Prestige,1020.0,1100.0,7.84
CP-800082,2024-12-01,HW-PC-10001,Butterfly,1020.0,800.0,-21.57
CP-800083,2024-12-01,HW-PC-10001,Pigeon,1020.0,860.0,-15.69
CP-800084,2024-12-01,HW-PC-10001,Stove Kraft,1020.0,1010.0,-0.98
CP-800085,2025-01-01,HW-PC-10001,TTK Prestige,1020.0,1100.0,7.84
CP-800086,2025-01-01,HW-PC-10001,Butterfly,1020.0,890.0,-12.75
CP-800087,2025-01-01,HW-PC-10001,Pigeon,1020.0,860.0,-15.69
CP-800088,2025-01-01,HW-PC-10001,Stove Kraft,1020.0,970.0,-4.9
CP-800089,2025-02-01,HW-PC-10001,TTK Prestige,1020.0,1130.0,10.78
CP-800090,2025-02-01,HW-PC-10001,Butterfly,1020.0,970.0,-4.9
CP-800091,2025-02-01,HW-PC-10001,Pigeon,1020.0,860.0,-15.69
CP-800092,2025-02-01,HW-PC-10001,Stove Kraft,1020.0,910.0,-10.78
CP-800093,2025-03-01,HW-PC-10001,TTK Prestige,1020.0,1130.0,10.78
CP-800094,2025-03-01,HW-PC-10001,Butterfly,1020.0,1020.0,0.0
CP-800095,2025-03-01,HW-PC-10001,Pigeon,1020.0,820.0,-19.61
CP-800096,2025-03-01,HW-PC-10001,Stove Kraft,1020.0,1050.0,2.94
CP-800097,2025-04-01,HW-PC-10001,TTK Prestige,1020.0,1100.0,7.84
CP-800098,2025-04-01,HW-PC-10001,Butterfly,1020.0,980.0,-3.92
CP-800099,2025-04-01,HW-PC-10001,Pigeon,1020.0,930.0,-8.82
CP-800100,2025-04-01,HW-PC-10001,Stove Kraft,1020.0,1140.0,11.76
CP-800101,2025-05-01,HW-PC-10001,TTK Prestige,1020.0,1160.0,13.73
CP-800102,2025-05-01,HW-PC-10001,Butterfly,1020.0,910.0,-10.78
CP-800103,2025-05-01,HW-PC-10001,Pigeon,1020.0,860.0,-15.69
CP-800104,2025-05-01,HW-PC-10001,Stove Kraft,1020.0,960.0,-5.88
CP-800105,2025-06-01,HW-PC-10001,TTK Prestige,1020.0,1120.0,9.8
CP-800106,2025-06-01,HW-PC-10001,Butterfly,1020.0,850.0,-16.67
CP-800107,2025-06-01,HW-PC-10001,Pigeon,1020.0,850.0,-16.67
CP-800108,2025-06-01,HW-PC-10001,Stove Kraft,1020.0,1020.0,0.0
CP-800109,2025-07-01,HW-PC-10001,TTK Prestige,1020.0,1220.0,19.61
CP-800110,2025-07-01,HW-PC-10001,Butterfly,1020.0,870.0,-14.71
CP-800111,2025-07-01,HW-PC-10001,Pigeon,1020.0,920.0,-9.8
CP-800112,2025-07-01,HW-PC-10001,Stove Kraft,1020.0,910.0,-10.78
CP-800113,2025-08-01,HW-PC-10001,TTK Prestige,1020.0,1120.0,9.8
CP-800114,2025-08-01,HW-PC-10001,Butterfly,1020.0,920.0,-9.8
CP-800115,2025-08-01,HW-PC-10001,Pigeon,1020.0,910.0,-10.78
CP-800116,2025-08-01,HW-PC-10001,Stove Kraft,1020.0,1020.0,0.0
CP-800117,2025-09-01,HW-PC-10001,TTK Prestige,1020.0,1180.0,15.69
CP-800118,2025-09-01,HW-PC-10001,Butterfly,1020.0,1040.0,1.96
CP-800119,2025-09-01,HW-PC-10001,Pigeon,1020.0,870.0,-14.71
CP-800120,2025-09-01,HW-PC-10001,Stove Kraft,1020.0,1070.0,4.9
CP-800121,2025-10-01,HW-PC-10001,TTK Prestige,1020.0,1170.0,14.71
CP-800122,2025-10-01,HW-PC-10001,Butterfly,1020.0,1000.0,-1.96
CP-800123,2025-10-01,HW-PC-10001,Pigeon,1020.0,940.0,-7.84
CP-800124,2025-10-01,HW-PC-10001,Stove Kraft,1020.0,1010.0,-0.98
CP-800125,2025-11-01,HW-PC-10001,TTK Prestige,1020.0,1180.0,15.69
CP-800126,2025-11-01,HW-PC-10001,Butterfly,1020.0,1000.0,-1.96
CP-800127,2025-11-01,HW-PC-10001,Pigeon,1020.0,890.0,-12.75
CP-800128,2025-11-01,HW-PC-10001,Stove Kraft,1020.0,970.0,-4.9
CP-800129,2025-12-01,HW-PC-10001,TTK Prestige,1020.0,1160.0,13.73
CP-800130,2025-12-01,HW-PC-10001,Butterfly,1020.0,930.0,-8.82
CP-800131,2025-12-01,HW-PC-10001,Pigeon,1020.0,910.0,-10.78
CP-800132,2025-12-01,HW-PC-10001,Stove Kraft,1020.0,1130.0,10.78
CP-800133,2026-01-01,HW-PC-10001,TTK Prestige,1020.0,1200.0,17.65
CP-800134,2026-01-01,HW-PC-10001,Butterfly,1020.0,970.0,-4.9
CP-800135,2026-01-01,HW-PC-10001,Pigeon,1020.0,890.0,-12.75
CP-800136,2026-01-01,HW-PC-10001,Stove Kraft,1020.0,1080.0,5.88
CP-800137,2026-02-01,HW-PC-10001,TTK Prestige,1020.0,1120.0,9.8
CP-800138,2026-02-01,HW-PC-10001,Butterfly,1020.0,960.0,-5.88
CP-800139,2026-02-01,HW-PC-10001,Pigeon,1020.0,830.0,-18.63
CP-800140,2026-02-01,HW-PC-10001,Stove Kraft,1020.0,1060.0,3.92
CP-800141,2026-03-01,HW-PC-10001,TTK Prestige,1020.0,1190.0,16.67
CP-800142,2026-03-01,HW-PC-10001,Butterfly,1020.0,960.0,-5.88
CP-800143,2026-03-01,HW-PC-10001,Pigeon,1020.0,850.0,-16.67
CP-800144,2026-03-01,HW-PC-10001,Stove Kraft,1020.0,960.0,-5.88
CP-800145,2023-04-01,HW-PC-10002,TTK Prestige,1090.0,1090.0,0.0
CP-800146,2023-04-01,HW-PC-10002,Butterfly,1090.0,810.0,-25.69
CP-800147,2023-04-01,HW-PC-10002,Pigeon,1090.0,830.0,-23.85
CP-800148,2023-04-01,HW-PC-10002,Stove Kraft,1090.0,1010.0,-7.34
CP-800149,2023-05-01,HW-PC-10002,TTK Prestige,1090.0,1090.0,0.0
CP-800150,2023-05-01,HW-PC-10002,Butterfly,1090.0,1070.0,-1.83
CP-800151,2023-05-01,HW-PC-10002,Pigeon,1090.0,900.0,-17.43
CP-800152,2023-05-01,HW-PC-10002,Stove Kraft,1090.0,950.0,-12.84
CP-800153,2023-06-01,HW-PC-10002,TTK Prestige,1090.0,1130.0,3.67
CP-800154,2023-06-01,HW-PC-10002,Butterfly,1090.0,960.0,-11.93
CP-800155,2023-06-01,HW-PC-10002,Pigeon,1090.0,790.0,-27.52
CP-800156,2023-06-01,HW-PC-10002,Stove Kraft,1090.0,1050.0,-3.67
CP-800157,2023-07-01,HW-PC-10002,TTK Prestige,1090.0,1150.0,5.5
CP-800158,2023-07-01,HW-PC-10002,Butterfly,1090.0,860.0,-21.1
CP-800159,2023-07-01,HW-PC-10002,Pigeon,1090.0,880.0,-19.27
CP-800160,2023-07-01,HW-PC-10002,Stove Kraft,1090.0,940.0,-13.76
CP-800161,2023-08-01,HW-PC-10002,TTK Prestige,1090.0,1270.0,16.51
CP-800162,2023-08-01,HW-PC-10002,Butterfly,1090.0,910.0,-16.51
CP-800163,2023-08-01,HW-PC-10002,Pigeon,1090.0,790.0,-27.52
CP-800164,2023-08-01,HW-PC-10002,Stove Kraft,1090.0,960.0,-11.93
CP-800165,2023-09-01,HW-PC-10002,TTK Prestige,1090.0,1210.0,11.01
CP-800166,2023-09-01,HW-PC-10002,Butterfly,1090.0,910.0,-16.51
CP-800167,2023-09-01,HW-PC-10002,Pigeon,1090.0,880.0,-19.27
CP-800168,2023-09-01,HW-PC-10002,Stove Kraft,1090.0,1010.0,-7.34
CP-800169,2023-10-01,HW-PC-10002,TTK Prestige,1090.0,1150.0,5.5
CP-800170,2023-10-01,HW-PC-10002,Butterfly,1090.0,1030.0,-5.5
CP-800171,2023-10-01,HW-PC-10002,Pigeon,1090.0,720.0,-33.94
CP-800172,2023-10-01,HW-PC-10002,Stove Kraft,1090.0,910.0,-16.51
CP-800173,2023-11-01,HW-PC-10002,TTK Prestige,1090.0,1130.0,3.67
CP-800174,2023-11-01,HW-PC-10002,Butterfly,1090.0,1040.0,-4.59
CP-800175,2023-11-01,HW-PC-10002,Pigeon,1090.0,910.0,-16.51
CP-800176,2023-11-01,HW-PC-10002,Stove Kraft,1090.0,1060.0,-2.75
CP-800177,2023-12-01,HW-PC-10002,TTK Prestige,1090.0,1140.0,4.59
CP-800178,2023-12-01,HW-PC-10002,Butterfly,1090.0,1050.0,-3.67
CP-800179,2023-12-01,HW-PC-10002,Pigeon,1090.0,940.0,-13.76
CP-800180,2023-12-01,HW-PC-10002,Stove Kraft,1090.0,1000.0,-8.26
CP-800181,2024-01-01,HW-PC-10002,TTK Prestige,1090.0,1090.0,0.0
CP-800182,2024-01-01,HW-PC-10002,Butterfly,1090.0,990.0,-9.17
CP-800183,2024-01-01,HW-PC-10002,Pigeon,1090.0,830.0,-23.85
CP-800184,2024-01-01,HW-PC-10002,Stove Kraft,1090.0,1020.0,-6.42
CP-800185,2024-02-01,HW-PC-10002,TTK Prestige,1090.0,1180.0,8.26
CP-800186,2024-02-01,HW-PC-10002,Butterfly,1090.0,890.0,-18.35
CP-800187,2024-02-01,HW-PC-10002,Pigeon,1090.0,930.0,-14.68
CP-800188,2024-02-01,HW-PC-10002,Stove Kraft,1090.0,1120.0,2.75
CP-800189,2024-03-01,HW-PC-10002,TTK Prestige,1090.0,1210.0,11.01
CP-800190,2024-03-01,HW-PC-10002,Butterfly,1090.0,990.0,-9.17
CP-800191,2024-03-01,HW-PC-10002,Pigeon,1090.0,860.0,-21.1
CP-800192,2024-03-01,HW-PC-10002,Stove Kraft,1090.0,1130.0,3.67
CP-800193,2024-04-01,HW-PC-10002,TTK Prestige,1090.0,1200.0,10.09
CP-800194,2024-04-01,HW-PC-10002,Butterfly,1090.0,990.0,-9.17
CP-800195,2024-04-01,HW-PC-10002,Pigeon,1090.0,870.0,-20.18
CP-800196,2024-04-01,HW-PC-10002,Stove Kraft,1090.0,1170.0,7.34
CP-800197,2024-05-01,HW-PC-10002,TTK Prestige,1090.0,1180.0,8.26
CP-800198,2024-05-01,HW-PC-10002,Butterfly,1090.0,1060.0,-2.75
CP-800199,2024-05-01,HW-PC-10002,Pigeon,1090.0,860.0,-21.1
CP-800200,2024-05-01,HW-PC-10002,Stove Kraft,1090.0,960.0,-11.93
CP-800201,2024-06-01,HW-PC-10002,TTK Prestige,1090.0,1220.0,11.93
CP-800202,2024-06-01,HW-PC-10002,Butterfly,1090.0,960.0,-11.93
CP-800203,2024-06-01,HW-PC-10002,Pigeon,1090.0,840.0,-22.94
CP-800204,2024-06-01,HW-PC-10002,Stove Kraft,1090.0,1100.0,0.92
CP-800205,2024-07-01,HW-PC-10002,TTK Prestige,1090.0,1180.0,8.26
CP-800206,2024-07-01,HW-PC-10002,Butterfly,1090.0,1080.0,-0.92
CP-800207,2024-07-01,HW-PC-10002,Pigeon,1090.0,870.0,-20.18
CP-800208,2024-07-01,HW-PC-10002,Stove Kraft,1090.0,930.0,-14.68
CP-800209,2024-08-01,HW-PC-10002,TTK Prestige,1090.0,1180.0,8.26
CP-800210,2024-08-01,HW-PC-10002,Butterfly,1090.0,1060.0,-2.75
CP-800211,2024-08-01,HW-PC-10002,Pigeon,1090.0,830.0,-23.85
CP-800212,2024-08-01,HW-PC-10002,Stove Kraft,1090.0,1080.0,-0.92
CP-800213,2024-09-01,HW-PC-10002,TTK Prestige,1090.0,1200.0,10.09
CP-800214,2024-09-01,HW-PC-10002,Butterfly,1090.0,990.0,-9.17
CP-800215,2024-09-01,HW-PC-10002,Pigeon,1090.0,970.0,-11.01
CP-800216,2024-09-01,HW-PC-10002,Stove Kraft,1090.0,1050.0,-3.67
CP-800217,2024-10-01,HW-PC-10002,TTK Prestige,1090.0,1180.0,8.26
CP-800218,2024-10-01,HW-PC-10002,Butterfly,1090.0,990.0,-9.17
CP-800219,2024-10-01,HW-PC-10002,Pigeon,1090.0,880.0,-19.27
CP-800220,2024-10-01,HW-PC-10002,Stove Kraft,1090.0,1000.0,-8.26
CP-800221,2024-11-01,HW-PC-10002,TTK Prestige,1090.0,1180.0,8.26
CP-800222,2024-11-01,HW-PC-10002,Butterfly,1090.0,990.0,-9.17
CP-800223,2024-11-01,HW-PC-10002,Pigeon,1090.0,910.0,-16.51
CP-800224,2024-11-01,HW-PC-10002,Stove Kraft,1090.0,970.0,-11.01
CP-800225,2024-12-01,HW-PC-10002,TTK Prestige,1090.0,1120.0,2.75
CP-800226,2024-12-01,HW-PC-10002,Butterfly,1090.0,1040.0,-4.59
CP-800227,2024-12-01,HW-PC-10002,Pigeon,1090.0,820.0,-24.77
CP-800228,2024-12-01,HW-PC-10002,Stove Kraft,1090.0,1040.0,-4.59
CP-800229,2025-01-01,HW-PC-10002,TTK Prestige,1090.0,1220.0,11.93
CP-800230,2025-01-01,HW-PC-10002,Butterfly,1090.0,990.0,-9.17
CP-800231,2025-01-01,HW-PC-10002,Pigeon,1090.0,870.0,-20.18
CP-800232,2025-01-01,HW-PC-10002,Stove Kraft,1090.0,1100.0,0.92
CP-800233,2025-02-01,HW-PC-10002,TTK Prestige,1090.0,1220.0,11.93
CP-800234,2025-02-01,HW-PC-10002,Butterfly,1090.0,1070.0,-1.83
CP-800235,2025-02-01,HW-PC-10002,Pigeon,1090.0,820.0,-24.77
CP-800236,2025-02-01,HW-PC-10002,Stove Kraft,1090.0,1030.0,-5.5
CP-800237,2025-03-01,HW-PC-10002,TTK Prestige,1090.0,1220.0,11.93
CP-800238,2025-03-01,HW-PC-10002,Butterfly,1090.0,1050.0,-3.67
CP-800239,2025-03-01,HW-PC-10002,Pigeon,1090.0,960.0,-11.93
CP-800240,2025-03-01,HW-PC-10002,Stove Kraft,1090.0,1160.0,6.42
CP-800241,2025-04-01,HW-PC-10002,TTK Prestige,1090.0,1250.0,14.68
CP-800242,2025-04-01,HW-PC-10002,Butterfly,1090.0,1050.0,-3.67
CP-800243,2025-04-01,HW-PC-10002,Pigeon,1090.0,900.0,-17.43
CP-800244,2025-04-01,HW-PC-10002,Stove Kraft,1090.0,1080.0,-0.92
CP-800245,2025-05-01,HW-PC-10002,TTK Prestige,1090.0,1170.0,7.34
CP-800246,2025-05-01,HW-PC-10002,Butterfly,1090.0,1030.0,-5.5
CP-800247,2025-05-01,HW-PC-10002,Pigeon,1090.0,940.0,-13.76
CP-800248,2025-05-01,HW-PC-10002,Stove Kraft,1090.0,1190.0,9.17
CP-800249,2025-06-01,HW-PC-10002,TTK Prestige,1090.0,1280.0,17.43
CP-800250,2025-06-01,HW-PC-10002,Butterfly,1090.0,960.0,-11.93
CP-800251,2025-06-01,HW-PC-10002,Pigeon,1090.0,890.0,-18.35
CP-800252,2025-06-01,HW-PC-10002,Stove Kraft,1090.0,1110.0,1.83
CP-800253,2025-07-01,HW-PC-10002,TTK Prestige,1090.0,1250.0,14.68
CP-800254,2025-07-01,HW-PC-10002,Butterfly,1090.0,1000.0,-8.26
CP-800255,2025-07-01,HW-PC-10002,Pigeon,1090.0,870.0,-20.18
CP-800256,2025-07-01,HW-PC-10002,Stove Kraft,1090.0,1100.0,0.92
CP-800257,2025-08-01,HW-PC-10002,TTK Prestige,1090.0,1320.0,21.1
CP-800258,2025-08-01,HW-PC-10002,Butterfly,1090.0,1020.0,-6.42
CP-800259,2025-08-01,HW-PC-10002,Pigeon,1090.0,850.0,-22.02
CP-800260,2025-08-01,HW-PC-10002,Stove Kraft,1090.0,1060.0,-2.75
CP-800261,2025-09-01,HW-PC-10002,TTK Prestige,1090.0,1160.0,6.42
CP-800262,2025-09-01,HW-PC-10002,Butterfly,1090.0,1090.0,0.0
CP-800263,2025-09-01,HW-PC-10002,Pigeon,1090.0,810.0,-25.69
CP-800264,2025-09-01,HW-PC-10002,Stove Kraft,1090.0,1160.0,6.42
CP-800265,2025-10-01,HW-PC-10002,TTK Prestige,1090.0,1200.0,10.09
CP-800266,2025-10-01,HW-PC-10002,Butterfly,1090.0,940.0,-13.76
CP-800267,2025-10-01,HW-PC-10002,Pigeon,1090.0,890.0,-18.35
CP-800268,2025-10-01,HW-PC-10002,Stove Kraft,1090.0,1040.0,-4.59
CP-800269,2025-11-01,HW-PC-10002,TTK Prestige,1090.0,1220.0,11.93
CP-800270,2025-11-01,HW-PC-10002,Butterfly,1090.0,1030.0,-5.5
CP-800271,2025-11-01,HW-PC-10002,Pigeon,1090.0,940.0,-13.76
CP-800272,2025-11-01,HW-PC-10002,Stove Kraft,1090.0,1010.0,-7.34
CP-800273,2025-12-01,HW-PC-10002,TTK Prestige,1090.0,1280.0,17.43
CP-800274,2025-12-01,HW-PC-10002,Butterfly,1090.0,1000.0,-8.26
CP-800275,2025-12-01,HW-PC-10002,Pigeon,1090.0,930.0,-14.68
CP-800276,2025-12-01,HW-PC-10002,Stove Kraft,1090.0,1110.0,1.83
CP-800277,2026-01-01,HW-PC-10002,TTK Prestige,1090.0,1240.0,13.76
CP-800278,2026-01-01,HW-PC-10002,Butterfly,1090.0,1120.0,2.75
CP-800279,2026-01-01,HW-PC-10002,Pigeon,1090.0,930.0,-14.68
CP-800280,2026-01-01,HW-PC-10002,Stove Kraft,1090.0,1070.0,-1.83
CP-800281,2026-02-01,HW-PC-10002,TTK Prestige,1090.0,1290.0,18.35
CP-800282,2026-02-01,HW-PC-10002,Butterfly,1090.0,1030.0,-5.5
CP-800283,2026-02-01,HW-PC-10002,Pigeon,1090.0,910.0,-16.51
CP-800284,2026-02-01,HW-PC-10002,Stove Kraft,1090.0,1080.0,-0.92
CP-800285,2026-03-01,HW-PC-10002,TTK Prestige,1090.0,1230.0,12.84
CP-800286,2026-03-01,HW-PC-10002,Butterfly,1090.0,1100.0,0.92
CP-800287,2026-03-01,HW-PC-10002,Pigeon,1090.0,1010.0,-7.34
CP-800288,2026-03-01,HW-PC-10002,Stove Kraft,1090.0,1220.0,11.93
CP-800289,2023-04-01,HW-PC-10003,TTK Prestige,1230.0,1280.0,4.07
CP-800290,2023-04-01,HW-PC-10003,Butterfly,1230.0,1160.0,-5.69
CP-800291,2023-04-01,HW-PC-10003,Pigeon,1230.0,980.0,-20.33
CP-800292,2023-04-01,HW-PC-10003,Stove Kraft,1230.0,1130.0,-8.13
CP-800293,2023-05-01,HW-PC-10003,TTK Prestige,1230.0,1370.0,11.38
CP-800294,2023-05-01,HW-PC-10003,Butterfly,1230.0,1110.0,-9.76
CP-800295,2023-05-01,HW-PC-10003,Pigeon,1230.0,950.0,-22.76
CP-800296,2023-05-01,HW-PC-10003,Stove Kraft,1230.0,1160.0,-5.69
CP-800297,2023-06-01,HW-PC-10003,TTK Prestige,1230.0,1330.0,8.13
CP-800298,2023-06-01,HW-PC-10003,Butterfly,1230.0,940.0,-23.58
CP-800299,2023-06-01,HW-PC-10003,Pigeon,1230.0,910.0,-26.02
CP-800300,2023-06-01,HW-PC-10003,Stove Kraft,1230.0,1020.0,-17.07
CP-800301,2023-07-01,HW-PC-10003,TTK Prestige,1230.0,1380.0,12.2
CP-800302,2023-07-01,HW-PC-10003,Butterfly,1230.0,1070.0,-13.01
CP-800303,2023-07-01,HW-PC-10003,Pigeon,1230.0,1020.0,-17.07
CP-800304,2023-07-01,HW-PC-10003,Stove Kraft,1230.0,1110.0,-9.76
CP-800305,2023-08-01,HW-PC-10003,TTK Prestige,1230.0,1330.0,8.13
CP-800306,2023-08-01,HW-PC-10003,Butterfly,1230.0,1200.0,-2.44
CP-800307,2023-08-01,HW-PC-10003,Pigeon,1230.0,970.0,-21.14
CP-800308,2023-08-01,HW-PC-10003,Stove Kraft,1230.0,1010.0,-17.89
CP-800309,2023-09-01,HW-PC-10003,TTK Prestige,1230.0,1410.0,14.63
CP-800310,2023-09-01,HW-PC-10003,Butterfly,1230.0,1090.0,-11.38
CP-800311,2023-09-01,HW-PC-10003,Pigeon,1230.0,970.0,-21.14
CP-800312,2023-09-01,HW-PC-10003,Stove Kraft,1230.0,1130.0,-8.13
CP-800313,2023-10-01,HW-PC-10003,TTK Prestige,1230.0,1350.0,9.76
CP-800314,2023-10-01,HW-PC-10003,Butterfly,1230.0,1200.0,-2.44
CP-800315,2023-10-01,HW-PC-10003,Pigeon,1230.0,930.0,-24.39
CP-800316,2023-10-01,HW-PC-10003,Stove Kraft,1230.0,1010.0,-17.89
CP-800317,2023-11-01,HW-PC-10003,TTK Prestige,1230.0,1300.0,5.69
CP-800318,2023-11-01,HW-PC-10003,Butterfly,1230.0,1120.0,-8.94
CP-800319,2023-11-01,HW-PC-10003,Pigeon,1230.0,980.0,-20.33
CP-800320,2023-11-01,HW-PC-10003,Stove Kraft,1230.0,1210.0,-1.63
CP-800321,2023-12-01,HW-PC-10003,TTK Prestige,1230.0,1280.0,4.07
CP-800322,2023-12-01,HW-PC-10003,Butterfly,1230.0,970.0,-21.14
CP-800323,2023-12-01,HW-PC-10003,Pigeon,1230.0,950.0,-22.76
CP-800324,2023-12-01,HW-PC-10003,Stove Kraft,1230.0,1110.0,-9.76
CP-800325,2024-01-01,HW-PC-10003,TTK Prestige,1230.0,1320.0,7.32
CP-800326,2024-01-01,HW-PC-10003,Butterfly,1230.0,1180.0,-4.07
CP-800327,2024-01-01,HW-PC-10003,Pigeon,1230.0,940.0,-23.58
CP-800328,2024-01-01,HW-PC-10003,Stove Kraft,1230.0,1200.0,-2.44
CP-800329,2024-02-01,HW-PC-10003,TTK Prestige,1230.0,1400.0,13.82
CP-800330,2024-02-01,HW-PC-10003,Butterfly,1230.0,1170.0,-4.88
CP-800331,2024-02-01,HW-PC-10003,Pigeon,1230.0,1040.0,-15.45
CP-800332,2024-02-01,HW-PC-10003,Stove Kraft,1230.0,1180.0,-4.07
CP-800333,2024-03-01,HW-PC-10003,TTK Prestige,1230.0,1220.0,-0.81
CP-800334,2024-03-01,HW-PC-10003,Butterfly,1230.0,1280.0,4.07
CP-800335,2024-03-01,HW-PC-10003,Pigeon,1230.0,1030.0,-16.26
CP-800336,2024-03-01,HW-PC-10003,Stove Kraft,1230.0,1120.0,-8.94
CP-800337,2024-04-01,HW-PC-10003,TTK Prestige,1230.0,1330.0,8.13
CP-800338,2024-04-01,HW-PC-10003,Butterfly,1230.0,1000.0,-18.7
CP-800339,2024-04-01,HW-PC-10003,Pigeon,1230.0,1000.0,-18.7
CP-800340,2024-04-01,HW-PC-10003,Stove Kraft,1230.0,1270.0,3.25
CP-800341,2024-05-01,HW-PC-10003,TTK Prestige,1230.0,1270.0,3.25
CP-800342,2024-05-01,HW-PC-10003,Butterfly,1230.0,1080.0,-12.2
CP-800343,2024-05-01,HW-PC-10003,Pigeon,1230.0,1000.0,-18.7
CP-800344,2024-05-01,HW-PC-10003,Stove Kraft,1230.0,1200.0,-2.44
CP-800345,2024-06-01,HW-PC-10003,TTK Prestige,1230.0,1270.0,3.25
CP-800346,2024-06-01,HW-PC-10003,Butterfly,1230.0,1180.0,-4.07
CP-800347,2024-06-01,HW-PC-10003,Pigeon,1230.0,920.0,-25.2
CP-800348,2024-06-01,HW-PC-10003,Stove Kraft,1230.0,1260.0,2.44
CP-800349,2024-07-01,HW-PC-10003,TTK Prestige,1230.0,1340.0,8.94
CP-800350,2024-07-01,HW-PC-10003,Butterfly,1230.0,1120.0,-8.94
CP-800351,2024-07-01,HW-PC-10003,Pigeon,1230.0,1010.0,-17.89
CP-800352,2024-07-01,HW-PC-10003,Stove Kraft,1230.0,1210.0,-1.63
CP-800353,2024-08-01,HW-PC-10003,TTK Prestige,1230.0,1340.0,8.94
CP-800354,2024-08-01,HW-PC-10003,Butterfly,1230.0,1130.0,-8.13
CP-800355,2024-08-01,HW-PC-10003,Pigeon,1230.0,1050.0,-14.63
CP-800356,2024-08-01,HW-PC-10003,Stove Kraft,1230.0,1170.0,-4.88
CP-800357,2024-09-01,HW-PC-10003,TTK Prestige,1230.0,1270.0,3.25
CP-800358,2024-09-01,HW-PC-10003,Butterfly,1230.0,1120.0,-8.94
CP-800359,2024-09-01,HW-PC-10003,Pigeon,1230.0,1030.0,-16.26
CP-800360,2024-09-01,HW-PC-10003,Stove Kraft,1230.0,1210.0,-1.63
CP-800361,2024-10-01,HW-PC-10003,TTK Prestige,1230.0,1410.0,14.63
CP-800362,2024-10-01,HW-PC-10003,Butterfly,1230.0,1150.0,-6.5
CP-800363,2024-10-01,HW-PC-10003,Pigeon,1230.0,960.0,-21.95
CP-800364,2024-10-01,HW-PC-10003,Stove Kraft,1230.0,1130.0,-8.13
CP-800365,2024-11-01,HW-PC-10003,TTK Prestige,1230.0,1400.0,13.82
CP-800366,2024-11-01,HW-PC-10003,Butterfly,1230.0,1230.0,0.0
CP-800367,2024-11-01,HW-PC-10003,Pigeon,1230.0,1160.0,-5.69
CP-800368,2024-11-01,HW-PC-10003,Stove Kraft,1230.0,1340.0,8.94
CP-800369,2024-12-01,HW-PC-10003,TTK Prestige,1230.0,1420.0,15.45
CP-800370,2024-12-01,HW-PC-10003,Butterfly,1230.0,1100.0,-10.57
CP-800371,2024-12-01,HW-PC-10003,Pigeon,1230.0,1030.0,-16.26
CP-800372,2024-12-01,HW-PC-10003,Stove Kraft,1230.0,1230.0,0.0
CP-800373,2025-01-01,HW-PC-10003,TTK Prestige,1230.0,1320.0,7.32
CP-800374,2025-01-01,HW-PC-10003,Butterfly,1230.0,1090.0,-11.38
CP-800375,2025-01-01,HW-PC-10003,Pigeon,1230.0,970.0,-21.14
CP-800376,2025-01-01,HW-PC-10003,Stove Kraft,1230.0,1160.0,-5.69
CP-800377,2025-02-01,HW-PC-10003,TTK Prestige,1230.0,1400.0,13.82
CP-800378,2025-02-01,HW-PC-10003,Butterfly,1230.0,990.0,-19.51
CP-800379,2025-02-01,HW-PC-10003,Pigeon,1230.0,960.0,-21.95
CP-800380,2025-02-01,HW-PC-10003,Stove Kraft,1230.0,1170.0,-4.88
CP-800381,2025-03-01,HW-PC-10003,TTK Prestige,1230.0,1420.0,15.45
CP-800382,2025-03-01,HW-PC-10003,Butterfly,1230.0,1180.0,-4.07
CP-800383,2025-03-01,HW-PC-10003,Pigeon,1230.0,1060.0,-13.82
CP-800384,2025-03-01,HW-PC-10003,Stove Kraft,1230.0,1200.0,-2.44
CP-800385,2025-04-01,HW-PC-10003,TTK Prestige,1230.0,1440.0,17.07
CP-800386,2025-04-01,HW-PC-10003,Butterfly,1230.0,1150.0,-6.5
CP-800387,2025-04-01,HW-PC-10003,Pigeon,1230.0,990.0,-19.51
CP-800388,2025-04-01,HW-PC-10003,Stove Kraft,1230.0,1250.0,1.63
CP-800389,2025-05-01,HW-PC-10003,TTK Prestige,1230.0,1360.0,10.57
CP-800390,2025-05-01,HW-PC-10003,Butterfly,1230.0,1130.0,-8.13
CP-800391,2025-05-01,HW-PC-10003,Pigeon,1230.0,990.0,-19.51
CP-800392,2025-05-01,HW-PC-10003,Stove Kraft,1230.0,1180.0,-4.07
CP-800393,2025-06-01,HW-PC-10003,TTK Prestige,1230.0,1340.0,8.94
CP-800394,2025-06-01,HW-PC-10003,Butterfly,1230.0,1140.0,-7.32
CP-800395,2025-06-01,HW-PC-10003,Pigeon,1230.0,1010.0,-17.89
CP-800396,2025-06-01,HW-PC-10003,Stove Kraft,1230.0,1110.0,-9.76
CP-800397,2025-07-01,HW-PC-10003,TTK Prestige,1230.0,1400.0,13.82
CP-800398,2025-07-01,HW-PC-10003,Butterfly,1230.0,1250.0,1.63
CP-800399,2025-07-01,HW-PC-10003,Pigeon,1230.0,990.0,-19.51
CP-800400,2025-07-01,HW-PC-10003,Stove Kraft,1230.0,1150.0,-6.5
CP-800401,2025-08-01,HW-PC-10003,TTK Prestige,1230.0,1430.0,16.26
CP-800402,2025-08-01,HW-PC-10003,Butterfly,1230.0,1200.0,-2.44
CP-800403,2025-08-01,HW-PC-10003,Pigeon,1230.0,970.0,-21.14
CP-800404,2025-08-01,HW-PC-10003,Stove Kraft,1230.0,1150.0,-6.5
CP-800405,2025-09-01,HW-PC-10003,TTK Prestige,1230.0,1470.0,19.51
CP-800406,2025-09-01,HW-PC-10003,Butterfly,1230.0,1190.0,-3.25
CP-800407,2025-09-01,HW-PC-10003,Pigeon,1230.0,1020.0,-17.07
CP-800408,2025-09-01,HW-PC-10003,Stove Kraft,1230.0,1300.0,5.69
CP-800409,2025-10-01,HW-PC-10003,TTK Prestige,1230.0,1450.0,17.89
CP-800410,2025-10-01,HW-PC-10003,Butterfly,1230.0,1160.0,-5.69
CP-800411,2025-10-01,HW-PC-10003,Pigeon,1230.0,1090.0,-11.38
CP-800412,2025-10-01,HW-PC-10003,Stove Kraft,1230.0,1310.0,6.5
CP-800413,2025-11-01,HW-PC-10003,TTK Prestige,1230.0,1340.0,8.94
CP-800414,2025-11-01,HW-PC-10003,Butterfly,1230.0,1340.0,8.94
CP-800415,2025-11-01,HW-PC-10003,Pigeon,1230.0,1080.0,-12.2
CP-800416,2025-11-01,HW-PC-10003,Stove Kraft,1230.0,1360.0,10.57
CP-800417,2025-12-01,HW-PC-10003,TTK Prestige,1230.0,1320.0,7.32
CP-800418,2025-12-01,HW-PC-10003,Butterfly,1230.0,1210.0,-1.63
CP-800419,2025-12-01,HW-PC-10003,Pigeon,1230.0,1050.0,-14.63
CP-800420,2025-12-01,HW-PC-10003,Stove Kraft,1230.0,1200.0,-2.44
CP-800421,2026-01-01,HW-PC-10003,TTK Prestige,1230.0,1480.0,20.33
CP-800422,2026-01-01,HW-PC-10003,Butterfly,1230.0,1110.0,-9.76
CP-800423,2026-01-01,HW-PC-10003,Pigeon,1230.0,1070.0,-13.01
CP-800424,2026-01-01,HW-PC-10003,Stove Kraft,1230.0,1300.0,5.69
CP-800425,2026-02-01,HW-PC-10003,TTK Prestige,1230.0,1390.0,13.01
CP-800426,2026-02-01,HW-PC-10003,Butterfly,1230.0,1260.0,2.44
CP-800427,2026-02-01,HW-PC-10003,Pigeon,1230.0,1100.0,-10.57
CP-800428,2026-02-01,HW-PC-10003,Stove Kraft,1230.0,1140.0,-7.32
CP-800429,2026-03-01,HW-PC-10003,TTK Prestige,1230.0,1420.0,15.45
CP-800430,2026-03-01,HW-PC-10003,Butterfly,1230.0,1170.0,-4.88
CP-800431,2026-03-01,HW-PC-10003,Pigeon,1230.0,1060.0,-13.82
CP-800432,2026-03-01,HW-PC-10003,Stove Kraft,1230.0,1100.0,-10.57
CP-800433,2023-04-01,HW-PC-10004,TTK Prestige,1310.0,1380.0,5.34
CP-800434,2023-04-01,HW-PC-10004,Butterfly,1310.0,1130.0,-13.74
CP-800435,2023-04-01,HW-PC-10004,Pigeon,1310.0,1030.0,-21.37
CP-800436,2023-04-01,HW-PC-10004,Stove Kraft,1310.0,1270.0,-3.05
CP-800437,2023-05-01,HW-PC-10004,TTK Prestige,1310.0,1390.0,6.11
CP-800438,2023-05-01,HW-PC-10004,Butterfly,1310.0,1260.0,-3.82
CP-800439,2023-05-01,HW-PC-10004,Pigeon,1310.0,1070.0,-18.32
CP-800440,2023-05-01,HW-PC-10004,Stove Kraft,1310.0,1170.0,-10.69
CP-800441,2023-06-01,HW-PC-10004,TTK Prestige,1310.0,1390.0,6.11
CP-800442,2023-06-01,HW-PC-10004,Butterfly,1310.0,1310.0,0.0
CP-800443,2023-06-01,HW-PC-10004,Pigeon,1310.0,1010.0,-22.9
CP-800444,2023-06-01,HW-PC-10004,Stove Kraft,1310.0,1240.0,-5.34
CP-800445,2023-07-01,HW-PC-10004,TTK Prestige,1310.0,1350.0,3.05
CP-800446,2023-07-01,HW-PC-10004,Butterfly,1310.0,1180.0,-9.92
CP-800447,2023-07-01,HW-PC-10004,Pigeon,1310.0,1080.0,-17.56
CP-800448,2023-07-01,HW-PC-10004,Stove Kraft,1310.0,1260.0,-3.82
CP-800449,2023-08-01,HW-PC-10004,TTK Prestige,1310.0,1400.0,6.87
CP-800450,2023-08-01,HW-PC-10004,Butterfly,1310.0,1080.0,-17.56
CP-800451,2023-08-01,HW-PC-10004,Pigeon,1310.0,1090.0,-16.79
CP-800452,2023-08-01,HW-PC-10004,Stove Kraft,1310.0,1190.0,-9.16
CP-800453,2023-09-01,HW-PC-10004,TTK Prestige,1310.0,1490.0,13.74
CP-800454,2023-09-01,HW-PC-10004,Butterfly,1310.0,1070.0,-18.32
CP-800455,2023-09-01,HW-PC-10004,Pigeon,1310.0,1020.0,-22.14
CP-800456,2023-09-01,HW-PC-10004,Stove Kraft,1310.0,1430.0,9.16
CP-800457,2023-10-01,HW-PC-10004,TTK Prestige,1310.0,1340.0,2.29
CP-800458,2023-10-01,HW-PC-10004,Butterfly,1310.0,1110.0,-15.27
CP-800459,2023-10-01,HW-PC-10004,Pigeon,1310.0,1010.0,-22.9
CP-800460,2023-10-01,HW-PC-10004,Stove Kraft,1310.0,1330.0,1.53
CP-800461,2023-11-01,HW-PC-10004,TTK Prestige,1310.0,1430.0,9.16
CP-800462,2023-11-01,HW-PC-10004,Butterfly,1310.0,1290.0,-1.53
CP-800463,2023-11-01,HW-PC-10004,Pigeon,1310.0,1120.0,-14.5
CP-800464,2023-11-01,HW-PC-10004,Stove Kraft,1310.0,1210.0,-7.63
CP-800465,2023-12-01,HW-PC-10004,TTK Prestige,1310.0,1320.0,0.76
CP-800466,2023-12-01,HW-PC-10004,Butterfly,1310.0,1130.0,-13.74
CP-800467,2023-12-01,HW-PC-10004,Pigeon,1310.0,1020.0,-22.14
CP-800468,2023-12-01,HW-PC-10004,Stove Kraft,1310.0,1210.0,-7.63
CP-800469,2024-01-01,HW-PC-10004,TTK Prestige,1310.0,1440.0,9.92
CP-800470,2024-01-01,HW-PC-10004,Butterfly,1310.0,1270.0,-3.05
CP-800471,2024-01-01,HW-PC-10004,Pigeon,1310.0,970.0,-25.95
CP-800472,2024-01-01,HW-PC-10004,Stove Kraft,1310.0,1260.0,-3.82
CP-800473,2024-02-01,HW-PC-10004,TTK Prestige,1310.0,1440.0,9.92
CP-800474,2024-02-01,HW-PC-10004,Butterfly,1310.0,1320.0,0.76
CP-800475,2024-02-01,HW-PC-10004,Pigeon,1310.0,1010.0,-22.9
CP-800476,2024-02-01,HW-PC-10004,Stove Kraft,1310.0,1170.0,-10.69
CP-800477,2024-03-01,HW-PC-10004,TTK Prestige,1310.0,1380.0,5.34
CP-800478,2024-03-01,HW-PC-10004,Butterfly,1310.0,1210.0,-7.63
CP-800479,2024-03-01,HW-PC-10004,Pigeon,1310.0,1080.0,-17.56
CP-800480,2024-03-01,HW-PC-10004,Stove Kraft,1310.0,1370.0,4.58
CP-800481,2024-04-01,HW-PC-10004,TTK Prestige,1310.0,1410.0,7.63
CP-800482,2024-04-01,HW-PC-10004,Butterfly,1310.0,1330.0,1.53
CP-800483,2024-04-01,HW-PC-10004,Pigeon,1310.0,1110.0,-15.27
CP-800484,2024-04-01,HW-PC-10004,Stove Kraft,1310.0,1440.0,9.92
CP-800485,2024-05-01,HW-PC-10004,TTK Prestige,1310.0,1420.0,8.4
CP-800486,2024-05-01,HW-PC-10004,Butterfly,1310.0,1150.0,-12.21
CP-800487,2024-05-01,HW-PC-10004,Pigeon,1310.0,1120.0,-14.5
CP-800488,2024-05-01,HW-PC-10004,Stove Kraft,1310.0,1300.0,-0.76
CP-800489,2024-06-01,HW-PC-10004,TTK Prestige,1310.0,1400.0,6.87
CP-800490,2024-06-01,HW-PC-10004,Butterfly,1310.0,1140.0,-12.98
CP-800491,2024-06-01,HW-PC-10004,Pigeon,1310.0,1020.0,-22.14
CP-800492,2024-06-01,HW-PC-10004,Stove Kraft,1310.0,1210.0,-7.63
CP-800493,2024-07-01,HW-PC-10004,TTK Prestige,1310.0,1400.0,6.87
CP-800494,2024-07-01,HW-PC-10004,Butterfly,1310.0,1350.0,3.05
CP-800495,2024-07-01,HW-PC-10004,Pigeon,1310.0,1130.0,-13.74
CP-800496,2024-07-01,HW-PC-10004,Stove Kraft,1310.0,1340.0,2.29
CP-800497,2024-08-01,HW-PC-10004,TTK Prestige,1310.0,1490.0,13.74
CP-800498,2024-08-01,HW-PC-10004,Butterfly,1310.0,1270.0,-3.05
CP-800499,2024-08-01,HW-PC-10004,Pigeon,1310.0,1140.0,-12.98
CP-800500,2024-08-01,HW-PC-10004,Stove Kraft,1310.0,1150.0,-12.21
CP-800501,2024-09-01,HW-PC-10004,TTK Prestige,1310.0,1410.0,7.63
CP-800502,2024-09-01,HW-PC-10004,Butterfly,1310.0,1170.0,-10.69
CP-800503,2024-09-01,HW-PC-10004,Pigeon,1310.0,1010.0,-22.9
CP-800504,2024-09-01,HW-PC-10004,Stove Kraft,1310.0,1300.0,-0.76
CP-800505,2024-10-01,HW-PC-10004,TTK Prestige,1310.0,1390.0,6.11
CP-800506,2024-10-01,HW-PC-10004,Butterfly,1310.0,1290.0,-1.53
CP-800507,2024-10-01,HW-PC-10004,Pigeon,1310.0,1160.0,-11.45
CP-800508,2024-10-01,HW-PC-10004,Stove Kraft,1310.0,1320.0,0.76
CP-800509,2024-11-01,HW-PC-10004,TTK Prestige,1310.0,1370.0,4.58
CP-800510,2024-11-01,HW-PC-10004,Butterfly,1310.0,1270.0,-3.05
CP-800511,2024-11-01,HW-PC-10004,Pigeon,1310.0,1060.0,-19.08
CP-800512,2024-11-01,HW-PC-10004,Stove Kraft,1310.0,1200.0,-8.4
CP-800513,2024-12-01,HW-PC-10004,TTK Prestige,1310.0,1450.0,10.69
CP-800514,2024-12-01,HW-PC-10004,Butterfly,1310.0,1300.0,-0.76
CP-800515,2024-12-01,HW-PC-10004,Pigeon,1310.0,1140.0,-12.98
CP-800516,2024-12-01,HW-PC-10004,Stove Kraft,1310.0,1220.0,-6.87
CP-800517,2025-01-01,HW-PC-10004,TTK Prestige,1310.0,1500.0,14.5
CP-800518,2025-01-01,HW-PC-10004,Butterfly,1310.0,1250.0,-4.58
CP-800519,2025-01-01,HW-PC-10004,Pigeon,1310.0,1160.0,-11.45
CP-800520,2025-01-01,HW-PC-10004,Stove Kraft,1310.0,1270.0,-3.05
CP-800521,2025-02-01,HW-PC-10004,TTK Prestige,1310.0,1440.0,9.92
CP-800522,2025-02-01,HW-PC-10004,Butterfly,1310.0,1220.0,-6.87
CP-800523,2025-02-01,HW-PC-10004,Pigeon,1310.0,1010.0,-22.9
CP-800524,2025-02-01,HW-PC-10004,Stove Kraft,1310.0,1330.0,1.53
CP-800525,2025-03-01,HW-PC-10004,TTK Prestige,1310.0,1530.0,16.79
CP-800526,2025-03-01,HW-PC-10004,Butterfly,1310.0,1260.0,-3.82
CP-800527,2025-03-01,HW-PC-10004,Pigeon,1310.0,1110.0,-15.27
CP-800528,2025-03-01,HW-PC-10004,Stove Kraft,1310.0,1340.0,2.29
CP-800529,2025-04-01,HW-PC-10004,TTK Prestige,1310.0,1560.0,19.08
CP-800530,2025-04-01,HW-PC-10004,Butterfly,1310.0,1220.0,-6.87
CP-800531,2025-04-01,HW-PC-10004,Pigeon,1310.0,1010.0,-22.9
CP-800532,2025-04-01,HW-PC-10004,Stove Kraft,1310.0,1170.0,-10.69
CP-800533,2025-05-01,HW-PC-10004,TTK Prestige,1310.0,1510.0,15.27
CP-800534,2025-05-01,HW-PC-10004,Butterfly,1310.0,1170.0,-10.69
CP-800535,2025-05-01,HW-PC-10004,Pigeon,1310.0,1100.0,-16.03
CP-800536,2025-05-01,HW-PC-10004,Stove Kraft,1310.0,1210.0,-7.63
CP-800537,2025-06-01,HW-PC-10004,TTK Prestige,1310.0,1520.0,16.03
CP-800538,2025-06-01,HW-PC-10004,Butterfly,1310.0,1260.0,-3.82
CP-800539,2025-06-01,HW-PC-10004,Pigeon,1310.0,1070.0,-18.32
CP-800540,2025-06-01,HW-PC-10004,Stove Kraft,1310.0,1390.0,6.11
CP-800541,2025-07-01,HW-PC-10004,TTK Prestige,1310.0,1600.0,22.14
CP-800542,2025-07-01,HW-PC-10004,Butterfly,1310.0,1340.0,2.29
CP-800543,2025-07-01,HW-PC-10004,Pigeon,1310.0,1070.0,-18.32
CP-800544,2025-07-01,HW-PC-10004,Stove Kraft,1310.0,1240.0,-5.34
CP-800545,2025-08-01,HW-PC-10004,TTK Prestige,1310.0,1500.0,14.5
CP-800546,2025-08-01,HW-PC-10004,Butterfly,1310.0,1200.0,-8.4
CP-800547,2025-08-01,HW-PC-10004,Pigeon,1310.0,1090.0,-16.79
CP-800548,2025-08-01,HW-PC-10004,Stove Kraft,1310.0,1230.0,-6.11
CP-800549,2025-09-01,HW-PC-10004,TTK Prestige,1310.0,1450.0,10.69
CP-800550,2025-09-01,HW-PC-10004,Butterfly,1310.0,1150.0,-12.21
CP-800551,2025-09-01,HW-PC-10004,Pigeon,1310.0,1140.0,-12.98
CP-800552,2025-09-01,HW-PC-10004,Stove Kraft,1310.0,1420.0,8.4
CP-800553,2025-10-01,HW-PC-10004,TTK Prestige,1310.0,1550.0,18.32
CP-800554,2025-10-01,HW-PC-10004,Butterfly,1310.0,1270.0,-3.05
CP-800555,2025-10-01,HW-PC-10004,Pigeon,1310.0,1130.0,-13.74
CP-800556,2025-10-01,HW-PC-10004,Stove Kraft,1310.0,1340.0,2.29
CP-800557,2025-11-01,HW-PC-10004,TTK Prestige,1310.0,1590.0,21.37
CP-800558,2025-11-01,HW-PC-10004,Butterfly,1310.0,1300.0,-0.76
CP-800559,2025-11-01,HW-PC-10004,Pigeon,1310.0,1120.0,-14.5
CP-800560,2025-11-01,HW-PC-10004,Stove Kraft,1310.0,1380.0,5.34
CP-800561,2025-12-01,HW-PC-10004,TTK Prestige,1310.0,1530.0,16.79
CP-800562,2025-12-01,HW-PC-10004,Butterfly,1310.0,1270.0,-3.05
CP-800563,2025-12-01,HW-PC-10004,Pigeon,1310.0,1050.0,-19.85
CP-800564,2025-12-01,HW-PC-10004,Stove Kraft,1310.0,1260.0,-3.82
CP-800565,2026-01-01,HW-PC-10004,TTK Prestige,1310.0,1480.0,12.98
CP-800566,2026-01-01,HW-PC-10004,Butterfly,1310.0,1320.0,0.76
CP-800567,2026-01-01,HW-PC-10004,Pigeon,1310.0,1150.0,-12.21
CP-800568,2026-01-01,HW-PC-10004,Stove Kraft,1310.0,1390.0,6.11
CP-800569,2026-02-01,HW-PC-10004,TTK Prestige,1310.0,1610.0,22.9
CP-800570,2026-02-01,HW-PC-10004,Butterfly,1310.0,1330.0,1.53
CP-800571,2026-02-01,HW-PC-10004,Pigeon,1310.0,1230.0,-6.11
CP-800572,2026-02-01,HW-PC-10004,Stove Kraft,1310.0,1340.0,2.29
CP-800573,2026-03-01,HW-PC-10004,TTK Prestige,1310.0,1420.0,8.4
CP-800574,2026-03-01,HW-PC-10004,Butterfly,1310.0,1370.0,4.58
CP-800575,2026-03-01,HW-PC-10004,Pigeon,1310.0,1220.0,-6.87
CP-800576,2026-03-01,HW-PC-10004,Stove Kraft,1310.0,1170.0,-10.69
CP-800577,2023-04-01,HW-PC-10005,TTK Prestige,1380.0,1410.0,2.17
CP-800578,2023-04-01,HW-PC-10005,Butterfly,1380.0,1220.0,-11.59
CP-800579,2023-04-01,HW-PC-10005,Pigeon,1380.0,1060.0,-23.19
CP-800580,2023-04-01,HW-PC-10005,Stove Kraft,1380.0,1370.0,-0.72
CP-800581,2023-05-01,HW-PC-10005,TTK Prestige,1380.0,1440.0,4.35
CP-800582,2023-05-01,HW-PC-10005,Butterfly,1380.0,1420.0,2.9
CP-800583,2023-05-01,HW-PC-10005,Pigeon,1380.0,1130.0,-18.12
CP-800584,2023-05-01,HW-PC-10005,Stove Kraft,1380.0,1250.0,-9.42
CP-800585,2023-06-01,HW-PC-10005,TTK Prestige,1380.0,1470.0,6.52
CP-800586,2023-06-01,HW-PC-10005,Butterfly,1380.0,1170.0,-15.22
CP-800587,2023-06-01,HW-PC-10005,Pigeon,1380.0,1030.0,-25.36
CP-800588,2023-06-01,HW-PC-10005,Stove Kraft,1380.0,1240.0,-10.14
CP-800589,2023-07-01,HW-PC-10005,TTK Prestige,1380.0,1390.0,0.72
CP-800590,2023-07-01,HW-PC-10005,Butterfly,1380.0,1270.0,-7.97
CP-800591,2023-07-01,HW-PC-10005,Pigeon,1380.0,1110.0,-19.57
CP-800592,2023-07-01,HW-PC-10005,Stove Kraft,1380.0,1260.0,-8.7
CP-800593,2023-08-01,HW-PC-10005,TTK Prestige,1380.0,1390.0,0.72
CP-800594,2023-08-01,HW-PC-10005,Butterfly,1380.0,1230.0,-10.87
CP-800595,2023-08-01,HW-PC-10005,Pigeon,1380.0,1070.0,-22.46
CP-800596,2023-08-01,HW-PC-10005,Stove Kraft,1380.0,1170.0,-15.22
CP-800597,2023-09-01,HW-PC-10005,TTK Prestige,1380.0,1580.0,14.49
CP-800598,2023-09-01,HW-PC-10005,Butterfly,1380.0,1260.0,-8.7
CP-800599,2023-09-01,HW-PC-10005,Pigeon,1380.0,1190.0,-13.77
CP-800600,2023-09-01,HW-PC-10005,Stove Kraft,1380.0,1250.0,-9.42
CP-800601,2023-10-01,HW-PC-10005,TTK Prestige,1380.0,1560.0,13.04
CP-800602,2023-10-01,HW-PC-10005,Butterfly,1380.0,1210.0,-12.32
CP-800603,2023-10-01,HW-PC-10005,Pigeon,1380.0,1130.0,-18.12
CP-800604,2023-10-01,HW-PC-10005,Stove Kraft,1380.0,1310.0,-5.07
CP-800605,2023-11-01,HW-PC-10005,TTK Prestige,1380.0,1520.0,10.14
CP-800606,2023-11-01,HW-PC-10005,Butterfly,1380.0,1240.0,-10.14
CP-800607,2023-11-01,HW-PC-10005,Pigeon,1380.0,1040.0,-24.64
CP-800608,2023-11-01,HW-PC-10005,Stove Kraft,1380.0,1320.0,-4.35
CP-800609,2023-12-01,HW-PC-10005,TTK Prestige,1380.0,1430.0,3.62
CP-800610,2023-12-01,HW-PC-10005,Butterfly,1380.0,1170.0,-15.22
CP-800611,2023-12-01,HW-PC-10005,Pigeon,1380.0,1030.0,-25.36
CP-800612,2023-12-01,HW-PC-10005,Stove Kraft,1380.0,1390.0,0.72
CP-800613,2024-01-01,HW-PC-10005,TTK Prestige,1380.0,1390.0,0.72
CP-800614,2024-01-01,HW-PC-10005,Butterfly,1380.0,1190.0,-13.77
CP-800615,2024-01-01,HW-PC-10005,Pigeon,1380.0,1140.0,-17.39
CP-800616,2024-01-01,HW-PC-10005,Stove Kraft,1380.0,1280.0,-7.25
CP-800617,2024-02-01,HW-PC-10005,TTK Prestige,1380.0,1480.0,7.25
CP-800618,2024-02-01,HW-PC-10005,Butterfly,1380.0,1260.0,-8.7
CP-800619,2024-02-01,HW-PC-10005,Pigeon,1380.0,1070.0,-22.46
CP-800620,2024-02-01,HW-PC-10005,Stove Kraft,1380.0,1440.0,4.35
CP-800621,2024-03-01,HW-PC-10005,TTK Prestige,1380.0,1530.0,10.87
CP-800622,2024-03-01,HW-PC-10005,Butterfly,1380.0,1210.0,-12.32
CP-800623,2024-03-01,HW-PC-10005,Pigeon,1380.0,1160.0,-15.94
CP-800624,2024-03-01,HW-PC-10005,Stove Kraft,1380.0,1410.0,2.17
CP-800625,2024-04-01,HW-PC-10005,TTK Prestige,1380.0,1580.0,14.49
CP-800626,2024-04-01,HW-PC-10005,Butterfly,1380.0,1190.0,-13.77
CP-800627,2024-04-01,HW-PC-10005,Pigeon,1380.0,1200.0,-13.04
CP-800628,2024-04-01,HW-PC-10005,Stove Kraft,1380.0,1280.0,-7.25
CP-800629,2024-05-01,HW-PC-10005,TTK Prestige,1380.0,1570.0,13.77
CP-800630,2024-05-01,HW-PC-10005,Butterfly,1380.0,1220.0,-11.59
CP-800631,2024-05-01,HW-PC-10005,Pigeon,1380.0,1140.0,-17.39
CP-800632,2024-05-01,HW-PC-10005,Stove Kraft,1380.0,1270.0,-7.97
CP-800633,2024-06-01,HW-PC-10005,TTK Prestige,1380.0,1410.0,2.17
CP-800634,2024-06-01,HW-PC-10005,Butterfly,1380.0,1260.0,-8.7
CP-800635,2024-06-01,HW-PC-10005,Pigeon,1380.0,1100.0,-20.29
CP-800636,2024-06-01,HW-PC-10005,Stove Kraft,1380.0,1380.0,0.0
CP-800637,2024-07-01,HW-PC-10005,TTK Prestige,1380.0,1570.0,13.77
CP-800638,2024-07-01,HW-PC-10005,Butterfly,1380.0,1420.0,2.9
CP-800639,2024-07-01,HW-PC-10005,Pigeon,1380.0,1170.0,-15.22
CP-800640,2024-07-01,HW-PC-10005,Stove Kraft,1380.0,1210.0,-12.32
CP-800641,2024-08-01,HW-PC-10005,TTK Prestige,1380.0,1610.0,16.67
CP-800642,2024-08-01,HW-PC-10005,Butterfly,1380.0,1170.0,-15.22
CP-800643,2024-08-01,HW-PC-10005,Pigeon,1380.0,1080.0,-21.74
CP-800644,2024-08-01,HW-PC-10005,Stove Kraft,1380.0,1260.0,-8.7
CP-800645,2024-09-01,HW-PC-10005,TTK Prestige,1380.0,1510.0,9.42
CP-800646,2024-09-01,HW-PC-10005,Butterfly,1380.0,1350.0,-2.17
CP-800647,2024-09-01,HW-PC-10005,Pigeon,1380.0,1170.0,-15.22
CP-800648,2024-09-01,HW-PC-10005,Stove Kraft,1380.0,1120.0,-18.84
CP-800649,2024-10-01,HW-PC-10005,TTK Prestige,1380.0,1520.0,10.14
CP-800650,2024-10-01,HW-PC-10005,Butterfly,1380.0,1160.0,-15.94
CP-800651,2024-10-01,HW-PC-10005,Pigeon,1380.0,1190.0,-13.77
CP-800652,2024-10-01,HW-PC-10005,Stove Kraft,1380.0,1190.0,-13.77
CP-800653,2024-11-01,HW-PC-10005,TTK Prestige,1380.0,1550.0,12.32
CP-800654,2024-11-01,HW-PC-10005,Butterfly,1380.0,1370.0,-0.72
CP-800655,2024-11-01,HW-PC-10005,Pigeon,1380.0,1200.0,-13.04
CP-800656,2024-11-01,HW-PC-10005,Stove Kraft,1380.0,1380.0,0.0
CP-800657,2024-12-01,HW-PC-10005,TTK Prestige,1380.0,1500.0,8.7
CP-800658,2024-12-01,HW-PC-10005,Butterfly,1380.0,1330.0,-3.62
CP-800659,2024-12-01,HW-PC-10005,Pigeon,1380.0,1140.0,-17.39
CP-800660,2024-12-01,HW-PC-10005,Stove Kraft,1380.0,1360.0,-1.45
CP-800661,2025-01-01,HW-PC-10005,TTK Prestige,1380.0,1460.0,5.8
CP-800662,2025-01-01,HW-PC-10005,Butterfly,1380.0,1310.0,-5.07
CP-800663,2025-01-01,HW-PC-10005,Pigeon,1380.0,1140.0,-17.39
CP-800664,2025-01-01,HW-PC-10005,Stove Kraft,1380.0,1420.0,2.9
CP-800665,2025-02-01,HW-PC-10005,TTK Prestige,1380.0,1620.0,17.39
CP-800666,2025-02-01,HW-PC-10005,Butterfly,1380.0,1170.0,-15.22
CP-800667,2025-02-01,HW-PC-10005,Pigeon,1380.0,1130.0,-18.12
CP-800668,2025-02-01,HW-PC-10005,Stove Kraft,1380.0,1280.0,-7.25
CP-800669,2025-03-01,HW-PC-10005,TTK Prestige,1380.0,1600.0,15.94
CP-800670,2025-03-01,HW-PC-10005,Butterfly,1380.0,1230.0,-10.87
CP-800671,2025-03-01,HW-PC-10005,Pigeon,1380.0,1170.0,-15.22
CP-800672,2025-03-01,HW-PC-10005,Stove Kraft,1380.0,1340.0,-2.9
CP-800673,2025-04-01,HW-PC-10005,TTK Prestige,1380.0,1490.0,7.97
CP-800674,2025-04-01,HW-PC-10005,Butterfly,1380.0,1230.0,-10.87
CP-800675,2025-04-01,HW-PC-10005,Pigeon,1380.0,1130.0,-18.12
CP-800676,2025-04-01,HW-PC-10005,Stove Kraft,1380.0,1440.0,4.35
CP-800677,2025-05-01,HW-PC-10005,TTK Prestige,1380.0,1540.0,11.59
CP-800678,2025-05-01,HW-PC-10005,Butterfly,1380.0,1340.0,-2.9
CP-800679,2025-05-01,HW-PC-10005,Pigeon,1380.0,1200.0,-13.04
CP-800680,2025-05-01,HW-PC-10005,Stove Kraft,1380.0,1270.0,-7.97
CP-800681,2025-06-01,HW-PC-10005,TTK Prestige,1380.0,1560.0,13.04
CP-800682,2025-06-01,HW-PC-10005,Butterfly,1380.0,1340.0,-2.9
CP-800683,2025-06-01,HW-PC-10005,Pigeon,1380.0,1200.0,-13.04
CP-800684,2025-06-01,HW-PC-10005,Stove Kraft,1380.0,1450.0,5.07
CP-800685,2025-07-01,HW-PC-10005,TTK Prestige,1380.0,1580.0,14.49
CP-800686,2025-07-01,HW-PC-10005,Butterfly,1380.0,1220.0,-11.59
CP-800687,2025-07-01,HW-PC-10005,Pigeon,1380.0,1220.0,-11.59
CP-800688,2025-07-01,HW-PC-10005,Stove Kraft,1380.0,1310.0,-5.07
CP-800689,2025-08-01,HW-PC-10005,TTK Prestige,1380.0,1590.0,15.22
CP-800690,2025-08-01,HW-PC-10005,Butterfly,1380.0,1470.0,6.52
CP-800691,2025-08-01,HW-PC-10005,Pigeon,1380.0,1240.0,-10.14
CP-800692,2025-08-01,HW-PC-10005,Stove Kraft,1380.0,1430.0,3.62
CP-800693,2025-09-01,HW-PC-10005,TTK Prestige,1380.0,1410.0,2.17
CP-800694,2025-09-01,HW-PC-10005,Butterfly,1380.0,1450.0,5.07
CP-800695,2025-09-01,HW-PC-10005,Pigeon,1380.0,1160.0,-15.94
CP-800696,2025-09-01,HW-PC-10005,Stove Kraft,1380.0,1380.0,0.0
CP-800697,2025-10-01,HW-PC-10005,TTK Prestige,1380.0,1500.0,8.7
CP-800698,2025-10-01,HW-PC-10005,Butterfly,1380.0,1310.0,-5.07
CP-800699,2025-10-01,HW-PC-10005,Pigeon,1380.0,1210.0,-12.32
CP-800700,2025-10-01,HW-PC-10005,Stove Kraft,1380.0,1320.0,-4.35
CP-800701,2025-11-01,HW-PC-10005,TTK Prestige,1380.0,1630.0,18.12
CP-800702,2025-11-01,HW-PC-10005,Butterfly,1380.0,1380.0,0.0
CP-800703,2025-11-01,HW-PC-10005,Pigeon,1380.0,1150.0,-16.67
CP-800704,2025-11-01,HW-PC-10005,Stove Kraft,1380.0,1360.0,-1.45
CP-800705,2025-12-01,HW-PC-10005,TTK Prestige,1380.0,1560.0,13.04
CP-800706,2025-12-01,HW-PC-10005,Butterfly,1380.0,1420.0,2.9
CP-800707,2025-12-01,HW-PC-10005,Pigeon,1380.0,1120.0,-18.84
CP-800708,2025-12-01,HW-PC-10005,Stove Kraft,1380.0,1440.0,4.35
CP-800709,2026-01-01,HW-PC-10005,TTK Prestige,1380.0,1580.0,14.49
CP-800710,2026-01-01,HW-PC-10005,Butterfly,1380.0,1320.0,-4.35
CP-800711,2026-01-01,HW-PC-10005,Pigeon,1380.0,1200.0,-13.04
CP-800712,2026-01-01,HW-PC-10005,Stove Kraft,1380.0,1480.0,7.25
CP-800713,2026-02-01,HW-PC-10005,TTK Prestige,1380.0,1620.0,17.39
CP-800714,2026-02-01,HW-PC-10005,Butterfly,1380.0,1310.0,-5.07
CP-800715,2026-02-01,HW-PC-10005,Pigeon,1380.0,1260.0,-8.7
CP-800716,2026-02-01,HW-PC-10005,Stove Kraft,1380.0,1390.0,0.72
CP-800717,2026-03-01,HW-PC-10005,TTK Prestige,1380.0,1660.0,20.29
CP-800718,2026-03-01,HW-PC-10005,Butterfly,1380.0,1350.0,-2.17
CP-800719,2026-03-01,HW-PC-10005,Pigeon,1380.0,1120.0,-18.84
CP-800720,2026-03-01,HW-PC-10005,Stove Kraft,1380.0,1340.0,-2.9
CP-800721,2023-04-01,HW-PC-10006,TTK Prestige,1520.0,1610.0,5.92
CP-800722,2023-04-01,HW-PC-10006,Butterfly,1520.0,1420.0,-6.58
CP-800723,2023-04-01,HW-PC-10006,Pigeon,1520.0,1290.0,-15.13
CP-800724,2023-04-01,HW-PC-10006,Stove Kraft,1520.0,1460.0,-3.95
CP-800725,2023-05-01,HW-PC-10006,TTK Prestige,1520.0,1670.0,9.87
CP-800726,2023-05-01,HW-PC-10006,Butterfly,1520.0,1330.0,-12.5
CP-800727,2023-05-01,HW-PC-10006,Pigeon,1520.0,1210.0,-20.39
CP-800728,2023-05-01,HW-PC-10006,Stove Kraft,1520.0,1390.0,-8.55
CP-800729,2023-06-01,HW-PC-10006,TTK Prestige,1520.0,1670.0,9.87
CP-800730,2023-06-01,HW-PC-10006,Butterfly,1520.0,1400.0,-7.89
CP-800731,2023-06-01,HW-PC-10006,Pigeon,1520.0,1220.0,-19.74
CP-800732,2023-06-01,HW-PC-10006,Stove Kraft,1520.0,1460.0,-3.95
CP-800733,2023-07-01,HW-PC-10006,TTK Prestige,1520.0,1500.0,-1.32
CP-800734,2023-07-01,HW-PC-10006,Butterfly,1520.0,1330.0,-12.5
CP-800735,2023-07-01,HW-PC-10006,Pigeon,1520.0,1170.0,-23.03
CP-800736,2023-07-01,HW-PC-10006,Stove Kraft,1520.0,1320.0,-13.16
CP-800737,2023-08-01,HW-PC-10006,TTK Prestige,1520.0,1650.0,8.55
CP-800738,2023-08-01,HW-PC-10006,Butterfly,1520.0,1460.0,-3.95
CP-800739,2023-08-01,HW-PC-10006,Pigeon,1520.0,1150.0,-24.34
CP-800740,2023-08-01,HW-PC-10006,Stove Kraft,1520.0,1450.0,-4.61
CP-800741,2023-09-01,HW-PC-10006,TTK Prestige,1520.0,1610.0,5.92
CP-800742,2023-09-01,HW-PC-10006,Butterfly,1520.0,1290.0,-15.13
CP-800743,2023-09-01,HW-PC-10006,Pigeon,1520.0,1140.0,-25.0
CP-800744,2023-09-01,HW-PC-10006,Stove Kraft,1520.0,1340.0,-11.84
CP-800745,2023-10-01,HW-PC-10006,TTK Prestige,1520.0,1640.0,7.89
CP-800746,2023-10-01,HW-PC-10006,Butterfly,1520.0,1500.0,-1.32
CP-800747,2023-10-01,HW-PC-10006,Pigeon,1520.0,1210.0,-20.39
CP-800748,2023-10-01,HW-PC-10006,Stove Kraft,1520.0,1470.0,-3.29
CP-800749,2023-11-01,HW-PC-10006,TTK Prestige,1520.0,1760.0,15.79
CP-800750,2023-11-01,HW-PC-10006,Butterfly,1520.0,1380.0,-9.21
CP-800751,2023-11-01,HW-PC-10006,Pigeon,1520.0,1160.0,-23.68
CP-800752,2023-11-01,HW-PC-10006,Stove Kraft,1520.0,1330.0,-12.5
CP-800753,2023-12-01,HW-PC-10006,TTK Prestige,1520.0,1740.0,14.47
CP-800754,2023-12-01,HW-PC-10006,Butterfly,1520.0,1440.0,-5.26
CP-800755,2023-12-01,HW-PC-10006,Pigeon,1520.0,1300.0,-14.47
CP-800756,2023-12-01,HW-PC-10006,Stove Kraft,1520.0,1420.0,-6.58
CP-800757,2024-01-01,HW-PC-10006,TTK Prestige,1520.0,1430.0,-5.92
CP-800758,2024-01-01,HW-PC-10006,Butterfly,1520.0,1440.0,-5.26
CP-800759,2024-01-01,HW-PC-10006,Pigeon,1520.0,1230.0,-19.08
CP-800760,2024-01-01,HW-PC-10006,Stove Kraft,1520.0,1400.0,-7.89
CP-800761,2024-02-01,HW-PC-10006,TTK Prestige,1520.0,1660.0,9.21
CP-800762,2024-02-01,HW-PC-10006,Butterfly,1520.0,1390.0,-8.55
CP-800763,2024-02-01,HW-PC-10006,Pigeon,1520.0,1120.0,-26.32
CP-800764,2024-02-01,HW-PC-10006,Stove Kraft,1520.0,1550.0,1.97
CP-800765,2024-03-01,HW-PC-10006,TTK Prestige,1520.0,1580.0,3.95
CP-800766,2024-03-01,HW-PC-10006,Butterfly,1520.0,1590.0,4.61
CP-800767,2024-03-01,HW-PC-10006,Pigeon,1520.0,1280.0,-15.79
CP-800768,2024-03-01,HW-PC-10006,Stove Kraft,1520.0,1520.0,0.0
CP-800769,2024-04-01,HW-PC-10006,TTK Prestige,1520.0,1560.0,2.63
CP-800770,2024-04-01,HW-PC-10006,Butterfly,1520.0,1400.0,-7.89
CP-800771,2024-04-01,HW-PC-10006,Pigeon,1520.0,1230.0,-19.08
CP-800772,2024-04-01,HW-PC-10006,Stove Kraft,1520.0,1410.0,-7.24
CP-800773,2024-05-01,HW-PC-10006,TTK Prestige,1520.0,1710.0,12.5
CP-800774,2024-05-01,HW-PC-10006,Butterfly,1520.0,1320.0,-13.16
CP-800775,2024-05-01,HW-PC-10006,Pigeon,1520.0,1270.0,-16.45
CP-800776,2024-05-01,HW-PC-10006,Stove Kraft,1520.0,1490.0,-1.97
CP-800777,2024-06-01,HW-PC-10006,TTK Prestige,1520.0,1640.0,7.89
CP-800778,2024-06-01,HW-PC-10006,Butterfly,1520.0,1460.0,-3.95
CP-800779,2024-06-01,HW-PC-10006,Pigeon,1520.0,1140.0,-25.0
CP-800780,2024-06-01,HW-PC-10006,Stove Kraft,1520.0,1610.0,5.92
CP-800781,2024-07-01,HW-PC-10006,TTK Prestige,1520.0,1610.0,5.92
CP-800782,2024-07-01,HW-PC-10006,Butterfly,1520.0,1540.0,1.32
CP-800783,2024-07-01,HW-PC-10006,Pigeon,1520.0,1190.0,-21.71
CP-800784,2024-07-01,HW-PC-10006,Stove Kraft,1520.0,1460.0,-3.95
CP-800785,2024-08-01,HW-PC-10006,TTK Prestige,1520.0,1620.0,6.58
CP-800786,2024-08-01,HW-PC-10006,Butterfly,1520.0,1380.0,-9.21
CP-800787,2024-08-01,HW-PC-10006,Pigeon,1520.0,1250.0,-17.76
CP-800788,2024-08-01,HW-PC-10006,Stove Kraft,1520.0,1570.0,3.29
CP-800789,2024-09-01,HW-PC-10006,TTK Prestige,1520.0,1700.0,11.84
CP-800790,2024-09-01,HW-PC-10006,Butterfly,1520.0,1400.0,-7.89
CP-800791,2024-09-01,HW-PC-10006,Pigeon,1520.0,1320.0,-13.16
CP-800792,2024-09-01,HW-PC-10006,Stove Kraft,1520.0,1450.0,-4.61
CP-800793,2024-10-01,HW-PC-10006,TTK Prestige,1520.0,1740.0,14.47
CP-800794,2024-10-01,HW-PC-10006,Butterfly,1520.0,1400.0,-7.89
CP-800795,2024-10-01,HW-PC-10006,Pigeon,1520.0,1230.0,-19.08
CP-800796,2024-10-01,HW-PC-10006,Stove Kraft,1520.0,1500.0,-1.32
CP-800797,2024-11-01,HW-PC-10006,TTK Prestige,1520.0,1660.0,9.21
CP-800798,2024-11-01,HW-PC-10006,Butterfly,1520.0,1310.0,-13.82
CP-800799,2024-11-01,HW-PC-10006,Pigeon,1520.0,1290.0,-15.13
CP-800800,2024-11-01,HW-PC-10006,Stove Kraft,1520.0,1480.0,-2.63
CP-800801,2024-12-01,HW-PC-10006,TTK Prestige,1520.0,1720.0,13.16
CP-800802,2024-12-01,HW-PC-10006,Butterfly,1520.0,1450.0,-4.61
CP-800803,2024-12-01,HW-PC-10006,Pigeon,1520.0,1210.0,-20.39
CP-800804,2024-12-01,HW-PC-10006,Stove Kraft,1520.0,1520.0,0.0
CP-800805,2025-01-01,HW-PC-10006,TTK Prestige,1520.0,1690.0,11.18
CP-800806,2025-01-01,HW-PC-10006,Butterfly,1520.0,1340.0,-11.84
CP-800807,2025-01-01,HW-PC-10006,Pigeon,1520.0,1330.0,-12.5
CP-800808,2025-01-01,HW-PC-10006,Stove Kraft,1520.0,1450.0,-4.61
CP-800809,2025-02-01,HW-PC-10006,TTK Prestige,1520.0,1750.0,15.13
CP-800810,2025-02-01,HW-PC-10006,Butterfly,1520.0,1300.0,-14.47
CP-800811,2025-02-01,HW-PC-10006,Pigeon,1520.0,1280.0,-15.79
CP-800812,2025-02-01,HW-PC-10006,Stove Kraft,1520.0,1380.0,-9.21
CP-800813,2025-03-01,HW-PC-10006,TTK Prestige,1520.0,1760.0,15.79
CP-800814,2025-03-01,HW-PC-10006,Butterfly,1520.0,1560.0,2.63
CP-800815,2025-03-01,HW-PC-10006,Pigeon,1520.0,1190.0,-21.71
CP-800816,2025-03-01,HW-PC-10006,Stove Kraft,1520.0,1490.0,-1.97
CP-800817,2025-04-01,HW-PC-10006,TTK Prestige,1520.0,1720.0,13.16
CP-800818,2025-04-01,HW-PC-10006,Butterfly,1520.0,1640.0,7.89
CP-800819,2025-04-01,HW-PC-10006,Pigeon,1520.0,1170.0,-23.03
CP-800820,2025-04-01,HW-PC-10006,Stove Kraft,1520.0,1690.0,11.18
CP-800821,2025-05-01,HW-PC-10006,TTK Prestige,1520.0,1670.0,9.87
CP-800822,2025-05-01,HW-PC-10006,Butterfly,1520.0,1370.0,-9.87
CP-800823,2025-05-01,HW-PC-10006,Pigeon,1520.0,1260.0,-17.11
CP-800824,2025-05-01,HW-PC-10006,Stove Kraft,1520.0,1380.0,-9.21
CP-800825,2025-06-01,HW-PC-10006,TTK Prestige,1520.0,1670.0,9.87
CP-800826,2025-06-01,HW-PC-10006,Butterfly,1520.0,1230.0,-19.08
CP-800827,2025-06-01,HW-PC-10006,Pigeon,1520.0,1340.0,-11.84
CP-800828,2025-06-01,HW-PC-10006,Stove Kraft,1520.0,1400.0,-7.89
CP-800829,2025-07-01,HW-PC-10006,TTK Prestige,1520.0,1720.0,13.16
CP-800830,2025-07-01,HW-PC-10006,Butterfly,1520.0,1260.0,-17.11
CP-800831,2025-07-01,HW-PC-10006,Pigeon,1520.0,1310.0,-13.82
CP-800832,2025-07-01,HW-PC-10006,Stove Kraft,1520.0,1600.0,5.26
CP-800833,2025-08-01,HW-PC-10006,TTK Prestige,1520.0,1740.0,14.47
CP-800834,2025-08-01,HW-PC-10006,Butterfly,1520.0,1500.0,-1.32
CP-800835,2025-08-01,HW-PC-10006,Pigeon,1520.0,1220.0,-19.74
CP-800836,2025-08-01,HW-PC-10006,Stove Kraft,1520.0,1580.0,3.95
CP-800837,2025-09-01,HW-PC-10006,TTK Prestige,1520.0,1790.0,17.76
CP-800838,2025-09-01,HW-PC-10006,Butterfly,1520.0,1500.0,-1.32
CP-800839,2025-09-01,HW-PC-10006,Pigeon,1520.0,1300.0,-14.47
CP-800840,2025-09-01,HW-PC-10006,Stove Kraft,1520.0,1630.0,7.24
CP-800841,2025-10-01,HW-PC-10006,TTK Prestige,1520.0,1650.0,8.55
CP-800842,2025-10-01,HW-PC-10006,Butterfly,1520.0,1610.0,5.92
CP-800843,2025-10-01,HW-PC-10006,Pigeon,1520.0,1450.0,-4.61
CP-800844,2025-10-01,HW-PC-10006,Stove Kraft,1520.0,1500.0,-1.32
CP-800845,2025-11-01,HW-PC-10006,TTK Prestige,1520.0,1750.0,15.13
CP-800846,2025-11-01,HW-PC-10006,Butterfly,1520.0,1320.0,-13.16
CP-800847,2025-11-01,HW-PC-10006,Pigeon,1520.0,1210.0,-20.39
CP-800848,2025-11-01,HW-PC-10006,Stove Kraft,1520.0,1440.0,-5.26
CP-800849,2025-12-01,HW-PC-10006,TTK Prestige,1520.0,1740.0,14.47
CP-800850,2025-12-01,HW-PC-10006,Butterfly,1520.0,1310.0,-13.82
CP-800851,2025-12-01,HW-PC-10006,Pigeon,1520.0,1190.0,-21.71
CP-800852,2025-12-01,HW-PC-10006,Stove Kraft,1520.0,1720.0,13.16
CP-800853,2026-01-01,HW-PC-10006,TTK Prestige,1520.0,1740.0,14.47
CP-800854,2026-01-01,HW-PC-10006,Butterfly,1520.0,1500.0,-1.32
CP-800855,2026-01-01,HW-PC-10006,Pigeon,1520.0,1260.0,-17.11
CP-800856,2026-01-01,HW-PC-10006,Stove Kraft,1520.0,1590.0,4.61
CP-800857,2026-02-01,HW-PC-10006,TTK Prestige,1520.0,1680.0,10.53
CP-800858,2026-02-01,HW-PC-10006,Butterfly,1520.0,1420.0,-6.58
CP-800859,2026-02-01,HW-PC-10006,Pigeon,1520.0,1210.0,-20.39
CP-800860,2026-02-01,HW-PC-10006,Stove Kraft,1520.0,1410.0,-7.24
CP-800861,2026-03-01,HW-PC-10006,TTK Prestige,1520.0,1830.0,20.39
CP-800862,2026-03-01,HW-PC-10006,Butterfly,1520.0,1450.0,-4.61
CP-800863,2026-03-01,HW-PC-10006,Pigeon,1520.0,1260.0,-17.11
CP-800864,2026-03-01,HW-PC-10006,Stove Kraft,1520.0,1700.0,11.84
CP-800865,2023-04-01,HW-PC-10007,TTK Prestige,1740.0,1710.0,-1.72
CP-800866,2023-04-01,HW-PC-10007,Butterfly,1740.0,1520.0,-12.64
CP-800867,2023-04-01,HW-PC-10007,Pigeon,1740.0,1380.0,-20.69
CP-800868,2023-04-01,HW-PC-10007,Stove Kraft,1740.0,1510.0,-13.22
CP-800869,2023-05-01,HW-PC-10007,TTK Prestige,1740.0,1890.0,8.62
CP-800870,2023-05-01,HW-PC-10007,Butterfly,1740.0,1520.0,-12.64
CP-800871,2023-05-01,HW-PC-10007,Pigeon,1740.0,1400.0,-19.54
CP-800872,2023-05-01,HW-PC-10007,Stove Kraft,1740.0,1620.0,-6.9
CP-800873,2023-06-01,HW-PC-10007,TTK Prestige,1740.0,1780.0,2.3
CP-800874,2023-06-01,HW-PC-10007,Butterfly,1740.0,1570.0,-9.77
CP-800875,2023-06-01,HW-PC-10007,Pigeon,1740.0,1320.0,-24.14
CP-800876,2023-06-01,HW-PC-10007,Stove Kraft,1740.0,1410.0,-18.97
CP-800877,2023-07-01,HW-PC-10007,TTK Prestige,1740.0,1890.0,8.62
CP-800878,2023-07-01,HW-PC-10007,Butterfly,1740.0,1600.0,-8.05
CP-800879,2023-07-01,HW-PC-10007,Pigeon,1740.0,1380.0,-20.69
CP-800880,2023-07-01,HW-PC-10007,Stove Kraft,1740.0,1630.0,-6.32
CP-800881,2023-08-01,HW-PC-10007,TTK Prestige,1740.0,1910.0,9.77
CP-800882,2023-08-01,HW-PC-10007,Butterfly,1740.0,1600.0,-8.05
CP-800883,2023-08-01,HW-PC-10007,Pigeon,1740.0,1430.0,-17.82
CP-800884,2023-08-01,HW-PC-10007,Stove Kraft,1740.0,1430.0,-17.82
CP-800885,2023-09-01,HW-PC-10007,TTK Prestige,1740.0,1850.0,6.32
CP-800886,2023-09-01,HW-PC-10007,Butterfly,1740.0,1610.0,-7.47
CP-800887,2023-09-01,HW-PC-10007,Pigeon,1740.0,1340.0,-22.99
CP-800888,2023-09-01,HW-PC-10007,Stove Kraft,1740.0,1620.0,-6.9
CP-800889,2023-10-01,HW-PC-10007,TTK Prestige,1740.0,1910.0,9.77
CP-800890,2023-10-01,HW-PC-10007,Butterfly,1740.0,1620.0,-6.9
CP-800891,2023-10-01,HW-PC-10007,Pigeon,1740.0,1380.0,-20.69
CP-800892,2023-10-01,HW-PC-10007,Stove Kraft,1740.0,1670.0,-4.02
CP-800893,2023-11-01,HW-PC-10007,TTK Prestige,1740.0,1940.0,11.49
CP-800894,2023-11-01,HW-PC-10007,Butterfly,1740.0,1730.0,-0.57
CP-800895,2023-11-01,HW-PC-10007,Pigeon,1740.0,1320.0,-24.14
CP-800896,2023-11-01,HW-PC-10007,Stove Kraft,1740.0,1730.0,-0.57
CP-800897,2023-12-01,HW-PC-10007,TTK Prestige,1740.0,1810.0,4.02
CP-800898,2023-12-01,HW-PC-10007,Butterfly,1740.0,1680.0,-3.45
CP-800899,2023-12-01,HW-PC-10007,Pigeon,1740.0,1480.0,-14.94
CP-800900,2023-12-01,HW-PC-10007,Stove Kraft,1740.0,1710.0,-1.72
CP-800901,2024-01-01,HW-PC-10007,TTK Prestige,1740.0,2030.0,16.67
CP-800902,2024-01-01,HW-PC-10007,Butterfly,1740.0,1690.0,-2.87
CP-800903,2024-01-01,HW-PC-10007,Pigeon,1740.0,1420.0,-18.39
CP-800904,2024-01-01,HW-PC-10007,Stove Kraft,1740.0,1690.0,-2.87
CP-800905,2024-02-01,HW-PC-10007,TTK Prestige,1740.0,2000.0,14.94
CP-800906,2024-02-01,HW-PC-10007,Butterfly,1740.0,1540.0,-11.49
CP-800907,2024-02-01,HW-PC-10007,Pigeon,1740.0,1440.0,-17.24
CP-800908,2024-02-01,HW-PC-10007,Stove Kraft,1740.0,1640.0,-5.75
CP-800909,2024-03-01,HW-PC-10007,TTK Prestige,1740.0,1650.0,-5.17
CP-800910,2024-03-01,HW-PC-10007,Butterfly,1740.0,1490.0,-14.37
CP-800911,2024-03-01,HW-PC-10007,Pigeon,1740.0,1390.0,-20.11
CP-800912,2024-03-01,HW-PC-10007,Stove Kraft,1740.0,1700.0,-2.3
CP-800913,2024-04-01,HW-PC-10007,TTK Prestige,1740.0,1770.0,1.72
CP-800914,2024-04-01,HW-PC-10007,Butterfly,1740.0,1540.0,-11.49
CP-800915,2024-04-01,HW-PC-10007,Pigeon,1740.0,1440.0,-17.24
CP-800916,2024-04-01,HW-PC-10007,Stove Kraft,1740.0,1680.0,-3.45
CP-800917,2024-05-01,HW-PC-10007,TTK Prestige,1740.0,1940.0,11.49
CP-800918,2024-05-01,HW-PC-10007,Butterfly,1740.0,1670.0,-4.02
CP-800919,2024-05-01,HW-PC-10007,Pigeon,1740.0,1330.0,-23.56
CP-800920,2024-05-01,HW-PC-10007,Stove Kraft,1740.0,1600.0,-8.05
CP-800921,2024-06-01,HW-PC-10007,TTK Prestige,1740.0,1870.0,7.47
CP-800922,2024-06-01,HW-PC-10007,Butterfly,1740.0,1710.0,-1.72
CP-800923,2024-06-01,HW-PC-10007,Pigeon,1740.0,1490.0,-14.37
CP-800924,2024-06-01,HW-PC-10007,Stove Kraft,1740.0,1580.0,-9.2
CP-800925,2024-07-01,HW-PC-10007,TTK Prestige,1740.0,1940.0,11.49
CP-800926,2024-07-01,HW-PC-10007,Butterfly,1740.0,1610.0,-7.47
CP-800927,2024-07-01,HW-PC-10007,Pigeon,1740.0,1390.0,-20.11
CP-800928,2024-07-01,HW-PC-10007,Stove Kraft,1740.0,1790.0,2.87
CP-800929,2024-08-01,HW-PC-10007,TTK Prestige,1740.0,1910.0,9.77
CP-800930,2024-08-01,HW-PC-10007,Butterfly,1740.0,1690.0,-2.87
CP-800931,2024-08-01,HW-PC-10007,Pigeon,1740.0,1470.0,-15.52
CP-800932,2024-08-01,HW-PC-10007,Stove Kraft,1740.0,1530.0,-12.07
CP-800933,2024-09-01,HW-PC-10007,TTK Prestige,1740.0,2000.0,14.94
CP-800934,2024-09-01,HW-PC-10007,Butterfly,1740.0,1670.0,-4.02
CP-800935,2024-09-01,HW-PC-10007,Pigeon,1740.0,1440.0,-17.24
CP-800936,2024-09-01,HW-PC-10007,Stove Kraft,1740.0,1800.0,3.45
CP-800937,2024-10-01,HW-PC-10007,TTK Prestige,1740.0,1850.0,6.32
CP-800938,2024-10-01,HW-PC-10007,Butterfly,1740.0,1500.0,-13.79
CP-800939,2024-10-01,HW-PC-10007,Pigeon,1740.0,1370.0,-21.26
CP-800940,2024-10-01,HW-PC-10007,Stove Kraft,1740.0,1630.0,-6.32
CP-800941,2024-11-01,HW-PC-10007,TTK Prestige,1740.0,1880.0,8.05
CP-800942,2024-11-01,HW-PC-10007,Butterfly,1740.0,1550.0,-10.92
CP-800943,2024-11-01,HW-PC-10007,Pigeon,1740.0,1480.0,-14.94
CP-800944,2024-11-01,HW-PC-10007,Stove Kraft,1740.0,1770.0,1.72
CP-800945,2024-12-01,HW-PC-10007,TTK Prestige,1740.0,1890.0,8.62
CP-800946,2024-12-01,HW-PC-10007,Butterfly,1740.0,1570.0,-9.77
CP-800947,2024-12-01,HW-PC-10007,Pigeon,1740.0,1500.0,-13.79
CP-800948,2024-12-01,HW-PC-10007,Stove Kraft,1740.0,1620.0,-6.9
CP-800949,2025-01-01,HW-PC-10007,TTK Prestige,1740.0,1930.0,10.92
CP-800950,2025-01-01,HW-PC-10007,Butterfly,1740.0,1670.0,-4.02
CP-800951,2025-01-01,HW-PC-10007,Pigeon,1740.0,1570.0,-9.77
CP-800952,2025-01-01,HW-PC-10007,Stove Kraft,1740.0,1670.0,-4.02
CP-800953,2025-02-01,HW-PC-10007,TTK Prestige,1740.0,1860.0,6.9
CP-800954,2025-02-01,HW-PC-10007,Butterfly,1740.0,1590.0,-8.62
CP-800955,2025-02-01,HW-PC-10007,Pigeon,1740.0,1460.0,-16.09
CP-800956,2025-02-01,HW-PC-10007,Stove Kraft,1740.0,1830.0,5.17
CP-800957,2025-03-01,HW-PC-10007,TTK Prestige,1740.0,2050.0,17.82
CP-800958,2025-03-01,HW-PC-10007,Butterfly,1740.0,1570.0,-9.77
CP-800959,2025-03-01,HW-PC-10007,Pigeon,1740.0,1510.0,-13.22
CP-800960,2025-03-01,HW-PC-10007,Stove Kraft,1740.0,1680.0,-3.45
CP-800961,2025-04-01,HW-PC-10007,TTK Prestige,1740.0,1930.0,10.92
CP-800962,2025-04-01,HW-PC-10007,Butterfly,1740.0,1660.0,-4.6
CP-800963,2025-04-01,HW-PC-10007,Pigeon,1740.0,1540.0,-11.49
CP-800964,2025-04-01,HW-PC-10007,Stove Kraft,1740.0,1580.0,-9.2
CP-800965,2025-05-01,HW-PC-10007,TTK Prestige,1740.0,1850.0,6.32
CP-800966,2025-05-01,HW-PC-10007,Butterfly,1740.0,1720.0,-1.15
CP-800967,2025-05-01,HW-PC-10007,Pigeon,1740.0,1330.0,-23.56
CP-800968,2025-05-01,HW-PC-10007,Stove Kraft,1740.0,1560.0,-10.34
CP-800969,2025-06-01,HW-PC-10007,TTK Prestige,1740.0,1850.0,6.32
CP-800970,2025-06-01,HW-PC-10007,Butterfly,1740.0,1660.0,-4.6
CP-800971,2025-06-01,HW-PC-10007,Pigeon,1740.0,1450.0,-16.67
CP-800972,2025-06-01,HW-PC-10007,Stove Kraft,1740.0,1580.0,-9.2
CP-800973,2025-07-01,HW-PC-10007,TTK Prestige,1740.0,1930.0,10.92
CP-800974,2025-07-01,HW-PC-10007,Butterfly,1740.0,1840.0,5.75
CP-800975,2025-07-01,HW-PC-10007,Pigeon,1740.0,1490.0,-14.37
CP-800976,2025-07-01,HW-PC-10007,Stove Kraft,1740.0,1780.0,2.3
CP-800977,2025-08-01,HW-PC-10007,TTK Prestige,1740.0,1900.0,9.2
CP-800978,2025-08-01,HW-PC-10007,Butterfly,1740.0,1610.0,-7.47
CP-800979,2025-08-01,HW-PC-10007,Pigeon,1740.0,1460.0,-16.09
CP-800980,2025-08-01,HW-PC-10007,Stove Kraft,1740.0,1710.0,-1.72
CP-800981,2025-09-01,HW-PC-10007,TTK Prestige,1740.0,1990.0,14.37
CP-800982,2025-09-01,HW-PC-10007,Butterfly,1740.0,1810.0,4.02
CP-800983,2025-09-01,HW-PC-10007,Pigeon,1740.0,1540.0,-11.49
CP-800984,2025-09-01,HW-PC-10007,Stove Kraft,1740.0,1770.0,1.72
CP-800985,2025-10-01,HW-PC-10007,TTK Prestige,1740.0,2120.0,21.84
CP-800986,2025-10-01,HW-PC-10007,Butterfly,1740.0,1660.0,-4.6
CP-800987,2025-10-01,HW-PC-10007,Pigeon,1740.0,1590.0,-8.62
CP-800988,2025-10-01,HW-PC-10007,Stove Kraft,1740.0,1800.0,3.45
CP-800989,2025-11-01,HW-PC-10007,TTK Prestige,1740.0,2090.0,20.11
CP-800990,2025-11-01,HW-PC-10007,Butterfly,1740.0,1760.0,1.15
CP-800991,2025-11-01,HW-PC-10007,Pigeon,1740.0,1580.0,-9.2
CP-800992,2025-11-01,HW-PC-10007,Stove Kraft,1740.0,1630.0,-6.32
CP-800993,2025-12-01,HW-PC-10007,TTK Prestige,1740.0,2030.0,16.67
CP-800994,2025-12-01,HW-PC-10007,Butterfly,1740.0,1700.0,-2.3
CP-800995,2025-12-01,HW-PC-10007,Pigeon,1740.0,1400.0,-19.54
CP-800996,2025-12-01,HW-PC-10007,Stove Kraft,1740.0,1660.0,-4.6
CP-800997,2026-01-01,HW-PC-10007,TTK Prestige,1740.0,1910.0,9.77
CP-800998,2026-01-01,HW-PC-10007,Butterfly,1740.0,1590.0,-8.62
CP-800999,2026-01-01,HW-PC-10007,Pigeon,1740.0,1420.0,-18.39
CP-801000,2026-01-01,HW-PC-10007,Stove Kraft,1740.0,1790.0,2.87
CP-801001,2026-02-01,HW-PC-10007,TTK Prestige,1740.0,2060.0,18.39
CP-801002,2026-02-01,HW-PC-10007,Butterfly,1740.0,1760.0,1.15
CP-801003,2026-02-01,HW-PC-10007,Pigeon,1740.0,1460.0,-16.09
CP-801004,2026-02-01,HW-PC-10007,Stove Kraft,1740.0,1780.0,2.3
CP-801005,2026-03-01,HW-PC-10007,TTK Prestige,1740.0,2060.0,18.39
CP-801006,2026-03-01,HW-PC-10007,Butterfly,1740.0,1620.0,-6.9
CP-801007,2026-03-01,HW-PC-10007,Pigeon,1740.0,1440.0,-17.24
CP-801008,2026-03-01,HW-PC-10007,Stove Kraft,1740.0,1810.0,4.02
CP-801009,2023-04-01,HW-PC-10008,TTK Prestige,1960.0,2150.0,9.69
CP-801010,2023-04-01,HW-PC-10008,Butterfly,1960.0,1640.0,-16.33
CP-801011,2023-04-01,HW-PC-10008,Pigeon,1960.0,1490.0,-23.98
CP-801012,2023-04-01,HW-PC-10008,Stove Kraft,1960.0,1860.0,-5.1
CP-801013,2023-05-01,HW-PC-10008,TTK Prestige,1960.0,1990.0,1.53
CP-801014,2023-05-01,HW-PC-10008,Butterfly,1960.0,2050.0,4.59
CP-801015,2023-05-01,HW-PC-10008,Pigeon,1960.0,1510.0,-22.96
CP-801016,2023-05-01,HW-PC-10008,Stove Kraft,1960.0,1720.0,-12.24
CP-801017,2023-06-01,HW-PC-10008,TTK Prestige,1960.0,2030.0,3.57
CP-801018,2023-06-01,HW-PC-10008,Butterfly,1960.0,1820.0,-7.14
CP-801019,2023-06-01,HW-PC-10008,Pigeon,1960.0,1440.0,-26.53
CP-801020,2023-06-01,HW-PC-10008,Stove Kraft,1960.0,1370.0,-30.1
CP-801021,2023-07-01,HW-PC-10008,TTK Prestige,1960.0,2220.0,13.27
CP-801022,2023-07-01,HW-PC-10008,Butterfly,1960.0,1700.0,-13.27
CP-801023,2023-07-01,HW-PC-10008,Pigeon,1960.0,1530.0,-21.94
CP-801024,2023-07-01,HW-PC-10008,Stove Kraft,1960.0,1820.0,-7.14
CP-801025,2023-08-01,HW-PC-10008,TTK Prestige,1960.0,2130.0,8.67
CP-801026,2023-08-01,HW-PC-10008,Butterfly,1960.0,1700.0,-13.27
CP-801027,2023-08-01,HW-PC-10008,Pigeon,1960.0,1460.0,-25.51
CP-801028,2023-08-01,HW-PC-10008,Stove Kraft,1960.0,1820.0,-7.14
CP-801029,2023-09-01,HW-PC-10008,TTK Prestige,1960.0,1950.0,-0.51
CP-801030,2023-09-01,HW-PC-10008,Butterfly,1960.0,1800.0,-8.16
CP-801031,2023-09-01,HW-PC-10008,Pigeon,1960.0,1520.0,-22.45
CP-801032,2023-09-01,HW-PC-10008,Stove Kraft,1960.0,1910.0,-2.55
CP-801033,2023-10-01,HW-PC-10008,TTK Prestige,1960.0,2070.0,5.61
CP-801034,2023-10-01,HW-PC-10008,Butterfly,1960.0,1680.0,-14.29
CP-801035,2023-10-01,HW-PC-10008,Pigeon,1960.0,1490.0,-23.98
CP-801036,2023-10-01,HW-PC-10008,Stove Kraft,1960.0,1990.0,1.53
CP-801037,2023-11-01,HW-PC-10008,TTK Prestige,1960.0,2040.0,4.08
CP-801038,2023-11-01,HW-PC-10008,Butterfly,1960.0,1690.0,-13.78
CP-801039,2023-11-01,HW-PC-10008,Pigeon,1960.0,1550.0,-20.92
CP-801040,2023-11-01,HW-PC-10008,Stove Kraft,1960.0,1870.0,-4.59
CP-801041,2023-12-01,HW-PC-10008,TTK Prestige,1960.0,2170.0,10.71
CP-801042,2023-12-01,HW-PC-10008,Butterfly,1960.0,1500.0,-23.47
CP-801043,2023-12-01,HW-PC-10008,Pigeon,1960.0,1540.0,-21.43
CP-801044,2023-12-01,HW-PC-10008,Stove Kraft,1960.0,1880.0,-4.08
CP-801045,2024-01-01,HW-PC-10008,TTK Prestige,1960.0,2130.0,8.67
CP-801046,2024-01-01,HW-PC-10008,Butterfly,1960.0,1820.0,-7.14
CP-801047,2024-01-01,HW-PC-10008,Pigeon,1960.0,1570.0,-19.9
CP-801048,2024-01-01,HW-PC-10008,Stove Kraft,1960.0,1840.0,-6.12
CP-801049,2024-02-01,HW-PC-10008,TTK Prestige,1960.0,2100.0,7.14
CP-801050,2024-02-01,HW-PC-10008,Butterfly,1960.0,1820.0,-7.14
CP-801051,2024-02-01,HW-PC-10008,Pigeon,1960.0,1380.0,-29.59
CP-801052,2024-02-01,HW-PC-10008,Stove Kraft,1960.0,1820.0,-7.14
CP-801053,2024-03-01,HW-PC-10008,TTK Prestige,1960.0,1990.0,1.53
CP-801054,2024-03-01,HW-PC-10008,Butterfly,1960.0,1790.0,-8.67
CP-801055,2024-03-01,HW-PC-10008,Pigeon,1960.0,1630.0,-16.84
CP-801056,2024-03-01,HW-PC-10008,Stove Kraft,1960.0,1850.0,-5.61
CP-801057,2024-04-01,HW-PC-10008,TTK Prestige,1960.0,2120.0,8.16
CP-801058,2024-04-01,HW-PC-10008,Butterfly,1960.0,1820.0,-7.14
CP-801059,2024-04-01,HW-PC-10008,Pigeon,1960.0,1670.0,-14.8
CP-801060,2024-04-01,HW-PC-10008,Stove Kraft,1960.0,1850.0,-5.61
CP-801061,2024-05-01,HW-PC-10008,TTK Prestige,1960.0,2190.0,11.73
CP-801062,2024-05-01,HW-PC-10008,Butterfly,1960.0,1920.0,-2.04
CP-801063,2024-05-01,HW-PC-10008,Pigeon,1960.0,1580.0,-19.39
CP-801064,2024-05-01,HW-PC-10008,Stove Kraft,1960.0,1940.0,-1.02
CP-801065,2024-06-01,HW-PC-10008,TTK Prestige,1960.0,1990.0,1.53
CP-801066,2024-06-01,HW-PC-10008,Butterfly,1960.0,1780.0,-9.18
CP-801067,2024-06-01,HW-PC-10008,Pigeon,1960.0,1530.0,-21.94
CP-801068,2024-06-01,HW-PC-10008,Stove Kraft,1960.0,1850.0,-5.61
CP-801069,2024-07-01,HW-PC-10008,TTK Prestige,1960.0,2270.0,15.82
CP-801070,2024-07-01,HW-PC-10008,Butterfly,1960.0,1940.0,-1.02
CP-801071,2024-07-01,HW-PC-10008,Pigeon,1960.0,1520.0,-22.45
CP-801072,2024-07-01,HW-PC-10008,Stove Kraft,1960.0,2030.0,3.57
CP-801073,2024-08-01,HW-PC-10008,TTK Prestige,1960.0,2110.0,7.65
CP-801074,2024-08-01,HW-PC-10008,Butterfly,1960.0,1980.0,1.02
CP-801075,2024-08-01,HW-PC-10008,Pigeon,1960.0,1560.0,-20.41
CP-801076,2024-08-01,HW-PC-10008,Stove Kraft,1960.0,2130.0,8.67
CP-801077,2024-09-01,HW-PC-10008,TTK Prestige,1960.0,2240.0,14.29
CP-801078,2024-09-01,HW-PC-10008,Butterfly,1960.0,1870.0,-4.59
CP-801079,2024-09-01,HW-PC-10008,Pigeon,1960.0,1560.0,-20.41
CP-801080,2024-09-01,HW-PC-10008,Stove Kraft,1960.0,1850.0,-5.61
CP-801081,2024-10-01,HW-PC-10008,TTK Prestige,1960.0,2150.0,9.69
CP-801082,2024-10-01,HW-PC-10008,Butterfly,1960.0,1630.0,-16.84
CP-801083,2024-10-01,HW-PC-10008,Pigeon,1960.0,1590.0,-18.88
CP-801084,2024-10-01,HW-PC-10008,Stove Kraft,1960.0,1820.0,-7.14
CP-801085,2024-11-01,HW-PC-10008,TTK Prestige,1960.0,2300.0,17.35
CP-801086,2024-11-01,HW-PC-10008,Butterfly,1960.0,1880.0,-4.08
CP-801087,2024-11-01,HW-PC-10008,Pigeon,1960.0,1590.0,-18.88
CP-801088,2024-11-01,HW-PC-10008,Stove Kraft,1960.0,1930.0,-1.53
CP-801089,2024-12-01,HW-PC-10008,TTK Prestige,1960.0,2010.0,2.55
CP-801090,2024-12-01,HW-PC-10008,Butterfly,1960.0,1760.0,-10.2
CP-801091,2024-12-01,HW-PC-10008,Pigeon,1960.0,1600.0,-18.37
CP-801092,2024-12-01,HW-PC-10008,Stove Kraft,1960.0,2010.0,2.55
CP-801093,2025-01-01,HW-PC-10008,TTK Prestige,1960.0,2160.0,10.2
CP-801094,2025-01-01,HW-PC-10008,Butterfly,1960.0,1990.0,1.53
CP-801095,2025-01-01,HW-PC-10008,Pigeon,1960.0,1580.0,-19.39
CP-801096,2025-01-01,HW-PC-10008,Stove Kraft,1960.0,1830.0,-6.63
CP-801097,2025-02-01,HW-PC-10008,TTK Prestige,1960.0,2260.0,15.31
CP-801098,2025-02-01,HW-PC-10008,Butterfly,1960.0,1860.0,-5.1
CP-801099,2025-02-01,HW-PC-10008,Pigeon,1960.0,1550.0,-20.92
CP-801100,2025-02-01,HW-PC-10008,Stove Kraft,1960.0,2110.0,7.65
CP-801101,2025-03-01,HW-PC-10008,TTK Prestige,1960.0,2150.0,9.69
CP-801102,2025-03-01,HW-PC-10008,Butterfly,1960.0,1930.0,-1.53
CP-801103,2025-03-01,HW-PC-10008,Pigeon,1960.0,1590.0,-18.88
CP-801104,2025-03-01,HW-PC-10008,Stove Kraft,1960.0,1960.0,0.0
CP-801105,2025-04-01,HW-PC-10008,TTK Prestige,1960.0,2160.0,10.2
CP-801106,2025-04-01,HW-PC-10008,Butterfly,1960.0,1870.0,-4.59
CP-801107,2025-04-01,HW-PC-10008,Pigeon,1960.0,1510.0,-22.96
CP-801108,2025-04-01,HW-PC-10008,Stove Kraft,1960.0,2190.0,11.73
CP-801109,2025-05-01,HW-PC-10008,TTK Prestige,1960.0,2230.0,13.78
CP-801110,2025-05-01,HW-PC-10008,Butterfly,1960.0,1840.0,-6.12
CP-801111,2025-05-01,HW-PC-10008,Pigeon,1960.0,1650.0,-15.82
CP-801112,2025-05-01,HW-PC-10008,Stove Kraft,1960.0,1820.0,-7.14
CP-801113,2025-06-01,HW-PC-10008,TTK Prestige,1960.0,2360.0,20.41
CP-801114,2025-06-01,HW-PC-10008,Butterfly,1960.0,1780.0,-9.18
CP-801115,2025-06-01,HW-PC-10008,Pigeon,1960.0,1790.0,-8.67
CP-801116,2025-06-01,HW-PC-10008,Stove Kraft,1960.0,2000.0,2.04
CP-801117,2025-07-01,HW-PC-10008,TTK Prestige,1960.0,2160.0,10.2
CP-801118,2025-07-01,HW-PC-10008,Butterfly,1960.0,1970.0,0.51
CP-801119,2025-07-01,HW-PC-10008,Pigeon,1960.0,1790.0,-8.67
CP-801120,2025-07-01,HW-PC-10008,Stove Kraft,1960.0,1940.0,-1.02
CP-801121,2025-08-01,HW-PC-10008,TTK Prestige,1960.0,2180.0,11.22
CP-801122,2025-08-01,HW-PC-10008,Butterfly,1960.0,1740.0,-11.22
CP-801123,2025-08-01,HW-PC-10008,Pigeon,1960.0,1680.0,-14.29
CP-801124,2025-08-01,HW-PC-10008,Stove Kraft,1960.0,1730.0,-11.73
CP-801125,2025-09-01,HW-PC-10008,TTK Prestige,1960.0,2110.0,7.65
CP-801126,2025-09-01,HW-PC-10008,Butterfly,1960.0,1870.0,-4.59
CP-801127,2025-09-01,HW-PC-10008,Pigeon,1960.0,1590.0,-18.88
CP-801128,2025-09-01,HW-PC-10008,Stove Kraft,1960.0,2230.0,13.78
CP-801129,2025-10-01,HW-PC-10008,TTK Prestige,1960.0,2270.0,15.82
CP-801130,2025-10-01,HW-PC-10008,Butterfly,1960.0,1930.0,-1.53
CP-801131,2025-10-01,HW-PC-10008,Pigeon,1960.0,1680.0,-14.29
CP-801132,2025-10-01,HW-PC-10008,Stove Kraft,1960.0,2130.0,8.67
CP-801133,2025-11-01,HW-PC-10008,TTK Prestige,1960.0,2230.0,13.78
CP-801134,2025-11-01,HW-PC-10008,Butterfly,1960.0,1740.0,-11.22
CP-801135,2025-11-01,HW-PC-10008,Pigeon,1960.0,1740.0,-11.22
CP-801136,2025-11-01,HW-PC-10008,Stove Kraft,1960.0,1870.0,-4.59
CP-801137,2025-12-01,HW-PC-10008,TTK Prestige,1960.0,2210.0,12.76
CP-801138,2025-12-01,HW-PC-10008,Butterfly,1960.0,1890.0,-3.57
CP-801139,2025-12-01,HW-PC-10008,Pigeon,1960.0,1650.0,-15.82
CP-801140,2025-12-01,HW-PC-10008,Stove Kraft,1960.0,1720.0,-12.24
CP-801141,2026-01-01,HW-PC-10008,TTK Prestige,1960.0,2320.0,18.37
CP-801142,2026-01-01,HW-PC-10008,Butterfly,1960.0,1740.0,-11.22
CP-801143,2026-01-01,HW-PC-10008,Pigeon,1960.0,1630.0,-16.84
CP-801144,2026-01-01,HW-PC-10008,Stove Kraft,1960.0,2030.0,3.57
CP-801145,2026-02-01,HW-PC-10008,TTK Prestige,1960.0,2240.0,14.29
CP-801146,2026-02-01,HW-PC-10008,Butterfly,1960.0,1990.0,1.53
CP-801147,2026-02-01,HW-PC-10008,Pigeon,1960.0,1770.0,-9.69
CP-801148,2026-02-01,HW-PC-10008,Stove Kraft,1960.0,1820.0,-7.14
CP-801149,2026-03-01,HW-PC-10008,TTK Prestige,1960.0,2200.0,12.24
CP-801150,2026-03-01,HW-PC-10008,Butterfly,1960.0,1890.0,-3.57
CP-801151,2026-03-01,HW-PC-10008,Pigeon,1960.0,1640.0,-16.33
CP-801152,2026-03-01,HW-PC-10008,Stove Kraft,1960.0,1840.0,-6.12
CP-801153,2023-04-01,HW-PC-10009,TTK Prestige,2250.0,2350.0,4.44
CP-801154,2023-04-01,HW-PC-10009,Butterfly,2250.0,1930.0,-14.22
CP-801155,2023-04-01,HW-PC-10009,Pigeon,2250.0,1610.0,-28.44
CP-801156,2023-04-01,HW-PC-10009,Stove Kraft,2250.0,1820.0,-19.11
CP-801157,2023-05-01,HW-PC-10009,TTK Prestige,2250.0,2480.0,10.22
CP-801158,2023-05-01,HW-PC-10009,Butterfly,2250.0,1990.0,-11.56
CP-801159,2023-05-01,HW-PC-10009,Pigeon,2250.0,1920.0,-14.67
CP-801160,2023-05-01,HW-PC-10009,Stove Kraft,2250.0,2340.0,4.0
CP-801161,2023-06-01,HW-PC-10009,TTK Prestige,2250.0,2440.0,8.44
CP-801162,2023-06-01,HW-PC-10009,Butterfly,2250.0,1940.0,-13.78
CP-801163,2023-06-01,HW-PC-10009,Pigeon,2250.0,1890.0,-16.0
CP-801164,2023-06-01,HW-PC-10009,Stove Kraft,2250.0,2120.0,-5.78
CP-801165,2023-07-01,HW-PC-10009,TTK Prestige,2250.0,2500.0,11.11
CP-801166,2023-07-01,HW-PC-10009,Butterfly,2250.0,1920.0,-14.67
CP-801167,2023-07-01,HW-PC-10009,Pigeon,2250.0,1670.0,-25.78
CP-801168,2023-07-01,HW-PC-10009,Stove Kraft,2250.0,2190.0,-2.67
CP-801169,2023-08-01,HW-PC-10009,TTK Prestige,2250.0,2480.0,10.22
CP-801170,2023-08-01,HW-PC-10009,Butterfly,2250.0,2130.0,-5.33
CP-801171,2023-08-01,HW-PC-10009,Pigeon,2250.0,1960.0,-12.89
CP-801172,2023-08-01,HW-PC-10009,Stove Kraft,2250.0,2100.0,-6.67
CP-801173,2023-09-01,HW-PC-10009,TTK Prestige,2250.0,2350.0,4.44
CP-801174,2023-09-01,HW-PC-10009,Butterfly,2250.0,2120.0,-5.78
CP-801175,2023-09-01,HW-PC-10009,Pigeon,2250.0,1820.0,-19.11
CP-801176,2023-09-01,HW-PC-10009,Stove Kraft,2250.0,2290.0,1.78
CP-801177,2023-10-01,HW-PC-10009,TTK Prestige,2250.0,2450.0,8.89
CP-801178,2023-10-01,HW-PC-10009,Butterfly,2250.0,2170.0,-3.56
CP-801179,2023-10-01,HW-PC-10009,Pigeon,2250.0,1600.0,-28.89
CP-801180,2023-10-01,HW-PC-10009,Stove Kraft,2250.0,2060.0,-8.44
CP-801181,2023-11-01,HW-PC-10009,TTK Prestige,2250.0,2460.0,9.33
CP-801182,2023-11-01,HW-PC-10009,Butterfly,2250.0,2050.0,-8.89
CP-801183,2023-11-01,HW-PC-10009,Pigeon,2250.0,1800.0,-20.0
CP-801184,2023-11-01,HW-PC-10009,Stove Kraft,2250.0,2020.0,-10.22
CP-801185,2023-12-01,HW-PC-10009,TTK Prestige,2250.0,2380.0,5.78
CP-801186,2023-12-01,HW-PC-10009,Butterfly,2250.0,1940.0,-13.78
CP-801187,2023-12-01,HW-PC-10009,Pigeon,2250.0,1880.0,-16.44
CP-801188,2023-12-01,HW-PC-10009,Stove Kraft,2250.0,2230.0,-0.89
CP-801189,2024-01-01,HW-PC-10009,TTK Prestige,2250.0,2390.0,6.22
CP-801190,2024-01-01,HW-PC-10009,Butterfly,2250.0,1810.0,-19.56
CP-801191,2024-01-01,HW-PC-10009,Pigeon,2250.0,1760.0,-21.78
CP-801192,2024-01-01,HW-PC-10009,Stove Kraft,2250.0,2340.0,4.0
CP-801193,2024-02-01,HW-PC-10009,TTK Prestige,2250.0,2460.0,9.33
CP-801194,2024-02-01,HW-PC-10009,Butterfly,2250.0,1950.0,-13.33
CP-801195,2024-02-01,HW-PC-10009,Pigeon,2250.0,1600.0,-28.89
CP-801196,2024-02-01,HW-PC-10009,Stove Kraft,2250.0,2200.0,-2.22
CP-801197,2024-03-01,HW-PC-10009,TTK Prestige,2250.0,2340.0,4.0
CP-801198,2024-03-01,HW-PC-10009,Butterfly,2250.0,1810.0,-19.56
CP-801199,2024-03-01,HW-PC-10009,Pigeon,2250.0,1890.0,-16.0
CP-801200,2024-03-01,HW-PC-10009,Stove Kraft,2250.0,2040.0,-9.33
CP-801201,2024-04-01,HW-PC-10009,TTK Prestige,2250.0,2450.0,8.89
CP-801202,2024-04-01,HW-PC-10009,Butterfly,2250.0,2130.0,-5.33
CP-801203,2024-04-01,HW-PC-10009,Pigeon,2250.0,1720.0,-23.56
CP-801204,2024-04-01,HW-PC-10009,Stove Kraft,2250.0,1800.0,-20.0
CP-801205,2024-05-01,HW-PC-10009,TTK Prestige,2250.0,2410.0,7.11
CP-801206,2024-05-01,HW-PC-10009,Butterfly,2250.0,1870.0,-16.89
CP-801207,2024-05-01,HW-PC-10009,Pigeon,2250.0,1640.0,-27.11
CP-801208,2024-05-01,HW-PC-10009,Stove Kraft,2250.0,2220.0,-1.33
CP-801209,2024-06-01,HW-PC-10009,TTK Prestige,2250.0,2450.0,8.89
CP-801210,2024-06-01,HW-PC-10009,Butterfly,2250.0,2250.0,0.0
CP-801211,2024-06-01,HW-PC-10009,Pigeon,2250.0,1700.0,-24.44
CP-801212,2024-06-01,HW-PC-10009,Stove Kraft,2250.0,2150.0,-4.44
CP-801213,2024-07-01,HW-PC-10009,TTK Prestige,2250.0,2570.0,14.22
CP-801214,2024-07-01,HW-PC-10009,Butterfly,2250.0,2190.0,-2.67
CP-801215,2024-07-01,HW-PC-10009,Pigeon,2250.0,1880.0,-16.44
CP-801216,2024-07-01,HW-PC-10009,Stove Kraft,2250.0,2430.0,8.0
CP-801217,2024-08-01,HW-PC-10009,TTK Prestige,2250.0,2490.0,10.67
CP-801218,2024-08-01,HW-PC-10009,Butterfly,2250.0,2330.0,3.56
CP-801219,2024-08-01,HW-PC-10009,Pigeon,2250.0,2040.0,-9.33
CP-801220,2024-08-01,HW-PC-10009,Stove Kraft,2250.0,2000.0,-11.11
CP-801221,2024-09-01,HW-PC-10009,TTK Prestige,2250.0,2570.0,14.22
CP-801222,2024-09-01,HW-PC-10009,Butterfly,2250.0,2230.0,-0.89
CP-801223,2024-09-01,HW-PC-10009,Pigeon,2250.0,1770.0,-21.33
CP-801224,2024-09-01,HW-PC-10009,Stove Kraft,2250.0,2360.0,4.89
CP-801225,2024-10-01,HW-PC-10009,TTK Prestige,2250.0,2480.0,10.22
CP-801226,2024-10-01,HW-PC-10009,Butterfly,2250.0,2150.0,-4.44
CP-801227,2024-10-01,HW-PC-10009,Pigeon,2250.0,1850.0,-17.78
CP-801228,2024-10-01,HW-PC-10009,Stove Kraft,2250.0,2080.0,-7.56
CP-801229,2024-11-01,HW-PC-10009,TTK Prestige,2250.0,2650.0,17.78
CP-801230,2024-11-01,HW-PC-10009,Butterfly,2250.0,2040.0,-9.33
CP-801231,2024-11-01,HW-PC-10009,Pigeon,2250.0,1860.0,-17.33
CP-801232,2024-11-01,HW-PC-10009,Stove Kraft,2250.0,2150.0,-4.44
CP-801233,2024-12-01,HW-PC-10009,TTK Prestige,2250.0,2540.0,12.89
CP-801234,2024-12-01,HW-PC-10009,Butterfly,2250.0,2100.0,-6.67
CP-801235,2024-12-01,HW-PC-10009,Pigeon,2250.0,1860.0,-17.33
CP-801236,2024-12-01,HW-PC-10009,Stove Kraft,2250.0,1780.0,-20.89
CP-801237,2025-01-01,HW-PC-10009,TTK Prestige,2250.0,2430.0,8.0
CP-801238,2025-01-01,HW-PC-10009,Butterfly,2250.0,2470.0,9.78
CP-801239,2025-01-01,HW-PC-10009,Pigeon,2250.0,1960.0,-12.89
CP-801240,2025-01-01,HW-PC-10009,Stove Kraft,2250.0,2110.0,-6.22
CP-801241,2025-02-01,HW-PC-10009,TTK Prestige,2250.0,2490.0,10.67
CP-801242,2025-02-01,HW-PC-10009,Butterfly,2250.0,2310.0,2.67
CP-801243,2025-02-01,HW-PC-10009,Pigeon,2250.0,1880.0,-16.44
CP-801244,2025-02-01,HW-PC-10009,Stove Kraft,2250.0,2350.0,4.44
CP-801245,2025-03-01,HW-PC-10009,TTK Prestige,2250.0,2460.0,9.33
CP-801246,2025-03-01,HW-PC-10009,Butterfly,2250.0,2150.0,-4.44
CP-801247,2025-03-01,HW-PC-10009,Pigeon,2250.0,1990.0,-11.56
CP-801248,2025-03-01,HW-PC-10009,Stove Kraft,2250.0,2280.0,1.33
CP-801249,2025-04-01,HW-PC-10009,TTK Prestige,2250.0,2470.0,9.78
CP-801250,2025-04-01,HW-PC-10009,Butterfly,2250.0,2190.0,-2.67
CP-801251,2025-04-01,HW-PC-10009,Pigeon,2250.0,1900.0,-15.56
CP-801252,2025-04-01,HW-PC-10009,Stove Kraft,2250.0,2360.0,4.89
CP-801253,2025-05-01,HW-PC-10009,TTK Prestige,2250.0,2760.0,22.67
CP-801254,2025-05-01,HW-PC-10009,Butterfly,2250.0,2200.0,-2.22
CP-801255,2025-05-01,HW-PC-10009,Pigeon,2250.0,1830.0,-18.67
CP-801256,2025-05-01,HW-PC-10009,Stove Kraft,2250.0,2080.0,-7.56
CP-801257,2025-06-01,HW-PC-10009,TTK Prestige,2250.0,2560.0,13.78
CP-801258,2025-06-01,HW-PC-10009,Butterfly,2250.0,2190.0,-2.67
CP-801259,2025-06-01,HW-PC-10009,Pigeon,2250.0,1920.0,-14.67
CP-801260,2025-06-01,HW-PC-10009,Stove Kraft,2250.0,2230.0,-0.89
CP-801261,2025-07-01,HW-PC-10009,TTK Prestige,2250.0,2530.0,12.44
CP-801262,2025-07-01,HW-PC-10009,Butterfly,2250.0,2030.0,-9.78
CP-801263,2025-07-01,HW-PC-10009,Pigeon,2250.0,1790.0,-20.44
CP-801264,2025-07-01,HW-PC-10009,Stove Kraft,2250.0,2150.0,-4.44
CP-801265,2025-08-01,HW-PC-10009,TTK Prestige,2250.0,2470.0,9.78
CP-801266,2025-08-01,HW-PC-10009,Butterfly,2250.0,2230.0,-0.89
CP-801267,2025-08-01,HW-PC-10009,Pigeon,2250.0,1990.0,-11.56
CP-801268,2025-08-01,HW-PC-10009,Stove Kraft,2250.0,2200.0,-2.22
CP-801269,2025-09-01,HW-PC-10009,TTK Prestige,2250.0,2670.0,18.67
CP-801270,2025-09-01,HW-PC-10009,Butterfly,2250.0,2190.0,-2.67
CP-801271,2025-09-01,HW-PC-10009,Pigeon,2250.0,1930.0,-14.22
CP-801272,2025-09-01,HW-PC-10009,Stove Kraft,2250.0,1880.0,-16.44
CP-801273,2025-10-01,HW-PC-10009,TTK Prestige,2250.0,2710.0,20.44
CP-801274,2025-10-01,HW-PC-10009,Butterfly,2250.0,2300.0,2.22
CP-801275,2025-10-01,HW-PC-10009,Pigeon,2250.0,1740.0,-22.67
CP-801276,2025-10-01,HW-PC-10009,Stove Kraft,2250.0,2230.0,-0.89
CP-801277,2025-11-01,HW-PC-10009,TTK Prestige,2250.0,2350.0,4.44
CP-801278,2025-11-01,HW-PC-10009,Butterfly,2250.0,2040.0,-9.33
CP-801279,2025-11-01,HW-PC-10009,Pigeon,2250.0,1850.0,-17.78
CP-801280,2025-11-01,HW-PC-10009,Stove Kraft,2250.0,2500.0,11.11
CP-801281,2025-12-01,HW-PC-10009,TTK Prestige,2250.0,2620.0,16.44
CP-801282,2025-12-01,HW-PC-10009,Butterfly,2250.0,2050.0,-8.89
CP-801283,2025-12-01,HW-PC-10009,Pigeon,2250.0,1980.0,-12.0
CP-801284,2025-12-01,HW-PC-10009,Stove Kraft,2250.0,2110.0,-6.22
CP-801285,2026-01-01,HW-PC-10009,TTK Prestige,2250.0,2630.0,16.89
CP-801286,2026-01-01,HW-PC-10009,Butterfly,2250.0,2140.0,-4.89
CP-801287,2026-01-01,HW-PC-10009,Pigeon,2250.0,2050.0,-8.89
CP-801288,2026-01-01,HW-PC-10009,Stove Kraft,2250.0,2150.0,-4.44
CP-801289,2026-02-01,HW-PC-10009,TTK Prestige,2250.0,2590.0,15.11
CP-801290,2026-02-01,HW-PC-10009,Butterfly,2250.0,2270.0,0.89
CP-801291,2026-02-01,HW-PC-10009,Pigeon,2250.0,2090.0,-7.11
CP-801292,2026-02-01,HW-PC-10009,Stove Kraft,2250.0,2320.0,3.11
CP-801293,2026-03-01,HW-PC-10009,TTK Prestige,2250.0,2370.0,5.33
CP-801294,2026-03-01,HW-PC-10009,Butterfly,2250.0,2170.0,-3.56
CP-801295,2026-03-01,HW-PC-10009,Pigeon,2250.0,2040.0,-9.33
CP-801296,2026-03-01,HW-PC-10009,Stove Kraft,2250.0,2560.0,13.78
CP-801297,2023-04-01,HW-PC-10010,TTK Prestige,2540.0,2730.0,7.48
CP-801298,2023-04-01,HW-PC-10010,Butterfly,2540.0,2370.0,-6.69
CP-801299,2023-04-01,HW-PC-10010,Pigeon,2540.0,1880.0,-25.98
CP-801300,2023-04-01,HW-PC-10010,Stove Kraft,2540.0,2470.0,-2.76
CP-801301,2023-05-01,HW-PC-10010,TTK Prestige,2540.0,2670.0,5.12
CP-801302,2023-05-01,HW-PC-10010,Butterfly,2540.0,2090.0,-17.72
CP-801303,2023-05-01,HW-PC-10010,Pigeon,2540.0,1930.0,-24.02
CP-801304,2023-05-01,HW-PC-10010,Stove Kraft,2540.0,2130.0,-16.14
CP-801305,2023-06-01,HW-PC-10010,TTK Prestige,2540.0,2640.0,3.94
CP-801306,2023-06-01,HW-PC-10010,Butterfly,2540.0,2330.0,-8.27
CP-801307,2023-06-01,HW-PC-10010,Pigeon,2540.0,1960.0,-22.83
CP-801308,2023-06-01,HW-PC-10010,Stove Kraft,2540.0,2610.0,2.76
CP-801309,2023-07-01,HW-PC-10010,TTK Prestige,2540.0,2760.0,8.66
CP-801310,2023-07-01,HW-PC-10010,Butterfly,2540.0,2190.0,-13.78
CP-801311,2023-07-01,HW-PC-10010,Pigeon,2540.0,2070.0,-18.5
CP-801312,2023-07-01,HW-PC-10010,Stove Kraft,2540.0,2290.0,-9.84
CP-801313,2023-08-01,HW-PC-10010,TTK Prestige,2540.0,2850.0,12.2
CP-801314,2023-08-01,HW-PC-10010,Butterfly,2540.0,2470.0,-2.76
CP-801315,2023-08-01,HW-PC-10010,Pigeon,2540.0,1990.0,-21.65
CP-801316,2023-08-01,HW-PC-10010,Stove Kraft,2540.0,2290.0,-9.84
CP-801317,2023-09-01,HW-PC-10010,TTK Prestige,2540.0,2740.0,7.87
CP-801318,2023-09-01,HW-PC-10010,Butterfly,2540.0,2370.0,-6.69
CP-801319,2023-09-01,HW-PC-10010,Pigeon,2540.0,2060.0,-18.9
CP-801320,2023-09-01,HW-PC-10010,Stove Kraft,2540.0,2320.0,-8.66
CP-801321,2023-10-01,HW-PC-10010,TTK Prestige,2540.0,2590.0,1.97
CP-801322,2023-10-01,HW-PC-10010,Butterfly,2540.0,2330.0,-8.27
CP-801323,2023-10-01,HW-PC-10010,Pigeon,2540.0,2120.0,-16.54
CP-801324,2023-10-01,HW-PC-10010,Stove Kraft,2540.0,2690.0,5.91
CP-801325,2023-11-01,HW-PC-10010,TTK Prestige,2540.0,2640.0,3.94
CP-801326,2023-11-01,HW-PC-10010,Butterfly,2540.0,2320.0,-8.66
CP-801327,2023-11-01,HW-PC-10010,Pigeon,2540.0,2190.0,-13.78
CP-801328,2023-11-01,HW-PC-10010,Stove Kraft,2540.0,2370.0,-6.69
CP-801329,2023-12-01,HW-PC-10010,TTK Prestige,2540.0,2710.0,6.69
CP-801330,2023-12-01,HW-PC-10010,Butterfly,2540.0,2420.0,-4.72
CP-801331,2023-12-01,HW-PC-10010,Pigeon,2540.0,2120.0,-16.54
CP-801332,2023-12-01,HW-PC-10010,Stove Kraft,2540.0,2360.0,-7.09
CP-801333,2024-01-01,HW-PC-10010,TTK Prestige,2540.0,2590.0,1.97
CP-801334,2024-01-01,HW-PC-10010,Butterfly,2540.0,2490.0,-1.97
CP-801335,2024-01-01,HW-PC-10010,Pigeon,2540.0,2060.0,-18.9
CP-801336,2024-01-01,HW-PC-10010,Stove Kraft,2540.0,2210.0,-12.99
CP-801337,2024-02-01,HW-PC-10010,TTK Prestige,2540.0,2930.0,15.35
CP-801338,2024-02-01,HW-PC-10010,Butterfly,2540.0,2280.0,-10.24
CP-801339,2024-02-01,HW-PC-10010,Pigeon,2540.0,1980.0,-22.05
CP-801340,2024-02-01,HW-PC-10010,Stove Kraft,2540.0,2500.0,-1.57
CP-801341,2024-03-01,HW-PC-10010,TTK Prestige,2540.0,2630.0,3.54
CP-801342,2024-03-01,HW-PC-10010,Butterfly,2540.0,2130.0,-16.14
CP-801343,2024-03-01,HW-PC-10010,Pigeon,2540.0,1870.0,-26.38
CP-801344,2024-03-01,HW-PC-10010,Stove Kraft,2540.0,2180.0,-14.17
CP-801345,2024-04-01,HW-PC-10010,TTK Prestige,2540.0,2650.0,4.33
CP-801346,2024-04-01,HW-PC-10010,Butterfly,2540.0,2500.0,-1.57
CP-801347,2024-04-01,HW-PC-10010,Pigeon,2540.0,1880.0,-25.98
CP-801348,2024-04-01,HW-PC-10010,Stove Kraft,2540.0,2770.0,9.06
CP-801349,2024-05-01,HW-PC-10010,TTK Prestige,2540.0,2880.0,13.39
CP-801350,2024-05-01,HW-PC-10010,Butterfly,2540.0,2530.0,-0.39
CP-801351,2024-05-01,HW-PC-10010,Pigeon,2540.0,2170.0,-14.57
CP-801352,2024-05-01,HW-PC-10010,Stove Kraft,2540.0,2250.0,-11.42
CP-801353,2024-06-01,HW-PC-10010,TTK Prestige,2540.0,2720.0,7.09
CP-801354,2024-06-01,HW-PC-10010,Butterfly,2540.0,2410.0,-5.12
CP-801355,2024-06-01,HW-PC-10010,Pigeon,2540.0,2060.0,-18.9
CP-801356,2024-06-01,HW-PC-10010,Stove Kraft,2540.0,2570.0,1.18
CP-801357,2024-07-01,HW-PC-10010,TTK Prestige,2540.0,2880.0,13.39
CP-801358,2024-07-01,HW-PC-10010,Butterfly,2540.0,2360.0,-7.09
CP-801359,2024-07-01,HW-PC-10010,Pigeon,2540.0,2020.0,-20.47
CP-801360,2024-07-01,HW-PC-10010,Stove Kraft,2540.0,2330.0,-8.27
CP-801361,2024-08-01,HW-PC-10010,TTK Prestige,2540.0,2810.0,10.63
CP-801362,2024-08-01,HW-PC-10010,Butterfly,2540.0,2150.0,-15.35
CP-801363,2024-08-01,HW-PC-10010,Pigeon,2540.0,2140.0,-15.75
CP-801364,2024-08-01,HW-PC-10010,Stove Kraft,2540.0,2430.0,-4.33
CP-801365,2024-09-01,HW-PC-10010,TTK Prestige,2540.0,2910.0,14.57
CP-801366,2024-09-01,HW-PC-10010,Butterfly,2540.0,2100.0,-17.32
CP-801367,2024-09-01,HW-PC-10010,Pigeon,2540.0,1930.0,-24.02
CP-801368,2024-09-01,HW-PC-10010,Stove Kraft,2540.0,2610.0,2.76
CP-801369,2024-10-01,HW-PC-10010,TTK Prestige,2540.0,2760.0,8.66
CP-801370,2024-10-01,HW-PC-10010,Butterfly,2540.0,2350.0,-7.48
CP-801371,2024-10-01,HW-PC-10010,Pigeon,2540.0,2340.0,-7.87
CP-801372,2024-10-01,HW-PC-10010,Stove Kraft,2540.0,2340.0,-7.87
CP-801373,2024-11-01,HW-PC-10010,TTK Prestige,2540.0,2930.0,15.35
CP-801374,2024-11-01,HW-PC-10010,Butterfly,2540.0,2290.0,-9.84
CP-801375,2024-11-01,HW-PC-10010,Pigeon,2540.0,1920.0,-24.41
CP-801376,2024-11-01,HW-PC-10010,Stove Kraft,2540.0,2410.0,-5.12
CP-801377,2024-12-01,HW-PC-10010,TTK Prestige,2540.0,2750.0,8.27
CP-801378,2024-12-01,HW-PC-10010,Butterfly,2540.0,2240.0,-11.81
CP-801379,2024-12-01,HW-PC-10010,Pigeon,2540.0,2000.0,-21.26
CP-801380,2024-12-01,HW-PC-10010,Stove Kraft,2540.0,2600.0,2.36
CP-801381,2025-01-01,HW-PC-10010,TTK Prestige,2540.0,2720.0,7.09
CP-801382,2025-01-01,HW-PC-10010,Butterfly,2540.0,2510.0,-1.18
CP-801383,2025-01-01,HW-PC-10010,Pigeon,2540.0,2080.0,-18.11
CP-801384,2025-01-01,HW-PC-10010,Stove Kraft,2540.0,2690.0,5.91
CP-801385,2025-02-01,HW-PC-10010,TTK Prestige,2540.0,2990.0,17.72
CP-801386,2025-02-01,HW-PC-10010,Butterfly,2540.0,2440.0,-3.94
CP-801387,2025-02-01,HW-PC-10010,Pigeon,2540.0,1850.0,-27.17
CP-801388,2025-02-01,HW-PC-10010,Stove Kraft,2540.0,2590.0,1.97
CP-801389,2025-03-01,HW-PC-10010,TTK Prestige,2540.0,2860.0,12.6
CP-801390,2025-03-01,HW-PC-10010,Butterfly,2540.0,2540.0,0.0
CP-801391,2025-03-01,HW-PC-10010,Pigeon,2540.0,2170.0,-14.57
CP-801392,2025-03-01,HW-PC-10010,Stove Kraft,2540.0,2280.0,-10.24
CP-801393,2025-04-01,HW-PC-10010,TTK Prestige,2540.0,2870.0,12.99
CP-801394,2025-04-01,HW-PC-10010,Butterfly,2540.0,2260.0,-11.02
CP-801395,2025-04-01,HW-PC-10010,Pigeon,2540.0,2070.0,-18.5
CP-801396,2025-04-01,HW-PC-10010,Stove Kraft,2540.0,2800.0,10.24
CP-801397,2025-05-01,HW-PC-10010,TTK Prestige,2540.0,2940.0,15.75
CP-801398,2025-05-01,HW-PC-10010,Butterfly,2540.0,2530.0,-0.39
CP-801399,2025-05-01,HW-PC-10010,Pigeon,2540.0,1940.0,-23.62
CP-801400,2025-05-01,HW-PC-10010,Stove Kraft,2540.0,2390.0,-5.91
CP-801401,2025-06-01,HW-PC-10010,TTK Prestige,2540.0,2930.0,15.35
CP-801402,2025-06-01,HW-PC-10010,Butterfly,2540.0,2380.0,-6.3
CP-801403,2025-06-01,HW-PC-10010,Pigeon,2540.0,2190.0,-13.78
CP-801404,2025-06-01,HW-PC-10010,Stove Kraft,2540.0,2290.0,-9.84
CP-801405,2025-07-01,HW-PC-10010,TTK Prestige,2540.0,2780.0,9.45
CP-801406,2025-07-01,HW-PC-10010,Butterfly,2540.0,2160.0,-14.96
CP-801407,2025-07-01,HW-PC-10010,Pigeon,2540.0,1900.0,-25.2
CP-801408,2025-07-01,HW-PC-10010,Stove Kraft,2540.0,2050.0,-19.29
CP-801409,2025-08-01,HW-PC-10010,TTK Prestige,2540.0,2940.0,15.75
CP-801410,2025-08-01,HW-PC-10010,Butterfly,2540.0,2300.0,-9.45
CP-801411,2025-08-01,HW-PC-10010,Pigeon,2540.0,1980.0,-22.05
CP-801412,2025-08-01,HW-PC-10010,Stove Kraft,2540.0,2850.0,12.2
CP-801413,2025-09-01,HW-PC-10010,TTK Prestige,2540.0,2870.0,12.99
CP-801414,2025-09-01,HW-PC-10010,Butterfly,2540.0,2460.0,-3.15
CP-801415,2025-09-01,HW-PC-10010,Pigeon,2540.0,2250.0,-11.42
CP-801416,2025-09-01,HW-PC-10010,Stove Kraft,2540.0,2140.0,-15.75
CP-801417,2025-10-01,HW-PC-10010,TTK Prestige,2540.0,3010.0,18.5
CP-801418,2025-10-01,HW-PC-10010,Butterfly,2540.0,2530.0,-0.39
CP-801419,2025-10-01,HW-PC-10010,Pigeon,2540.0,2170.0,-14.57
CP-801420,2025-10-01,HW-PC-10010,Stove Kraft,2540.0,2570.0,1.18
CP-801421,2025-11-01,HW-PC-10010,TTK Prestige,2540.0,3090.0,21.65
CP-801422,2025-11-01,HW-PC-10010,Butterfly,2540.0,2300.0,-9.45
CP-801423,2025-11-01,HW-PC-10010,Pigeon,2540.0,2110.0,-16.93
CP-801424,2025-11-01,HW-PC-10010,Stove Kraft,2540.0,2670.0,5.12
CP-801425,2025-12-01,HW-PC-10010,TTK Prestige,2540.0,2890.0,13.78
CP-801426,2025-12-01,HW-PC-10010,Butterfly,2540.0,2520.0,-0.79
CP-801427,2025-12-01,HW-PC-10010,Pigeon,2540.0,2370.0,-6.69
CP-801428,2025-12-01,HW-PC-10010,Stove Kraft,2540.0,2620.0,3.15
CP-801429,2026-01-01,HW-PC-10010,TTK Prestige,2540.0,3130.0,23.23
CP-801430,2026-01-01,HW-PC-10010,Butterfly,2540.0,2490.0,-1.97
CP-801431,2026-01-01,HW-PC-10010,Pigeon,2540.0,2420.0,-4.72
CP-801432,2026-01-01,HW-PC-10010,Stove Kraft,2540.0,2740.0,7.87
CP-801433,2026-02-01,HW-PC-10010,TTK Prestige,2540.0,2950.0,16.14
CP-801434,2026-02-01,HW-PC-10010,Butterfly,2540.0,2390.0,-5.91
CP-801435,2026-02-01,HW-PC-10010,Pigeon,2540.0,2140.0,-15.75
CP-801436,2026-02-01,HW-PC-10010,Stove Kraft,2540.0,2800.0,10.24
CP-801437,2026-03-01,HW-PC-10010,TTK Prestige,2540.0,3220.0,26.77
CP-801438,2026-03-01,HW-PC-10010,Butterfly,2540.0,2570.0,1.18
CP-801439,2026-03-01,HW-PC-10010,Pigeon,2540.0,1980.0,-22.05
CP-801440,2026-03-01,HW-PC-10010,Stove Kraft,2540.0,2560.0,0.79
CP-801441,2023-04-01,HW-PC-10015,TTK Prestige,1550.0,1660.0,7.1
CP-801442,2023-04-01,HW-PC-10015,Butterfly,1550.0,1330.0,-14.19
CP-801443,2023-04-01,HW-PC-10015,Pigeon,1550.0,1180.0,-23.87
CP-801444,2023-04-01,HW-PC-10015,Stove Kraft,1550.0,1540.0,-0.65
CP-801445,2023-05-01,HW-PC-10015,TTK Prestige,1550.0,1660.0,7.1
CP-801446,2023-05-01,HW-PC-10015,Butterfly,1550.0,1350.0,-12.9
CP-801447,2023-05-01,HW-PC-10015,Pigeon,1550.0,1250.0,-19.35
CP-801448,2023-05-01,HW-PC-10015,Stove Kraft,1550.0,1490.0,-3.87
CP-801449,2023-06-01,HW-PC-10015,TTK Prestige,1550.0,1510.0,-2.58
CP-801450,2023-06-01,HW-PC-10015,Butterfly,1550.0,1480.0,-4.52
CP-801451,2023-06-01,HW-PC-10015,Pigeon,1550.0,1330.0,-14.19
CP-801452,2023-06-01,HW-PC-10015,Stove Kraft,1550.0,1620.0,4.52
CP-801453,2023-07-01,HW-PC-10015,TTK Prestige,1550.0,1650.0,6.45
CP-801454,2023-07-01,HW-PC-10015,Butterfly,1550.0,1380.0,-10.97
CP-801455,2023-07-01,HW-PC-10015,Pigeon,1550.0,1220.0,-21.29
CP-801456,2023-07-01,HW-PC-10015,Stove Kraft,1550.0,1350.0,-12.9
CP-801457,2023-08-01,HW-PC-10015,TTK Prestige,1550.0,1730.0,11.61
CP-801458,2023-08-01,HW-PC-10015,Butterfly,1550.0,1440.0,-7.1
CP-801459,2023-08-01,HW-PC-10015,Pigeon,1550.0,1210.0,-21.94
CP-801460,2023-08-01,HW-PC-10015,Stove Kraft,1550.0,1610.0,3.87
CP-801461,2023-09-01,HW-PC-10015,TTK Prestige,1550.0,1600.0,3.23
CP-801462,2023-09-01,HW-PC-10015,Butterfly,1550.0,1470.0,-5.16
CP-801463,2023-09-01,HW-PC-10015,Pigeon,1550.0,1240.0,-20.0
CP-801464,2023-09-01,HW-PC-10015,Stove Kraft,1550.0,1520.0,-1.94
CP-801465,2023-10-01,HW-PC-10015,TTK Prestige,1550.0,1580.0,1.94
CP-801466,2023-10-01,HW-PC-10015,Butterfly,1550.0,1400.0,-9.68
CP-801467,2023-10-01,HW-PC-10015,Pigeon,1550.0,1250.0,-19.35
CP-801468,2023-10-01,HW-PC-10015,Stove Kraft,1550.0,1390.0,-10.32
CP-801469,2023-11-01,HW-PC-10015,TTK Prestige,1550.0,1610.0,3.87
CP-801470,2023-11-01,HW-PC-10015,Butterfly,1550.0,1420.0,-8.39
CP-801471,2023-11-01,HW-PC-10015,Pigeon,1550.0,1310.0,-15.48
CP-801472,2023-11-01,HW-PC-10015,Stove Kraft,1550.0,1630.0,5.16
CP-801473,2023-12-01,HW-PC-10015,TTK Prestige,1550.0,1600.0,3.23
CP-801474,2023-12-01,HW-PC-10015,Butterfly,1550.0,1290.0,-16.77
CP-801475,2023-12-01,HW-PC-10015,Pigeon,1550.0,1180.0,-23.87
CP-801476,2023-12-01,HW-PC-10015,Stove Kraft,1550.0,1540.0,-0.65
CP-801477,2024-01-01,HW-PC-10015,TTK Prestige,1550.0,1730.0,11.61
CP-801478,2024-01-01,HW-PC-10015,Butterfly,1550.0,1500.0,-3.23
CP-801479,2024-01-01,HW-PC-10015,Pigeon,1550.0,1160.0,-25.16
CP-801480,2024-01-01,HW-PC-10015,Stove Kraft,1550.0,1620.0,4.52
CP-801481,2024-02-01,HW-PC-10015,TTK Prestige,1550.0,1660.0,7.1
CP-801482,2024-02-01,HW-PC-10015,Butterfly,1550.0,1360.0,-12.26
CP-801483,2024-02-01,HW-PC-10015,Pigeon,1550.0,1220.0,-21.29
CP-801484,2024-02-01,HW-PC-10015,Stove Kraft,1550.0,1520.0,-1.94
CP-801485,2024-03-01,HW-PC-10015,TTK Prestige,1550.0,1520.0,-1.94
CP-801486,2024-03-01,HW-PC-10015,Butterfly,1550.0,1430.0,-7.74
CP-801487,2024-03-01,HW-PC-10015,Pigeon,1550.0,1220.0,-21.29
CP-801488,2024-03-01,HW-PC-10015,Stove Kraft,1550.0,1570.0,1.29
CP-801489,2024-04-01,HW-PC-10015,TTK Prestige,1550.0,1610.0,3.87
CP-801490,2024-04-01,HW-PC-10015,Butterfly,1550.0,1280.0,-17.42
CP-801491,2024-04-01,HW-PC-10015,Pigeon,1550.0,1260.0,-18.71
CP-801492,2024-04-01,HW-PC-10015,Stove Kraft,1550.0,1470.0,-5.16
CP-801493,2024-05-01,HW-PC-10015,TTK Prestige,1550.0,1650.0,6.45
CP-801494,2024-05-01,HW-PC-10015,Butterfly,1550.0,1370.0,-11.61
CP-801495,2024-05-01,HW-PC-10015,Pigeon,1550.0,1220.0,-21.29
CP-801496,2024-05-01,HW-PC-10015,Stove Kraft,1550.0,1500.0,-3.23
CP-801497,2024-06-01,HW-PC-10015,TTK Prestige,1550.0,1750.0,12.9
CP-801498,2024-06-01,HW-PC-10015,Butterfly,1550.0,1400.0,-9.68
CP-801499,2024-06-01,HW-PC-10015,Pigeon,1550.0,1250.0,-19.35
CP-801500,2024-06-01,HW-PC-10015,Stove Kraft,1550.0,1360.0,-12.26
CP-801501,2024-07-01,HW-PC-10015,TTK Prestige,1550.0,1790.0,15.48
CP-801502,2024-07-01,HW-PC-10015,Butterfly,1550.0,1430.0,-7.74
CP-801503,2024-07-01,HW-PC-10015,Pigeon,1550.0,1310.0,-15.48
CP-801504,2024-07-01,HW-PC-10015,Stove Kraft,1550.0,1380.0,-10.97
CP-801505,2024-08-01,HW-PC-10015,TTK Prestige,1550.0,1760.0,13.55
CP-801506,2024-08-01,HW-PC-10015,Butterfly,1550.0,1550.0,0.0
CP-801507,2024-08-01,HW-PC-10015,Pigeon,1550.0,1220.0,-21.29
CP-801508,2024-08-01,HW-PC-10015,Stove Kraft,1550.0,1550.0,0.0
CP-801509,2024-09-01,HW-PC-10015,TTK Prestige,1550.0,1650.0,6.45
CP-801510,2024-09-01,HW-PC-10015,Butterfly,1550.0,1390.0,-10.32
CP-801511,2024-09-01,HW-PC-10015,Pigeon,1550.0,1300.0,-16.13
CP-801512,2024-09-01,HW-PC-10015,Stove Kraft,1550.0,1350.0,-12.9
CP-801513,2024-10-01,HW-PC-10015,TTK Prestige,1550.0,1680.0,8.39
CP-801514,2024-10-01,HW-PC-10015,Butterfly,1550.0,1390.0,-10.32
CP-801515,2024-10-01,HW-PC-10015,Pigeon,1550.0,1210.0,-21.94
CP-801516,2024-10-01,HW-PC-10015,Stove Kraft,1550.0,1390.0,-10.32
CP-801517,2024-11-01,HW-PC-10015,TTK Prestige,1550.0,1780.0,14.84
CP-801518,2024-11-01,HW-PC-10015,Butterfly,1550.0,1370.0,-11.61
CP-801519,2024-11-01,HW-PC-10015,Pigeon,1550.0,1260.0,-18.71
CP-801520,2024-11-01,HW-PC-10015,Stove Kraft,1550.0,1510.0,-2.58
CP-801521,2024-12-01,HW-PC-10015,TTK Prestige,1550.0,1820.0,17.42
CP-801522,2024-12-01,HW-PC-10015,Butterfly,1550.0,1440.0,-7.1
CP-801523,2024-12-01,HW-PC-10015,Pigeon,1550.0,1310.0,-15.48
CP-801524,2024-12-01,HW-PC-10015,Stove Kraft,1550.0,1600.0,3.23
CP-801525,2025-01-01,HW-PC-10015,TTK Prestige,1550.0,1820.0,17.42
CP-801526,2025-01-01,HW-PC-10015,Butterfly,1550.0,1530.0,-1.29
CP-801527,2025-01-01,HW-PC-10015,Pigeon,1550.0,1350.0,-12.9
CP-801528,2025-01-01,HW-PC-10015,Stove Kraft,1550.0,1410.0,-9.03
CP-801529,2025-02-01,HW-PC-10015,TTK Prestige,1550.0,1780.0,14.84
CP-801530,2025-02-01,HW-PC-10015,Butterfly,1550.0,1450.0,-6.45
CP-801531,2025-02-01,HW-PC-10015,Pigeon,1550.0,1290.0,-16.77
CP-801532,2025-02-01,HW-PC-10015,Stove Kraft,1550.0,1450.0,-6.45
CP-801533,2025-03-01,HW-PC-10015,TTK Prestige,1550.0,1770.0,14.19
CP-801534,2025-03-01,HW-PC-10015,Butterfly,1550.0,1440.0,-7.1
CP-801535,2025-03-01,HW-PC-10015,Pigeon,1550.0,1230.0,-20.65
CP-801536,2025-03-01,HW-PC-10015,Stove Kraft,1550.0,1270.0,-18.06
CP-801537,2025-04-01,HW-PC-10015,TTK Prestige,1550.0,1770.0,14.19
CP-801538,2025-04-01,HW-PC-10015,Butterfly,1550.0,1440.0,-7.1
CP-801539,2025-04-01,HW-PC-10015,Pigeon,1550.0,1230.0,-20.65
CP-801540,2025-04-01,HW-PC-10015,Stove Kraft,1550.0,1450.0,-6.45
CP-801541,2025-05-01,HW-PC-10015,TTK Prestige,1550.0,1650.0,6.45
CP-801542,2025-05-01,HW-PC-10015,Butterfly,1550.0,1470.0,-5.16
CP-801543,2025-05-01,HW-PC-10015,Pigeon,1550.0,1190.0,-23.23
CP-801544,2025-05-01,HW-PC-10015,Stove Kraft,1550.0,1390.0,-10.32
CP-801545,2025-06-01,HW-PC-10015,TTK Prestige,1550.0,1820.0,17.42
CP-801546,2025-06-01,HW-PC-10015,Butterfly,1550.0,1420.0,-8.39
CP-801547,2025-06-01,HW-PC-10015,Pigeon,1550.0,1280.0,-17.42
CP-801548,2025-06-01,HW-PC-10015,Stove Kraft,1550.0,1530.0,-1.29
CP-801549,2025-07-01,HW-PC-10015,TTK Prestige,1550.0,1730.0,11.61
CP-801550,2025-07-01,HW-PC-10015,Butterfly,1550.0,1400.0,-9.68
CP-801551,2025-07-01,HW-PC-10015,Pigeon,1550.0,1310.0,-15.48
CP-801552,2025-07-01,HW-PC-10015,Stove Kraft,1550.0,1400.0,-9.68
CP-801553,2025-08-01,HW-PC-10015,TTK Prestige,1550.0,1650.0,6.45
CP-801554,2025-08-01,HW-PC-10015,Butterfly,1550.0,1590.0,2.58
CP-801555,2025-08-01,HW-PC-10015,Pigeon,1550.0,1280.0,-17.42
CP-801556,2025-08-01,HW-PC-10015,Stove Kraft,1550.0,1580.0,1.94
CP-801557,2025-09-01,HW-PC-10015,TTK Prestige,1550.0,1830.0,18.06
CP-801558,2025-09-01,HW-PC-10015,Butterfly,1550.0,1390.0,-10.32
CP-801559,2025-09-01,HW-PC-10015,Pigeon,1550.0,1460.0,-5.81
CP-801560,2025-09-01,HW-PC-10015,Stove Kraft,1550.0,1750.0,12.9
CP-801561,2025-10-01,HW-PC-10015,TTK Prestige,1550.0,1710.0,10.32
CP-801562,2025-10-01,HW-PC-10015,Butterfly,1550.0,1450.0,-6.45
CP-801563,2025-10-01,HW-PC-10015,Pigeon,1550.0,1360.0,-12.26
CP-801564,2025-10-01,HW-PC-10015,Stove Kraft,1550.0,1490.0,-3.87
CP-801565,2025-11-01,HW-PC-10015,TTK Prestige,1550.0,1780.0,14.84
CP-801566,2025-11-01,HW-PC-10015,Butterfly,1550.0,1490.0,-3.87
CP-801567,2025-11-01,HW-PC-10015,Pigeon,1550.0,1400.0,-9.68
CP-801568,2025-11-01,HW-PC-10015,Stove Kraft,1550.0,1590.0,2.58
CP-801569,2025-12-01,HW-PC-10015,TTK Prestige,1550.0,1770.0,14.19
CP-801570,2025-12-01,HW-PC-10015,Butterfly,1550.0,1300.0,-16.13
CP-801571,2025-12-01,HW-PC-10015,Pigeon,1550.0,1350.0,-12.9
CP-801572,2025-12-01,HW-PC-10015,Stove Kraft,1550.0,1820.0,17.42
CP-801573,2026-01-01,HW-PC-10015,TTK Prestige,1550.0,1810.0,16.77
CP-801574,2026-01-01,HW-PC-10015,Butterfly,1550.0,1680.0,8.39
CP-801575,2026-01-01,HW-PC-10015,Pigeon,1550.0,1300.0,-16.13
CP-801576,2026-01-01,HW-PC-10015,Stove Kraft,1550.0,1610.0,3.87
CP-801577,2026-02-01,HW-PC-10015,TTK Prestige,1550.0,1870.0,20.65
CP-801578,2026-02-01,HW-PC-10015,Butterfly,1550.0,1420.0,-8.39
CP-801579,2026-02-01,HW-PC-10015,Pigeon,1550.0,1360.0,-12.26
CP-801580,2026-02-01,HW-PC-10015,Stove Kraft,1550.0,1690.0,9.03
CP-801581,2026-03-01,HW-PC-10015,TTK Prestige,1550.0,1840.0,18.71
CP-801582,2026-03-01,HW-PC-10015,Butterfly,1550.0,1440.0,-7.1
CP-801583,2026-03-01,HW-PC-10015,Pigeon,1550.0,1430.0,-7.74
CP-801584,2026-03-01,HW-PC-10015,Stove Kraft,1550.0,1550.0,0.0
CP-801585,2023-04-01,HW-PC-10016,TTK Prestige,1660.0,1720.0,3.61
CP-801586,2023-04-01,HW-PC-10016,Butterfly,1660.0,1620.0,-2.41
CP-801587,2023-04-01,HW-PC-10016,Pigeon,1660.0,1300.0,-21.69
CP-801588,2023-04-01,HW-PC-10016,Stove Kraft,1660.0,1520.0,-8.43
CP-801589,2023-05-01,HW-PC-10016,TTK Prestige,1660.0,1800.0,8.43
CP-801590,2023-05-01,HW-PC-10016,Butterfly,1660.0,1400.0,-15.66
CP-801591,2023-05-01,HW-PC-10016,Pigeon,1660.0,1360.0,-18.07
CP-801592,2023-05-01,HW-PC-10016,Stove Kraft,1660.0,1600.0,-3.61
CP-801593,2023-06-01,HW-PC-10016,TTK Prestige,1660.0,1690.0,1.81
CP-801594,2023-06-01,HW-PC-10016,Butterfly,1660.0,1550.0,-6.63
CP-801595,2023-06-01,HW-PC-10016,Pigeon,1660.0,1260.0,-24.1
CP-801596,2023-06-01,HW-PC-10016,Stove Kraft,1660.0,1500.0,-9.64
CP-801597,2023-07-01,HW-PC-10016,TTK Prestige,1660.0,1770.0,6.63
CP-801598,2023-07-01,HW-PC-10016,Butterfly,1660.0,1350.0,-18.67
CP-801599,2023-07-01,HW-PC-10016,Pigeon,1660.0,1250.0,-24.7
CP-801600,2023-07-01,HW-PC-10016,Stove Kraft,1660.0,1520.0,-8.43
CP-801601,2023-08-01,HW-PC-10016,TTK Prestige,1660.0,1760.0,6.02
CP-801602,2023-08-01,HW-PC-10016,Butterfly,1660.0,1480.0,-10.84
CP-801603,2023-08-01,HW-PC-10016,Pigeon,1660.0,1310.0,-21.08
CP-801604,2023-08-01,HW-PC-10016,Stove Kraft,1660.0,1530.0,-7.83
CP-801605,2023-09-01,HW-PC-10016,TTK Prestige,1660.0,1710.0,3.01
CP-801606,2023-09-01,HW-PC-10016,Butterfly,1660.0,1540.0,-7.23
CP-801607,2023-09-01,HW-PC-10016,Pigeon,1660.0,1310.0,-21.08
CP-801608,2023-09-01,HW-PC-10016,Stove Kraft,1660.0,1500.0,-9.64
CP-801609,2023-10-01,HW-PC-10016,TTK Prestige,1660.0,1780.0,7.23
CP-801610,2023-10-01,HW-PC-10016,Butterfly,1660.0,1450.0,-12.65
CP-801611,2023-10-01,HW-PC-10016,Pigeon,1660.0,1360.0,-18.07
CP-801612,2023-10-01,HW-PC-10016,Stove Kraft,1660.0,1550.0,-6.63
CP-801613,2023-11-01,HW-PC-10016,TTK Prestige,1660.0,1780.0,7.23
CP-801614,2023-11-01,HW-PC-10016,Butterfly,1660.0,1560.0,-6.02
CP-801615,2023-11-01,HW-PC-10016,Pigeon,1660.0,1290.0,-22.29
CP-801616,2023-11-01,HW-PC-10016,Stove Kraft,1660.0,1660.0,0.0
CP-801617,2023-12-01,HW-PC-10016,TTK Prestige,1660.0,1850.0,11.45
CP-801618,2023-12-01,HW-PC-10016,Butterfly,1660.0,1320.0,-20.48
CP-801619,2023-12-01,HW-PC-10016,Pigeon,1660.0,1250.0,-24.7
CP-801620,2023-12-01,HW-PC-10016,Stove Kraft,1660.0,1320.0,-20.48
CP-801621,2024-01-01,HW-PC-10016,TTK Prestige,1660.0,1710.0,3.01
CP-801622,2024-01-01,HW-PC-10016,Butterfly,1660.0,1360.0,-18.07
CP-801623,2024-01-01,HW-PC-10016,Pigeon,1660.0,1340.0,-19.28
CP-801624,2024-01-01,HW-PC-10016,Stove Kraft,1660.0,1250.0,-24.7
CP-801625,2024-02-01,HW-PC-10016,TTK Prestige,1660.0,1740.0,4.82
CP-801626,2024-02-01,HW-PC-10016,Butterfly,1660.0,1500.0,-9.64
CP-801627,2024-02-01,HW-PC-10016,Pigeon,1660.0,1260.0,-24.1
CP-801628,2024-02-01,HW-PC-10016,Stove Kraft,1660.0,1620.0,-2.41
CP-801629,2024-03-01,HW-PC-10016,TTK Prestige,1660.0,1730.0,4.22
CP-801630,2024-03-01,HW-PC-10016,Butterfly,1660.0,1390.0,-16.27
CP-801631,2024-03-01,HW-PC-10016,Pigeon,1660.0,1370.0,-17.47
CP-801632,2024-03-01,HW-PC-10016,Stove Kraft,1660.0,1600.0,-3.61
CP-801633,2024-04-01,HW-PC-10016,TTK Prestige,1660.0,1780.0,7.23
CP-801634,2024-04-01,HW-PC-10016,Butterfly,1660.0,1510.0,-9.04
CP-801635,2024-04-01,HW-PC-10016,Pigeon,1660.0,1290.0,-22.29
CP-801636,2024-04-01,HW-PC-10016,Stove Kraft,1660.0,1520.0,-8.43
CP-801637,2024-05-01,HW-PC-10016,TTK Prestige,1660.0,1710.0,3.01
CP-801638,2024-05-01,HW-PC-10016,Butterfly,1660.0,1520.0,-8.43
CP-801639,2024-05-01,HW-PC-10016,Pigeon,1660.0,1340.0,-19.28
CP-801640,2024-05-01,HW-PC-10016,Stove Kraft,1660.0,1580.0,-4.82
CP-801641,2024-06-01,HW-PC-10016,TTK Prestige,1660.0,1770.0,6.63
CP-801642,2024-06-01,HW-PC-10016,Butterfly,1660.0,1520.0,-8.43
CP-801643,2024-06-01,HW-PC-10016,Pigeon,1660.0,1260.0,-24.1
CP-801644,2024-06-01,HW-PC-10016,Stove Kraft,1660.0,1630.0,-1.81
CP-801645,2024-07-01,HW-PC-10016,TTK Prestige,1660.0,1760.0,6.02
CP-801646,2024-07-01,HW-PC-10016,Butterfly,1660.0,1680.0,1.2
CP-801647,2024-07-01,HW-PC-10016,Pigeon,1660.0,1420.0,-14.46
CP-801648,2024-07-01,HW-PC-10016,Stove Kraft,1660.0,1430.0,-13.86
CP-801649,2024-08-01,HW-PC-10016,TTK Prestige,1660.0,1700.0,2.41
CP-801650,2024-08-01,HW-PC-10016,Butterfly,1660.0,1420.0,-14.46
CP-801651,2024-08-01,HW-PC-10016,Pigeon,1660.0,1410.0,-15.06
CP-801652,2024-08-01,HW-PC-10016,Stove Kraft,1660.0,1640.0,-1.2
CP-801653,2024-09-01,HW-PC-10016,TTK Prestige,1660.0,1760.0,6.02
CP-801654,2024-09-01,HW-PC-10016,Butterfly,1660.0,1600.0,-3.61
CP-801655,2024-09-01,HW-PC-10016,Pigeon,1660.0,1400.0,-15.66
CP-801656,2024-09-01,HW-PC-10016,Stove Kraft,1660.0,1700.0,2.41
CP-801657,2024-10-01,HW-PC-10016,TTK Prestige,1660.0,1940.0,16.87
CP-801658,2024-10-01,HW-PC-10016,Butterfly,1660.0,1620.0,-2.41
CP-801659,2024-10-01,HW-PC-10016,Pigeon,1660.0,1330.0,-19.88
CP-801660,2024-10-01,HW-PC-10016,Stove Kraft,1660.0,1680.0,1.2
CP-801661,2024-11-01,HW-PC-10016,TTK Prestige,1660.0,2000.0,20.48
CP-801662,2024-11-01,HW-PC-10016,Butterfly,1660.0,1490.0,-10.24
CP-801663,2024-11-01,HW-PC-10016,Pigeon,1660.0,1390.0,-16.27
CP-801664,2024-11-01,HW-PC-10016,Stove Kraft,1660.0,1780.0,7.23
CP-801665,2024-12-01,HW-PC-10016,TTK Prestige,1660.0,1740.0,4.82
CP-801666,2024-12-01,HW-PC-10016,Butterfly,1660.0,1440.0,-13.25
CP-801667,2024-12-01,HW-PC-10016,Pigeon,1660.0,1410.0,-15.06
CP-801668,2024-12-01,HW-PC-10016,Stove Kraft,1660.0,1550.0,-6.63
CP-801669,2025-01-01,HW-PC-10016,TTK Prestige,1660.0,1960.0,18.07
CP-801670,2025-01-01,HW-PC-10016,Butterfly,1660.0,1490.0,-10.24
CP-801671,2025-01-01,HW-PC-10016,Pigeon,1660.0,1590.0,-4.22
CP-801672,2025-01-01,HW-PC-10016,Stove Kraft,1660.0,1570.0,-5.42
CP-801673,2025-02-01,HW-PC-10016,TTK Prestige,1660.0,1920.0,15.66
CP-801674,2025-02-01,HW-PC-10016,Butterfly,1660.0,1560.0,-6.02
CP-801675,2025-02-01,HW-PC-10016,Pigeon,1660.0,1430.0,-13.86
CP-801676,2025-02-01,HW-PC-10016,Stove Kraft,1660.0,1820.0,9.64
CP-801677,2025-03-01,HW-PC-10016,TTK Prestige,1660.0,1930.0,16.27
CP-801678,2025-03-01,HW-PC-10016,Butterfly,1660.0,1550.0,-6.63
CP-801679,2025-03-01,HW-PC-10016,Pigeon,1660.0,1470.0,-11.45
CP-801680,2025-03-01,HW-PC-10016,Stove Kraft,1660.0,1720.0,3.61
CP-801681,2025-04-01,HW-PC-10016,TTK Prestige,1660.0,1850.0,11.45
CP-801682,2025-04-01,HW-PC-10016,Butterfly,1660.0,1500.0,-9.64
CP-801683,2025-04-01,HW-PC-10016,Pigeon,1660.0,1460.0,-12.05
CP-801684,2025-04-01,HW-PC-10016,Stove Kraft,1660.0,1620.0,-2.41
CP-801685,2025-05-01,HW-PC-10016,TTK Prestige,1660.0,1720.0,3.61
CP-801686,2025-05-01,HW-PC-10016,Butterfly,1660.0,1490.0,-10.24
CP-801687,2025-05-01,HW-PC-10016,Pigeon,1660.0,1440.0,-13.25
CP-801688,2025-05-01,HW-PC-10016,Stove Kraft,1660.0,1630.0,-1.81
CP-801689,2025-06-01,HW-PC-10016,TTK Prestige,1660.0,1920.0,15.66
CP-801690,2025-06-01,HW-PC-10016,Butterfly,1660.0,1610.0,-3.01
CP-801691,2025-06-01,HW-PC-10016,Pigeon,1660.0,1480.0,-10.84
CP-801692,2025-06-01,HW-PC-10016,Stove Kraft,1660.0,1640.0,-1.2
CP-801693,2025-07-01,HW-PC-10016,TTK Prestige,1660.0,1880.0,13.25
CP-801694,2025-07-01,HW-PC-10016,Butterfly,1660.0,1480.0,-10.84
CP-801695,2025-07-01,HW-PC-10016,Pigeon,1660.0,1480.0,-10.84
CP-801696,2025-07-01,HW-PC-10016,Stove Kraft,1660.0,1680.0,1.2
CP-801697,2025-08-01,HW-PC-10016,TTK Prestige,1660.0,1970.0,18.67
CP-801698,2025-08-01,HW-PC-10016,Butterfly,1660.0,1560.0,-6.02
CP-801699,2025-08-01,HW-PC-10016,Pigeon,1660.0,1350.0,-18.67
CP-801700,2025-08-01,HW-PC-10016,Stove Kraft,1660.0,1660.0,0.0
CP-801701,2025-09-01,HW-PC-10016,TTK Prestige,1660.0,1990.0,19.88
CP-801702,2025-09-01,HW-PC-10016,Butterfly,1660.0,1680.0,1.2
CP-801703,2025-09-01,HW-PC-10016,Pigeon,1660.0,1430.0,-13.86
CP-801704,2025-09-01,HW-PC-10016,Stove Kraft,1660.0,1640.0,-1.2
CP-801705,2025-10-01,HW-PC-10016,TTK Prestige,1660.0,1910.0,15.06
CP-801706,2025-10-01,HW-PC-10016,Butterfly,1660.0,1680.0,1.2
CP-801707,2025-10-01,HW-PC-10016,Pigeon,1660.0,1410.0,-15.06
CP-801708,2025-10-01,HW-PC-10016,Stove Kraft,1660.0,1590.0,-4.22
CP-801709,2025-11-01,HW-PC-10016,TTK Prestige,1660.0,1720.0,3.61
CP-801710,2025-11-01,HW-PC-10016,Butterfly,1660.0,1500.0,-9.64
CP-801711,2025-11-01,HW-PC-10016,Pigeon,1660.0,1370.0,-17.47
CP-801712,2025-11-01,HW-PC-10016,Stove Kraft,1660.0,1930.0,16.27
CP-801713,2025-12-01,HW-PC-10016,TTK Prestige,1660.0,1810.0,9.04
CP-801714,2025-12-01,HW-PC-10016,Butterfly,1660.0,1510.0,-9.04
CP-801715,2025-12-01,HW-PC-10016,Pigeon,1660.0,1490.0,-10.24
CP-801716,2025-12-01,HW-PC-10016,Stove Kraft,1660.0,1540.0,-7.23
CP-801717,2026-01-01,HW-PC-10016,TTK Prestige,1660.0,2030.0,22.29
CP-801718,2026-01-01,HW-PC-10016,Butterfly,1660.0,1520.0,-8.43
CP-801719,2026-01-01,HW-PC-10016,Pigeon,1660.0,1420.0,-14.46
CP-801720,2026-01-01,HW-PC-10016,Stove Kraft,1660.0,1850.0,11.45
CP-801721,2026-02-01,HW-PC-10016,TTK Prestige,1660.0,2110.0,27.11
CP-801722,2026-02-01,HW-PC-10016,Butterfly,1660.0,1670.0,0.6
CP-801723,2026-02-01,HW-PC-10016,Pigeon,1660.0,1410.0,-15.06
CP-801724,2026-02-01,HW-PC-10016,Stove Kraft,1660.0,1790.0,7.83
CP-801725,2026-03-01,HW-PC-10016,TTK Prestige,1660.0,1890.0,13.86
CP-801726,2026-03-01,HW-PC-10016,Butterfly,1660.0,1380.0,-16.87
CP-801727,2026-03-01,HW-PC-10016,Pigeon,1660.0,1360.0,-18.07
CP-801728,2026-03-01,HW-PC-10016,Stove Kraft,1660.0,1710.0,3.01
CP-801729,2023-04-01,HW-PC-10017,TTK Prestige,1890.0,2040.0,7.94
CP-801730,2023-04-01,HW-PC-10017,Butterfly,1890.0,1610.0,-14.81
CP-801731,2023-04-01,HW-PC-10017,Pigeon,1890.0,1550.0,-17.99
CP-801732,2023-04-01,HW-PC-10017,Stove Kraft,1890.0,1610.0,-14.81
CP-801733,2023-05-01,HW-PC-10017,TTK Prestige,1890.0,1980.0,4.76
CP-801734,2023-05-01,HW-PC-10017,Butterfly,1890.0,1520.0,-19.58
CP-801735,2023-05-01,HW-PC-10017,Pigeon,1890.0,1400.0,-25.93
CP-801736,2023-05-01,HW-PC-10017,Stove Kraft,1890.0,1620.0,-14.29
CP-801737,2023-06-01,HW-PC-10017,TTK Prestige,1890.0,1990.0,5.29
CP-801738,2023-06-01,HW-PC-10017,Butterfly,1890.0,1880.0,-0.53
CP-801739,2023-06-01,HW-PC-10017,Pigeon,1890.0,1370.0,-27.51
CP-801740,2023-06-01,HW-PC-10017,Stove Kraft,1890.0,1990.0,5.29
CP-801741,2023-07-01,HW-PC-10017,TTK Prestige,1890.0,1870.0,-1.06
CP-801742,2023-07-01,HW-PC-10017,Butterfly,1890.0,1680.0,-11.11
CP-801743,2023-07-01,HW-PC-10017,Pigeon,1890.0,1470.0,-22.22
CP-801744,2023-07-01,HW-PC-10017,Stove Kraft,1890.0,1780.0,-5.82
CP-801745,2023-08-01,HW-PC-10017,TTK Prestige,1890.0,1990.0,5.29
CP-801746,2023-08-01,HW-PC-10017,Butterfly,1890.0,1760.0,-6.88
CP-801747,2023-08-01,HW-PC-10017,Pigeon,1890.0,1600.0,-15.34
CP-801748,2023-08-01,HW-PC-10017,Stove Kraft,1890.0,1780.0,-5.82
CP-801749,2023-09-01,HW-PC-10017,TTK Prestige,1890.0,1990.0,5.29
CP-801750,2023-09-01,HW-PC-10017,Butterfly,1890.0,1470.0,-22.22
CP-801751,2023-09-01,HW-PC-10017,Pigeon,1890.0,1460.0,-22.75
CP-801752,2023-09-01,HW-PC-10017,Stove Kraft,1890.0,1890.0,0.0
CP-801753,2023-10-01,HW-PC-10017,TTK Prestige,1890.0,2000.0,5.82
CP-801754,2023-10-01,HW-PC-10017,Butterfly,1890.0,1720.0,-8.99
CP-801755,2023-10-01,HW-PC-10017,Pigeon,1890.0,1500.0,-20.63
CP-801756,2023-10-01,HW-PC-10017,Stove Kraft,1890.0,1680.0,-11.11
CP-801757,2023-11-01,HW-PC-10017,TTK Prestige,1890.0,2010.0,6.35
CP-801758,2023-11-01,HW-PC-10017,Butterfly,1890.0,1740.0,-7.94
CP-801759,2023-11-01,HW-PC-10017,Pigeon,1890.0,1620.0,-14.29
CP-801760,2023-11-01,HW-PC-10017,Stove Kraft,1890.0,1910.0,1.06
CP-801761,2023-12-01,HW-PC-10017,TTK Prestige,1890.0,1900.0,0.53
CP-801762,2023-12-01,HW-PC-10017,Butterfly,1890.0,1700.0,-10.05
CP-801763,2023-12-01,HW-PC-10017,Pigeon,1890.0,1540.0,-18.52
CP-801764,2023-12-01,HW-PC-10017,Stove Kraft,1890.0,1740.0,-7.94
CP-801765,2024-01-01,HW-PC-10017,TTK Prestige,1890.0,2100.0,11.11
CP-801766,2024-01-01,HW-PC-10017,Butterfly,1890.0,1640.0,-13.23
CP-801767,2024-01-01,HW-PC-10017,Pigeon,1890.0,1540.0,-18.52
CP-801768,2024-01-01,HW-PC-10017,Stove Kraft,1890.0,1710.0,-9.52
CP-801769,2024-02-01,HW-PC-10017,TTK Prestige,1890.0,2080.0,10.05
CP-801770,2024-02-01,HW-PC-10017,Butterfly,1890.0,1680.0,-11.11
CP-801771,2024-02-01,HW-PC-10017,Pigeon,1890.0,1430.0,-24.34
CP-801772,2024-02-01,HW-PC-10017,Stove Kraft,1890.0,1600.0,-15.34
CP-801773,2024-03-01,HW-PC-10017,TTK Prestige,1890.0,1980.0,4.76
CP-801774,2024-03-01,HW-PC-10017,Butterfly,1890.0,1730.0,-8.47
CP-801775,2024-03-01,HW-PC-10017,Pigeon,1890.0,1530.0,-19.05
CP-801776,2024-03-01,HW-PC-10017,Stove Kraft,1890.0,1510.0,-20.11
CP-801777,2024-04-01,HW-PC-10017,TTK Prestige,1890.0,2140.0,13.23
CP-801778,2024-04-01,HW-PC-10017,Butterfly,1890.0,1670.0,-11.64
CP-801779,2024-04-01,HW-PC-10017,Pigeon,1890.0,1530.0,-19.05
CP-801780,2024-04-01,HW-PC-10017,Stove Kraft,1890.0,1550.0,-17.99
CP-801781,2024-05-01,HW-PC-10017,TTK Prestige,1890.0,2040.0,7.94
CP-801782,2024-05-01,HW-PC-10017,Butterfly,1890.0,1660.0,-12.17
CP-801783,2024-05-01,HW-PC-10017,Pigeon,1890.0,1430.0,-24.34
CP-801784,2024-05-01,HW-PC-10017,Stove Kraft,1890.0,2010.0,6.35
CP-801785,2024-06-01,HW-PC-10017,TTK Prestige,1890.0,2030.0,7.41
CP-801786,2024-06-01,HW-PC-10017,Butterfly,1890.0,1750.0,-7.41
CP-801787,2024-06-01,HW-PC-10017,Pigeon,1890.0,1530.0,-19.05
CP-801788,2024-06-01,HW-PC-10017,Stove Kraft,1890.0,1740.0,-7.94
CP-801789,2024-07-01,HW-PC-10017,TTK Prestige,1890.0,2080.0,10.05
CP-801790,2024-07-01,HW-PC-10017,Butterfly,1890.0,1900.0,0.53
CP-801791,2024-07-01,HW-PC-10017,Pigeon,1890.0,1570.0,-16.93
CP-801792,2024-07-01,HW-PC-10017,Stove Kraft,1890.0,1920.0,1.59
CP-801793,2024-08-01,HW-PC-10017,TTK Prestige,1890.0,2130.0,12.7
CP-801794,2024-08-01,HW-PC-10017,Butterfly,1890.0,1850.0,-2.12
CP-801795,2024-08-01,HW-PC-10017,Pigeon,1890.0,1610.0,-14.81
CP-801796,2024-08-01,HW-PC-10017,Stove Kraft,1890.0,1960.0,3.7
CP-801797,2024-09-01,HW-PC-10017,TTK Prestige,1890.0,1850.0,-2.12
CP-801798,2024-09-01,HW-PC-10017,Butterfly,1890.0,1670.0,-11.64
CP-801799,2024-09-01,HW-PC-10017,Pigeon,1890.0,1640.0,-13.23
CP-801800,2024-09-01,HW-PC-10017,Stove Kraft,1890.0,1820.0,-3.7
CP-801801,2024-10-01,HW-PC-10017,TTK Prestige,1890.0,2100.0,11.11
CP-801802,2024-10-01,HW-PC-10017,Butterfly,1890.0,1870.0,-1.06
CP-801803,2024-10-01,HW-PC-10017,Pigeon,1890.0,1510.0,-20.11
CP-801804,2024-10-01,HW-PC-10017,Stove Kraft,1890.0,1880.0,-0.53
CP-801805,2024-11-01,HW-PC-10017,TTK Prestige,1890.0,2110.0,11.64
CP-801806,2024-11-01,HW-PC-10017,Butterfly,1890.0,1820.0,-3.7
CP-801807,2024-11-01,HW-PC-10017,Pigeon,1890.0,1470.0,-22.22
CP-801808,2024-11-01,HW-PC-10017,Stove Kraft,1890.0,1810.0,-4.23
CP-801809,2024-12-01,HW-PC-10017,TTK Prestige,1890.0,2080.0,10.05
CP-801810,2024-12-01,HW-PC-10017,Butterfly,1890.0,1590.0,-15.87
CP-801811,2024-12-01,HW-PC-10017,Pigeon,1890.0,1650.0,-12.7
CP-801812,2024-12-01,HW-PC-10017,Stove Kraft,1890.0,2010.0,6.35
CP-801813,2025-01-01,HW-PC-10017,TTK Prestige,1890.0,2100.0,11.11
CP-801814,2025-01-01,HW-PC-10017,Butterfly,1890.0,1820.0,-3.7
CP-801815,2025-01-01,HW-PC-10017,Pigeon,1890.0,1660.0,-12.17
CP-801816,2025-01-01,HW-PC-10017,Stove Kraft,1890.0,1680.0,-11.11
CP-801817,2025-02-01,HW-PC-10017,TTK Prestige,1890.0,2160.0,14.29
CP-801818,2025-02-01,HW-PC-10017,Butterfly,1890.0,1710.0,-9.52
CP-801819,2025-02-01,HW-PC-10017,Pigeon,1890.0,1530.0,-19.05
CP-801820,2025-02-01,HW-PC-10017,Stove Kraft,1890.0,1790.0,-5.29
CP-801821,2025-03-01,HW-PC-10017,TTK Prestige,1890.0,2050.0,8.47
CP-801822,2025-03-01,HW-PC-10017,Butterfly,1890.0,1830.0,-3.17
CP-801823,2025-03-01,HW-PC-10017,Pigeon,1890.0,1710.0,-9.52
CP-801824,2025-03-01,HW-PC-10017,Stove Kraft,1890.0,1740.0,-7.94
CP-801825,2025-04-01,HW-PC-10017,TTK Prestige,1890.0,2140.0,13.23
CP-801826,2025-04-01,HW-PC-10017,Butterfly,1890.0,1790.0,-5.29
CP-801827,2025-04-01,HW-PC-10017,Pigeon,1890.0,1630.0,-13.76
CP-801828,2025-04-01,HW-PC-10017,Stove Kraft,1890.0,1750.0,-7.41
CP-801829,2025-05-01,HW-PC-10017,TTK Prestige,1890.0,2280.0,20.63
CP-801830,2025-05-01,HW-PC-10017,Butterfly,1890.0,1820.0,-3.7
CP-801831,2025-05-01,HW-PC-10017,Pigeon,1890.0,1490.0,-21.16
CP-801832,2025-05-01,HW-PC-10017,Stove Kraft,1890.0,1820.0,-3.7
CP-801833,2025-06-01,HW-PC-10017,TTK Prestige,1890.0,2140.0,13.23
CP-801834,2025-06-01,HW-PC-10017,Butterfly,1890.0,1570.0,-16.93
CP-801835,2025-06-01,HW-PC-10017,Pigeon,1890.0,1570.0,-16.93
CP-801836,2025-06-01,HW-PC-10017,Stove Kraft,1890.0,2010.0,6.35
CP-801837,2025-07-01,HW-PC-10017,TTK Prestige,1890.0,2210.0,16.93
CP-801838,2025-07-01,HW-PC-10017,Butterfly,1890.0,1710.0,-9.52
CP-801839,2025-07-01,HW-PC-10017,Pigeon,1890.0,1570.0,-16.93
CP-801840,2025-07-01,HW-PC-10017,Stove Kraft,1890.0,1810.0,-4.23
CP-801841,2025-08-01,HW-PC-10017,TTK Prestige,1890.0,2100.0,11.11
CP-801842,2025-08-01,HW-PC-10017,Butterfly,1890.0,1830.0,-3.17
CP-801843,2025-08-01,HW-PC-10017,Pigeon,1890.0,1550.0,-17.99
CP-801844,2025-08-01,HW-PC-10017,Stove Kraft,1890.0,1930.0,2.12
CP-801845,2025-09-01,HW-PC-10017,TTK Prestige,1890.0,2120.0,12.17
CP-801846,2025-09-01,HW-PC-10017,Butterfly,1890.0,1780.0,-5.82
CP-801847,2025-09-01,HW-PC-10017,Pigeon,1890.0,1600.0,-15.34
CP-801848,2025-09-01,HW-PC-10017,Stove Kraft,1890.0,1870.0,-1.06
CP-801849,2025-10-01,HW-PC-10017,TTK Prestige,1890.0,2190.0,15.87
CP-801850,2025-10-01,HW-PC-10017,Butterfly,1890.0,1800.0,-4.76
CP-801851,2025-10-01,HW-PC-10017,Pigeon,1890.0,1580.0,-16.4
CP-801852,2025-10-01,HW-PC-10017,Stove Kraft,1890.0,2030.0,7.41
CP-801853,2025-11-01,HW-PC-10017,TTK Prestige,1890.0,2180.0,15.34
CP-801854,2025-11-01,HW-PC-10017,Butterfly,1890.0,1900.0,0.53
CP-801855,2025-11-01,HW-PC-10017,Pigeon,1890.0,1610.0,-14.81
CP-801856,2025-11-01,HW-PC-10017,Stove Kraft,1890.0,2210.0,16.93
CP-801857,2025-12-01,HW-PC-10017,TTK Prestige,1890.0,2150.0,13.76
CP-801858,2025-12-01,HW-PC-10017,Butterfly,1890.0,1880.0,-0.53
CP-801859,2025-12-01,HW-PC-10017,Pigeon,1890.0,1690.0,-10.58
CP-801860,2025-12-01,HW-PC-10017,Stove Kraft,1890.0,2140.0,13.23
CP-801861,2026-01-01,HW-PC-10017,TTK Prestige,1890.0,2130.0,12.7
CP-801862,2026-01-01,HW-PC-10017,Butterfly,1890.0,1720.0,-8.99
CP-801863,2026-01-01,HW-PC-10017,Pigeon,1890.0,1700.0,-10.05
CP-801864,2026-01-01,HW-PC-10017,Stove Kraft,1890.0,1520.0,-19.58
CP-801865,2026-02-01,HW-PC-10017,TTK Prestige,1890.0,2180.0,15.34
CP-801866,2026-02-01,HW-PC-10017,Butterfly,1890.0,2000.0,5.82
CP-801867,2026-02-01,HW-PC-10017,Pigeon,1890.0,1540.0,-18.52
CP-801868,2026-02-01,HW-PC-10017,Stove Kraft,1890.0,2100.0,11.11
CP-801869,2026-03-01,HW-PC-10017,TTK Prestige,1890.0,2170.0,14.81
CP-801870,2026-03-01,HW-PC-10017,Butterfly,1890.0,1810.0,-4.23
CP-801871,2026-03-01,HW-PC-10017,Pigeon,1890.0,1610.0,-14.81
CP-801872,2026-03-01,HW-PC-10017,Stove Kraft,1890.0,1730.0,-8.47
CP-801873,2023-04-01,HW-PC-10018,TTK Prestige,2000.0,2250.0,12.5
CP-801874,2023-04-01,HW-PC-10018,Butterfly,2000.0,1950.0,-2.5
CP-801875,2023-04-01,HW-PC-10018,Pigeon,2000.0,1480.0,-26.0
CP-801876,2023-04-01,HW-PC-10018,Stove Kraft,2000.0,1950.0,-2.5
CP-801877,2023-05-01,HW-PC-10018,TTK Prestige,2000.0,2210.0,10.5
CP-801878,2023-05-01,HW-PC-10018,Butterfly,2000.0,1750.0,-12.5
CP-801879,2023-05-01,HW-PC-10018,Pigeon,2000.0,1660.0,-17.0
CP-801880,2023-05-01,HW-PC-10018,Stove Kraft,2000.0,1860.0,-7.0
CP-801881,2023-06-01,HW-PC-10018,TTK Prestige,2000.0,2170.0,8.5
CP-801882,2023-06-01,HW-PC-10018,Butterfly,2000.0,1940.0,-3.0
CP-801883,2023-06-01,HW-PC-10018,Pigeon,2000.0,1510.0,-24.5
CP-801884,2023-06-01,HW-PC-10018,Stove Kraft,2000.0,1760.0,-12.0
CP-801885,2023-07-01,HW-PC-10018,TTK Prestige,2000.0,2110.0,5.5
CP-801886,2023-07-01,HW-PC-10018,Butterfly,2000.0,1700.0,-15.0
CP-801887,2023-07-01,HW-PC-10018,Pigeon,2000.0,1610.0,-19.5
CP-801888,2023-07-01,HW-PC-10018,Stove Kraft,2000.0,1750.0,-12.5
CP-801889,2023-08-01,HW-PC-10018,TTK Prestige,2000.0,2030.0,1.5
CP-801890,2023-08-01,HW-PC-10018,Butterfly,2000.0,1900.0,-5.0
CP-801891,2023-08-01,HW-PC-10018,Pigeon,2000.0,1740.0,-13.0
CP-801892,2023-08-01,HW-PC-10018,Stove Kraft,2000.0,1900.0,-5.0
CP-801893,2023-09-01,HW-PC-10018,TTK Prestige,2000.0,2020.0,1.0
CP-801894,2023-09-01,HW-PC-10018,Butterfly,2000.0,1840.0,-8.0
CP-801895,2023-09-01,HW-PC-10018,Pigeon,2000.0,1590.0,-20.5
CP-801896,2023-09-01,HW-PC-10018,Stove Kraft,2000.0,1610.0,-19.5
CP-801897,2023-10-01,HW-PC-10018,TTK Prestige,2000.0,2180.0,9.0
CP-801898,2023-10-01,HW-PC-10018,Butterfly,2000.0,1770.0,-11.5
CP-801899,2023-10-01,HW-PC-10018,Pigeon,2000.0,1650.0,-17.5
CP-801900,2023-10-01,HW-PC-10018,Stove Kraft,2000.0,2020.0,1.0
CP-801901,2023-11-01,HW-PC-10018,TTK Prestige,2000.0,2120.0,6.0
CP-801902,2023-11-01,HW-PC-10018,Butterfly,2000.0,1830.0,-8.5
CP-801903,2023-11-01,HW-PC-10018,Pigeon,2000.0,1510.0,-24.5
CP-801904,2023-11-01,HW-PC-10018,Stove Kraft,2000.0,1920.0,-4.0
CP-801905,2023-12-01,HW-PC-10018,TTK Prestige,2000.0,2040.0,2.0
CP-801906,2023-12-01,HW-PC-10018,Butterfly,2000.0,1750.0,-12.5
CP-801907,2023-12-01,HW-PC-10018,Pigeon,2000.0,1590.0,-20.5
CP-801908,2023-12-01,HW-PC-10018,Stove Kraft,2000.0,1820.0,-9.0
CP-801909,2024-01-01,HW-PC-10018,TTK Prestige,2000.0,2420.0,21.0
CP-801910,2024-01-01,HW-PC-10018,Butterfly,2000.0,1790.0,-10.5
CP-801911,2024-01-01,HW-PC-10018,Pigeon,2000.0,1650.0,-17.5
CP-801912,2024-01-01,HW-PC-10018,Stove Kraft,2000.0,1810.0,-9.5
CP-801913,2024-02-01,HW-PC-10018,TTK Prestige,2000.0,2190.0,9.5
CP-801914,2024-02-01,HW-PC-10018,Butterfly,2000.0,1490.0,-25.5
CP-801915,2024-02-01,HW-PC-10018,Pigeon,2000.0,1680.0,-16.0
CP-801916,2024-02-01,HW-PC-10018,Stove Kraft,2000.0,1980.0,-1.0
CP-801917,2024-03-01,HW-PC-10018,TTK Prestige,2000.0,2150.0,7.5
CP-801918,2024-03-01,HW-PC-10018,Butterfly,2000.0,1690.0,-15.5
CP-801919,2024-03-01,HW-PC-10018,Pigeon,2000.0,1540.0,-23.0
CP-801920,2024-03-01,HW-PC-10018,Stove Kraft,2000.0,1830.0,-8.5
CP-801921,2024-04-01,HW-PC-10018,TTK Prestige,2000.0,2170.0,8.5
CP-801922,2024-04-01,HW-PC-10018,Butterfly,2000.0,1900.0,-5.0
CP-801923,2024-04-01,HW-PC-10018,Pigeon,2000.0,1450.0,-27.5
CP-801924,2024-04-01,HW-PC-10018,Stove Kraft,2000.0,2080.0,4.0
CP-801925,2024-05-01,HW-PC-10018,TTK Prestige,2000.0,2160.0,8.0
CP-801926,2024-05-01,HW-PC-10018,Butterfly,2000.0,1740.0,-13.0
CP-801927,2024-05-01,HW-PC-10018,Pigeon,2000.0,1450.0,-27.5
CP-801928,2024-05-01,HW-PC-10018,Stove Kraft,2000.0,2020.0,1.0
CP-801929,2024-06-01,HW-PC-10018,TTK Prestige,2000.0,2270.0,13.5
CP-801930,2024-06-01,HW-PC-10018,Butterfly,2000.0,1840.0,-8.0
CP-801931,2024-06-01,HW-PC-10018,Pigeon,2000.0,1610.0,-19.5
CP-801932,2024-06-01,HW-PC-10018,Stove Kraft,2000.0,1690.0,-15.5
CP-801933,2024-07-01,HW-PC-10018,TTK Prestige,2000.0,2090.0,4.5
CP-801934,2024-07-01,HW-PC-10018,Butterfly,2000.0,1710.0,-14.5
CP-801935,2024-07-01,HW-PC-10018,Pigeon,2000.0,1660.0,-17.0
CP-801936,2024-07-01,HW-PC-10018,Stove Kraft,2000.0,1890.0,-5.5
CP-801937,2024-08-01,HW-PC-10018,TTK Prestige,2000.0,2280.0,14.0
CP-801938,2024-08-01,HW-PC-10018,Butterfly,2000.0,1780.0,-11.0
CP-801939,2024-08-01,HW-PC-10018,Pigeon,2000.0,1680.0,-16.0
CP-801940,2024-08-01,HW-PC-10018,Stove Kraft,2000.0,2190.0,9.5
CP-801941,2024-09-01,HW-PC-10018,TTK Prestige,2000.0,2180.0,9.0
CP-801942,2024-09-01,HW-PC-10018,Butterfly,2000.0,1970.0,-1.5
CP-801943,2024-09-01,HW-PC-10018,Pigeon,2000.0,1530.0,-23.5
CP-801944,2024-09-01,HW-PC-10018,Stove Kraft,2000.0,2020.0,1.0
CP-801945,2024-10-01,HW-PC-10018,TTK Prestige,2000.0,2220.0,11.0
CP-801946,2024-10-01,HW-PC-10018,Butterfly,2000.0,1730.0,-13.5
CP-801947,2024-10-01,HW-PC-10018,Pigeon,2000.0,1590.0,-20.5
CP-801948,2024-10-01,HW-PC-10018,Stove Kraft,2000.0,2000.0,0.0
CP-801949,2024-11-01,HW-PC-10018,TTK Prestige,2000.0,2090.0,4.5
CP-801950,2024-11-01,HW-PC-10018,Butterfly,2000.0,1830.0,-8.5
CP-801951,2024-11-01,HW-PC-10018,Pigeon,2000.0,1630.0,-18.5
CP-801952,2024-11-01,HW-PC-10018,Stove Kraft,2000.0,1710.0,-14.5
CP-801953,2024-12-01,HW-PC-10018,TTK Prestige,2000.0,2230.0,11.5
CP-801954,2024-12-01,HW-PC-10018,Butterfly,2000.0,1690.0,-15.5
CP-801955,2024-12-01,HW-PC-10018,Pigeon,2000.0,1660.0,-17.0
CP-801956,2024-12-01,HW-PC-10018,Stove Kraft,2000.0,1990.0,-0.5
CP-801957,2025-01-01,HW-PC-10018,TTK Prestige,2000.0,2150.0,7.5
CP-801958,2025-01-01,HW-PC-10018,Butterfly,2000.0,1860.0,-7.0
CP-801959,2025-01-01,HW-PC-10018,Pigeon,2000.0,1830.0,-8.5
CP-801960,2025-01-01,HW-PC-10018,Stove Kraft,2000.0,1910.0,-4.5
CP-801961,2025-02-01,HW-PC-10018,TTK Prestige,2000.0,2250.0,12.5
CP-801962,2025-02-01,HW-PC-10018,Butterfly,2000.0,1950.0,-2.5
CP-801963,2025-02-01,HW-PC-10018,Pigeon,2000.0,1740.0,-13.0
CP-801964,2025-02-01,HW-PC-10018,Stove Kraft,2000.0,1770.0,-11.5
CP-801965,2025-03-01,HW-PC-10018,TTK Prestige,2000.0,2170.0,8.5
CP-801966,2025-03-01,HW-PC-10018,Butterfly,2000.0,1950.0,-2.5
CP-801967,2025-03-01,HW-PC-10018,Pigeon,2000.0,1710.0,-14.5
CP-801968,2025-03-01,HW-PC-10018,Stove Kraft,2000.0,2060.0,3.0
CP-801969,2025-04-01,HW-PC-10018,TTK Prestige,2000.0,2270.0,13.5
CP-801970,2025-04-01,HW-PC-10018,Butterfly,2000.0,1950.0,-2.5
CP-801971,2025-04-01,HW-PC-10018,Pigeon,2000.0,1490.0,-25.5
CP-801972,2025-04-01,HW-PC-10018,Stove Kraft,2000.0,2050.0,2.5
CP-801973,2025-05-01,HW-PC-10018,TTK Prestige,2000.0,2180.0,9.0
CP-801974,2025-05-01,HW-PC-10018,Butterfly,2000.0,1900.0,-5.0
CP-801975,2025-05-01,HW-PC-10018,Pigeon,2000.0,1820.0,-9.0
CP-801976,2025-05-01,HW-PC-10018,Stove Kraft,2000.0,2040.0,2.0
CP-801977,2025-06-01,HW-PC-10018,TTK Prestige,2000.0,2400.0,20.0
CP-801978,2025-06-01,HW-PC-10018,Butterfly,2000.0,1680.0,-16.0
CP-801979,2025-06-01,HW-PC-10018,Pigeon,2000.0,1650.0,-17.5
CP-801980,2025-06-01,HW-PC-10018,Stove Kraft,2000.0,1980.0,-1.0
CP-801981,2025-07-01,HW-PC-10018,TTK Prestige,2000.0,2200.0,10.0
CP-801982,2025-07-01,HW-PC-10018,Butterfly,2000.0,1860.0,-7.0
CP-801983,2025-07-01,HW-PC-10018,Pigeon,2000.0,1600.0,-20.0
CP-801984,2025-07-01,HW-PC-10018,Stove Kraft,2000.0,2040.0,2.0
CP-801985,2025-08-01,HW-PC-10018,TTK Prestige,2000.0,2340.0,17.0
CP-801986,2025-08-01,HW-PC-10018,Butterfly,2000.0,1610.0,-19.5
CP-801987,2025-08-01,HW-PC-10018,Pigeon,2000.0,1620.0,-19.0
CP-801988,2025-08-01,HW-PC-10018,Stove Kraft,2000.0,2010.0,0.5
CP-801989,2025-09-01,HW-PC-10018,TTK Prestige,2000.0,2330.0,16.5
CP-801990,2025-09-01,HW-PC-10018,Butterfly,2000.0,2030.0,1.5
CP-801991,2025-09-01,HW-PC-10018,Pigeon,2000.0,1710.0,-14.5
CP-801992,2025-09-01,HW-PC-10018,Stove Kraft,2000.0,2130.0,6.5
CP-801993,2025-10-01,HW-PC-10018,TTK Prestige,2000.0,2340.0,17.0
CP-801994,2025-10-01,HW-PC-10018,Butterfly,2000.0,1950.0,-2.5
CP-801995,2025-10-01,HW-PC-10018,Pigeon,2000.0,1670.0,-16.5
CP-801996,2025-10-01,HW-PC-10018,Stove Kraft,2000.0,2020.0,1.0
CP-801997,2025-11-01,HW-PC-10018,TTK Prestige,2000.0,2280.0,14.0
CP-801998,2025-11-01,HW-PC-10018,Butterfly,2000.0,1800.0,-10.0
CP-801999,2025-11-01,HW-PC-10018,Pigeon,2000.0,1710.0,-14.5
CP-802000,2025-11-01,HW-PC-10018,Stove Kraft,2000.0,1850.0,-7.5
CP-802001,2025-12-01,HW-PC-10018,TTK Prestige,2000.0,2020.0,1.0
CP-802002,2025-12-01,HW-PC-10018,Butterfly,2000.0,2000.0,0.0
CP-802003,2025-12-01,HW-PC-10018,Pigeon,2000.0,1650.0,-17.5
CP-802004,2025-12-01,HW-PC-10018,Stove Kraft,2000.0,2190.0,9.5
CP-802005,2026-01-01,HW-PC-10018,TTK Prestige,2000.0,2450.0,22.5
CP-802006,2026-01-01,HW-PC-10018,Butterfly,2000.0,2080.0,4.0
CP-802007,2026-01-01,HW-PC-10018,Pigeon,2000.0,1820.0,-9.0
CP-802008,2026-01-01,HW-PC-10018,Stove Kraft,2000.0,2170.0,8.5
CP-802009,2026-02-01,HW-PC-10018,TTK Prestige,2000.0,2330.0,16.5
CP-802010,2026-02-01,HW-PC-10018,Butterfly,2000.0,2010.0,0.5
CP-802011,2026-02-01,HW-PC-10018,Pigeon,2000.0,1710.0,-14.5
CP-802012,2026-02-01,HW-PC-10018,Stove Kraft,2000.0,1870.0,-6.5
CP-802013,2026-03-01,HW-PC-10018,TTK Prestige,2000.0,2310.0,15.5
CP-802014,2026-03-01,HW-PC-10018,Butterfly,2000.0,1670.0,-16.5
CP-802015,2026-03-01,HW-PC-10018,Pigeon,2000.0,1760.0,-12.0
CP-802016,2026-03-01,HW-PC-10018,Stove Kraft,2000.0,1940.0,-3.0
CP-802017,2023-04-01,HW-PC-10019,TTK Prestige,2110.0,2090.0,-0.95
CP-802018,2023-04-01,HW-PC-10019,Butterfly,2110.0,1810.0,-14.22
CP-802019,2023-04-01,HW-PC-10019,Pigeon,2110.0,1670.0,-20.85
CP-802020,2023-04-01,HW-PC-10019,Stove Kraft,2110.0,1760.0,-16.59
CP-802021,2023-05-01,HW-PC-10019,TTK Prestige,2110.0,2410.0,14.22
CP-802022,2023-05-01,HW-PC-10019,Butterfly,2110.0,1780.0,-15.64
CP-802023,2023-05-01,HW-PC-10019,Pigeon,2110.0,1670.0,-20.85
CP-802024,2023-05-01,HW-PC-10019,Stove Kraft,2110.0,2050.0,-2.84
CP-802025,2023-06-01,HW-PC-10019,TTK Prestige,2110.0,2110.0,0.0
CP-802026,2023-06-01,HW-PC-10019,Butterfly,2110.0,1920.0,-9.0
CP-802027,2023-06-01,HW-PC-10019,Pigeon,2110.0,1680.0,-20.38
CP-802028,2023-06-01,HW-PC-10019,Stove Kraft,2110.0,1740.0,-17.54
CP-802029,2023-07-01,HW-PC-10019,TTK Prestige,2110.0,2110.0,0.0
CP-802030,2023-07-01,HW-PC-10019,Butterfly,2110.0,1800.0,-14.69
CP-802031,2023-07-01,HW-PC-10019,Pigeon,2110.0,1630.0,-22.75
CP-802032,2023-07-01,HW-PC-10019,Stove Kraft,2110.0,1970.0,-6.64
CP-802033,2023-08-01,HW-PC-10019,TTK Prestige,2110.0,2200.0,4.27
CP-802034,2023-08-01,HW-PC-10019,Butterfly,2110.0,1740.0,-17.54
CP-802035,2023-08-01,HW-PC-10019,Pigeon,2110.0,1700.0,-19.43
CP-802036,2023-08-01,HW-PC-10019,Stove Kraft,2110.0,2040.0,-3.32
CP-802037,2023-09-01,HW-PC-10019,TTK Prestige,2110.0,2230.0,5.69
CP-802038,2023-09-01,HW-PC-10019,Butterfly,2110.0,1980.0,-6.16
CP-802039,2023-09-01,HW-PC-10019,Pigeon,2110.0,1650.0,-21.8
CP-802040,2023-09-01,HW-PC-10019,Stove Kraft,2110.0,1830.0,-13.27
CP-802041,2023-10-01,HW-PC-10019,TTK Prestige,2110.0,2290.0,8.53
CP-802042,2023-10-01,HW-PC-10019,Butterfly,2110.0,1790.0,-15.17
CP-802043,2023-10-01,HW-PC-10019,Pigeon,2110.0,1700.0,-19.43
CP-802044,2023-10-01,HW-PC-10019,Stove Kraft,2110.0,1780.0,-15.64
CP-802045,2023-11-01,HW-PC-10019,TTK Prestige,2110.0,2290.0,8.53
CP-802046,2023-11-01,HW-PC-10019,Butterfly,2110.0,1980.0,-6.16
CP-802047,2023-11-01,HW-PC-10019,Pigeon,2110.0,1690.0,-19.91
CP-802048,2023-11-01,HW-PC-10019,Stove Kraft,2110.0,1970.0,-6.64
CP-802049,2023-12-01,HW-PC-10019,TTK Prestige,2110.0,2310.0,9.48
CP-802050,2023-12-01,HW-PC-10019,Butterfly,2110.0,1930.0,-8.53
CP-802051,2023-12-01,HW-PC-10019,Pigeon,2110.0,1530.0,-27.49
CP-802052,2023-12-01,HW-PC-10019,Stove Kraft,2110.0,1740.0,-17.54
CP-802053,2024-01-01,HW-PC-10019,TTK Prestige,2110.0,2270.0,7.58
CP-802054,2024-01-01,HW-PC-10019,Butterfly,2110.0,1940.0,-8.06
CP-802055,2024-01-01,HW-PC-10019,Pigeon,2110.0,1650.0,-21.8
CP-802056,2024-01-01,HW-PC-10019,Stove Kraft,2110.0,2200.0,4.27
CP-802057,2024-02-01,HW-PC-10019,TTK Prestige,2110.0,2190.0,3.79
CP-802058,2024-02-01,HW-PC-10019,Butterfly,2110.0,1730.0,-18.01
CP-802059,2024-02-01,HW-PC-10019,Pigeon,2110.0,1860.0,-11.85
CP-802060,2024-02-01,HW-PC-10019,Stove Kraft,2110.0,2170.0,2.84
CP-802061,2024-03-01,HW-PC-10019,TTK Prestige,2110.0,2330.0,10.43
CP-802062,2024-03-01,HW-PC-10019,Butterfly,2110.0,1890.0,-10.43
CP-802063,2024-03-01,HW-PC-10019,Pigeon,2110.0,1500.0,-28.91
CP-802064,2024-03-01,HW-PC-10019,Stove Kraft,2110.0,2070.0,-1.9
CP-802065,2024-04-01,HW-PC-10019,TTK Prestige,2110.0,2390.0,13.27
CP-802066,2024-04-01,HW-PC-10019,Butterfly,2110.0,1770.0,-16.11
CP-802067,2024-04-01,HW-PC-10019,Pigeon,2110.0,1680.0,-20.38
CP-802068,2024-04-01,HW-PC-10019,Stove Kraft,2110.0,1950.0,-7.58
CP-802069,2024-05-01,HW-PC-10019,TTK Prestige,2110.0,2330.0,10.43
CP-802070,2024-05-01,HW-PC-10019,Butterfly,2110.0,2010.0,-4.74
CP-802071,2024-05-01,HW-PC-10019,Pigeon,2110.0,1880.0,-10.9
CP-802072,2024-05-01,HW-PC-10019,Stove Kraft,2110.0,1980.0,-6.16
CP-802073,2024-06-01,HW-PC-10019,TTK Prestige,2110.0,2140.0,1.42
CP-802074,2024-06-01,HW-PC-10019,Butterfly,2110.0,1880.0,-10.9
CP-802075,2024-06-01,HW-PC-10019,Pigeon,2110.0,1640.0,-22.27
CP-802076,2024-06-01,HW-PC-10019,Stove Kraft,2110.0,2200.0,4.27
CP-802077,2024-07-01,HW-PC-10019,TTK Prestige,2110.0,2330.0,10.43
CP-802078,2024-07-01,HW-PC-10019,Butterfly,2110.0,1850.0,-12.32
CP-802079,2024-07-01,HW-PC-10019,Pigeon,2110.0,1750.0,-17.06
CP-802080,2024-07-01,HW-PC-10019,Stove Kraft,2110.0,1990.0,-5.69
CP-802081,2024-08-01,HW-PC-10019,TTK Prestige,2110.0,2260.0,7.11
CP-802082,2024-08-01,HW-PC-10019,Butterfly,2110.0,2180.0,3.32
CP-802083,2024-08-01,HW-PC-10019,Pigeon,2110.0,1840.0,-12.8
CP-802084,2024-08-01,HW-PC-10019,Stove Kraft,2110.0,2020.0,-4.27
CP-802085,2024-09-01,HW-PC-10019,TTK Prestige,2110.0,2370.0,12.32
CP-802086,2024-09-01,HW-PC-10019,Butterfly,2110.0,2010.0,-4.74
CP-802087,2024-09-01,HW-PC-10019,Pigeon,2110.0,1730.0,-18.01
CP-802088,2024-09-01,HW-PC-10019,Stove Kraft,2110.0,2120.0,0.47
CP-802089,2024-10-01,HW-PC-10019,TTK Prestige,2110.0,2290.0,8.53
CP-802090,2024-10-01,HW-PC-10019,Butterfly,2110.0,1980.0,-6.16
CP-802091,2024-10-01,HW-PC-10019,Pigeon,2110.0,1790.0,-15.17
CP-802092,2024-10-01,HW-PC-10019,Stove Kraft,2110.0,1960.0,-7.11
CP-802093,2024-11-01,HW-PC-10019,TTK Prestige,2110.0,2350.0,11.37
CP-802094,2024-11-01,HW-PC-10019,Butterfly,2110.0,1940.0,-8.06
CP-802095,2024-11-01,HW-PC-10019,Pigeon,2110.0,1550.0,-26.54
CP-802096,2024-11-01,HW-PC-10019,Stove Kraft,2110.0,2230.0,5.69
CP-802097,2024-12-01,HW-PC-10019,TTK Prestige,2110.0,2310.0,9.48
CP-802098,2024-12-01,HW-PC-10019,Butterfly,2110.0,2080.0,-1.42
CP-802099,2024-12-01,HW-PC-10019,Pigeon,2110.0,1940.0,-8.06
CP-802100,2024-12-01,HW-PC-10019,Stove Kraft,2110.0,2210.0,4.74
CP-802101,2025-01-01,HW-PC-10019,TTK Prestige,2110.0,2260.0,7.11
CP-802102,2025-01-01,HW-PC-10019,Butterfly,2110.0,1960.0,-7.11
CP-802103,2025-01-01,HW-PC-10019,Pigeon,2110.0,1750.0,-17.06
CP-802104,2025-01-01,HW-PC-10019,Stove Kraft,2110.0,1940.0,-8.06
CP-802105,2025-02-01,HW-PC-10019,TTK Prestige,2110.0,2440.0,15.64
CP-802106,2025-02-01,HW-PC-10019,Butterfly,2110.0,2100.0,-0.47
CP-802107,2025-02-01,HW-PC-10019,Pigeon,2110.0,1780.0,-15.64
CP-802108,2025-02-01,HW-PC-10019,Stove Kraft,2110.0,1940.0,-8.06
CP-802109,2025-03-01,HW-PC-10019,TTK Prestige,2110.0,2200.0,4.27
CP-802110,2025-03-01,HW-PC-10019,Butterfly,2110.0,1960.0,-7.11
CP-802111,2025-03-01,HW-PC-10019,Pigeon,2110.0,1620.0,-23.22
CP-802112,2025-03-01,HW-PC-10019,Stove Kraft,2110.0,2190.0,3.79
CP-802113,2025-04-01,HW-PC-10019,TTK Prestige,2110.0,2400.0,13.74
CP-802114,2025-04-01,HW-PC-10019,Butterfly,2110.0,1910.0,-9.48
CP-802115,2025-04-01,HW-PC-10019,Pigeon,2110.0,1810.0,-14.22
CP-802116,2025-04-01,HW-PC-10019,Stove Kraft,2110.0,2020.0,-4.27
CP-802117,2025-05-01,HW-PC-10019,TTK Prestige,2110.0,2580.0,22.27
CP-802118,2025-05-01,HW-PC-10019,Butterfly,2110.0,2100.0,-0.47
CP-802119,2025-05-01,HW-PC-10019,Pigeon,2110.0,1650.0,-21.8
CP-802120,2025-05-01,HW-PC-10019,Stove Kraft,2110.0,2000.0,-5.21
CP-802121,2025-06-01,HW-PC-10019,TTK Prestige,2110.0,2360.0,11.85
CP-802122,2025-06-01,HW-PC-10019,Butterfly,2110.0,2090.0,-0.95
CP-802123,2025-06-01,HW-PC-10019,Pigeon,2110.0,1770.0,-16.11
CP-802124,2025-06-01,HW-PC-10019,Stove Kraft,2110.0,2240.0,6.16
CP-802125,2025-07-01,HW-PC-10019,TTK Prestige,2110.0,2420.0,14.69
CP-802126,2025-07-01,HW-PC-10019,Butterfly,2110.0,2020.0,-4.27
CP-802127,2025-07-01,HW-PC-10019,Pigeon,2110.0,1820.0,-13.74
CP-802128,2025-07-01,HW-PC-10019,Stove Kraft,2110.0,2440.0,15.64
CP-802129,2025-08-01,HW-PC-10019,TTK Prestige,2110.0,2560.0,21.33
CP-802130,2025-08-01,HW-PC-10019,Butterfly,2110.0,1920.0,-9.0
CP-802131,2025-08-01,HW-PC-10019,Pigeon,2110.0,1840.0,-12.8
CP-802132,2025-08-01,HW-PC-10019,Stove Kraft,2110.0,2040.0,-3.32
CP-802133,2025-09-01,HW-PC-10019,TTK Prestige,2110.0,2340.0,10.9
CP-802134,2025-09-01,HW-PC-10019,Butterfly,2110.0,2250.0,6.64
CP-802135,2025-09-01,HW-PC-10019,Pigeon,2110.0,1840.0,-12.8
CP-802136,2025-09-01,HW-PC-10019,Stove Kraft,2110.0,2160.0,2.37
CP-802137,2025-10-01,HW-PC-10019,TTK Prestige,2110.0,2480.0,17.54
CP-802138,2025-10-01,HW-PC-10019,Butterfly,2110.0,2150.0,1.9
CP-802139,2025-10-01,HW-PC-10019,Pigeon,2110.0,1700.0,-19.43
CP-802140,2025-10-01,HW-PC-10019,Stove Kraft,2110.0,2060.0,-2.37
CP-802141,2025-11-01,HW-PC-10019,TTK Prestige,2110.0,2230.0,5.69
CP-802142,2025-11-01,HW-PC-10019,Butterfly,2110.0,2190.0,3.79
CP-802143,2025-11-01,HW-PC-10019,Pigeon,2110.0,1720.0,-18.48
CP-802144,2025-11-01,HW-PC-10019,Stove Kraft,2110.0,2450.0,16.11
CP-802145,2025-12-01,HW-PC-10019,TTK Prestige,2110.0,2450.0,16.11
CP-802146,2025-12-01,HW-PC-10019,Butterfly,2110.0,2060.0,-2.37
CP-802147,2025-12-01,HW-PC-10019,Pigeon,2110.0,1730.0,-18.01
CP-802148,2025-12-01,HW-PC-10019,Stove Kraft,2110.0,1990.0,-5.69
CP-802149,2026-01-01,HW-PC-10019,TTK Prestige,2110.0,2440.0,15.64
CP-802150,2026-01-01,HW-PC-10019,Butterfly,2110.0,2070.0,-1.9
CP-802151,2026-01-01,HW-PC-10019,Pigeon,2110.0,1710.0,-18.96
CP-802152,2026-01-01,HW-PC-10019,Stove Kraft,2110.0,2290.0,8.53
CP-802153,2026-02-01,HW-PC-10019,TTK Prestige,2110.0,2540.0,20.38
CP-802154,2026-02-01,HW-PC-10019,Butterfly,2110.0,2240.0,6.16
CP-802155,2026-02-01,HW-PC-10019,Pigeon,2110.0,1740.0,-17.54
CP-802156,2026-02-01,HW-PC-10019,Stove Kraft,2110.0,2260.0,7.11
CP-802157,2026-03-01,HW-PC-10019,TTK Prestige,2110.0,2490.0,18.01
CP-802158,2026-03-01,HW-PC-10019,Butterfly,2110.0,1940.0,-8.06
CP-802159,2026-03-01,HW-PC-10019,Pigeon,2110.0,1770.0,-16.11
CP-802160,2026-03-01,HW-PC-10019,Stove Kraft,2110.0,2350.0,11.37
CP-802161,2023-04-01,HW-PC-10020,TTK Prestige,2330.0,2350.0,0.86
CP-802162,2023-04-01,HW-PC-10020,Butterfly,2330.0,1980.0,-15.02
CP-802163,2023-04-01,HW-PC-10020,Pigeon,2330.0,1730.0,-25.75
CP-802164,2023-04-01,HW-PC-10020,Stove Kraft,2330.0,2170.0,-6.87
CP-802165,2023-05-01,HW-PC-10020,TTK Prestige,2330.0,2430.0,4.29
CP-802166,2023-05-01,HW-PC-10020,Butterfly,2330.0,2120.0,-9.01
CP-802167,2023-05-01,HW-PC-10020,Pigeon,2330.0,1670.0,-28.33
CP-802168,2023-05-01,HW-PC-10020,Stove Kraft,2330.0,2180.0,-6.44
CP-802169,2023-06-01,HW-PC-10020,TTK Prestige,2330.0,2380.0,2.15
CP-802170,2023-06-01,HW-PC-10020,Butterfly,2330.0,1930.0,-17.17
CP-802171,2023-06-01,HW-PC-10020,Pigeon,2330.0,1890.0,-18.88
CP-802172,2023-06-01,HW-PC-10020,Stove Kraft,2330.0,1930.0,-17.17
CP-802173,2023-07-01,HW-PC-10020,TTK Prestige,2330.0,2460.0,5.58
CP-802174,2023-07-01,HW-PC-10020,Butterfly,2330.0,2340.0,0.43
CP-802175,2023-07-01,HW-PC-10020,Pigeon,2330.0,1880.0,-19.31
CP-802176,2023-07-01,HW-PC-10020,Stove Kraft,2330.0,2190.0,-6.01
CP-802177,2023-08-01,HW-PC-10020,TTK Prestige,2330.0,2440.0,4.72
CP-802178,2023-08-01,HW-PC-10020,Butterfly,2330.0,1970.0,-15.45
CP-802179,2023-08-01,HW-PC-10020,Pigeon,2330.0,1850.0,-20.6
CP-802180,2023-08-01,HW-PC-10020,Stove Kraft,2330.0,2160.0,-7.3
CP-802181,2023-09-01,HW-PC-10020,TTK Prestige,2330.0,2550.0,9.44
CP-802182,2023-09-01,HW-PC-10020,Butterfly,2330.0,2030.0,-12.88
CP-802183,2023-09-01,HW-PC-10020,Pigeon,2330.0,1980.0,-15.02
CP-802184,2023-09-01,HW-PC-10020,Stove Kraft,2330.0,2070.0,-11.16
CP-802185,2023-10-01,HW-PC-10020,TTK Prestige,2330.0,2570.0,10.3
CP-802186,2023-10-01,HW-PC-10020,Butterfly,2330.0,1970.0,-15.45
CP-802187,2023-10-01,HW-PC-10020,Pigeon,2330.0,1730.0,-25.75
CP-802188,2023-10-01,HW-PC-10020,Stove Kraft,2330.0,2190.0,-6.01
CP-802189,2023-11-01,HW-PC-10020,TTK Prestige,2330.0,2660.0,14.16
CP-802190,2023-11-01,HW-PC-10020,Butterfly,2330.0,2210.0,-5.15
CP-802191,2023-11-01,HW-PC-10020,Pigeon,2330.0,1870.0,-19.74
CP-802192,2023-11-01,HW-PC-10020,Stove Kraft,2330.0,2270.0,-2.58
CP-802193,2023-12-01,HW-PC-10020,TTK Prestige,2330.0,2480.0,6.44
CP-802194,2023-12-01,HW-PC-10020,Butterfly,2330.0,1920.0,-17.6
CP-802195,2023-12-01,HW-PC-10020,Pigeon,2330.0,1760.0,-24.46
CP-802196,2023-12-01,HW-PC-10020,Stove Kraft,2330.0,2290.0,-1.72
CP-802197,2024-01-01,HW-PC-10020,TTK Prestige,2330.0,2550.0,9.44
CP-802198,2024-01-01,HW-PC-10020,Butterfly,2330.0,2220.0,-4.72
CP-802199,2024-01-01,HW-PC-10020,Pigeon,2330.0,1840.0,-21.03
CP-802200,2024-01-01,HW-PC-10020,Stove Kraft,2330.0,2280.0,-2.15
CP-802201,2024-02-01,HW-PC-10020,TTK Prestige,2330.0,2700.0,15.88
CP-802202,2024-02-01,HW-PC-10020,Butterfly,2330.0,2130.0,-8.58
CP-802203,2024-02-01,HW-PC-10020,Pigeon,2330.0,1750.0,-24.89
CP-802204,2024-02-01,HW-PC-10020,Stove Kraft,2330.0,2110.0,-9.44
CP-802205,2024-03-01,HW-PC-10020,TTK Prestige,2330.0,2300.0,-1.29
CP-802206,2024-03-01,HW-PC-10020,Butterfly,2330.0,2030.0,-12.88
CP-802207,2024-03-01,HW-PC-10020,Pigeon,2330.0,1930.0,-17.17
CP-802208,2024-03-01,HW-PC-10020,Stove Kraft,2330.0,2290.0,-1.72
CP-802209,2024-04-01,HW-PC-10020,TTK Prestige,2330.0,2550.0,9.44
CP-802210,2024-04-01,HW-PC-10020,Butterfly,2330.0,2160.0,-7.3
CP-802211,2024-04-01,HW-PC-10020,Pigeon,2330.0,1890.0,-18.88
CP-802212,2024-04-01,HW-PC-10020,Stove Kraft,2330.0,2140.0,-8.15
CP-802213,2024-05-01,HW-PC-10020,TTK Prestige,2330.0,2510.0,7.73
CP-802214,2024-05-01,HW-PC-10020,Butterfly,2330.0,2180.0,-6.44
CP-802215,2024-05-01,HW-PC-10020,Pigeon,2330.0,1940.0,-16.74
CP-802216,2024-05-01,HW-PC-10020,Stove Kraft,2330.0,2190.0,-6.01
CP-802217,2024-06-01,HW-PC-10020,TTK Prestige,2330.0,2540.0,9.01
CP-802218,2024-06-01,HW-PC-10020,Butterfly,2330.0,2070.0,-11.16
CP-802219,2024-06-01,HW-PC-10020,Pigeon,2330.0,1880.0,-19.31
CP-802220,2024-06-01,HW-PC-10020,Stove Kraft,2330.0,2120.0,-9.01
CP-802221,2024-07-01,HW-PC-10020,TTK Prestige,2330.0,2650.0,13.73
CP-802222,2024-07-01,HW-PC-10020,Butterfly,2330.0,2230.0,-4.29
CP-802223,2024-07-01,HW-PC-10020,Pigeon,2330.0,1800.0,-22.75
CP-802224,2024-07-01,HW-PC-10020,Stove Kraft,2330.0,2130.0,-8.58
CP-802225,2024-08-01,HW-PC-10020,TTK Prestige,2330.0,2570.0,10.3
CP-802226,2024-08-01,HW-PC-10020,Butterfly,2330.0,2360.0,1.29
CP-802227,2024-08-01,HW-PC-10020,Pigeon,2330.0,1980.0,-15.02
CP-802228,2024-08-01,HW-PC-10020,Stove Kraft,2330.0,1770.0,-24.03
CP-802229,2024-09-01,HW-PC-10020,TTK Prestige,2330.0,2670.0,14.59
CP-802230,2024-09-01,HW-PC-10020,Butterfly,2330.0,2230.0,-4.29
CP-802231,2024-09-01,HW-PC-10020,Pigeon,2330.0,1930.0,-17.17
CP-802232,2024-09-01,HW-PC-10020,Stove Kraft,2330.0,2180.0,-6.44
CP-802233,2024-10-01,HW-PC-10020,TTK Prestige,2330.0,2620.0,12.45
CP-802234,2024-10-01,HW-PC-10020,Butterfly,2330.0,2210.0,-5.15
CP-802235,2024-10-01,HW-PC-10020,Pigeon,2330.0,1870.0,-19.74
CP-802236,2024-10-01,HW-PC-10020,Stove Kraft,2330.0,2110.0,-9.44
CP-802237,2024-11-01,HW-PC-10020,TTK Prestige,2330.0,2710.0,16.31
CP-802238,2024-11-01,HW-PC-10020,Butterfly,2330.0,2320.0,-0.43
CP-802239,2024-11-01,HW-PC-10020,Pigeon,2330.0,2010.0,-13.73
CP-802240,2024-11-01,HW-PC-10020,Stove Kraft,2330.0,2060.0,-11.59
CP-802241,2024-12-01,HW-PC-10020,TTK Prestige,2330.0,2630.0,12.88
CP-802242,2024-12-01,HW-PC-10020,Butterfly,2330.0,2170.0,-6.87
CP-802243,2024-12-01,HW-PC-10020,Pigeon,2330.0,1620.0,-30.47
CP-802244,2024-12-01,HW-PC-10020,Stove Kraft,2330.0,2210.0,-5.15
CP-802245,2025-01-01,HW-PC-10020,TTK Prestige,2330.0,2640.0,13.3
CP-802246,2025-01-01,HW-PC-10020,Butterfly,2330.0,2430.0,4.29
CP-802247,2025-01-01,HW-PC-10020,Pigeon,2330.0,1810.0,-22.32
CP-802248,2025-01-01,HW-PC-10020,Stove Kraft,2330.0,1890.0,-18.88
CP-802249,2025-02-01,HW-PC-10020,TTK Prestige,2330.0,2720.0,16.74
CP-802250,2025-02-01,HW-PC-10020,Butterfly,2330.0,2160.0,-7.3
CP-802251,2025-02-01,HW-PC-10020,Pigeon,2330.0,2020.0,-13.3
CP-802252,2025-02-01,HW-PC-10020,Stove Kraft,2330.0,2230.0,-4.29
CP-802253,2025-03-01,HW-PC-10020,TTK Prestige,2330.0,2470.0,6.01
CP-802254,2025-03-01,HW-PC-10020,Butterfly,2330.0,1990.0,-14.59
CP-802255,2025-03-01,HW-PC-10020,Pigeon,2330.0,1980.0,-15.02
CP-802256,2025-03-01,HW-PC-10020,Stove Kraft,2330.0,2730.0,17.17
CP-802257,2025-04-01,HW-PC-10020,TTK Prestige,2330.0,2650.0,13.73
CP-802258,2025-04-01,HW-PC-10020,Butterfly,2330.0,2250.0,-3.43
CP-802259,2025-04-01,HW-PC-10020,Pigeon,2330.0,2010.0,-13.73
CP-802260,2025-04-01,HW-PC-10020,Stove Kraft,2330.0,2250.0,-3.43
CP-802261,2025-05-01,HW-PC-10020,TTK Prestige,2330.0,2530.0,8.58
CP-802262,2025-05-01,HW-PC-10020,Butterfly,2330.0,2260.0,-3.0
CP-802263,2025-05-01,HW-PC-10020,Pigeon,2330.0,1980.0,-15.02
CP-802264,2025-05-01,HW-PC-10020,Stove Kraft,2330.0,2160.0,-7.3
CP-802265,2025-06-01,HW-PC-10020,TTK Prestige,2330.0,2750.0,18.03
CP-802266,2025-06-01,HW-PC-10020,Butterfly,2330.0,2330.0,0.0
CP-802267,2025-06-01,HW-PC-10020,Pigeon,2330.0,2200.0,-5.58
CP-802268,2025-06-01,HW-PC-10020,Stove Kraft,2330.0,2390.0,2.58
CP-802269,2025-07-01,HW-PC-10020,TTK Prestige,2330.0,2740.0,17.6
CP-802270,2025-07-01,HW-PC-10020,Butterfly,2330.0,2020.0,-13.3
CP-802271,2025-07-01,HW-PC-10020,Pigeon,2330.0,2030.0,-12.88
CP-802272,2025-07-01,HW-PC-10020,Stove Kraft,2330.0,2220.0,-4.72
CP-802273,2025-08-01,HW-PC-10020,TTK Prestige,2330.0,2850.0,22.32
CP-802274,2025-08-01,HW-PC-10020,Butterfly,2330.0,2350.0,0.86
CP-802275,2025-08-01,HW-PC-10020,Pigeon,2330.0,2140.0,-8.15
CP-802276,2025-08-01,HW-PC-10020,Stove Kraft,2330.0,2360.0,1.29
CP-802277,2025-09-01,HW-PC-10020,TTK Prestige,2330.0,2800.0,20.17
CP-802278,2025-09-01,HW-PC-10020,Butterfly,2330.0,2340.0,0.43
CP-802279,2025-09-01,HW-PC-10020,Pigeon,2330.0,2000.0,-14.16
CP-802280,2025-09-01,HW-PC-10020,Stove Kraft,2330.0,2530.0,8.58
CP-802281,2025-10-01,HW-PC-10020,TTK Prestige,2330.0,2590.0,11.16
CP-802282,2025-10-01,HW-PC-10020,Butterfly,2330.0,2160.0,-7.3
CP-802283,2025-10-01,HW-PC-10020,Pigeon,2330.0,1880.0,-19.31
CP-802284,2025-10-01,HW-PC-10020,Stove Kraft,2330.0,2630.0,12.88
CP-802285,2025-11-01,HW-PC-10020,TTK Prestige,2330.0,2540.0,9.01
CP-802286,2025-11-01,HW-PC-10020,Butterfly,2330.0,1900.0,-18.45
CP-802287,2025-11-01,HW-PC-10020,Pigeon,2330.0,1790.0,-23.18
CP-802288,2025-11-01,HW-PC-10020,Stove Kraft,2330.0,2330.0,0.0
CP-802289,2025-12-01,HW-PC-10020,TTK Prestige,2330.0,2660.0,14.16
CP-802290,2025-12-01,HW-PC-10020,Butterfly,2330.0,2270.0,-2.58
CP-802291,2025-12-01,HW-PC-10020,Pigeon,2330.0,2020.0,-13.3
CP-802292,2025-12-01,HW-PC-10020,Stove Kraft,2330.0,2310.0,-0.86
CP-802293,2026-01-01,HW-PC-10020,TTK Prestige,2330.0,2750.0,18.03
CP-802294,2026-01-01,HW-PC-10020,Butterfly,2330.0,2290.0,-1.72
CP-802295,2026-01-01,HW-PC-10020,Pigeon,2330.0,2100.0,-9.87
CP-802296,2026-01-01,HW-PC-10020,Stove Kraft,2330.0,2320.0,-0.43
CP-802297,2026-02-01,HW-PC-10020,TTK Prestige,2330.0,2600.0,11.59
CP-802298,2026-02-01,HW-PC-10020,Butterfly,2330.0,2220.0,-4.72
CP-802299,2026-02-01,HW-PC-10020,Pigeon,2330.0,2000.0,-14.16
CP-802300,2026-02-01,HW-PC-10020,Stove Kraft,2330.0,2580.0,10.73
CP-802301,2026-03-01,HW-PC-10020,TTK Prestige,2330.0,2630.0,12.88
CP-802302,2026-03-01,HW-PC-10020,Butterfly,2330.0,2390.0,2.58
CP-802303,2026-03-01,HW-PC-10020,Pigeon,2330.0,2010.0,-13.73
CP-802304,2026-03-01,HW-PC-10020,Stove Kraft,2330.0,2490.0,6.87
CP-802305,2023-04-01,HW-PC-10021,TTK Prestige,2660.0,2500.0,-6.02
CP-802306,2023-04-01,HW-PC-10021,Butterfly,2660.0,2340.0,-12.03
CP-802307,2023-04-01,HW-PC-10021,Pigeon,2660.0,2160.0,-18.8
CP-802308,2023-04-01,HW-PC-10021,Stove Kraft,2660.0,2400.0,-9.77
CP-802309,2023-05-01,HW-PC-10021,TTK Prestige,2660.0,2860.0,7.52
CP-802310,2023-05-01,HW-PC-10021,Butterfly,2660.0,2510.0,-5.64
CP-802311,2023-05-01,HW-PC-10021,Pigeon,2660.0,2140.0,-19.55
CP-802312,2023-05-01,HW-PC-10021,Stove Kraft,2660.0,2230.0,-16.17
CP-802313,2023-06-01,HW-PC-10021,TTK Prestige,2660.0,2830.0,6.39
CP-802314,2023-06-01,HW-PC-10021,Butterfly,2660.0,2530.0,-4.89
CP-802315,2023-06-01,HW-PC-10021,Pigeon,2660.0,2290.0,-13.91
CP-802316,2023-06-01,HW-PC-10021,Stove Kraft,2660.0,2540.0,-4.51
CP-802317,2023-07-01,HW-PC-10021,TTK Prestige,2660.0,2800.0,5.26
CP-802318,2023-07-01,HW-PC-10021,Butterfly,2660.0,2370.0,-10.9
CP-802319,2023-07-01,HW-PC-10021,Pigeon,2660.0,2070.0,-22.18
CP-802320,2023-07-01,HW-PC-10021,Stove Kraft,2660.0,2750.0,3.38
CP-802321,2023-08-01,HW-PC-10021,TTK Prestige,2660.0,2900.0,9.02
CP-802322,2023-08-01,HW-PC-10021,Butterfly,2660.0,2130.0,-19.92
CP-802323,2023-08-01,HW-PC-10021,Pigeon,2660.0,2210.0,-16.92
CP-802324,2023-08-01,HW-PC-10021,Stove Kraft,2660.0,2380.0,-10.53
CP-802325,2023-09-01,HW-PC-10021,TTK Prestige,2660.0,2950.0,10.9
CP-802326,2023-09-01,HW-PC-10021,Butterfly,2660.0,2460.0,-7.52
CP-802327,2023-09-01,HW-PC-10021,Pigeon,2660.0,2090.0,-21.43
CP-802328,2023-09-01,HW-PC-10021,Stove Kraft,2660.0,2190.0,-17.67
CP-802329,2023-10-01,HW-PC-10021,TTK Prestige,2660.0,2980.0,12.03
CP-802330,2023-10-01,HW-PC-10021,Butterfly,2660.0,2140.0,-19.55
CP-802331,2023-10-01,HW-PC-10021,Pigeon,2660.0,2140.0,-19.55
CP-802332,2023-10-01,HW-PC-10021,Stove Kraft,2660.0,2530.0,-4.89
CP-802333,2023-11-01,HW-PC-10021,TTK Prestige,2660.0,2760.0,3.76
CP-802334,2023-11-01,HW-PC-10021,Butterfly,2660.0,2450.0,-7.89
CP-802335,2023-11-01,HW-PC-10021,Pigeon,2660.0,2130.0,-19.92
CP-802336,2023-11-01,HW-PC-10021,Stove Kraft,2660.0,2460.0,-7.52
CP-802337,2023-12-01,HW-PC-10021,TTK Prestige,2660.0,3000.0,12.78
CP-802338,2023-12-01,HW-PC-10021,Butterfly,2660.0,2440.0,-8.27
CP-802339,2023-12-01,HW-PC-10021,Pigeon,2660.0,1920.0,-27.82
CP-802340,2023-12-01,HW-PC-10021,Stove Kraft,2660.0,2680.0,0.75
CP-802341,2024-01-01,HW-PC-10021,TTK Prestige,2660.0,2880.0,8.27
CP-802342,2024-01-01,HW-PC-10021,Butterfly,2660.0,2440.0,-8.27
CP-802343,2024-01-01,HW-PC-10021,Pigeon,2660.0,2260.0,-15.04
CP-802344,2024-01-01,HW-PC-10021,Stove Kraft,2660.0,2490.0,-6.39
CP-802345,2024-02-01,HW-PC-10021,TTK Prestige,2660.0,2930.0,10.15
CP-802346,2024-02-01,HW-PC-10021,Butterfly,2660.0,2480.0,-6.77
CP-802347,2024-02-01,HW-PC-10021,Pigeon,2660.0,2180.0,-18.05
CP-802348,2024-02-01,HW-PC-10021,Stove Kraft,2660.0,2600.0,-2.26
CP-802349,2024-03-01,HW-PC-10021,TTK Prestige,2660.0,2790.0,4.89
CP-802350,2024-03-01,HW-PC-10021,Butterfly,2660.0,2410.0,-9.4
CP-802351,2024-03-01,HW-PC-10021,Pigeon,2660.0,2240.0,-15.79
CP-802352,2024-03-01,HW-PC-10021,Stove Kraft,2660.0,2830.0,6.39
CP-802353,2024-04-01,HW-PC-10021,TTK Prestige,2660.0,2960.0,11.28
CP-802354,2024-04-01,HW-PC-10021,Butterfly,2660.0,2390.0,-10.15
CP-802355,2024-04-01,HW-PC-10021,Pigeon,2660.0,1930.0,-27.44
CP-802356,2024-04-01,HW-PC-10021,Stove Kraft,2660.0,2240.0,-15.79
CP-802357,2024-05-01,HW-PC-10021,TTK Prestige,2660.0,3020.0,13.53
CP-802358,2024-05-01,HW-PC-10021,Butterfly,2660.0,2270.0,-14.66
CP-802359,2024-05-01,HW-PC-10021,Pigeon,2660.0,2410.0,-9.4
CP-802360,2024-05-01,HW-PC-10021,Stove Kraft,2660.0,2530.0,-4.89
CP-802361,2024-06-01,HW-PC-10021,TTK Prestige,2660.0,2970.0,11.65
CP-802362,2024-06-01,HW-PC-10021,Butterfly,2660.0,2380.0,-10.53
CP-802363,2024-06-01,HW-PC-10021,Pigeon,2660.0,2270.0,-14.66
CP-802364,2024-06-01,HW-PC-10021,Stove Kraft,2660.0,2560.0,-3.76
CP-802365,2024-07-01,HW-PC-10021,TTK Prestige,2660.0,2830.0,6.39
CP-802366,2024-07-01,HW-PC-10021,Butterfly,2660.0,2630.0,-1.13
CP-802367,2024-07-01,HW-PC-10021,Pigeon,2660.0,1900.0,-28.57
CP-802368,2024-07-01,HW-PC-10021,Stove Kraft,2660.0,2540.0,-4.51
CP-802369,2024-08-01,HW-PC-10021,TTK Prestige,2660.0,2870.0,7.89
CP-802370,2024-08-01,HW-PC-10021,Butterfly,2660.0,2520.0,-5.26
CP-802371,2024-08-01,HW-PC-10021,Pigeon,2660.0,2090.0,-21.43
CP-802372,2024-08-01,HW-PC-10021,Stove Kraft,2660.0,2520.0,-5.26
CP-802373,2024-09-01,HW-PC-10021,TTK Prestige,2660.0,2810.0,5.64
CP-802374,2024-09-01,HW-PC-10021,Butterfly,2660.0,2510.0,-5.64
CP-802375,2024-09-01,HW-PC-10021,Pigeon,2660.0,2270.0,-14.66
CP-802376,2024-09-01,HW-PC-10021,Stove Kraft,2660.0,2610.0,-1.88
CP-802377,2024-10-01,HW-PC-10021,TTK Prestige,2660.0,2970.0,11.65
CP-802378,2024-10-01,HW-PC-10021,Butterfly,2660.0,2480.0,-6.77
CP-802379,2024-10-01,HW-PC-10021,Pigeon,2660.0,2360.0,-11.28
CP-802380,2024-10-01,HW-PC-10021,Stove Kraft,2660.0,2380.0,-10.53
CP-802381,2024-11-01,HW-PC-10021,TTK Prestige,2660.0,2990.0,12.41
CP-802382,2024-11-01,HW-PC-10021,Butterfly,2660.0,2680.0,0.75
CP-802383,2024-11-01,HW-PC-10021,Pigeon,2660.0,2310.0,-13.16
CP-802384,2024-11-01,HW-PC-10021,Stove Kraft,2660.0,2820.0,6.02
CP-802385,2024-12-01,HW-PC-10021,TTK Prestige,2660.0,2970.0,11.65
CP-802386,2024-12-01,HW-PC-10021,Butterfly,2660.0,2250.0,-15.41
CP-802387,2024-12-01,HW-PC-10021,Pigeon,2660.0,2260.0,-15.04
CP-802388,2024-12-01,HW-PC-10021,Stove Kraft,2660.0,2320.0,-12.78
CP-802389,2025-01-01,HW-PC-10021,TTK Prestige,2660.0,2830.0,6.39
CP-802390,2025-01-01,HW-PC-10021,Butterfly,2660.0,2400.0,-9.77
CP-802391,2025-01-01,HW-PC-10021,Pigeon,2660.0,2440.0,-8.27
CP-802392,2025-01-01,HW-PC-10021,Stove Kraft,2660.0,2780.0,4.51
CP-802393,2025-02-01,HW-PC-10021,TTK Prestige,2660.0,3210.0,20.68
CP-802394,2025-02-01,HW-PC-10021,Butterfly,2660.0,2470.0,-7.14
CP-802395,2025-02-01,HW-PC-10021,Pigeon,2660.0,2300.0,-13.53
CP-802396,2025-02-01,HW-PC-10021,Stove Kraft,2660.0,2730.0,2.63
CP-802397,2025-03-01,HW-PC-10021,TTK Prestige,2660.0,3100.0,16.54
CP-802398,2025-03-01,HW-PC-10021,Butterfly,2660.0,2580.0,-3.01
CP-802399,2025-03-01,HW-PC-10021,Pigeon,2660.0,2380.0,-10.53
CP-802400,2025-03-01,HW-PC-10021,Stove Kraft,2660.0,2650.0,-0.38
CP-802401,2025-04-01,HW-PC-10021,TTK Prestige,2660.0,2960.0,11.28
CP-802402,2025-04-01,HW-PC-10021,Butterfly,2660.0,2340.0,-12.03
CP-802403,2025-04-01,HW-PC-10021,Pigeon,2660.0,2100.0,-21.05
CP-802404,2025-04-01,HW-PC-10021,Stove Kraft,2660.0,2660.0,0.0
CP-802405,2025-05-01,HW-PC-10021,TTK Prestige,2660.0,2880.0,8.27
CP-802406,2025-05-01,HW-PC-10021,Butterfly,2660.0,2390.0,-10.15
CP-802407,2025-05-01,HW-PC-10021,Pigeon,2660.0,2100.0,-21.05
CP-802408,2025-05-01,HW-PC-10021,Stove Kraft,2660.0,2470.0,-7.14
CP-802409,2025-06-01,HW-PC-10021,TTK Prestige,2660.0,3080.0,15.79
CP-802410,2025-06-01,HW-PC-10021,Butterfly,2660.0,2660.0,0.0
CP-802411,2025-06-01,HW-PC-10021,Pigeon,2660.0,2210.0,-16.92
CP-802412,2025-06-01,HW-PC-10021,Stove Kraft,2660.0,2450.0,-7.89
CP-802413,2025-07-01,HW-PC-10021,TTK Prestige,2660.0,3020.0,13.53
CP-802414,2025-07-01,HW-PC-10021,Butterfly,2660.0,2460.0,-7.52
CP-802415,2025-07-01,HW-PC-10021,Pigeon,2660.0,2330.0,-12.41
CP-802416,2025-07-01,HW-PC-10021,Stove Kraft,2660.0,2700.0,1.5
CP-802417,2025-08-01,HW-PC-10021,TTK Prestige,2660.0,2950.0,10.9
CP-802418,2025-08-01,HW-PC-10021,Butterfly,2660.0,2760.0,3.76
CP-802419,2025-08-01,HW-PC-10021,Pigeon,2660.0,2370.0,-10.9
CP-802420,2025-08-01,HW-PC-10021,Stove Kraft,2660.0,2280.0,-14.29
CP-802421,2025-09-01,HW-PC-10021,TTK Prestige,2660.0,3100.0,16.54
CP-802422,2025-09-01,HW-PC-10021,Butterfly,2660.0,2440.0,-8.27
CP-802423,2025-09-01,HW-PC-10021,Pigeon,2660.0,2040.0,-23.31
CP-802424,2025-09-01,HW-PC-10021,Stove Kraft,2660.0,2610.0,-1.88
CP-802425,2025-10-01,HW-PC-10021,TTK Prestige,2660.0,3400.0,27.82
CP-802426,2025-10-01,HW-PC-10021,Butterfly,2660.0,2430.0,-8.65
CP-802427,2025-10-01,HW-PC-10021,Pigeon,2660.0,2350.0,-11.65
CP-802428,2025-10-01,HW-PC-10021,Stove Kraft,2660.0,2350.0,-11.65
CP-802429,2025-11-01,HW-PC-10021,TTK Prestige,2660.0,3270.0,22.93
CP-802430,2025-11-01,HW-PC-10021,Butterfly,2660.0,2420.0,-9.02
CP-802431,2025-11-01,HW-PC-10021,Pigeon,2660.0,2230.0,-16.17
CP-802432,2025-11-01,HW-PC-10021,Stove Kraft,2660.0,2790.0,4.89
CP-802433,2025-12-01,HW-PC-10021,TTK Prestige,2660.0,3240.0,21.8
CP-802434,2025-12-01,HW-PC-10021,Butterfly,2660.0,2770.0,4.14
CP-802435,2025-12-01,HW-PC-10021,Pigeon,2660.0,2410.0,-9.4
CP-802436,2025-12-01,HW-PC-10021,Stove Kraft,2660.0,2500.0,-6.02
CP-802437,2026-01-01,HW-PC-10021,TTK Prestige,2660.0,3080.0,15.79
CP-802438,2026-01-01,HW-PC-10021,Butterfly,2660.0,2700.0,1.5
CP-802439,2026-01-01,HW-PC-10021,Pigeon,2660.0,2340.0,-12.03
CP-802440,2026-01-01,HW-PC-10021,Stove Kraft,2660.0,2760.0,3.76
CP-802441,2026-02-01,HW-PC-10021,TTK Prestige,2660.0,3130.0,17.67
CP-802442,2026-02-01,HW-PC-10021,Butterfly,2660.0,2470.0,-7.14
CP-802443,2026-02-01,HW-PC-10021,Pigeon,2660.0,2310.0,-13.16
CP-802444,2026-02-01,HW-PC-10021,Stove Kraft,2660.0,3000.0,12.78
CP-802445,2026-03-01,HW-PC-10021,TTK Prestige,2660.0,3310.0,24.44
CP-802446,2026-03-01,HW-PC-10021,Butterfly,2660.0,2550.0,-4.14
CP-802447,2026-03-01,HW-PC-10021,Pigeon,2660.0,2400.0,-9.77
CP-802448,2026-03-01,HW-PC-10021,Stove Kraft,2660.0,2540.0,-4.51
CP-802449,2023-04-01,HW-AC-10113,TTK Prestige,140.0,150.0,7.14
CP-802450,2023-04-01,HW-AC-10113,Butterfly,140.0,120.0,-14.29
CP-802451,2023-04-01,HW-AC-10113,Pigeon,140.0,110.0,-21.43
CP-802452,2023-04-01,HW-AC-10113,Stove Kraft,140.0,110.0,-21.43
CP-802453,2023-05-01,HW-AC-10113,TTK Prestige,140.0,150.0,7.14
CP-802454,2023-05-01,HW-AC-10113,Butterfly,140.0,120.0,-14.29
CP-802455,2023-05-01,HW-AC-10113,Pigeon,140.0,100.0,-28.57
CP-802456,2023-05-01,HW-AC-10113,Stove Kraft,140.0,110.0,-21.43
CP-802457,2023-06-01,HW-AC-10113,TTK Prestige,140.0,140.0,0.0
CP-802458,2023-06-01,HW-AC-10113,Butterfly,140.0,130.0,-7.14
CP-802459,2023-06-01,HW-AC-10113,Pigeon,140.0,110.0,-21.43
CP-802460,2023-06-01,HW-AC-10113,Stove Kraft,140.0,130.0,-7.14
CP-802461,2023-07-01,HW-AC-10113,TTK Prestige,140.0,150.0,7.14
CP-802462,2023-07-01,HW-AC-10113,Butterfly,140.0,130.0,-7.14
CP-802463,2023-07-01,HW-AC-10113,Pigeon,140.0,110.0,-21.43
CP-802464,2023-07-01,HW-AC-10113,Stove Kraft,140.0,120.0,-14.29
CP-802465,2023-08-01,HW-AC-10113,TTK Prestige,140.0,150.0,7.14
CP-802466,2023-08-01,HW-AC-10113,Butterfly,140.0,110.0,-21.43
CP-802467,2023-08-01,HW-AC-10113,Pigeon,140.0,100.0,-28.57
CP-802468,2023-08-01,HW-AC-10113,Stove Kraft,140.0,130.0,-7.14
CP-802469,2023-09-01,HW-AC-10113,TTK Prestige,140.0,150.0,7.14
CP-802470,2023-09-01,HW-AC-10113,Butterfly,140.0,130.0,-7.14
CP-802471,2023-09-01,HW-AC-10113,Pigeon,140.0,110.0,-21.43
CP-802472,2023-09-01,HW-AC-10113,Stove Kraft,140.0,130.0,-7.14
CP-802473,2023-10-01,HW-AC-10113,TTK Prestige,140.0,140.0,0.0
CP-802474,2023-10-01,HW-AC-10113,Butterfly,140.0,120.0,-14.29
CP-802475,2023-10-01,HW-AC-10113,Pigeon,140.0,110.0,-21.43
CP-802476,2023-10-01,HW-AC-10113,Stove Kraft,140.0,120.0,-14.29
CP-802477,2023-11-01,HW-AC-10113,TTK Prestige,140.0,150.0,7.14
CP-802478,2023-11-01,HW-AC-10113,Butterfly,140.0,130.0,-7.14
CP-802479,2023-11-01,HW-AC-10113,Pigeon,140.0,110.0,-21.43
CP-802480,2023-11-01,HW-AC-10113,Stove Kraft,140.0,120.0,-14.29
CP-802481,2023-12-01,HW-AC-10113,TTK Prestige,140.0,150.0,7.14
CP-802482,2023-12-01,HW-AC-10113,Butterfly,140.0,130.0,-7.14
CP-802483,2023-12-01,HW-AC-10113,Pigeon,140.0,110.0,-21.43
CP-802484,2023-12-01,HW-AC-10113,Stove Kraft,140.0,130.0,-7.14
CP-802485,2024-01-01,HW-AC-10113,TTK Prestige,140.0,150.0,7.14
CP-802486,2024-01-01,HW-AC-10113,Butterfly,140.0,120.0,-14.29
CP-802487,2024-01-01,HW-AC-10113,Pigeon,140.0,110.0,-21.43
CP-802488,2024-01-01,HW-AC-10113,Stove Kraft,140.0,130.0,-7.14
CP-802489,2024-02-01,HW-AC-10113,TTK Prestige,140.0,150.0,7.14
CP-802490,2024-02-01,HW-AC-10113,Butterfly,140.0,150.0,7.14
CP-802491,2024-02-01,HW-AC-10113,Pigeon,140.0,120.0,-14.29
CP-802492,2024-02-01,HW-AC-10113,Stove Kraft,140.0,130.0,-7.14
CP-802493,2024-03-01,HW-AC-10113,TTK Prestige,140.0,160.0,14.29
CP-802494,2024-03-01,HW-AC-10113,Butterfly,140.0,130.0,-7.14
CP-802495,2024-03-01,HW-AC-10113,Pigeon,140.0,100.0,-28.57
CP-802496,2024-03-01,HW-AC-10113,Stove Kraft,140.0,130.0,-7.14
CP-802497,2024-04-01,HW-AC-10113,TTK Prestige,140.0,150.0,7.14
CP-802498,2024-04-01,HW-AC-10113,Butterfly,140.0,140.0,0.0
CP-802499,2024-04-01,HW-AC-10113,Pigeon,140.0,110.0,-21.43
CP-802500,2024-04-01,HW-AC-10113,Stove Kraft,140.0,120.0,-14.29
CP-802501,2024-05-01,HW-AC-10113,TTK Prestige,140.0,160.0,14.29
CP-802502,2024-05-01,HW-AC-10113,Butterfly,140.0,120.0,-14.29
CP-802503,2024-05-01,HW-AC-10113,Pigeon,140.0,120.0,-14.29
CP-802504,2024-05-01,HW-AC-10113,Stove Kraft,140.0,150.0,7.14
CP-802505,2024-06-01,HW-AC-10113,TTK Prestige,140.0,160.0,14.29
CP-802506,2024-06-01,HW-AC-10113,Butterfly,140.0,120.0,-14.29
CP-802507,2024-06-01,HW-AC-10113,Pigeon,140.0,120.0,-14.29
CP-802508,2024-06-01,HW-AC-10113,Stove Kraft,140.0,140.0,0.0
CP-802509,2024-07-01,HW-AC-10113,TTK Prestige,140.0,160.0,14.29
CP-802510,2024-07-01,HW-AC-10113,Butterfly,140.0,140.0,0.0
CP-802511,2024-07-01,HW-AC-10113,Pigeon,140.0,120.0,-14.29
CP-802512,2024-07-01,HW-AC-10113,Stove Kraft,140.0,120.0,-14.29
CP-802513,2024-08-01,HW-AC-10113,TTK Prestige,140.0,140.0,0.0
CP-802514,2024-08-01,HW-AC-10113,Butterfly,140.0,130.0,-7.14
CP-802515,2024-08-01,HW-AC-10113,Pigeon,140.0,110.0,-21.43
CP-802516,2024-08-01,HW-AC-10113,Stove Kraft,140.0,130.0,-7.14
CP-802517,2024-09-01,HW-AC-10113,TTK Prestige,140.0,150.0,7.14
CP-802518,2024-09-01,HW-AC-10113,Butterfly,140.0,140.0,0.0
CP-802519,2024-09-01,HW-AC-10113,Pigeon,140.0,110.0,-21.43
CP-802520,2024-09-01,HW-AC-10113,Stove Kraft,140.0,130.0,-7.14
CP-802521,2024-10-01,HW-AC-10113,TTK Prestige,140.0,150.0,7.14
CP-802522,2024-10-01,HW-AC-10113,Butterfly,140.0,110.0,-21.43
CP-802523,2024-10-01,HW-AC-10113,Pigeon,140.0,120.0,-14.29
CP-802524,2024-10-01,HW-AC-10113,Stove Kraft,140.0,130.0,-7.14
CP-802525,2024-11-01,HW-AC-10113,TTK Prestige,140.0,160.0,14.29
CP-802526,2024-11-01,HW-AC-10113,Butterfly,140.0,100.0,-28.57
CP-802527,2024-11-01,HW-AC-10113,Pigeon,140.0,120.0,-14.29
CP-802528,2024-11-01,HW-AC-10113,Stove Kraft,140.0,140.0,0.0
CP-802529,2024-12-01,HW-AC-10113,TTK Prestige,140.0,150.0,7.14
CP-802530,2024-12-01,HW-AC-10113,Butterfly,140.0,110.0,-21.43
CP-802531,2024-12-01,HW-AC-10113,Pigeon,140.0,120.0,-14.29
CP-802532,2024-12-01,HW-AC-10113,Stove Kraft,140.0,120.0,-14.29
CP-802533,2025-01-01,HW-AC-10113,TTK Prestige,140.0,160.0,14.29
CP-802534,2025-01-01,HW-AC-10113,Butterfly,140.0,120.0,-14.29
CP-802535,2025-01-01,HW-AC-10113,Pigeon,140.0,100.0,-28.57
CP-802536,2025-01-01,HW-AC-10113,Stove Kraft,140.0,140.0,0.0
CP-802537,2025-02-01,HW-AC-10113,TTK Prestige,140.0,150.0,7.14
CP-802538,2025-02-01,HW-AC-10113,Butterfly,140.0,140.0,0.0
CP-802539,2025-02-01,HW-AC-10113,Pigeon,140.0,110.0,-21.43
CP-802540,2025-02-01,HW-AC-10113,Stove Kraft,140.0,130.0,-7.14
CP-802541,2025-03-01,HW-AC-10113,TTK Prestige,140.0,160.0,14.29
CP-802542,2025-03-01,HW-AC-10113,Butterfly,140.0,140.0,0.0
CP-802543,2025-03-01,HW-AC-10113,Pigeon,140.0,130.0,-7.14
CP-802544,2025-03-01,HW-AC-10113,Stove Kraft,140.0,120.0,-14.29
CP-802545,2025-04-01,HW-AC-10113,TTK Prestige,140.0,160.0,14.29
CP-802546,2025-04-01,HW-AC-10113,Butterfly,140.0,130.0,-7.14
CP-802547,2025-04-01,HW-AC-10113,Pigeon,140.0,130.0,-7.14
CP-802548,2025-04-01,HW-AC-10113,Stove Kraft,140.0,150.0,7.14
CP-802549,2025-05-01,HW-AC-10113,TTK Prestige,140.0,160.0,14.29
CP-802550,2025-05-01,HW-AC-10113,Butterfly,140.0,130.0,-7.14
CP-802551,2025-05-01,HW-AC-10113,Pigeon,140.0,110.0,-21.43
CP-802552,2025-05-01,HW-AC-10113,Stove Kraft,140.0,150.0,7.14
CP-802553,2025-06-01,HW-AC-10113,TTK Prestige,140.0,160.0,14.29
CP-802554,2025-06-01,HW-AC-10113,Butterfly,140.0,130.0,-7.14
CP-802555,2025-06-01,HW-AC-10113,Pigeon,140.0,120.0,-14.29
CP-802556,2025-06-01,HW-AC-10113,Stove Kraft,140.0,140.0,0.0
CP-802557,2025-07-01,HW-AC-10113,TTK Prestige,140.0,160.0,14.29
CP-802558,2025-07-01,HW-AC-10113,Butterfly,140.0,130.0,-7.14
CP-802559,2025-07-01,HW-AC-10113,Pigeon,140.0,110.0,-21.43
CP-802560,2025-07-01,HW-AC-10113,Stove Kraft,140.0,140.0,0.0
CP-802561,2025-08-01,HW-AC-10113,TTK Prestige,140.0,170.0,21.43
CP-802562,2025-08-01,HW-AC-10113,Butterfly,140.0,140.0,0.0
CP-802563,2025-08-01,HW-AC-10113,Pigeon,140.0,110.0,-21.43
CP-802564,2025-08-01,HW-AC-10113,Stove Kraft,140.0,120.0,-14.29
CP-802565,2025-09-01,HW-AC-10113,TTK Prestige,140.0,160.0,14.29
CP-802566,2025-09-01,HW-AC-10113,Butterfly,140.0,140.0,0.0
CP-802567,2025-09-01,HW-AC-10113,Pigeon,140.0,120.0,-14.29
CP-802568,2025-09-01,HW-AC-10113,Stove Kraft,140.0,140.0,0.0
CP-802569,2025-10-01,HW-AC-10113,TTK Prestige,140.0,160.0,14.29
CP-802570,2025-10-01,HW-AC-10113,Butterfly,140.0,140.0,0.0
CP-802571,2025-10-01,HW-AC-10113,Pigeon,140.0,110.0,-21.43
CP-802572,2025-10-01,HW-AC-10113,Stove Kraft,140.0,150.0,7.14
CP-802573,2025-11-01,HW-AC-10113,TTK Prestige,140.0,180.0,28.57
CP-802574,2025-11-01,HW-AC-10113,Butterfly,140.0,140.0,0.0
CP-802575,2025-11-01,HW-AC-10113,Pigeon,140.0,120.0,-14.29
CP-802576,2025-11-01,HW-AC-10113,Stove Kraft,140.0,160.0,14.29
CP-802577,2025-12-01,HW-AC-10113,TTK Prestige,140.0,160.0,14.29
CP-802578,2025-12-01,HW-AC-10113,Butterfly,140.0,120.0,-14.29
CP-802579,2025-12-01,HW-AC-10113,Pigeon,140.0,110.0,-21.43
CP-802580,2025-12-01,HW-AC-10113,Stove Kraft,140.0,140.0,0.0
CP-802581,2026-01-01,HW-AC-10113,TTK Prestige,140.0,150.0,7.14
CP-802582,2026-01-01,HW-AC-10113,Butterfly,140.0,130.0,-7.14
CP-802583,2026-01-01,HW-AC-10113,Pigeon,140.0,110.0,-21.43
CP-802584,2026-01-01,HW-AC-10113,Stove Kraft,140.0,130.0,-7.14
CP-802585,2026-02-01,HW-AC-10113,TTK Prestige,140.0,160.0,14.29
CP-802586,2026-02-01,HW-AC-10113,Butterfly,140.0,110.0,-21.43
CP-802587,2026-02-01,HW-AC-10113,Pigeon,140.0,120.0,-14.29
CP-802588,2026-02-01,HW-AC-10113,Stove Kraft,140.0,110.0,-21.43
CP-802589,2026-03-01,HW-AC-10113,TTK Prestige,140.0,170.0,21.43
CP-802590,2026-03-01,HW-AC-10113,Butterfly,140.0,140.0,0.0
CP-802591,2026-03-01,HW-AC-10113,Pigeon,140.0,120.0,-14.29
CP-802592,2026-03-01,HW-AC-10113,Stove Kraft,140.0,150.0,7.14
CP-802593,2023-04-01,HW-AC-10114,TTK Prestige,110.0,120.0,9.09
CP-802594,2023-04-01,HW-AC-10114,Butterfly,110.0,90.0,-18.18
CP-802595,2023-04-01,HW-AC-10114,Pigeon,110.0,90.0,-18.18
CP-802596,2023-04-01,HW-AC-10114,Stove Kraft,110.0,100.0,-9.09
CP-802597,2023-05-01,HW-AC-10114,TTK Prestige,110.0,110.0,0.0
CP-802598,2023-05-01,HW-AC-10114,Butterfly,110.0,100.0,-9.09
CP-802599,2023-05-01,HW-AC-10114,Pigeon,110.0,80.0,-27.27
CP-802600,2023-05-01,HW-AC-10114,Stove Kraft,110.0,100.0,-9.09
CP-802601,2023-06-01,HW-AC-10114,TTK Prestige,110.0,110.0,0.0
CP-802602,2023-06-01,HW-AC-10114,Butterfly,110.0,90.0,-18.18
CP-802603,2023-06-01,HW-AC-10114,Pigeon,110.0,80.0,-27.27
CP-802604,2023-06-01,HW-AC-10114,Stove Kraft,110.0,100.0,-9.09
CP-802605,2023-07-01,HW-AC-10114,TTK Prestige,110.0,120.0,9.09
CP-802606,2023-07-01,HW-AC-10114,Butterfly,110.0,100.0,-9.09
CP-802607,2023-07-01,HW-AC-10114,Pigeon,110.0,90.0,-18.18
CP-802608,2023-07-01,HW-AC-10114,Stove Kraft,110.0,100.0,-9.09
CP-802609,2023-08-01,HW-AC-10114,TTK Prestige,110.0,120.0,9.09
CP-802610,2023-08-01,HW-AC-10114,Butterfly,110.0,90.0,-18.18
CP-802611,2023-08-01,HW-AC-10114,Pigeon,110.0,80.0,-27.27
CP-802612,2023-08-01,HW-AC-10114,Stove Kraft,110.0,110.0,0.0
CP-802613,2023-09-01,HW-AC-10114,TTK Prestige,110.0,120.0,9.09
CP-802614,2023-09-01,HW-AC-10114,Butterfly,110.0,100.0,-9.09
CP-802615,2023-09-01,HW-AC-10114,Pigeon,110.0,90.0,-18.18
CP-802616,2023-09-01,HW-AC-10114,Stove Kraft,110.0,90.0,-18.18
CP-802617,2023-10-01,HW-AC-10114,TTK Prestige,110.0,120.0,9.09
CP-802618,2023-10-01,HW-AC-10114,Butterfly,110.0,90.0,-18.18
CP-802619,2023-10-01,HW-AC-10114,Pigeon,110.0,90.0,-18.18
CP-802620,2023-10-01,HW-AC-10114,Stove Kraft,110.0,100.0,-9.09
CP-802621,2023-11-01,HW-AC-10114,TTK Prestige,110.0,130.0,18.18
CP-802622,2023-11-01,HW-AC-10114,Butterfly,110.0,100.0,-9.09
CP-802623,2023-11-01,HW-AC-10114,Pigeon,110.0,80.0,-27.27
CP-802624,2023-11-01,HW-AC-10114,Stove Kraft,110.0,100.0,-9.09
CP-802625,2023-12-01,HW-AC-10114,TTK Prestige,110.0,120.0,9.09
CP-802626,2023-12-01,HW-AC-10114,Butterfly,110.0,100.0,-9.09
CP-802627,2023-12-01,HW-AC-10114,Pigeon,110.0,90.0,-18.18
CP-802628,2023-12-01,HW-AC-10114,Stove Kraft,110.0,100.0,-9.09
CP-802629,2024-01-01,HW-AC-10114,TTK Prestige,110.0,120.0,9.09
CP-802630,2024-01-01,HW-AC-10114,Butterfly,110.0,100.0,-9.09
CP-802631,2024-01-01,HW-AC-10114,Pigeon,110.0,90.0,-18.18
CP-802632,2024-01-01,HW-AC-10114,Stove Kraft,110.0,100.0,-9.09
CP-802633,2024-02-01,HW-AC-10114,TTK Prestige,110.0,120.0,9.09
CP-802634,2024-02-01,HW-AC-10114,Butterfly,110.0,100.0,-9.09
CP-802635,2024-02-01,HW-AC-10114,Pigeon,110.0,80.0,-27.27
CP-802636,2024-02-01,HW-AC-10114,Stove Kraft,110.0,110.0,0.0
CP-802637,2024-03-01,HW-AC-10114,TTK Prestige,110.0,110.0,0.0
CP-802638,2024-03-01,HW-AC-10114,Butterfly,110.0,100.0,-9.09
CP-802639,2024-03-01,HW-AC-10114,Pigeon,110.0,90.0,-18.18
CP-802640,2024-03-01,HW-AC-10114,Stove Kraft,110.0,120.0,9.09
CP-802641,2024-04-01,HW-AC-10114,TTK Prestige,110.0,120.0,9.09
CP-802642,2024-04-01,HW-AC-10114,Butterfly,110.0,100.0,-9.09
CP-802643,2024-04-01,HW-AC-10114,Pigeon,110.0,90.0,-18.18
CP-802644,2024-04-01,HW-AC-10114,Stove Kraft,110.0,90.0,-18.18
CP-802645,2024-05-01,HW-AC-10114,TTK Prestige,110.0,130.0,18.18
CP-802646,2024-05-01,HW-AC-10114,Butterfly,110.0,90.0,-18.18
CP-802647,2024-05-01,HW-AC-10114,Pigeon,110.0,90.0,-18.18
CP-802648,2024-05-01,HW-AC-10114,Stove Kraft,110.0,110.0,0.0
CP-802649,2024-06-01,HW-AC-10114,TTK Prestige,110.0,120.0,9.09
CP-802650,2024-06-01,HW-AC-10114,Butterfly,110.0,110.0,0.0
CP-802651,2024-06-01,HW-AC-10114,Pigeon,110.0,90.0,-18.18
CP-802652,2024-06-01,HW-AC-10114,Stove Kraft,110.0,90.0,-18.18
CP-802653,2024-07-01,HW-AC-10114,TTK Prestige,110.0,110.0,0.0
CP-802654,2024-07-01,HW-AC-10114,Butterfly,110.0,100.0,-9.09
CP-802655,2024-07-01,HW-AC-10114,Pigeon,110.0,90.0,-18.18
CP-802656,2024-07-01,HW-AC-10114,Stove Kraft,110.0,100.0,-9.09
CP-802657,2024-08-01,HW-AC-10114,TTK Prestige,110.0,110.0,0.0
CP-802658,2024-08-01,HW-AC-10114,Butterfly,110.0,100.0,-9.09
CP-802659,2024-08-01,HW-AC-10114,Pigeon,110.0,90.0,-18.18
CP-802660,2024-08-01,HW-AC-10114,Stove Kraft,110.0,120.0,9.09
CP-802661,2024-09-01,HW-AC-10114,TTK Prestige,110.0,120.0,9.09
CP-802662,2024-09-01,HW-AC-10114,Butterfly,110.0,90.0,-18.18
CP-802663,2024-09-01,HW-AC-10114,Pigeon,110.0,90.0,-18.18
CP-802664,2024-09-01,HW-AC-10114,Stove Kraft,110.0,120.0,9.09
CP-802665,2024-10-01,HW-AC-10114,TTK Prestige,110.0,120.0,9.09
CP-802666,2024-10-01,HW-AC-10114,Butterfly,110.0,90.0,-18.18
CP-802667,2024-10-01,HW-AC-10114,Pigeon,110.0,100.0,-9.09
CP-802668,2024-10-01,HW-AC-10114,Stove Kraft,110.0,110.0,0.0
CP-802669,2024-11-01,HW-AC-10114,TTK Prestige,110.0,120.0,9.09
CP-802670,2024-11-01,HW-AC-10114,Butterfly,110.0,100.0,-9.09
CP-802671,2024-11-01,HW-AC-10114,Pigeon,110.0,90.0,-18.18
CP-802672,2024-11-01,HW-AC-10114,Stove Kraft,110.0,110.0,0.0
CP-802673,2024-12-01,HW-AC-10114,TTK Prestige,110.0,120.0,9.09
CP-802674,2024-12-01,HW-AC-10114,Butterfly,110.0,100.0,-9.09
CP-802675,2024-12-01,HW-AC-10114,Pigeon,110.0,80.0,-27.27
CP-802676,2024-12-01,HW-AC-10114,Stove Kraft,110.0,100.0,-9.09
CP-802677,2025-01-01,HW-AC-10114,TTK Prestige,110.0,130.0,18.18
CP-802678,2025-01-01,HW-AC-10114,Butterfly,110.0,90.0,-18.18
CP-802679,2025-01-01,HW-AC-10114,Pigeon,110.0,90.0,-18.18
CP-802680,2025-01-01,HW-AC-10114,Stove Kraft,110.0,110.0,0.0
CP-802681,2025-02-01,HW-AC-10114,TTK Prestige,110.0,120.0,9.09
CP-802682,2025-02-01,HW-AC-10114,Butterfly,110.0,110.0,0.0
CP-802683,2025-02-01,HW-AC-10114,Pigeon,110.0,90.0,-18.18
CP-802684,2025-02-01,HW-AC-10114,Stove Kraft,110.0,100.0,-9.09
CP-802685,2025-03-01,HW-AC-10114,TTK Prestige,110.0,130.0,18.18
CP-802686,2025-03-01,HW-AC-10114,Butterfly,110.0,100.0,-9.09
CP-802687,2025-03-01,HW-AC-10114,Pigeon,110.0,90.0,-18.18
CP-802688,2025-03-01,HW-AC-10114,Stove Kraft,110.0,100.0,-9.09
CP-802689,2025-04-01,HW-AC-10114,TTK Prestige,110.0,120.0,9.09
CP-802690,2025-04-01,HW-AC-10114,Butterfly,110.0,100.0,-9.09
CP-802691,2025-04-01,HW-AC-10114,Pigeon,110.0,90.0,-18.18
CP-802692,2025-04-01,HW-AC-10114,Stove Kraft,110.0,100.0,-9.09
CP-802693,2025-05-01,HW-AC-10114,TTK Prestige,110.0,120.0,9.09
CP-802694,2025-05-01,HW-AC-10114,Butterfly,110.0,100.0,-9.09
CP-802695,2025-05-01,HW-AC-10114,Pigeon,110.0,90.0,-18.18
CP-802696,2025-05-01,HW-AC-10114,Stove Kraft,110.0,110.0,0.0
CP-802697,2025-06-01,HW-AC-10114,TTK Prestige,110.0,130.0,18.18
CP-802698,2025-06-01,HW-AC-10114,Butterfly,110.0,100.0,-9.09
CP-802699,2025-06-01,HW-AC-10114,Pigeon,110.0,80.0,-27.27
CP-802700,2025-06-01,HW-AC-10114,Stove Kraft,110.0,110.0,0.0
CP-802701,2025-07-01,HW-AC-10114,TTK Prestige,110.0,130.0,18.18
CP-802702,2025-07-01,HW-AC-10114,Butterfly,110.0,100.0,-9.09
CP-802703,2025-07-01,HW-AC-10114,Pigeon,110.0,90.0,-18.18
CP-802704,2025-07-01,HW-AC-10114,Stove Kraft,110.0,110.0,0.0
CP-802705,2025-08-01,HW-AC-10114,TTK Prestige,110.0,130.0,18.18
CP-802706,2025-08-01,HW-AC-10114,Butterfly,110.0,110.0,0.0
CP-802707,2025-08-01,HW-AC-10114,Pigeon,110.0,100.0,-9.09
CP-802708,2025-08-01,HW-AC-10114,Stove Kraft,110.0,110.0,0.0
CP-802709,2025-09-01,HW-AC-10114,TTK Prestige,110.0,130.0,18.18
CP-802710,2025-09-01,HW-AC-10114,Butterfly,110.0,100.0,-9.09
CP-802711,2025-09-01,HW-AC-10114,Pigeon,110.0,90.0,-18.18
CP-802712,2025-09-01,HW-AC-10114,Stove Kraft,110.0,90.0,-18.18
CP-802713,2025-10-01,HW-AC-10114,TTK Prestige,110.0,130.0,18.18
CP-802714,2025-10-01,HW-AC-10114,Butterfly,110.0,120.0,9.09
CP-802715,2025-10-01,HW-AC-10114,Pigeon,110.0,90.0,-18.18
CP-802716,2025-10-01,HW-AC-10114,Stove Kraft,110.0,110.0,0.0
CP-802717,2025-11-01,HW-AC-10114,TTK Prestige,110.0,130.0,18.18
CP-802718,2025-11-01,HW-AC-10114,Butterfly,110.0,100.0,-9.09
CP-802719,2025-11-01,HW-AC-10114,Pigeon,110.0,100.0,-9.09
CP-802720,2025-11-01,HW-AC-10114,Stove Kraft,110.0,110.0,0.0
CP-802721,2025-12-01,HW-AC-10114,TTK Prestige,110.0,130.0,18.18
CP-802722,2025-12-01,HW-AC-10114,Butterfly,110.0,100.0,-9.09
CP-802723,2025-12-01,HW-AC-10114,Pigeon,110.0,90.0,-18.18
CP-802724,2025-12-01,HW-AC-10114,Stove Kraft,110.0,120.0,9.09
CP-802725,2026-01-01,HW-AC-10114,TTK Prestige,110.0,130.0,18.18
CP-802726,2026-01-01,HW-AC-10114,Butterfly,110.0,100.0,-9.09
CP-802727,2026-01-01,HW-AC-10114,Pigeon,110.0,90.0,-18.18
CP-802728,2026-01-01,HW-AC-10114,Stove Kraft,110.0,100.0,-9.09
CP-802729,2026-02-01,HW-AC-10114,TTK Prestige,110.0,130.0,18.18
CP-802730,2026-02-01,HW-AC-10114,Butterfly,110.0,100.0,-9.09
CP-802731,2026-02-01,HW-AC-10114,Pigeon,110.0,100.0,-9.09
CP-802732,2026-02-01,HW-AC-10114,Stove Kraft,110.0,90.0,-18.18
CP-802733,2026-03-01,HW-AC-10114,TTK Prestige,110.0,120.0,9.09
CP-802734,2026-03-01,HW-AC-10114,Butterfly,110.0,110.0,0.0
CP-802735,2026-03-01,HW-AC-10114,Pigeon,110.0,100.0,-9.09
CP-802736,2026-03-01,HW-AC-10114,Stove Kraft,110.0,120.0,9.09
CP-802737,2023-04-01,HW-AC-10115,TTK Prestige,220.0,210.0,-4.55
CP-802738,2023-04-01,HW-AC-10115,Butterfly,220.0,180.0,-18.18
CP-802739,2023-04-01,HW-AC-10115,Pigeon,220.0,180.0,-18.18
CP-802740,2023-04-01,HW-AC-10115,Stove Kraft,220.0,200.0,-9.09
CP-802741,2023-05-01,HW-AC-10115,TTK Prestige,220.0,240.0,9.09
CP-802742,2023-05-01,HW-AC-10115,Butterfly,220.0,190.0,-13.64
CP-802743,2023-05-01,HW-AC-10115,Pigeon,220.0,180.0,-18.18
CP-802744,2023-05-01,HW-AC-10115,Stove Kraft,220.0,190.0,-13.64
CP-802745,2023-06-01,HW-AC-10115,TTK Prestige,220.0,230.0,4.55
CP-802746,2023-06-01,HW-AC-10115,Butterfly,220.0,200.0,-9.09
CP-802747,2023-06-01,HW-AC-10115,Pigeon,220.0,170.0,-22.73
CP-802748,2023-06-01,HW-AC-10115,Stove Kraft,220.0,190.0,-13.64
CP-802749,2023-07-01,HW-AC-10115,TTK Prestige,220.0,240.0,9.09
CP-802750,2023-07-01,HW-AC-10115,Butterfly,220.0,190.0,-13.64
CP-802751,2023-07-01,HW-AC-10115,Pigeon,220.0,160.0,-27.27
CP-802752,2023-07-01,HW-AC-10115,Stove Kraft,220.0,200.0,-9.09
CP-802753,2023-08-01,HW-AC-10115,TTK Prestige,220.0,220.0,0.0
CP-802754,2023-08-01,HW-AC-10115,Butterfly,220.0,190.0,-13.64
CP-802755,2023-08-01,HW-AC-10115,Pigeon,220.0,170.0,-22.73
CP-802756,2023-08-01,HW-AC-10115,Stove Kraft,220.0,210.0,-4.55
CP-802757,2023-09-01,HW-AC-10115,TTK Prestige,220.0,230.0,4.55
CP-802758,2023-09-01,HW-AC-10115,Butterfly,220.0,210.0,-4.55
CP-802759,2023-09-01,HW-AC-10115,Pigeon,220.0,170.0,-22.73
CP-802760,2023-09-01,HW-AC-10115,Stove Kraft,220.0,210.0,-4.55
CP-802761,2023-10-01,HW-AC-10115,TTK Prestige,220.0,250.0,13.64
CP-802762,2023-10-01,HW-AC-10115,Butterfly,220.0,200.0,-9.09
CP-802763,2023-10-01,HW-AC-10115,Pigeon,220.0,170.0,-22.73
CP-802764,2023-10-01,HW-AC-10115,Stove Kraft,220.0,210.0,-4.55
CP-802765,2023-11-01,HW-AC-10115,TTK Prestige,220.0,250.0,13.64
CP-802766,2023-11-01,HW-AC-10115,Butterfly,220.0,220.0,0.0
CP-802767,2023-11-01,HW-AC-10115,Pigeon,220.0,180.0,-18.18
CP-802768,2023-11-01,HW-AC-10115,Stove Kraft,220.0,180.0,-18.18
CP-802769,2023-12-01,HW-AC-10115,TTK Prestige,220.0,220.0,0.0
CP-802770,2023-12-01,HW-AC-10115,Butterfly,220.0,210.0,-4.55
CP-802771,2023-12-01,HW-AC-10115,Pigeon,220.0,170.0,-22.73
CP-802772,2023-12-01,HW-AC-10115,Stove Kraft,220.0,180.0,-18.18
CP-802773,2024-01-01,HW-AC-10115,TTK Prestige,220.0,250.0,13.64
CP-802774,2024-01-01,HW-AC-10115,Butterfly,220.0,220.0,0.0
CP-802775,2024-01-01,HW-AC-10115,Pigeon,220.0,180.0,-18.18
CP-802776,2024-01-01,HW-AC-10115,Stove Kraft,220.0,190.0,-13.64
CP-802777,2024-02-01,HW-AC-10115,TTK Prestige,220.0,240.0,9.09
CP-802778,2024-02-01,HW-AC-10115,Butterfly,220.0,220.0,0.0
CP-802779,2024-02-01,HW-AC-10115,Pigeon,220.0,180.0,-18.18
CP-802780,2024-02-01,HW-AC-10115,Stove Kraft,220.0,190.0,-13.64
CP-802781,2024-03-01,HW-AC-10115,TTK Prestige,220.0,230.0,4.55
CP-802782,2024-03-01,HW-AC-10115,Butterfly,220.0,180.0,-18.18
CP-802783,2024-03-01,HW-AC-10115,Pigeon,220.0,160.0,-27.27
CP-802784,2024-03-01,HW-AC-10115,Stove Kraft,220.0,210.0,-4.55
CP-802785,2024-04-01,HW-AC-10115,TTK Prestige,220.0,240.0,9.09
CP-802786,2024-04-01,HW-AC-10115,Butterfly,220.0,190.0,-13.64
CP-802787,2024-04-01,HW-AC-10115,Pigeon,220.0,190.0,-13.64
CP-802788,2024-04-01,HW-AC-10115,Stove Kraft,220.0,230.0,4.55
CP-802789,2024-05-01,HW-AC-10115,TTK Prestige,220.0,250.0,13.64
CP-802790,2024-05-01,HW-AC-10115,Butterfly,220.0,200.0,-9.09
CP-802791,2024-05-01,HW-AC-10115,Pigeon,220.0,170.0,-22.73
CP-802792,2024-05-01,HW-AC-10115,Stove Kraft,220.0,190.0,-13.64
CP-802793,2024-06-01,HW-AC-10115,TTK Prestige,220.0,230.0,4.55
CP-802794,2024-06-01,HW-AC-10115,Butterfly,220.0,220.0,0.0
CP-802795,2024-06-01,HW-AC-10115,Pigeon,220.0,180.0,-18.18
CP-802796,2024-06-01,HW-AC-10115,Stove Kraft,220.0,200.0,-9.09
CP-802797,2024-07-01,HW-AC-10115,TTK Prestige,220.0,230.0,4.55
CP-802798,2024-07-01,HW-AC-10115,Butterfly,220.0,200.0,-9.09
CP-802799,2024-07-01,HW-AC-10115,Pigeon,220.0,180.0,-18.18
CP-802800,2024-07-01,HW-AC-10115,Stove Kraft,220.0,190.0,-13.64
CP-802801,2024-08-01,HW-AC-10115,TTK Prestige,220.0,240.0,9.09
CP-802802,2024-08-01,HW-AC-10115,Butterfly,220.0,180.0,-18.18
CP-802803,2024-08-01,HW-AC-10115,Pigeon,220.0,180.0,-18.18
CP-802804,2024-08-01,HW-AC-10115,Stove Kraft,220.0,220.0,0.0
CP-802805,2024-09-01,HW-AC-10115,TTK Prestige,220.0,240.0,9.09
CP-802806,2024-09-01,HW-AC-10115,Butterfly,220.0,210.0,-4.55
CP-802807,2024-09-01,HW-AC-10115,Pigeon,220.0,170.0,-22.73
CP-802808,2024-09-01,HW-AC-10115,Stove Kraft,220.0,190.0,-13.64
CP-802809,2024-10-01,HW-AC-10115,TTK Prestige,220.0,260.0,18.18
CP-802810,2024-10-01,HW-AC-10115,Butterfly,220.0,200.0,-9.09
CP-802811,2024-10-01,HW-AC-10115,Pigeon,220.0,180.0,-18.18
CP-802812,2024-10-01,HW-AC-10115,Stove Kraft,220.0,210.0,-4.55
CP-802813,2024-11-01,HW-AC-10115,TTK Prestige,220.0,240.0,9.09
CP-802814,2024-11-01,HW-AC-10115,Butterfly,220.0,210.0,-4.55
CP-802815,2024-11-01,HW-AC-10115,Pigeon,220.0,210.0,-4.55
CP-802816,2024-11-01,HW-AC-10115,Stove Kraft,220.0,210.0,-4.55
CP-802817,2024-12-01,HW-AC-10115,TTK Prestige,220.0,250.0,13.64
CP-802818,2024-12-01,HW-AC-10115,Butterfly,220.0,200.0,-9.09
CP-802819,2024-12-01,HW-AC-10115,Pigeon,220.0,180.0,-18.18
CP-802820,2024-12-01,HW-AC-10115,Stove Kraft,220.0,210.0,-4.55
CP-802821,2025-01-01,HW-AC-10115,TTK Prestige,220.0,240.0,9.09
CP-802822,2025-01-01,HW-AC-10115,Butterfly,220.0,180.0,-18.18
CP-802823,2025-01-01,HW-AC-10115,Pigeon,220.0,180.0,-18.18
CP-802824,2025-01-01,HW-AC-10115,Stove Kraft,220.0,190.0,-13.64
CP-802825,2025-02-01,HW-AC-10115,TTK Prestige,220.0,240.0,9.09
CP-802826,2025-02-01,HW-AC-10115,Butterfly,220.0,200.0,-9.09
CP-802827,2025-02-01,HW-AC-10115,Pigeon,220.0,170.0,-22.73
CP-802828,2025-02-01,HW-AC-10115,Stove Kraft,220.0,220.0,0.0
CP-802829,2025-03-01,HW-AC-10115,TTK Prestige,220.0,260.0,18.18
CP-802830,2025-03-01,HW-AC-10115,Butterfly,220.0,210.0,-4.55
CP-802831,2025-03-01,HW-AC-10115,Pigeon,220.0,170.0,-22.73
CP-802832,2025-03-01,HW-AC-10115,Stove Kraft,220.0,200.0,-9.09
CP-802833,2025-04-01,HW-AC-10115,TTK Prestige,220.0,240.0,9.09
CP-802834,2025-04-01,HW-AC-10115,Butterfly,220.0,220.0,0.0
CP-802835,2025-04-01,HW-AC-10115,Pigeon,220.0,180.0,-18.18
CP-802836,2025-04-01,HW-AC-10115,Stove Kraft,220.0,210.0,-4.55
CP-802837,2025-05-01,HW-AC-10115,TTK Prestige,220.0,240.0,9.09
CP-802838,2025-05-01,HW-AC-10115,Butterfly,220.0,190.0,-13.64
CP-802839,2025-05-01,HW-AC-10115,Pigeon,220.0,190.0,-13.64
CP-802840,2025-05-01,HW-AC-10115,Stove Kraft,220.0,230.0,4.55
CP-802841,2025-06-01,HW-AC-10115,TTK Prestige,220.0,250.0,13.64
CP-802842,2025-06-01,HW-AC-10115,Butterfly,220.0,210.0,-4.55
CP-802843,2025-06-01,HW-AC-10115,Pigeon,220.0,180.0,-18.18
CP-802844,2025-06-01,HW-AC-10115,Stove Kraft,220.0,230.0,4.55
CP-802845,2025-07-01,HW-AC-10115,TTK Prestige,220.0,250.0,13.64
CP-802846,2025-07-01,HW-AC-10115,Butterfly,220.0,220.0,0.0
CP-802847,2025-07-01,HW-AC-10115,Pigeon,220.0,200.0,-9.09
CP-802848,2025-07-01,HW-AC-10115,Stove Kraft,220.0,210.0,-4.55
CP-802849,2025-08-01,HW-AC-10115,TTK Prestige,220.0,250.0,13.64
CP-802850,2025-08-01,HW-AC-10115,Butterfly,220.0,220.0,0.0
CP-802851,2025-08-01,HW-AC-10115,Pigeon,220.0,190.0,-13.64
CP-802852,2025-08-01,HW-AC-10115,Stove Kraft,220.0,200.0,-9.09
CP-802853,2025-09-01,HW-AC-10115,TTK Prestige,220.0,240.0,9.09
CP-802854,2025-09-01,HW-AC-10115,Butterfly,220.0,220.0,0.0
CP-802855,2025-09-01,HW-AC-10115,Pigeon,220.0,190.0,-13.64
CP-802856,2025-09-01,HW-AC-10115,Stove Kraft,220.0,230.0,4.55
CP-802857,2025-10-01,HW-AC-10115,TTK Prestige,220.0,260.0,18.18
CP-802858,2025-10-01,HW-AC-10115,Butterfly,220.0,210.0,-4.55
CP-802859,2025-10-01,HW-AC-10115,Pigeon,220.0,210.0,-4.55
CP-802860,2025-10-01,HW-AC-10115,Stove Kraft,220.0,220.0,0.0
CP-802861,2025-11-01,HW-AC-10115,TTK Prestige,220.0,260.0,18.18
CP-802862,2025-11-01,HW-AC-10115,Butterfly,220.0,220.0,0.0
CP-802863,2025-11-01,HW-AC-10115,Pigeon,220.0,180.0,-18.18
CP-802864,2025-11-01,HW-AC-10115,Stove Kraft,220.0,230.0,4.55
CP-802865,2025-12-01,HW-AC-10115,TTK Prestige,220.0,250.0,13.64
CP-802866,2025-12-01,HW-AC-10115,Butterfly,220.0,210.0,-4.55
CP-802867,2025-12-01,HW-AC-10115,Pigeon,220.0,190.0,-13.64
CP-802868,2025-12-01,HW-AC-10115,Stove Kraft,220.0,220.0,0.0
CP-802869,2026-01-01,HW-AC-10115,TTK Prestige,220.0,250.0,13.64
CP-802870,2026-01-01,HW-AC-10115,Butterfly,220.0,220.0,0.0
CP-802871,2026-01-01,HW-AC-10115,Pigeon,220.0,210.0,-4.55
CP-802872,2026-01-01,HW-AC-10115,Stove Kraft,220.0,240.0,9.09
CP-802873,2026-02-01,HW-AC-10115,TTK Prestige,220.0,260.0,18.18
CP-802874,2026-02-01,HW-AC-10115,Butterfly,220.0,210.0,-4.55
CP-802875,2026-02-01,HW-AC-10115,Pigeon,220.0,170.0,-22.73
CP-802876,2026-02-01,HW-AC-10115,Stove Kraft,220.0,210.0,-4.55
CP-802877,2026-03-01,HW-AC-10115,TTK Prestige,220.0,240.0,9.09
CP-802878,2026-03-01,HW-AC-10115,Butterfly,220.0,220.0,0.0
CP-802879,2026-03-01,HW-AC-10115,Pigeon,220.0,190.0,-13.64
CP-802880,2026-03-01,HW-AC-10115,Stove Kraft,220.0,240.0,9.09
CP-802881,2023-04-01,HW-AC-10116,TTK Prestige,90.0,100.0,11.11
CP-802882,2023-04-01,HW-AC-10116,Butterfly,90.0,80.0,-11.11
CP-802883,2023-04-01,HW-AC-10116,Pigeon,90.0,70.0,-22.22
CP-802884,2023-04-01,HW-AC-10116,Stove Kraft,90.0,100.0,11.11
CP-802885,2023-05-01,HW-AC-10116,TTK Prestige,90.0,90.0,0.0
CP-802886,2023-05-01,HW-AC-10116,Butterfly,90.0,80.0,-11.11
CP-802887,2023-05-01,HW-AC-10116,Pigeon,90.0,70.0,-22.22
CP-802888,2023-05-01,HW-AC-10116,Stove Kraft,90.0,90.0,0.0
CP-802889,2023-06-01,HW-AC-10116,TTK Prestige,90.0,100.0,11.11
CP-802890,2023-06-01,HW-AC-10116,Butterfly,90.0,80.0,-11.11
CP-802891,2023-06-01,HW-AC-10116,Pigeon,90.0,70.0,-22.22
CP-802892,2023-06-01,HW-AC-10116,Stove Kraft,90.0,90.0,0.0
CP-802893,2023-07-01,HW-AC-10116,TTK Prestige,90.0,90.0,0.0
CP-802894,2023-07-01,HW-AC-10116,Butterfly,90.0,80.0,-11.11
CP-802895,2023-07-01,HW-AC-10116,Pigeon,90.0,70.0,-22.22
CP-802896,2023-07-01,HW-AC-10116,Stove Kraft,90.0,80.0,-11.11
CP-802897,2023-08-01,HW-AC-10116,TTK Prestige,90.0,90.0,0.0
CP-802898,2023-08-01,HW-AC-10116,Butterfly,90.0,80.0,-11.11
CP-802899,2023-08-01,HW-AC-10116,Pigeon,90.0,70.0,-22.22
CP-802900,2023-08-01,HW-AC-10116,Stove Kraft,90.0,80.0,-11.11
CP-802901,2023-09-01,HW-AC-10116,TTK Prestige,90.0,100.0,11.11
CP-802902,2023-09-01,HW-AC-10116,Butterfly,90.0,70.0,-22.22
CP-802903,2023-09-01,HW-AC-10116,Pigeon,90.0,70.0,-22.22
CP-802904,2023-09-01,HW-AC-10116,Stove Kraft,90.0,90.0,0.0
CP-802905,2023-10-01,HW-AC-10116,TTK Prestige,90.0,90.0,0.0
CP-802906,2023-10-01,HW-AC-10116,Butterfly,90.0,80.0,-11.11
CP-802907,2023-10-01,HW-AC-10116,Pigeon,90.0,60.0,-33.33
CP-802908,2023-10-01,HW-AC-10116,Stove Kraft,90.0,80.0,-11.11
CP-802909,2023-11-01,HW-AC-10116,TTK Prestige,90.0,100.0,11.11
CP-802910,2023-11-01,HW-AC-10116,Butterfly,90.0,80.0,-11.11
CP-802911,2023-11-01,HW-AC-10116,Pigeon,90.0,70.0,-22.22
CP-802912,2023-11-01,HW-AC-10116,Stove Kraft,90.0,90.0,0.0
CP-802913,2023-12-01,HW-AC-10116,TTK Prestige,90.0,90.0,0.0
CP-802914,2023-12-01,HW-AC-10116,Butterfly,90.0,70.0,-22.22
CP-802915,2023-12-01,HW-AC-10116,Pigeon,90.0,80.0,-11.11
CP-802916,2023-12-01,HW-AC-10116,Stove Kraft,90.0,80.0,-11.11
CP-802917,2024-01-01,HW-AC-10116,TTK Prestige,90.0,100.0,11.11
CP-802918,2024-01-01,HW-AC-10116,Butterfly,90.0,90.0,0.0
CP-802919,2024-01-01,HW-AC-10116,Pigeon,90.0,70.0,-22.22
CP-802920,2024-01-01,HW-AC-10116,Stove Kraft,90.0,90.0,0.0
CP-802921,2024-02-01,HW-AC-10116,TTK Prestige,90.0,100.0,11.11
CP-802922,2024-02-01,HW-AC-10116,Butterfly,90.0,80.0,-11.11
CP-802923,2024-02-01,HW-AC-10116,Pigeon,90.0,70.0,-22.22
CP-802924,2024-02-01,HW-AC-10116,Stove Kraft,90.0,90.0,0.0
CP-802925,2024-03-01,HW-AC-10116,TTK Prestige,90.0,90.0,0.0
CP-802926,2024-03-01,HW-AC-10116,Butterfly,90.0,80.0,-11.11
CP-802927,2024-03-01,HW-AC-10116,Pigeon,90.0,70.0,-22.22
CP-802928,2024-03-01,HW-AC-10116,Stove Kraft,90.0,70.0,-22.22
CP-802929,2024-04-01,HW-AC-10116,TTK Prestige,90.0,100.0,11.11
CP-802930,2024-04-01,HW-AC-10116,Butterfly,90.0,80.0,-11.11
CP-802931,2024-04-01,HW-AC-10116,Pigeon,90.0,70.0,-22.22
CP-802932,2024-04-01,HW-AC-10116,Stove Kraft,90.0,90.0,0.0
CP-802933,2024-05-01,HW-AC-10116,TTK Prestige,90.0,100.0,11.11
CP-802934,2024-05-01,HW-AC-10116,Butterfly,90.0,80.0,-11.11
CP-802935,2024-05-01,HW-AC-10116,Pigeon,90.0,70.0,-22.22
CP-802936,2024-05-01,HW-AC-10116,Stove Kraft,90.0,80.0,-11.11
CP-802937,2024-06-01,HW-AC-10116,TTK Prestige,90.0,90.0,0.0
CP-802938,2024-06-01,HW-AC-10116,Butterfly,90.0,80.0,-11.11
CP-802939,2024-06-01,HW-AC-10116,Pigeon,90.0,70.0,-22.22
CP-802940,2024-06-01,HW-AC-10116,Stove Kraft,90.0,90.0,0.0
CP-802941,2024-07-01,HW-AC-10116,TTK Prestige,90.0,100.0,11.11
CP-802942,2024-07-01,HW-AC-10116,Butterfly,90.0,90.0,0.0
CP-802943,2024-07-01,HW-AC-10116,Pigeon,90.0,70.0,-22.22
CP-802944,2024-07-01,HW-AC-10116,Stove Kraft,90.0,90.0,0.0
CP-802945,2024-08-01,HW-AC-10116,TTK Prestige,90.0,100.0,11.11
CP-802946,2024-08-01,HW-AC-10116,Butterfly,90.0,90.0,0.0
CP-802947,2024-08-01,HW-AC-10116,Pigeon,90.0,70.0,-22.22
CP-802948,2024-08-01,HW-AC-10116,Stove Kraft,90.0,80.0,-11.11
CP-802949,2024-09-01,HW-AC-10116,TTK Prestige,90.0,100.0,11.11
CP-802950,2024-09-01,HW-AC-10116,Butterfly,90.0,90.0,0.0
CP-802951,2024-09-01,HW-AC-10116,Pigeon,90.0,70.0,-22.22
CP-802952,2024-09-01,HW-AC-10116,Stove Kraft,90.0,80.0,-11.11
CP-802953,2024-10-01,HW-AC-10116,TTK Prestige,90.0,110.0,22.22
CP-802954,2024-10-01,HW-AC-10116,Butterfly,90.0,80.0,-11.11
CP-802955,2024-10-01,HW-AC-10116,Pigeon,90.0,70.0,-22.22
CP-802956,2024-10-01,HW-AC-10116,Stove Kraft,90.0,90.0,0.0
CP-802957,2024-11-01,HW-AC-10116,TTK Prestige,90.0,100.0,11.11
CP-802958,2024-11-01,HW-AC-10116,Butterfly,90.0,80.0,-11.11
CP-802959,2024-11-01,HW-AC-10116,Pigeon,90.0,70.0,-22.22
CP-802960,2024-11-01,HW-AC-10116,Stove Kraft,90.0,80.0,-11.11
CP-802961,2024-12-01,HW-AC-10116,TTK Prestige,90.0,100.0,11.11
CP-802962,2024-12-01,HW-AC-10116,Butterfly,90.0,90.0,0.0
CP-802963,2024-12-01,HW-AC-10116,Pigeon,90.0,80.0,-11.11
CP-802964,2024-12-01,HW-AC-10116,Stove Kraft,90.0,80.0,-11.11
CP-802965,2025-01-01,HW-AC-10116,TTK Prestige,90.0,100.0,11.11
CP-802966,2025-01-01,HW-AC-10116,Butterfly,90.0,80.0,-11.11
CP-802967,2025-01-01,HW-AC-10116,Pigeon,90.0,80.0,-11.11
CP-802968,2025-01-01,HW-AC-10116,Stove Kraft,90.0,80.0,-11.11
CP-802969,2025-02-01,HW-AC-10116,TTK Prestige,90.0,100.0,11.11
CP-802970,2025-02-01,HW-AC-10116,Butterfly,90.0,80.0,-11.11
CP-802971,2025-02-01,HW-AC-10116,Pigeon,90.0,80.0,-11.11
CP-802972,2025-02-01,HW-AC-10116,Stove Kraft,90.0,100.0,11.11
CP-802973,2025-03-01,HW-AC-10116,TTK Prestige,90.0,100.0,11.11
CP-802974,2025-03-01,HW-AC-10116,Butterfly,90.0,80.0,-11.11
CP-802975,2025-03-01,HW-AC-10116,Pigeon,90.0,70.0,-22.22
CP-802976,2025-03-01,HW-AC-10116,Stove Kraft,90.0,80.0,-11.11
CP-802977,2025-04-01,HW-AC-10116,TTK Prestige,90.0,100.0,11.11
CP-802978,2025-04-01,HW-AC-10116,Butterfly,90.0,90.0,0.0
CP-802979,2025-04-01,HW-AC-10116,Pigeon,90.0,70.0,-22.22
CP-802980,2025-04-01,HW-AC-10116,Stove Kraft,90.0,90.0,0.0
CP-802981,2025-05-01,HW-AC-10116,TTK Prestige,90.0,100.0,11.11
CP-802982,2025-05-01,HW-AC-10116,Butterfly,90.0,90.0,0.0
CP-802983,2025-05-01,HW-AC-10116,Pigeon,90.0,70.0,-22.22
CP-802984,2025-05-01,HW-AC-10116,Stove Kraft,90.0,90.0,0.0
CP-802985,2025-06-01,HW-AC-10116,TTK Prestige,90.0,100.0,11.11
CP-802986,2025-06-01,HW-AC-10116,Butterfly,90.0,80.0,-11.11
CP-802987,2025-06-01,HW-AC-10116,Pigeon,90.0,80.0,-11.11
CP-802988,2025-06-01,HW-AC-10116,Stove Kraft,90.0,90.0,0.0
CP-802989,2025-07-01,HW-AC-10116,TTK Prestige,90.0,100.0,11.11
CP-802990,2025-07-01,HW-AC-10116,Butterfly,90.0,80.0,-11.11
CP-802991,2025-07-01,HW-AC-10116,Pigeon,90.0,70.0,-22.22
CP-802992,2025-07-01,HW-AC-10116,Stove Kraft,90.0,90.0,0.0
CP-802993,2025-08-01,HW-AC-10116,TTK Prestige,90.0,100.0,11.11
CP-802994,2025-08-01,HW-AC-10116,Butterfly,90.0,90.0,0.0
CP-802995,2025-08-01,HW-AC-10116,Pigeon,90.0,80.0,-11.11
CP-802996,2025-08-01,HW-AC-10116,Stove Kraft,90.0,80.0,-11.11
CP-802997,2025-09-01,HW-AC-10116,TTK Prestige,90.0,110.0,22.22
CP-802998,2025-09-01,HW-AC-10116,Butterfly,90.0,90.0,0.0
CP-802999,2025-09-01,HW-AC-10116,Pigeon,90.0,80.0,-11.11
CP-803000,2025-09-01,HW-AC-10116,Stove Kraft,90.0,90.0,0.0
CP-803001,2025-10-01,HW-AC-10116,TTK Prestige,90.0,100.0,11.11
CP-803002,2025-10-01,HW-AC-10116,Butterfly,90.0,80.0,-11.11
CP-803003,2025-10-01,HW-AC-10116,Pigeon,90.0,80.0,-11.11
CP-803004,2025-10-01,HW-AC-10116,Stove Kraft,90.0,90.0,0.0
CP-803005,2025-11-01,HW-AC-10116,TTK Prestige,90.0,100.0,11.11
CP-803006,2025-11-01,HW-AC-10116,Butterfly,90.0,90.0,0.0
CP-803007,2025-11-01,HW-AC-10116,Pigeon,90.0,70.0,-22.22
CP-803008,2025-11-01,HW-AC-10116,Stove Kraft,90.0,90.0,0.0
CP-803009,2025-12-01,HW-AC-10116,TTK Prestige,90.0,100.0,11.11
CP-803010,2025-12-01,HW-AC-10116,Butterfly,90.0,80.0,-11.11
CP-803011,2025-12-01,HW-AC-10116,Pigeon,90.0,80.0,-11.11
CP-803012,2025-12-01,HW-AC-10116,Stove Kraft,90.0,80.0,-11.11
CP-803013,2026-01-01,HW-AC-10116,TTK Prestige,90.0,100.0,11.11
CP-803014,2026-01-01,HW-AC-10116,Butterfly,90.0,80.0,-11.11
CP-803015,2026-01-01,HW-AC-10116,Pigeon,90.0,80.0,-11.11
CP-803016,2026-01-01,HW-AC-10116,Stove Kraft,90.0,100.0,11.11
CP-803017,2026-02-01,HW-AC-10116,TTK Prestige,90.0,110.0,22.22
CP-803018,2026-02-01,HW-AC-10116,Butterfly,90.0,80.0,-11.11
CP-803019,2026-02-01,HW-AC-10116,Pigeon,90.0,80.0,-11.11
CP-803020,2026-02-01,HW-AC-10116,Stove Kraft,90.0,90.0,0.0
CP-803021,2026-03-01,HW-AC-10116,TTK Prestige,90.0,110.0,22.22
CP-803022,2026-03-01,HW-AC-10116,Butterfly,90.0,90.0,0.0
CP-803023,2026-03-01,HW-AC-10116,Pigeon,90.0,80.0,-11.11
CP-803024,2026-03-01,HW-AC-10116,Stove Kraft,90.0,100.0,11.11
CP-803025,2023-04-01,HW-AC-10117,TTK Prestige,80.0,90.0,12.5
CP-803026,2023-04-01,HW-AC-10117,Butterfly,80.0,60.0,-25.0
CP-803027,2023-04-01,HW-AC-10117,Pigeon,80.0,60.0,-25.0
CP-803028,2023-04-01,HW-AC-10117,Stove Kraft,80.0,70.0,-12.5
CP-803029,2023-05-01,HW-AC-10117,TTK Prestige,80.0,90.0,12.5
CP-803030,2023-05-01,HW-AC-10117,Butterfly,80.0,70.0,-12.5
CP-803031,2023-05-01,HW-AC-10117,Pigeon,80.0,70.0,-12.5
CP-803032,2023-05-01,HW-AC-10117,Stove Kraft,80.0,80.0,0.0
CP-803033,2023-06-01,HW-AC-10117,TTK Prestige,80.0,90.0,12.5
CP-803034,2023-06-01,HW-AC-10117,Butterfly,80.0,70.0,-12.5
CP-803035,2023-06-01,HW-AC-10117,Pigeon,80.0,60.0,-25.0
CP-803036,2023-06-01,HW-AC-10117,Stove Kraft,80.0,80.0,0.0
CP-803037,2023-07-01,HW-AC-10117,TTK Prestige,80.0,80.0,0.0
CP-803038,2023-07-01,HW-AC-10117,Butterfly,80.0,70.0,-12.5
CP-803039,2023-07-01,HW-AC-10117,Pigeon,80.0,70.0,-12.5
CP-803040,2023-07-01,HW-AC-10117,Stove Kraft,80.0,90.0,12.5
CP-803041,2023-08-01,HW-AC-10117,TTK Prestige,80.0,80.0,0.0
CP-803042,2023-08-01,HW-AC-10117,Butterfly,80.0,70.0,-12.5
CP-803043,2023-08-01,HW-AC-10117,Pigeon,80.0,70.0,-12.5
CP-803044,2023-08-01,HW-AC-10117,Stove Kraft,80.0,80.0,0.0
CP-803045,2023-09-01,HW-AC-10117,TTK Prestige,80.0,90.0,12.5
CP-803046,2023-09-01,HW-AC-10117,Butterfly,80.0,70.0,-12.5
CP-803047,2023-09-01,HW-AC-10117,Pigeon,80.0,70.0,-12.5
CP-803048,2023-09-01,HW-AC-10117,Stove Kraft,80.0,70.0,-12.5
CP-803049,2023-10-01,HW-AC-10117,TTK Prestige,80.0,90.0,12.5
CP-803050,2023-10-01,HW-AC-10117,Butterfly,80.0,80.0,0.0
CP-803051,2023-10-01,HW-AC-10117,Pigeon,80.0,60.0,-25.0
CP-803052,2023-10-01,HW-AC-10117,Stove Kraft,80.0,80.0,0.0
CP-803053,2023-11-01,HW-AC-10117,TTK Prestige,80.0,90.0,12.5
CP-803054,2023-11-01,HW-AC-10117,Butterfly,80.0,70.0,-12.5
CP-803055,2023-11-01,HW-AC-10117,Pigeon,80.0,70.0,-12.5
CP-803056,2023-11-01,HW-AC-10117,Stove Kraft,80.0,70.0,-12.5
CP-803057,2023-12-01,HW-AC-10117,TTK Prestige,80.0,80.0,0.0
CP-803058,2023-12-01,HW-AC-10117,Butterfly,80.0,70.0,-12.5
CP-803059,2023-12-01,HW-AC-10117,Pigeon,80.0,70.0,-12.5
CP-803060,2023-12-01,HW-AC-10117,Stove Kraft,80.0,80.0,0.0
CP-803061,2024-01-01,HW-AC-10117,TTK Prestige,80.0,90.0,12.5
CP-803062,2024-01-01,HW-AC-10117,Butterfly,80.0,70.0,-12.5
CP-803063,2024-01-01,HW-AC-10117,Pigeon,80.0,60.0,-25.0
CP-803064,2024-01-01,HW-AC-10117,Stove Kraft,80.0,70.0,-12.5
CP-803065,2024-02-01,HW-AC-10117,TTK Prestige,80.0,80.0,0.0
CP-803066,2024-02-01,HW-AC-10117,Butterfly,80.0,60.0,-25.0
CP-803067,2024-02-01,HW-AC-10117,Pigeon,80.0,60.0,-25.0
CP-803068,2024-02-01,HW-AC-10117,Stove Kraft,80.0,70.0,-12.5
CP-803069,2024-03-01,HW-AC-10117,TTK Prestige,80.0,90.0,12.5
CP-803070,2024-03-01,HW-AC-10117,Butterfly,80.0,70.0,-12.5
CP-803071,2024-03-01,HW-AC-10117,Pigeon,80.0,70.0,-12.5
CP-803072,2024-03-01,HW-AC-10117,Stove Kraft,80.0,80.0,0.0
CP-803073,2024-04-01,HW-AC-10117,TTK Prestige,80.0,90.0,12.5
CP-803074,2024-04-01,HW-AC-10117,Butterfly,80.0,70.0,-12.5
CP-803075,2024-04-01,HW-AC-10117,Pigeon,80.0,60.0,-25.0
CP-803076,2024-04-01,HW-AC-10117,Stove Kraft,80.0,70.0,-12.5
CP-803077,2024-05-01,HW-AC-10117,TTK Prestige,80.0,90.0,12.5
CP-803078,2024-05-01,HW-AC-10117,Butterfly,80.0,70.0,-12.5
CP-803079,2024-05-01,HW-AC-10117,Pigeon,80.0,70.0,-12.5
CP-803080,2024-05-01,HW-AC-10117,Stove Kraft,80.0,80.0,0.0
CP-803081,2024-06-01,HW-AC-10117,TTK Prestige,80.0,80.0,0.0
CP-803082,2024-06-01,HW-AC-10117,Butterfly,80.0,70.0,-12.5
CP-803083,2024-06-01,HW-AC-10117,Pigeon,80.0,70.0,-12.5
CP-803084,2024-06-01,HW-AC-10117,Stove Kraft,80.0,70.0,-12.5
CP-803085,2024-07-01,HW-AC-10117,TTK Prestige,80.0,80.0,0.0
CP-803086,2024-07-01,HW-AC-10117,Butterfly,80.0,70.0,-12.5
CP-803087,2024-07-01,HW-AC-10117,Pigeon,80.0,60.0,-25.0
CP-803088,2024-07-01,HW-AC-10117,Stove Kraft,80.0,80.0,0.0
CP-803089,2024-08-01,HW-AC-10117,TTK Prestige,80.0,90.0,12.5
CP-803090,2024-08-01,HW-AC-10117,Butterfly,80.0,80.0,0.0
CP-803091,2024-08-01,HW-AC-10117,Pigeon,80.0,60.0,-25.0
CP-803092,2024-08-01,HW-AC-10117,Stove Kraft,80.0,70.0,-12.5
CP-803093,2024-09-01,HW-AC-10117,TTK Prestige,80.0,90.0,12.5
CP-803094,2024-09-01,HW-AC-10117,Butterfly,80.0,80.0,0.0
CP-803095,2024-09-01,HW-AC-10117,Pigeon,80.0,70.0,-12.5
CP-803096,2024-09-01,HW-AC-10117,Stove Kraft,80.0,70.0,-12.5
CP-803097,2024-10-01,HW-AC-10117,TTK Prestige,80.0,90.0,12.5
CP-803098,2024-10-01,HW-AC-10117,Butterfly,80.0,70.0,-12.5
CP-803099,2024-10-01,HW-AC-10117,Pigeon,80.0,70.0,-12.5
CP-803100,2024-10-01,HW-AC-10117,Stove Kraft,80.0,80.0,0.0
CP-803101,2024-11-01,HW-AC-10117,TTK Prestige,80.0,90.0,12.5
CP-803102,2024-11-01,HW-AC-10117,Butterfly,80.0,70.0,-12.5
CP-803103,2024-11-01,HW-AC-10117,Pigeon,80.0,60.0,-25.0
CP-803104,2024-11-01,HW-AC-10117,Stove Kraft,80.0,80.0,0.0
CP-803105,2024-12-01,HW-AC-10117,TTK Prestige,80.0,90.0,12.5
CP-803106,2024-12-01,HW-AC-10117,Butterfly,80.0,80.0,0.0
CP-803107,2024-12-01,HW-AC-10117,Pigeon,80.0,70.0,-12.5
CP-803108,2024-12-01,HW-AC-10117,Stove Kraft,80.0,70.0,-12.5
CP-803109,2025-01-01,HW-AC-10117,TTK Prestige,80.0,90.0,12.5
CP-803110,2025-01-01,HW-AC-10117,Butterfly,80.0,70.0,-12.5
CP-803111,2025-01-01,HW-AC-10117,Pigeon,80.0,60.0,-25.0
CP-803112,2025-01-01,HW-AC-10117,Stove Kraft,80.0,80.0,0.0
CP-803113,2025-02-01,HW-AC-10117,TTK Prestige,80.0,90.0,12.5
CP-803114,2025-02-01,HW-AC-10117,Butterfly,80.0,70.0,-12.5
CP-803115,2025-02-01,HW-AC-10117,Pigeon,80.0,70.0,-12.5
CP-803116,2025-02-01,HW-AC-10117,Stove Kraft,80.0,90.0,12.5
CP-803117,2025-03-01,HW-AC-10117,TTK Prestige,80.0,90.0,12.5
CP-803118,2025-03-01,HW-AC-10117,Butterfly,80.0,80.0,0.0
CP-803119,2025-03-01,HW-AC-10117,Pigeon,80.0,70.0,-12.5
CP-803120,2025-03-01,HW-AC-10117,Stove Kraft,80.0,80.0,0.0
CP-803121,2025-04-01,HW-AC-10117,TTK Prestige,80.0,90.0,12.5
CP-803122,2025-04-01,HW-AC-10117,Butterfly,80.0,80.0,0.0
CP-803123,2025-04-01,HW-AC-10117,Pigeon,80.0,70.0,-12.5
CP-803124,2025-04-01,HW-AC-10117,Stove Kraft,80.0,80.0,0.0
CP-803125,2025-05-01,HW-AC-10117,TTK Prestige,80.0,90.0,12.5
CP-803126,2025-05-01,HW-AC-10117,Butterfly,80.0,80.0,0.0
CP-803127,2025-05-01,HW-AC-10117,Pigeon,80.0,70.0,-12.5
CP-803128,2025-05-01,HW-AC-10117,Stove Kraft,80.0,80.0,0.0
CP-803129,2025-06-01,HW-AC-10117,TTK Prestige,80.0,90.0,12.5
CP-803130,2025-06-01,HW-AC-10117,Butterfly,80.0,70.0,-12.5
CP-803131,2025-06-01,HW-AC-10117,Pigeon,80.0,60.0,-25.0
CP-803132,2025-06-01,HW-AC-10117,Stove Kraft,80.0,90.0,12.5
CP-803133,2025-07-01,HW-AC-10117,TTK Prestige,80.0,90.0,12.5
CP-803134,2025-07-01,HW-AC-10117,Butterfly,80.0,70.0,-12.5
CP-803135,2025-07-01,HW-AC-10117,Pigeon,80.0,70.0,-12.5
CP-803136,2025-07-01,HW-AC-10117,Stove Kraft,80.0,80.0,0.0
CP-803137,2025-08-01,HW-AC-10117,TTK Prestige,80.0,90.0,12.5
CP-803138,2025-08-01,HW-AC-10117,Butterfly,80.0,80.0,0.0
CP-803139,2025-08-01,HW-AC-10117,Pigeon,80.0,70.0,-12.5
CP-803140,2025-08-01,HW-AC-10117,Stove Kraft,80.0,80.0,0.0
CP-803141,2025-09-01,HW-AC-10117,TTK Prestige,80.0,90.0,12.5
CP-803142,2025-09-01,HW-AC-10117,Butterfly,80.0,70.0,-12.5
CP-803143,2025-09-01,HW-AC-10117,Pigeon,80.0,70.0,-12.5
CP-803144,2025-09-01,HW-AC-10117,Stove Kraft,80.0,70.0,-12.5
CP-803145,2025-10-01,HW-AC-10117,TTK Prestige,80.0,100.0,25.0
CP-803146,2025-10-01,HW-AC-10117,Butterfly,80.0,70.0,-12.5
CP-803147,2025-10-01,HW-AC-10117,Pigeon,80.0,70.0,-12.5
CP-803148,2025-10-01,HW-AC-10117,Stove Kraft,80.0,90.0,12.5
CP-803149,2025-11-01,HW-AC-10117,TTK Prestige,80.0,80.0,0.0
CP-803150,2025-11-01,HW-AC-10117,Butterfly,80.0,70.0,-12.5
CP-803151,2025-11-01,HW-AC-10117,Pigeon,80.0,60.0,-25.0
CP-803152,2025-11-01,HW-AC-10117,Stove Kraft,80.0,60.0,-25.0
CP-803153,2025-12-01,HW-AC-10117,TTK Prestige,80.0,90.0,12.5
CP-803154,2025-12-01,HW-AC-10117,Butterfly,80.0,90.0,12.5
CP-803155,2025-12-01,HW-AC-10117,Pigeon,80.0,70.0,-12.5
CP-803156,2025-12-01,HW-AC-10117,Stove Kraft,80.0,90.0,12.5
CP-803157,2026-01-01,HW-AC-10117,TTK Prestige,80.0,90.0,12.5
CP-803158,2026-01-01,HW-AC-10117,Butterfly,80.0,80.0,0.0
CP-803159,2026-01-01,HW-AC-10117,Pigeon,80.0,70.0,-12.5
CP-803160,2026-01-01,HW-AC-10117,Stove Kraft,80.0,80.0,0.0
CP-803161,2026-02-01,HW-AC-10117,TTK Prestige,80.0,100.0,25.0
CP-803162,2026-02-01,HW-AC-10117,Butterfly,80.0,70.0,-12.5
CP-803163,2026-02-01,HW-AC-10117,Pigeon,80.0,70.0,-12.5
CP-803164,2026-02-01,HW-AC-10117,Stove Kraft,80.0,70.0,-12.5
CP-803165,2026-03-01,HW-AC-10117,TTK Prestige,80.0,90.0,12.5
CP-803166,2026-03-01,HW-AC-10117,Butterfly,80.0,80.0,0.0
CP-803167,2026-03-01,HW-AC-10117,Pigeon,80.0,70.0,-12.5
CP-803168,2026-03-01,HW-AC-10117,Stove Kraft,80.0,80.0,0.0
CP-803169,2023-04-01,HW-AC-10118,TTK Prestige,180.0,190.0,5.56
CP-803170,2023-04-01,HW-AC-10118,Butterfly,180.0,170.0,-5.56
CP-803171,2023-04-01,HW-AC-10118,Pigeon,180.0,140.0,-22.22
CP-803172,2023-04-01,HW-AC-10118,Stove Kraft,180.0,170.0,-5.56
CP-803173,2023-05-01,HW-AC-10118,TTK Prestige,180.0,190.0,5.56
CP-803174,2023-05-01,HW-AC-10118,Butterfly,180.0,180.0,0.0
CP-803175,2023-05-01,HW-AC-10118,Pigeon,180.0,150.0,-16.67
CP-803176,2023-05-01,HW-AC-10118,Stove Kraft,180.0,160.0,-11.11
CP-803177,2023-06-01,HW-AC-10118,TTK Prestige,180.0,180.0,0.0
CP-803178,2023-06-01,HW-AC-10118,Butterfly,180.0,160.0,-11.11
CP-803179,2023-06-01,HW-AC-10118,Pigeon,180.0,150.0,-16.67
CP-803180,2023-06-01,HW-AC-10118,Stove Kraft,180.0,180.0,0.0
CP-803181,2023-07-01,HW-AC-10118,TTK Prestige,180.0,190.0,5.56
CP-803182,2023-07-01,HW-AC-10118,Butterfly,180.0,150.0,-16.67
CP-803183,2023-07-01,HW-AC-10118,Pigeon,180.0,150.0,-16.67
CP-803184,2023-07-01,HW-AC-10118,Stove Kraft,180.0,140.0,-22.22
CP-803185,2023-08-01,HW-AC-10118,TTK Prestige,180.0,180.0,0.0
CP-803186,2023-08-01,HW-AC-10118,Butterfly,180.0,140.0,-22.22
CP-803187,2023-08-01,HW-AC-10118,Pigeon,180.0,140.0,-22.22
CP-803188,2023-08-01,HW-AC-10118,Stove Kraft,180.0,180.0,0.0
CP-803189,2023-09-01,HW-AC-10118,TTK Prestige,180.0,200.0,11.11
CP-803190,2023-09-01,HW-AC-10118,Butterfly,180.0,160.0,-11.11
CP-803191,2023-09-01,HW-AC-10118,Pigeon,180.0,130.0,-27.78
CP-803192,2023-09-01,HW-AC-10118,Stove Kraft,180.0,170.0,-5.56
CP-803193,2023-10-01,HW-AC-10118,TTK Prestige,180.0,180.0,0.0
CP-803194,2023-10-01,HW-AC-10118,Butterfly,180.0,140.0,-22.22
CP-803195,2023-10-01,HW-AC-10118,Pigeon,180.0,130.0,-27.78
CP-803196,2023-10-01,HW-AC-10118,Stove Kraft,180.0,170.0,-5.56
CP-803197,2023-11-01,HW-AC-10118,TTK Prestige,180.0,190.0,5.56
CP-803198,2023-11-01,HW-AC-10118,Butterfly,180.0,140.0,-22.22
CP-803199,2023-11-01,HW-AC-10118,Pigeon,180.0,140.0,-22.22
CP-803200,2023-11-01,HW-AC-10118,Stove Kraft,180.0,200.0,11.11
CP-803201,2023-12-01,HW-AC-10118,TTK Prestige,180.0,190.0,5.56
CP-803202,2023-12-01,HW-AC-10118,Butterfly,180.0,160.0,-11.11
CP-803203,2023-12-01,HW-AC-10118,Pigeon,180.0,150.0,-16.67
CP-803204,2023-12-01,HW-AC-10118,Stove Kraft,180.0,180.0,0.0
CP-803205,2024-01-01,HW-AC-10118,TTK Prestige,180.0,190.0,5.56
CP-803206,2024-01-01,HW-AC-10118,Butterfly,180.0,170.0,-5.56
CP-803207,2024-01-01,HW-AC-10118,Pigeon,180.0,140.0,-22.22
CP-803208,2024-01-01,HW-AC-10118,Stove Kraft,180.0,190.0,5.56
CP-803209,2024-02-01,HW-AC-10118,TTK Prestige,180.0,190.0,5.56
CP-803210,2024-02-01,HW-AC-10118,Butterfly,180.0,160.0,-11.11
CP-803211,2024-02-01,HW-AC-10118,Pigeon,180.0,150.0,-16.67
CP-803212,2024-02-01,HW-AC-10118,Stove Kraft,180.0,150.0,-16.67
CP-803213,2024-03-01,HW-AC-10118,TTK Prestige,180.0,190.0,5.56
CP-803214,2024-03-01,HW-AC-10118,Butterfly,180.0,160.0,-11.11
CP-803215,2024-03-01,HW-AC-10118,Pigeon,180.0,140.0,-22.22
CP-803216,2024-03-01,HW-AC-10118,Stove Kraft,180.0,180.0,0.0
CP-803217,2024-04-01,HW-AC-10118,TTK Prestige,180.0,190.0,5.56
CP-803218,2024-04-01,HW-AC-10118,Butterfly,180.0,170.0,-5.56
CP-803219,2024-04-01,HW-AC-10118,Pigeon,180.0,150.0,-16.67
CP-803220,2024-04-01,HW-AC-10118,Stove Kraft,180.0,170.0,-5.56
CP-803221,2024-05-01,HW-AC-10118,TTK Prestige,180.0,210.0,16.67
CP-803222,2024-05-01,HW-AC-10118,Butterfly,180.0,170.0,-5.56
CP-803223,2024-05-01,HW-AC-10118,Pigeon,180.0,150.0,-16.67
CP-803224,2024-05-01,HW-AC-10118,Stove Kraft,180.0,170.0,-5.56
CP-803225,2024-06-01,HW-AC-10118,TTK Prestige,180.0,190.0,5.56
CP-803226,2024-06-01,HW-AC-10118,Butterfly,180.0,160.0,-11.11
CP-803227,2024-06-01,HW-AC-10118,Pigeon,180.0,160.0,-11.11
CP-803228,2024-06-01,HW-AC-10118,Stove Kraft,180.0,160.0,-11.11
CP-803229,2024-07-01,HW-AC-10118,TTK Prestige,180.0,200.0,11.11
CP-803230,2024-07-01,HW-AC-10118,Butterfly,180.0,170.0,-5.56
CP-803231,2024-07-01,HW-AC-10118,Pigeon,180.0,140.0,-22.22
CP-803232,2024-07-01,HW-AC-10118,Stove Kraft,180.0,180.0,0.0
CP-803233,2024-08-01,HW-AC-10118,TTK Prestige,180.0,200.0,11.11
CP-803234,2024-08-01,HW-AC-10118,Butterfly,180.0,160.0,-11.11
CP-803235,2024-08-01,HW-AC-10118,Pigeon,180.0,140.0,-22.22
CP-803236,2024-08-01,HW-AC-10118,Stove Kraft,180.0,170.0,-5.56
CP-803237,2024-09-01,HW-AC-10118,TTK Prestige,180.0,200.0,11.11
CP-803238,2024-09-01,HW-AC-10118,Butterfly,180.0,170.0,-5.56
CP-803239,2024-09-01,HW-AC-10118,Pigeon,180.0,140.0,-22.22
CP-803240,2024-09-01,HW-AC-10118,Stove Kraft,180.0,170.0,-5.56
CP-803241,2024-10-01,HW-AC-10118,TTK Prestige,180.0,200.0,11.11
CP-803242,2024-10-01,HW-AC-10118,Butterfly,180.0,170.0,-5.56
CP-803243,2024-10-01,HW-AC-10118,Pigeon,180.0,130.0,-27.78
CP-803244,2024-10-01,HW-AC-10118,Stove Kraft,180.0,190.0,5.56
CP-803245,2024-11-01,HW-AC-10118,TTK Prestige,180.0,180.0,0.0
CP-803246,2024-11-01,HW-AC-10118,Butterfly,180.0,180.0,0.0
CP-803247,2024-11-01,HW-AC-10118,Pigeon,180.0,130.0,-27.78
CP-803248,2024-11-01,HW-AC-10118,Stove Kraft,180.0,180.0,0.0
CP-803249,2024-12-01,HW-AC-10118,TTK Prestige,180.0,210.0,16.67
CP-803250,2024-12-01,HW-AC-10118,Butterfly,180.0,160.0,-11.11
CP-803251,2024-12-01,HW-AC-10118,Pigeon,180.0,150.0,-16.67
CP-803252,2024-12-01,HW-AC-10118,Stove Kraft,180.0,190.0,5.56
CP-803253,2025-01-01,HW-AC-10118,TTK Prestige,180.0,200.0,11.11
CP-803254,2025-01-01,HW-AC-10118,Butterfly,180.0,180.0,0.0
CP-803255,2025-01-01,HW-AC-10118,Pigeon,180.0,130.0,-27.78
CP-803256,2025-01-01,HW-AC-10118,Stove Kraft,180.0,190.0,5.56
CP-803257,2025-02-01,HW-AC-10118,TTK Prestige,180.0,200.0,11.11
CP-803258,2025-02-01,HW-AC-10118,Butterfly,180.0,170.0,-5.56
CP-803259,2025-02-01,HW-AC-10118,Pigeon,180.0,140.0,-22.22
CP-803260,2025-02-01,HW-AC-10118,Stove Kraft,180.0,180.0,0.0
CP-803261,2025-03-01,HW-AC-10118,TTK Prestige,180.0,210.0,16.67
CP-803262,2025-03-01,HW-AC-10118,Butterfly,180.0,160.0,-11.11
CP-803263,2025-03-01,HW-AC-10118,Pigeon,180.0,140.0,-22.22
CP-803264,2025-03-01,HW-AC-10118,Stove Kraft,180.0,180.0,0.0
CP-803265,2025-04-01,HW-AC-10118,TTK Prestige,180.0,210.0,16.67
CP-803266,2025-04-01,HW-AC-10118,Butterfly,180.0,170.0,-5.56
CP-803267,2025-04-01,HW-AC-10118,Pigeon,180.0,150.0,-16.67
CP-803268,2025-04-01,HW-AC-10118,Stove Kraft,180.0,180.0,0.0
CP-803269,2025-05-01,HW-AC-10118,TTK Prestige,180.0,200.0,11.11
CP-803270,2025-05-01,HW-AC-10118,Butterfly,180.0,160.0,-11.11
CP-803271,2025-05-01,HW-AC-10118,Pigeon,180.0,150.0,-16.67
CP-803272,2025-05-01,HW-AC-10118,Stove Kraft,180.0,180.0,0.0
CP-803273,2025-06-01,HW-AC-10118,TTK Prestige,180.0,190.0,5.56
CP-803274,2025-06-01,HW-AC-10118,Butterfly,180.0,190.0,5.56
CP-803275,2025-06-01,HW-AC-10118,Pigeon,180.0,140.0,-22.22
CP-803276,2025-06-01,HW-AC-10118,Stove Kraft,180.0,170.0,-5.56
CP-803277,2025-07-01,HW-AC-10118,TTK Prestige,180.0,200.0,11.11
CP-803278,2025-07-01,HW-AC-10118,Butterfly,180.0,160.0,-11.11
CP-803279,2025-07-01,HW-AC-10118,Pigeon,180.0,150.0,-16.67
CP-803280,2025-07-01,HW-AC-10118,Stove Kraft,180.0,180.0,0.0
CP-803281,2025-08-01,HW-AC-10118,TTK Prestige,180.0,200.0,11.11
CP-803282,2025-08-01,HW-AC-10118,Butterfly,180.0,170.0,-5.56
CP-803283,2025-08-01,HW-AC-10118,Pigeon,180.0,140.0,-22.22
CP-803284,2025-08-01,HW-AC-10118,Stove Kraft,180.0,150.0,-16.67
CP-803285,2025-09-01,HW-AC-10118,TTK Prestige,180.0,200.0,11.11
CP-803286,2025-09-01,HW-AC-10118,Butterfly,180.0,180.0,0.0
CP-803287,2025-09-01,HW-AC-10118,Pigeon,180.0,160.0,-11.11
CP-803288,2025-09-01,HW-AC-10118,Stove Kraft,180.0,180.0,0.0
CP-803289,2025-10-01,HW-AC-10118,TTK Prestige,180.0,200.0,11.11
CP-803290,2025-10-01,HW-AC-10118,Butterfly,180.0,180.0,0.0
CP-803291,2025-10-01,HW-AC-10118,Pigeon,180.0,140.0,-22.22
CP-803292,2025-10-01,HW-AC-10118,Stove Kraft,180.0,170.0,-5.56
CP-803293,2025-11-01,HW-AC-10118,TTK Prestige,180.0,210.0,16.67
CP-803294,2025-11-01,HW-AC-10118,Butterfly,180.0,170.0,-5.56
CP-803295,2025-11-01,HW-AC-10118,Pigeon,180.0,130.0,-27.78
CP-803296,2025-11-01,HW-AC-10118,Stove Kraft,180.0,200.0,11.11
CP-803297,2025-12-01,HW-AC-10118,TTK Prestige,180.0,210.0,16.67
CP-803298,2025-12-01,HW-AC-10118,Butterfly,180.0,190.0,5.56
CP-803299,2025-12-01,HW-AC-10118,Pigeon,180.0,160.0,-11.11
CP-803300,2025-12-01,HW-AC-10118,Stove Kraft,180.0,180.0,0.0
CP-803301,2026-01-01,HW-AC-10118,TTK Prestige,180.0,200.0,11.11
CP-803302,2026-01-01,HW-AC-10118,Butterfly,180.0,170.0,-5.56
CP-803303,2026-01-01,HW-AC-10118,Pigeon,180.0,150.0,-16.67
CP-803304,2026-01-01,HW-AC-10118,Stove Kraft,180.0,160.0,-11.11
CP-803305,2026-02-01,HW-AC-10118,TTK Prestige,180.0,220.0,22.22
CP-803306,2026-02-01,HW-AC-10118,Butterfly,180.0,170.0,-5.56
CP-803307,2026-02-01,HW-AC-10118,Pigeon,180.0,160.0,-11.11
CP-803308,2026-02-01,HW-AC-10118,Stove Kraft,180.0,170.0,-5.56
CP-803309,2026-03-01,HW-AC-10118,TTK Prestige,180.0,210.0,16.67
CP-803310,2026-03-01,HW-AC-10118,Butterfly,180.0,160.0,-11.11
CP-803311,2026-03-01,HW-AC-10118,Pigeon,180.0,140.0,-22.22
CP-803312,2026-03-01,HW-AC-10118,Stove Kraft,180.0,180.0,0.0
CP-803313,2023-04-01,HW-AC-10119,TTK Prestige,260.0,270.0,3.85
CP-803314,2023-04-01,HW-AC-10119,Butterfly,260.0,210.0,-19.23
CP-803315,2023-04-01,HW-AC-10119,Pigeon,260.0,180.0,-30.77
CP-803316,2023-04-01,HW-AC-10119,Stove Kraft,260.0,260.0,0.0
CP-803317,2023-05-01,HW-AC-10119,TTK Prestige,260.0,270.0,3.85
CP-803318,2023-05-01,HW-AC-10119,Butterfly,260.0,230.0,-11.54
CP-803319,2023-05-01,HW-AC-10119,Pigeon,260.0,210.0,-19.23
CP-803320,2023-05-01,HW-AC-10119,Stove Kraft,260.0,250.0,-3.85
CP-803321,2023-06-01,HW-AC-10119,TTK Prestige,260.0,270.0,3.85
CP-803322,2023-06-01,HW-AC-10119,Butterfly,260.0,220.0,-15.38
CP-803323,2023-06-01,HW-AC-10119,Pigeon,260.0,210.0,-19.23
CP-803324,2023-06-01,HW-AC-10119,Stove Kraft,260.0,260.0,0.0
CP-803325,2023-07-01,HW-AC-10119,TTK Prestige,260.0,280.0,7.69
CP-803326,2023-07-01,HW-AC-10119,Butterfly,260.0,250.0,-3.85
CP-803327,2023-07-01,HW-AC-10119,Pigeon,260.0,210.0,-19.23
CP-803328,2023-07-01,HW-AC-10119,Stove Kraft,260.0,250.0,-3.85
CP-803329,2023-08-01,HW-AC-10119,TTK Prestige,260.0,270.0,3.85
CP-803330,2023-08-01,HW-AC-10119,Butterfly,260.0,200.0,-23.08
CP-803331,2023-08-01,HW-AC-10119,Pigeon,260.0,200.0,-23.08
CP-803332,2023-08-01,HW-AC-10119,Stove Kraft,260.0,250.0,-3.85
CP-803333,2023-09-01,HW-AC-10119,TTK Prestige,260.0,270.0,3.85
CP-803334,2023-09-01,HW-AC-10119,Butterfly,260.0,230.0,-11.54
CP-803335,2023-09-01,HW-AC-10119,Pigeon,260.0,200.0,-23.08
CP-803336,2023-09-01,HW-AC-10119,Stove Kraft,260.0,280.0,7.69
CP-803337,2023-10-01,HW-AC-10119,TTK Prestige,260.0,300.0,15.38
CP-803338,2023-10-01,HW-AC-10119,Butterfly,260.0,250.0,-3.85
CP-803339,2023-10-01,HW-AC-10119,Pigeon,260.0,200.0,-23.08
CP-803340,2023-10-01,HW-AC-10119,Stove Kraft,260.0,230.0,-11.54
CP-803341,2023-11-01,HW-AC-10119,TTK Prestige,260.0,290.0,11.54
CP-803342,2023-11-01,HW-AC-10119,Butterfly,260.0,230.0,-11.54
CP-803343,2023-11-01,HW-AC-10119,Pigeon,260.0,210.0,-19.23
CP-803344,2023-11-01,HW-AC-10119,Stove Kraft,260.0,240.0,-7.69
CP-803345,2023-12-01,HW-AC-10119,TTK Prestige,260.0,290.0,11.54
CP-803346,2023-12-01,HW-AC-10119,Butterfly,260.0,240.0,-7.69
CP-803347,2023-12-01,HW-AC-10119,Pigeon,260.0,220.0,-15.38
CP-803348,2023-12-01,HW-AC-10119,Stove Kraft,260.0,230.0,-11.54
CP-803349,2024-01-01,HW-AC-10119,TTK Prestige,260.0,300.0,15.38
CP-803350,2024-01-01,HW-AC-10119,Butterfly,260.0,260.0,0.0
CP-803351,2024-01-01,HW-AC-10119,Pigeon,260.0,220.0,-15.38
CP-803352,2024-01-01,HW-AC-10119,Stove Kraft,260.0,230.0,-11.54
CP-803353,2024-02-01,HW-AC-10119,TTK Prestige,260.0,280.0,7.69
CP-803354,2024-02-01,HW-AC-10119,Butterfly,260.0,250.0,-3.85
CP-803355,2024-02-01,HW-AC-10119,Pigeon,260.0,230.0,-11.54
CP-803356,2024-02-01,HW-AC-10119,Stove Kraft,260.0,220.0,-15.38
CP-803357,2024-03-01,HW-AC-10119,TTK Prestige,260.0,280.0,7.69
CP-803358,2024-03-01,HW-AC-10119,Butterfly,260.0,240.0,-7.69
CP-803359,2024-03-01,HW-AC-10119,Pigeon,260.0,210.0,-19.23
CP-803360,2024-03-01,HW-AC-10119,Stove Kraft,260.0,260.0,0.0
CP-803361,2024-04-01,HW-AC-10119,TTK Prestige,260.0,280.0,7.69
CP-803362,2024-04-01,HW-AC-10119,Butterfly,260.0,240.0,-7.69
CP-803363,2024-04-01,HW-AC-10119,Pigeon,260.0,220.0,-15.38
CP-803364,2024-04-01,HW-AC-10119,Stove Kraft,260.0,260.0,0.0
CP-803365,2024-05-01,HW-AC-10119,TTK Prestige,260.0,290.0,11.54
CP-803366,2024-05-01,HW-AC-10119,Butterfly,260.0,240.0,-7.69
CP-803367,2024-05-01,HW-AC-10119,Pigeon,260.0,220.0,-15.38
CP-803368,2024-05-01,HW-AC-10119,Stove Kraft,260.0,230.0,-11.54
CP-803369,2024-06-01,HW-AC-10119,TTK Prestige,260.0,290.0,11.54
CP-803370,2024-06-01,HW-AC-10119,Butterfly,260.0,230.0,-11.54
CP-803371,2024-06-01,HW-AC-10119,Pigeon,260.0,220.0,-15.38
CP-803372,2024-06-01,HW-AC-10119,Stove Kraft,260.0,250.0,-3.85
CP-803373,2024-07-01,HW-AC-10119,TTK Prestige,260.0,270.0,3.85
CP-803374,2024-07-01,HW-AC-10119,Butterfly,260.0,250.0,-3.85
CP-803375,2024-07-01,HW-AC-10119,Pigeon,260.0,210.0,-19.23
CP-803376,2024-07-01,HW-AC-10119,Stove Kraft,260.0,260.0,0.0
CP-803377,2024-08-01,HW-AC-10119,TTK Prestige,260.0,290.0,11.54
CP-803378,2024-08-01,HW-AC-10119,Butterfly,260.0,240.0,-7.69
CP-803379,2024-08-01,HW-AC-10119,Pigeon,260.0,210.0,-19.23
CP-803380,2024-08-01,HW-AC-10119,Stove Kraft,260.0,250.0,-3.85
CP-803381,2024-09-01,HW-AC-10119,TTK Prestige,260.0,300.0,15.38
CP-803382,2024-09-01,HW-AC-10119,Butterfly,260.0,260.0,0.0
CP-803383,2024-09-01,HW-AC-10119,Pigeon,260.0,200.0,-23.08
CP-803384,2024-09-01,HW-AC-10119,Stove Kraft,260.0,280.0,7.69
CP-803385,2024-10-01,HW-AC-10119,TTK Prestige,260.0,290.0,11.54
CP-803386,2024-10-01,HW-AC-10119,Butterfly,260.0,260.0,0.0
CP-803387,2024-10-01,HW-AC-10119,Pigeon,260.0,210.0,-19.23
CP-803388,2024-10-01,HW-AC-10119,Stove Kraft,260.0,280.0,7.69
CP-803389,2024-11-01,HW-AC-10119,TTK Prestige,260.0,290.0,11.54
CP-803390,2024-11-01,HW-AC-10119,Butterfly,260.0,230.0,-11.54
CP-803391,2024-11-01,HW-AC-10119,Pigeon,260.0,220.0,-15.38
CP-803392,2024-11-01,HW-AC-10119,Stove Kraft,260.0,220.0,-15.38
CP-803393,2024-12-01,HW-AC-10119,TTK Prestige,260.0,280.0,7.69
CP-803394,2024-12-01,HW-AC-10119,Butterfly,260.0,240.0,-7.69
CP-803395,2024-12-01,HW-AC-10119,Pigeon,260.0,230.0,-11.54
CP-803396,2024-12-01,HW-AC-10119,Stove Kraft,260.0,280.0,7.69
CP-803397,2025-01-01,HW-AC-10119,TTK Prestige,260.0,300.0,15.38
CP-803398,2025-01-01,HW-AC-10119,Butterfly,260.0,250.0,-3.85
CP-803399,2025-01-01,HW-AC-10119,Pigeon,260.0,230.0,-11.54
CP-803400,2025-01-01,HW-AC-10119,Stove Kraft,260.0,250.0,-3.85
CP-803401,2025-02-01,HW-AC-10119,TTK Prestige,260.0,300.0,15.38
CP-803402,2025-02-01,HW-AC-10119,Butterfly,260.0,230.0,-11.54
CP-803403,2025-02-01,HW-AC-10119,Pigeon,260.0,230.0,-11.54
CP-803404,2025-02-01,HW-AC-10119,Stove Kraft,260.0,280.0,7.69
CP-803405,2025-03-01,HW-AC-10119,TTK Prestige,260.0,300.0,15.38
CP-803406,2025-03-01,HW-AC-10119,Butterfly,260.0,240.0,-7.69
CP-803407,2025-03-01,HW-AC-10119,Pigeon,260.0,210.0,-19.23
CP-803408,2025-03-01,HW-AC-10119,Stove Kraft,260.0,260.0,0.0
CP-803409,2025-04-01,HW-AC-10119,TTK Prestige,260.0,280.0,7.69
CP-803410,2025-04-01,HW-AC-10119,Butterfly,260.0,210.0,-19.23
CP-803411,2025-04-01,HW-AC-10119,Pigeon,260.0,220.0,-15.38
CP-803412,2025-04-01,HW-AC-10119,Stove Kraft,260.0,250.0,-3.85
CP-803413,2025-05-01,HW-AC-10119,TTK Prestige,260.0,310.0,19.23
CP-803414,2025-05-01,HW-AC-10119,Butterfly,260.0,250.0,-3.85
CP-803415,2025-05-01,HW-AC-10119,Pigeon,260.0,210.0,-19.23
CP-803416,2025-05-01,HW-AC-10119,Stove Kraft,260.0,240.0,-7.69
CP-803417,2025-06-01,HW-AC-10119,TTK Prestige,260.0,300.0,15.38
CP-803418,2025-06-01,HW-AC-10119,Butterfly,260.0,260.0,0.0
CP-803419,2025-06-01,HW-AC-10119,Pigeon,260.0,230.0,-11.54
CP-803420,2025-06-01,HW-AC-10119,Stove Kraft,260.0,260.0,0.0
CP-803421,2025-07-01,HW-AC-10119,TTK Prestige,260.0,310.0,19.23
CP-803422,2025-07-01,HW-AC-10119,Butterfly,260.0,240.0,-7.69
CP-803423,2025-07-01,HW-AC-10119,Pigeon,260.0,210.0,-19.23
CP-803424,2025-07-01,HW-AC-10119,Stove Kraft,260.0,270.0,3.85
CP-803425,2025-08-01,HW-AC-10119,TTK Prestige,260.0,290.0,11.54
CP-803426,2025-08-01,HW-AC-10119,Butterfly,260.0,260.0,0.0
CP-803427,2025-08-01,HW-AC-10119,Pigeon,260.0,230.0,-11.54
CP-803428,2025-08-01,HW-AC-10119,Stove Kraft,260.0,230.0,-11.54
CP-803429,2025-09-01,HW-AC-10119,TTK Prestige,260.0,310.0,19.23
CP-803430,2025-09-01,HW-AC-10119,Butterfly,260.0,270.0,3.85
CP-803431,2025-09-01,HW-AC-10119,Pigeon,260.0,230.0,-11.54
CP-803432,2025-09-01,HW-AC-10119,Stove Kraft,260.0,270.0,3.85
CP-803433,2025-10-01,HW-AC-10119,TTK Prestige,260.0,280.0,7.69
CP-803434,2025-10-01,HW-AC-10119,Butterfly,260.0,230.0,-11.54
CP-803435,2025-10-01,HW-AC-10119,Pigeon,260.0,220.0,-15.38
CP-803436,2025-10-01,HW-AC-10119,Stove Kraft,260.0,270.0,3.85
CP-803437,2025-11-01,HW-AC-10119,TTK Prestige,260.0,290.0,11.54
CP-803438,2025-11-01,HW-AC-10119,Butterfly,260.0,230.0,-11.54
CP-803439,2025-11-01,HW-AC-10119,Pigeon,260.0,210.0,-19.23
CP-803440,2025-11-01,HW-AC-10119,Stove Kraft,260.0,260.0,0.0
CP-803441,2025-12-01,HW-AC-10119,TTK Prestige,260.0,300.0,15.38
CP-803442,2025-12-01,HW-AC-10119,Butterfly,260.0,230.0,-11.54
CP-803443,2025-12-01,HW-AC-10119,Pigeon,260.0,210.0,-19.23
CP-803444,2025-12-01,HW-AC-10119,Stove Kraft,260.0,280.0,7.69
CP-803445,2026-01-01,HW-AC-10119,TTK Prestige,260.0,300.0,15.38
CP-803446,2026-01-01,HW-AC-10119,Butterfly,260.0,240.0,-7.69
CP-803447,2026-01-01,HW-AC-10119,Pigeon,260.0,220.0,-15.38
CP-803448,2026-01-01,HW-AC-10119,Stove Kraft,260.0,270.0,3.85
CP-803449,2026-02-01,HW-AC-10119,TTK Prestige,260.0,300.0,15.38
CP-803450,2026-02-01,HW-AC-10119,Butterfly,260.0,270.0,3.85
CP-803451,2026-02-01,HW-AC-10119,Pigeon,260.0,230.0,-11.54
CP-803452,2026-02-01,HW-AC-10119,Stove Kraft,260.0,270.0,3.85
CP-803453,2026-03-01,HW-AC-10119,TTK Prestige,260.0,300.0,15.38
CP-803454,2026-03-01,HW-AC-10119,Butterfly,260.0,260.0,0.0
CP-803455,2026-03-01,HW-AC-10119,Pigeon,260.0,230.0,-11.54
CP-803456,2026-03-01,HW-AC-10119,Stove Kraft,260.0,280.0,7.69
CP-803457,2023-04-01,HW-AC-10120,TTK Prestige,450.0,450.0,0.0
CP-803458,2023-04-01,HW-AC-10120,Butterfly,450.0,390.0,-13.33
CP-803459,2023-04-01,HW-AC-10120,Pigeon,450.0,350.0,-22.22
CP-803460,2023-04-01,HW-AC-10120,Stove Kraft,450.0,380.0,-15.56
CP-803461,2023-05-01,HW-AC-10120,TTK Prestige,450.0,490.0,8.89
CP-803462,2023-05-01,HW-AC-10120,Butterfly,450.0,410.0,-8.89
CP-803463,2023-05-01,HW-AC-10120,Pigeon,450.0,340.0,-24.44
CP-803464,2023-05-01,HW-AC-10120,Stove Kraft,450.0,410.0,-8.89
CP-803465,2023-06-01,HW-AC-10120,TTK Prestige,450.0,450.0,0.0
CP-803466,2023-06-01,HW-AC-10120,Butterfly,450.0,450.0,0.0
CP-803467,2023-06-01,HW-AC-10120,Pigeon,450.0,340.0,-24.44
CP-803468,2023-06-01,HW-AC-10120,Stove Kraft,450.0,420.0,-6.67
CP-803469,2023-07-01,HW-AC-10120,TTK Prestige,450.0,500.0,11.11
CP-803470,2023-07-01,HW-AC-10120,Butterfly,450.0,370.0,-17.78
CP-803471,2023-07-01,HW-AC-10120,Pigeon,450.0,370.0,-17.78
CP-803472,2023-07-01,HW-AC-10120,Stove Kraft,450.0,440.0,-2.22
CP-803473,2023-08-01,HW-AC-10120,TTK Prestige,450.0,480.0,6.67
CP-803474,2023-08-01,HW-AC-10120,Butterfly,450.0,360.0,-20.0
CP-803475,2023-08-01,HW-AC-10120,Pigeon,450.0,320.0,-28.89
CP-803476,2023-08-01,HW-AC-10120,Stove Kraft,450.0,480.0,6.67
CP-803477,2023-09-01,HW-AC-10120,TTK Prestige,450.0,510.0,13.33
CP-803478,2023-09-01,HW-AC-10120,Butterfly,450.0,380.0,-15.56
CP-803479,2023-09-01,HW-AC-10120,Pigeon,450.0,380.0,-15.56
CP-803480,2023-09-01,HW-AC-10120,Stove Kraft,450.0,410.0,-8.89
CP-803481,2023-10-01,HW-AC-10120,TTK Prestige,450.0,480.0,6.67
CP-803482,2023-10-01,HW-AC-10120,Butterfly,450.0,340.0,-24.44
CP-803483,2023-10-01,HW-AC-10120,Pigeon,450.0,340.0,-24.44
CP-803484,2023-10-01,HW-AC-10120,Stove Kraft,450.0,390.0,-13.33
CP-803485,2023-11-01,HW-AC-10120,TTK Prestige,450.0,500.0,11.11
CP-803486,2023-11-01,HW-AC-10120,Butterfly,450.0,410.0,-8.89
CP-803487,2023-11-01,HW-AC-10120,Pigeon,450.0,380.0,-15.56
CP-803488,2023-11-01,HW-AC-10120,Stove Kraft,450.0,400.0,-11.11
CP-803489,2023-12-01,HW-AC-10120,TTK Prestige,450.0,510.0,13.33
CP-803490,2023-12-01,HW-AC-10120,Butterfly,450.0,420.0,-6.67
CP-803491,2023-12-01,HW-AC-10120,Pigeon,450.0,350.0,-22.22
CP-803492,2023-12-01,HW-AC-10120,Stove Kraft,450.0,370.0,-17.78
CP-803493,2024-01-01,HW-AC-10120,TTK Prestige,450.0,460.0,2.22
CP-803494,2024-01-01,HW-AC-10120,Butterfly,450.0,430.0,-4.44
CP-803495,2024-01-01,HW-AC-10120,Pigeon,450.0,340.0,-24.44
CP-803496,2024-01-01,HW-AC-10120,Stove Kraft,450.0,390.0,-13.33
CP-803497,2024-02-01,HW-AC-10120,TTK Prestige,450.0,460.0,2.22
CP-803498,2024-02-01,HW-AC-10120,Butterfly,450.0,410.0,-8.89
CP-803499,2024-02-01,HW-AC-10120,Pigeon,450.0,360.0,-20.0
CP-803500,2024-02-01,HW-AC-10120,Stove Kraft,450.0,450.0,0.0
CP-803501,2024-03-01,HW-AC-10120,TTK Prestige,450.0,480.0,6.67
CP-803502,2024-03-01,HW-AC-10120,Butterfly,450.0,440.0,-2.22
CP-803503,2024-03-01,HW-AC-10120,Pigeon,450.0,360.0,-20.0
CP-803504,2024-03-01,HW-AC-10120,Stove Kraft,450.0,430.0,-4.44
CP-803505,2024-04-01,HW-AC-10120,TTK Prestige,450.0,470.0,4.44
CP-803506,2024-04-01,HW-AC-10120,Butterfly,450.0,430.0,-4.44
CP-803507,2024-04-01,HW-AC-10120,Pigeon,450.0,400.0,-11.11
CP-803508,2024-04-01,HW-AC-10120,Stove Kraft,450.0,450.0,0.0
CP-803509,2024-05-01,HW-AC-10120,TTK Prestige,450.0,490.0,8.89
CP-803510,2024-05-01,HW-AC-10120,Butterfly,450.0,430.0,-4.44
CP-803511,2024-05-01,HW-AC-10120,Pigeon,450.0,370.0,-17.78
CP-803512,2024-05-01,HW-AC-10120,Stove Kraft,450.0,450.0,0.0
CP-803513,2024-06-01,HW-AC-10120,TTK Prestige,450.0,470.0,4.44
CP-803514,2024-06-01,HW-AC-10120,Butterfly,450.0,410.0,-8.89
CP-803515,2024-06-01,HW-AC-10120,Pigeon,450.0,380.0,-15.56
CP-803516,2024-06-01,HW-AC-10120,Stove Kraft,450.0,390.0,-13.33
CP-803517,2024-07-01,HW-AC-10120,TTK Prestige,450.0,510.0,13.33
CP-803518,2024-07-01,HW-AC-10120,Butterfly,450.0,420.0,-6.67
CP-803519,2024-07-01,HW-AC-10120,Pigeon,450.0,370.0,-17.78
CP-803520,2024-07-01,HW-AC-10120,Stove Kraft,450.0,410.0,-8.89
CP-803521,2024-08-01,HW-AC-10120,TTK Prestige,450.0,490.0,8.89
CP-803522,2024-08-01,HW-AC-10120,Butterfly,450.0,400.0,-11.11
CP-803523,2024-08-01,HW-AC-10120,Pigeon,450.0,370.0,-17.78
CP-803524,2024-08-01,HW-AC-10120,Stove Kraft,450.0,430.0,-4.44
CP-803525,2024-09-01,HW-AC-10120,TTK Prestige,450.0,490.0,8.89
CP-803526,2024-09-01,HW-AC-10120,Butterfly,450.0,450.0,0.0
CP-803527,2024-09-01,HW-AC-10120,Pigeon,450.0,380.0,-15.56
CP-803528,2024-09-01,HW-AC-10120,Stove Kraft,450.0,440.0,-2.22
CP-803529,2024-10-01,HW-AC-10120,TTK Prestige,450.0,480.0,6.67
CP-803530,2024-10-01,HW-AC-10120,Butterfly,450.0,420.0,-6.67
CP-803531,2024-10-01,HW-AC-10120,Pigeon,450.0,370.0,-17.78
CP-803532,2024-10-01,HW-AC-10120,Stove Kraft,450.0,410.0,-8.89
CP-803533,2024-11-01,HW-AC-10120,TTK Prestige,450.0,500.0,11.11
CP-803534,2024-11-01,HW-AC-10120,Butterfly,450.0,430.0,-4.44
CP-803535,2024-11-01,HW-AC-10120,Pigeon,450.0,390.0,-13.33
CP-803536,2024-11-01,HW-AC-10120,Stove Kraft,450.0,490.0,8.89
CP-803537,2024-12-01,HW-AC-10120,TTK Prestige,450.0,510.0,13.33
CP-803538,2024-12-01,HW-AC-10120,Butterfly,450.0,390.0,-13.33
CP-803539,2024-12-01,HW-AC-10120,Pigeon,450.0,380.0,-15.56
CP-803540,2024-12-01,HW-AC-10120,Stove Kraft,450.0,400.0,-11.11
CP-803541,2025-01-01,HW-AC-10120,TTK Prestige,450.0,490.0,8.89
CP-803542,2025-01-01,HW-AC-10120,Butterfly,450.0,380.0,-15.56
CP-803543,2025-01-01,HW-AC-10120,Pigeon,450.0,380.0,-15.56
CP-803544,2025-01-01,HW-AC-10120,Stove Kraft,450.0,430.0,-4.44
CP-803545,2025-02-01,HW-AC-10120,TTK Prestige,450.0,500.0,11.11
CP-803546,2025-02-01,HW-AC-10120,Butterfly,450.0,450.0,0.0
CP-803547,2025-02-01,HW-AC-10120,Pigeon,450.0,370.0,-17.78
CP-803548,2025-02-01,HW-AC-10120,Stove Kraft,450.0,420.0,-6.67
CP-803549,2025-03-01,HW-AC-10120,TTK Prestige,450.0,520.0,15.56
CP-803550,2025-03-01,HW-AC-10120,Butterfly,450.0,420.0,-6.67
CP-803551,2025-03-01,HW-AC-10120,Pigeon,450.0,370.0,-17.78
CP-803552,2025-03-01,HW-AC-10120,Stove Kraft,450.0,480.0,6.67
CP-803553,2025-04-01,HW-AC-10120,TTK Prestige,450.0,490.0,8.89
CP-803554,2025-04-01,HW-AC-10120,Butterfly,450.0,410.0,-8.89
CP-803555,2025-04-01,HW-AC-10120,Pigeon,450.0,390.0,-13.33
CP-803556,2025-04-01,HW-AC-10120,Stove Kraft,450.0,430.0,-4.44
CP-803557,2025-05-01,HW-AC-10120,TTK Prestige,450.0,520.0,15.56
CP-803558,2025-05-01,HW-AC-10120,Butterfly,450.0,460.0,2.22
CP-803559,2025-05-01,HW-AC-10120,Pigeon,450.0,360.0,-20.0
CP-803560,2025-05-01,HW-AC-10120,Stove Kraft,450.0,460.0,2.22
CP-803561,2025-06-01,HW-AC-10120,TTK Prestige,450.0,500.0,11.11
CP-803562,2025-06-01,HW-AC-10120,Butterfly,450.0,470.0,4.44
CP-803563,2025-06-01,HW-AC-10120,Pigeon,450.0,360.0,-20.0
CP-803564,2025-06-01,HW-AC-10120,Stove Kraft,450.0,480.0,6.67
CP-803565,2025-07-01,HW-AC-10120,TTK Prestige,450.0,540.0,20.0
CP-803566,2025-07-01,HW-AC-10120,Butterfly,450.0,450.0,0.0
CP-803567,2025-07-01,HW-AC-10120,Pigeon,450.0,380.0,-15.56
CP-803568,2025-07-01,HW-AC-10120,Stove Kraft,450.0,470.0,4.44
CP-803569,2025-08-01,HW-AC-10120,TTK Prestige,450.0,530.0,17.78
CP-803570,2025-08-01,HW-AC-10120,Butterfly,450.0,440.0,-2.22
CP-803571,2025-08-01,HW-AC-10120,Pigeon,450.0,370.0,-17.78
CP-803572,2025-08-01,HW-AC-10120,Stove Kraft,450.0,450.0,0.0
CP-803573,2025-09-01,HW-AC-10120,TTK Prestige,450.0,510.0,13.33
CP-803574,2025-09-01,HW-AC-10120,Butterfly,450.0,460.0,2.22
CP-803575,2025-09-01,HW-AC-10120,Pigeon,450.0,390.0,-13.33
CP-803576,2025-09-01,HW-AC-10120,Stove Kraft,450.0,520.0,15.56
CP-803577,2025-10-01,HW-AC-10120,TTK Prestige,450.0,510.0,13.33
CP-803578,2025-10-01,HW-AC-10120,Butterfly,450.0,460.0,2.22
CP-803579,2025-10-01,HW-AC-10120,Pigeon,450.0,360.0,-20.0
CP-803580,2025-10-01,HW-AC-10120,Stove Kraft,450.0,470.0,4.44
CP-803581,2025-11-01,HW-AC-10120,TTK Prestige,450.0,550.0,22.22
CP-803582,2025-11-01,HW-AC-10120,Butterfly,450.0,400.0,-11.11
CP-803583,2025-11-01,HW-AC-10120,Pigeon,450.0,370.0,-17.78
CP-803584,2025-11-01,HW-AC-10120,Stove Kraft,450.0,450.0,0.0
CP-803585,2025-12-01,HW-AC-10120,TTK Prestige,450.0,550.0,22.22
CP-803586,2025-12-01,HW-AC-10120,Butterfly,450.0,430.0,-4.44
CP-803587,2025-12-01,HW-AC-10120,Pigeon,450.0,360.0,-20.0
CP-803588,2025-12-01,HW-AC-10120,Stove Kraft,450.0,480.0,6.67
CP-803589,2026-01-01,HW-AC-10120,TTK Prestige,450.0,500.0,11.11
CP-803590,2026-01-01,HW-AC-10120,Butterfly,450.0,420.0,-6.67
CP-803591,2026-01-01,HW-AC-10120,Pigeon,450.0,420.0,-6.67
CP-803592,2026-01-01,HW-AC-10120,Stove Kraft,450.0,470.0,4.44
CP-803593,2026-02-01,HW-AC-10120,TTK Prestige,450.0,520.0,15.56
CP-803594,2026-02-01,HW-AC-10120,Butterfly,450.0,420.0,-6.67
CP-803595,2026-02-01,HW-AC-10120,Pigeon,450.0,350.0,-22.22
CP-803596,2026-02-01,HW-AC-10120,Stove Kraft,450.0,440.0,-2.22
CP-803597,2026-03-01,HW-AC-10120,TTK Prestige,450.0,560.0,24.44
CP-803598,2026-03-01,HW-AC-10120,Butterfly,450.0,460.0,2.22
CP-803599,2026-03-01,HW-AC-10120,Pigeon,450.0,370.0,-17.78
CP-803600,2026-03-01,HW-AC-10120,Stove Kraft,450.0,440.0,-2.22
CP-803601,2023-04-01,HW-AC-10121,TTK Prestige,340.0,360.0,5.88
CP-803602,2023-04-01,HW-AC-10121,Butterfly,340.0,330.0,-2.94
CP-803603,2023-04-01,HW-AC-10121,Pigeon,340.0,280.0,-17.65
CP-803604,2023-04-01,HW-AC-10121,Stove Kraft,340.0,310.0,-8.82
CP-803605,2023-05-01,HW-AC-10121,TTK Prestige,340.0,370.0,8.82
CP-803606,2023-05-01,HW-AC-10121,Butterfly,340.0,320.0,-5.88
CP-803607,2023-05-01,HW-AC-10121,Pigeon,340.0,270.0,-20.59
CP-803608,2023-05-01,HW-AC-10121,Stove Kraft,340.0,300.0,-11.76
CP-803609,2023-06-01,HW-AC-10121,TTK Prestige,340.0,380.0,11.76
CP-803610,2023-06-01,HW-AC-10121,Butterfly,340.0,280.0,-17.65
CP-803611,2023-06-01,HW-AC-10121,Pigeon,340.0,260.0,-23.53
CP-803612,2023-06-01,HW-AC-10121,Stove Kraft,340.0,310.0,-8.82
CP-803613,2023-07-01,HW-AC-10121,TTK Prestige,340.0,370.0,8.82
CP-803614,2023-07-01,HW-AC-10121,Butterfly,340.0,310.0,-8.82
CP-803615,2023-07-01,HW-AC-10121,Pigeon,340.0,280.0,-17.65
CP-803616,2023-07-01,HW-AC-10121,Stove Kraft,340.0,320.0,-5.88
CP-803617,2023-08-01,HW-AC-10121,TTK Prestige,340.0,360.0,5.88
CP-803618,2023-08-01,HW-AC-10121,Butterfly,340.0,330.0,-2.94
CP-803619,2023-08-01,HW-AC-10121,Pigeon,340.0,250.0,-26.47
CP-803620,2023-08-01,HW-AC-10121,Stove Kraft,340.0,350.0,2.94
CP-803621,2023-09-01,HW-AC-10121,TTK Prestige,340.0,360.0,5.88
CP-803622,2023-09-01,HW-AC-10121,Butterfly,340.0,310.0,-8.82
CP-803623,2023-09-01,HW-AC-10121,Pigeon,340.0,280.0,-17.65
CP-803624,2023-09-01,HW-AC-10121,Stove Kraft,340.0,330.0,-2.94
CP-803625,2023-10-01,HW-AC-10121,TTK Prestige,340.0,360.0,5.88
CP-803626,2023-10-01,HW-AC-10121,Butterfly,340.0,300.0,-11.76
CP-803627,2023-10-01,HW-AC-10121,Pigeon,340.0,280.0,-17.65
CP-803628,2023-10-01,HW-AC-10121,Stove Kraft,340.0,340.0,0.0
CP-803629,2023-11-01,HW-AC-10121,TTK Prestige,340.0,370.0,8.82
CP-803630,2023-11-01,HW-AC-10121,Butterfly,340.0,280.0,-17.65
CP-803631,2023-11-01,HW-AC-10121,Pigeon,340.0,300.0,-11.76
CP-803632,2023-11-01,HW-AC-10121,Stove Kraft,340.0,310.0,-8.82
CP-803633,2023-12-01,HW-AC-10121,TTK Prestige,340.0,380.0,11.76
CP-803634,2023-12-01,HW-AC-10121,Butterfly,340.0,290.0,-14.71
CP-803635,2023-12-01,HW-AC-10121,Pigeon,340.0,270.0,-20.59
CP-803636,2023-12-01,HW-AC-10121,Stove Kraft,340.0,310.0,-8.82
CP-803637,2024-01-01,HW-AC-10121,TTK Prestige,340.0,380.0,11.76
CP-803638,2024-01-01,HW-AC-10121,Butterfly,340.0,310.0,-8.82
CP-803639,2024-01-01,HW-AC-10121,Pigeon,340.0,260.0,-23.53
CP-803640,2024-01-01,HW-AC-10121,Stove Kraft,340.0,310.0,-8.82
CP-803641,2024-02-01,HW-AC-10121,TTK Prestige,340.0,380.0,11.76
CP-803642,2024-02-01,HW-AC-10121,Butterfly,340.0,320.0,-5.88
CP-803643,2024-02-01,HW-AC-10121,Pigeon,340.0,230.0,-32.35
CP-803644,2024-02-01,HW-AC-10121,Stove Kraft,340.0,320.0,-5.88
CP-803645,2024-03-01,HW-AC-10121,TTK Prestige,340.0,350.0,2.94
CP-803646,2024-03-01,HW-AC-10121,Butterfly,340.0,330.0,-2.94
CP-803647,2024-03-01,HW-AC-10121,Pigeon,340.0,280.0,-17.65
CP-803648,2024-03-01,HW-AC-10121,Stove Kraft,340.0,300.0,-11.76
CP-803649,2024-04-01,HW-AC-10121,TTK Prestige,340.0,350.0,2.94
CP-803650,2024-04-01,HW-AC-10121,Butterfly,340.0,330.0,-2.94
CP-803651,2024-04-01,HW-AC-10121,Pigeon,340.0,270.0,-20.59
CP-803652,2024-04-01,HW-AC-10121,Stove Kraft,340.0,330.0,-2.94
CP-803653,2024-05-01,HW-AC-10121,TTK Prestige,340.0,390.0,14.71
CP-803654,2024-05-01,HW-AC-10121,Butterfly,340.0,310.0,-8.82
CP-803655,2024-05-01,HW-AC-10121,Pigeon,340.0,250.0,-26.47
CP-803656,2024-05-01,HW-AC-10121,Stove Kraft,340.0,290.0,-14.71
CP-803657,2024-06-01,HW-AC-10121,TTK Prestige,340.0,350.0,2.94
CP-803658,2024-06-01,HW-AC-10121,Butterfly,340.0,290.0,-14.71
CP-803659,2024-06-01,HW-AC-10121,Pigeon,340.0,320.0,-5.88
CP-803660,2024-06-01,HW-AC-10121,Stove Kraft,340.0,300.0,-11.76
CP-803661,2024-07-01,HW-AC-10121,TTK Prestige,340.0,340.0,0.0
CP-803662,2024-07-01,HW-AC-10121,Butterfly,340.0,290.0,-14.71
CP-803663,2024-07-01,HW-AC-10121,Pigeon,340.0,280.0,-17.65
CP-803664,2024-07-01,HW-AC-10121,Stove Kraft,340.0,300.0,-11.76
CP-803665,2024-08-01,HW-AC-10121,TTK Prestige,340.0,400.0,17.65
CP-803666,2024-08-01,HW-AC-10121,Butterfly,340.0,300.0,-11.76
CP-803667,2024-08-01,HW-AC-10121,Pigeon,340.0,310.0,-8.82
CP-803668,2024-08-01,HW-AC-10121,Stove Kraft,340.0,300.0,-11.76
CP-803669,2024-09-01,HW-AC-10121,TTK Prestige,340.0,370.0,8.82
CP-803670,2024-09-01,HW-AC-10121,Butterfly,340.0,300.0,-11.76
CP-803671,2024-09-01,HW-AC-10121,Pigeon,340.0,260.0,-23.53
CP-803672,2024-09-01,HW-AC-10121,Stove Kraft,340.0,330.0,-2.94
CP-803673,2024-10-01,HW-AC-10121,TTK Prestige,340.0,390.0,14.71
CP-803674,2024-10-01,HW-AC-10121,Butterfly,340.0,330.0,-2.94
CP-803675,2024-10-01,HW-AC-10121,Pigeon,340.0,310.0,-8.82
CP-803676,2024-10-01,HW-AC-10121,Stove Kraft,340.0,290.0,-14.71
CP-803677,2024-11-01,HW-AC-10121,TTK Prestige,340.0,360.0,5.88
CP-803678,2024-11-01,HW-AC-10121,Butterfly,340.0,280.0,-17.65
CP-803679,2024-11-01,HW-AC-10121,Pigeon,340.0,260.0,-23.53
CP-803680,2024-11-01,HW-AC-10121,Stove Kraft,340.0,320.0,-5.88
CP-803681,2024-12-01,HW-AC-10121,TTK Prestige,340.0,390.0,14.71
CP-803682,2024-12-01,HW-AC-10121,Butterfly,340.0,310.0,-8.82
CP-803683,2024-12-01,HW-AC-10121,Pigeon,340.0,280.0,-17.65
CP-803684,2024-12-01,HW-AC-10121,Stove Kraft,340.0,300.0,-11.76
CP-803685,2025-01-01,HW-AC-10121,TTK Prestige,340.0,380.0,11.76
CP-803686,2025-01-01,HW-AC-10121,Butterfly,340.0,310.0,-8.82
CP-803687,2025-01-01,HW-AC-10121,Pigeon,340.0,280.0,-17.65
CP-803688,2025-01-01,HW-AC-10121,Stove Kraft,340.0,340.0,0.0
CP-803689,2025-02-01,HW-AC-10121,TTK Prestige,340.0,370.0,8.82
CP-803690,2025-02-01,HW-AC-10121,Butterfly,340.0,320.0,-5.88
CP-803691,2025-02-01,HW-AC-10121,Pigeon,340.0,280.0,-17.65
CP-803692,2025-02-01,HW-AC-10121,Stove Kraft,340.0,350.0,2.94
CP-803693,2025-03-01,HW-AC-10121,TTK Prestige,340.0,380.0,11.76
CP-803694,2025-03-01,HW-AC-10121,Butterfly,340.0,310.0,-8.82
CP-803695,2025-03-01,HW-AC-10121,Pigeon,340.0,290.0,-14.71
CP-803696,2025-03-01,HW-AC-10121,Stove Kraft,340.0,320.0,-5.88
CP-803697,2025-04-01,HW-AC-10121,TTK Prestige,340.0,380.0,11.76
CP-803698,2025-04-01,HW-AC-10121,Butterfly,340.0,330.0,-2.94
CP-803699,2025-04-01,HW-AC-10121,Pigeon,340.0,280.0,-17.65
CP-803700,2025-04-01,HW-AC-10121,Stove Kraft,340.0,320.0,-5.88
CP-803701,2025-05-01,HW-AC-10121,TTK Prestige,340.0,360.0,5.88
CP-803702,2025-05-01,HW-AC-10121,Butterfly,340.0,360.0,5.88
CP-803703,2025-05-01,HW-AC-10121,Pigeon,340.0,290.0,-14.71
CP-803704,2025-05-01,HW-AC-10121,Stove Kraft,340.0,380.0,11.76
CP-803705,2025-06-01,HW-AC-10121,TTK Prestige,340.0,370.0,8.82
CP-803706,2025-06-01,HW-AC-10121,Butterfly,340.0,300.0,-11.76
CP-803707,2025-06-01,HW-AC-10121,Pigeon,340.0,300.0,-11.76
CP-803708,2025-06-01,HW-AC-10121,Stove Kraft,340.0,350.0,2.94
CP-803709,2025-07-01,HW-AC-10121,TTK Prestige,340.0,400.0,17.65
CP-803710,2025-07-01,HW-AC-10121,Butterfly,340.0,330.0,-2.94
CP-803711,2025-07-01,HW-AC-10121,Pigeon,340.0,260.0,-23.53
CP-803712,2025-07-01,HW-AC-10121,Stove Kraft,340.0,330.0,-2.94
CP-803713,2025-08-01,HW-AC-10121,TTK Prestige,340.0,370.0,8.82
CP-803714,2025-08-01,HW-AC-10121,Butterfly,340.0,340.0,0.0
CP-803715,2025-08-01,HW-AC-10121,Pigeon,340.0,300.0,-11.76
CP-803716,2025-08-01,HW-AC-10121,Stove Kraft,340.0,340.0,0.0
CP-803717,2025-09-01,HW-AC-10121,TTK Prestige,340.0,410.0,20.59
CP-803718,2025-09-01,HW-AC-10121,Butterfly,340.0,320.0,-5.88
CP-803719,2025-09-01,HW-AC-10121,Pigeon,340.0,290.0,-14.71
CP-803720,2025-09-01,HW-AC-10121,Stove Kraft,340.0,320.0,-5.88
CP-803721,2025-10-01,HW-AC-10121,TTK Prestige,340.0,390.0,14.71
CP-803722,2025-10-01,HW-AC-10121,Butterfly,340.0,340.0,0.0
CP-803723,2025-10-01,HW-AC-10121,Pigeon,340.0,290.0,-14.71
CP-803724,2025-10-01,HW-AC-10121,Stove Kraft,340.0,360.0,5.88
CP-803725,2025-11-01,HW-AC-10121,TTK Prestige,340.0,400.0,17.65
CP-803726,2025-11-01,HW-AC-10121,Butterfly,340.0,310.0,-8.82
CP-803727,2025-11-01,HW-AC-10121,Pigeon,340.0,270.0,-20.59
CP-803728,2025-11-01,HW-AC-10121,Stove Kraft,340.0,350.0,2.94
CP-803729,2025-12-01,HW-AC-10121,TTK Prestige,340.0,400.0,17.65
CP-803730,2025-12-01,HW-AC-10121,Butterfly,340.0,350.0,2.94
CP-803731,2025-12-01,HW-AC-10121,Pigeon,340.0,290.0,-14.71
CP-803732,2025-12-01,HW-AC-10121,Stove Kraft,340.0,360.0,5.88
CP-803733,2026-01-01,HW-AC-10121,TTK Prestige,340.0,380.0,11.76
CP-803734,2026-01-01,HW-AC-10121,Butterfly,340.0,320.0,-5.88
CP-803735,2026-01-01,HW-AC-10121,Pigeon,340.0,250.0,-26.47
CP-803736,2026-01-01,HW-AC-10121,Stove Kraft,340.0,330.0,-2.94
CP-803737,2026-02-01,HW-AC-10121,TTK Prestige,340.0,400.0,17.65
CP-803738,2026-02-01,HW-AC-10121,Butterfly,340.0,340.0,0.0
CP-803739,2026-02-01,HW-AC-10121,Pigeon,340.0,290.0,-14.71
CP-803740,2026-02-01,HW-AC-10121,Stove Kraft,340.0,300.0,-11.76
CP-803741,2026-03-01,HW-AC-10121,TTK Prestige,340.0,410.0,20.59
CP-803742,2026-03-01,HW-AC-10121,Butterfly,340.0,360.0,5.88
CP-803743,2026-03-01,HW-AC-10121,Pigeon,340.0,300.0,-11.76
CP-803744,2026-03-01,HW-AC-10121,Stove Kraft,340.0,360.0,5.88
CP-803745,2023-04-01,HW-AC-10122,TTK Prestige,280.0,290.0,3.57
CP-803746,2023-04-01,HW-AC-10122,Butterfly,280.0,240.0,-14.29
CP-803747,2023-04-01,HW-AC-10122,Pigeon,280.0,210.0,-25.0
CP-803748,2023-04-01,HW-AC-10122,Stove Kraft,280.0,270.0,-3.57
CP-803749,2023-05-01,HW-AC-10122,TTK Prestige,280.0,300.0,7.14
CP-803750,2023-05-01,HW-AC-10122,Butterfly,280.0,260.0,-7.14
CP-803751,2023-05-01,HW-AC-10122,Pigeon,280.0,230.0,-17.86
CP-803752,2023-05-01,HW-AC-10122,Stove Kraft,280.0,250.0,-10.71
CP-803753,2023-06-01,HW-AC-10122,TTK Prestige,280.0,300.0,7.14
CP-803754,2023-06-01,HW-AC-10122,Butterfly,280.0,260.0,-7.14
CP-803755,2023-06-01,HW-AC-10122,Pigeon,280.0,220.0,-21.43
CP-803756,2023-06-01,HW-AC-10122,Stove Kraft,280.0,240.0,-14.29
CP-803757,2023-07-01,HW-AC-10122,TTK Prestige,280.0,300.0,7.14
CP-803758,2023-07-01,HW-AC-10122,Butterfly,280.0,260.0,-7.14
CP-803759,2023-07-01,HW-AC-10122,Pigeon,280.0,220.0,-21.43
CP-803760,2023-07-01,HW-AC-10122,Stove Kraft,280.0,240.0,-14.29
CP-803761,2023-08-01,HW-AC-10122,TTK Prestige,280.0,300.0,7.14
CP-803762,2023-08-01,HW-AC-10122,Butterfly,280.0,220.0,-21.43
CP-803763,2023-08-01,HW-AC-10122,Pigeon,280.0,210.0,-25.0
CP-803764,2023-08-01,HW-AC-10122,Stove Kraft,280.0,250.0,-10.71
CP-803765,2023-09-01,HW-AC-10122,TTK Prestige,280.0,310.0,10.71
CP-803766,2023-09-01,HW-AC-10122,Butterfly,280.0,250.0,-10.71
CP-803767,2023-09-01,HW-AC-10122,Pigeon,280.0,220.0,-21.43
CP-803768,2023-09-01,HW-AC-10122,Stove Kraft,280.0,230.0,-17.86
CP-803769,2023-10-01,HW-AC-10122,TTK Prestige,280.0,290.0,3.57
CP-803770,2023-10-01,HW-AC-10122,Butterfly,280.0,270.0,-3.57
CP-803771,2023-10-01,HW-AC-10122,Pigeon,280.0,230.0,-17.86
CP-803772,2023-10-01,HW-AC-10122,Stove Kraft,280.0,250.0,-10.71
CP-803773,2023-11-01,HW-AC-10122,TTK Prestige,280.0,340.0,21.43
CP-803774,2023-11-01,HW-AC-10122,Butterfly,280.0,270.0,-3.57
CP-803775,2023-11-01,HW-AC-10122,Pigeon,280.0,220.0,-21.43
CP-803776,2023-11-01,HW-AC-10122,Stove Kraft,280.0,290.0,3.57
CP-803777,2023-12-01,HW-AC-10122,TTK Prestige,280.0,280.0,0.0
CP-803778,2023-12-01,HW-AC-10122,Butterfly,280.0,220.0,-21.43
CP-803779,2023-12-01,HW-AC-10122,Pigeon,280.0,220.0,-21.43
CP-803780,2023-12-01,HW-AC-10122,Stove Kraft,280.0,250.0,-10.71
CP-803781,2024-01-01,HW-AC-10122,TTK Prestige,280.0,280.0,0.0
CP-803782,2024-01-01,HW-AC-10122,Butterfly,280.0,240.0,-14.29
CP-803783,2024-01-01,HW-AC-10122,Pigeon,280.0,200.0,-28.57
CP-803784,2024-01-01,HW-AC-10122,Stove Kraft,280.0,240.0,-14.29
CP-803785,2024-02-01,HW-AC-10122,TTK Prestige,280.0,320.0,14.29
CP-803786,2024-02-01,HW-AC-10122,Butterfly,280.0,250.0,-10.71
CP-803787,2024-02-01,HW-AC-10122,Pigeon,280.0,240.0,-14.29
CP-803788,2024-02-01,HW-AC-10122,Stove Kraft,280.0,280.0,0.0
CP-803789,2024-03-01,HW-AC-10122,TTK Prestige,280.0,300.0,7.14
CP-803790,2024-03-01,HW-AC-10122,Butterfly,280.0,210.0,-25.0
CP-803791,2024-03-01,HW-AC-10122,Pigeon,280.0,230.0,-17.86
CP-803792,2024-03-01,HW-AC-10122,Stove Kraft,280.0,250.0,-10.71
CP-803793,2024-04-01,HW-AC-10122,TTK Prestige,280.0,300.0,7.14
CP-803794,2024-04-01,HW-AC-10122,Butterfly,280.0,260.0,-7.14
CP-803795,2024-04-01,HW-AC-10122,Pigeon,280.0,220.0,-21.43
CP-803796,2024-04-01,HW-AC-10122,Stove Kraft,280.0,270.0,-3.57
CP-803797,2024-05-01,HW-AC-10122,TTK Prestige,280.0,310.0,10.71
CP-803798,2024-05-01,HW-AC-10122,Butterfly,280.0,270.0,-3.57
CP-803799,2024-05-01,HW-AC-10122,Pigeon,280.0,250.0,-10.71
CP-803800,2024-05-01,HW-AC-10122,Stove Kraft,280.0,270.0,-3.57
CP-803801,2024-06-01,HW-AC-10122,TTK Prestige,280.0,320.0,14.29
CP-803802,2024-06-01,HW-AC-10122,Butterfly,280.0,270.0,-3.57
CP-803803,2024-06-01,HW-AC-10122,Pigeon,280.0,240.0,-14.29
CP-803804,2024-06-01,HW-AC-10122,Stove Kraft,280.0,310.0,10.71
CP-803805,2024-07-01,HW-AC-10122,TTK Prestige,280.0,310.0,10.71
CP-803806,2024-07-01,HW-AC-10122,Butterfly,280.0,250.0,-10.71
CP-803807,2024-07-01,HW-AC-10122,Pigeon,280.0,240.0,-14.29
CP-803808,2024-07-01,HW-AC-10122,Stove Kraft,280.0,210.0,-25.0
CP-803809,2024-08-01,HW-AC-10122,TTK Prestige,280.0,310.0,10.71
CP-803810,2024-08-01,HW-AC-10122,Butterfly,280.0,260.0,-7.14
CP-803811,2024-08-01,HW-AC-10122,Pigeon,280.0,230.0,-17.86
CP-803812,2024-08-01,HW-AC-10122,Stove Kraft,280.0,270.0,-3.57
CP-803813,2024-09-01,HW-AC-10122,TTK Prestige,280.0,310.0,10.71
CP-803814,2024-09-01,HW-AC-10122,Butterfly,280.0,300.0,7.14
CP-803815,2024-09-01,HW-AC-10122,Pigeon,280.0,230.0,-17.86
CP-803816,2024-09-01,HW-AC-10122,Stove Kraft,280.0,300.0,7.14
CP-803817,2024-10-01,HW-AC-10122,TTK Prestige,280.0,320.0,14.29
CP-803818,2024-10-01,HW-AC-10122,Butterfly,280.0,280.0,0.0
CP-803819,2024-10-01,HW-AC-10122,Pigeon,280.0,230.0,-17.86
CP-803820,2024-10-01,HW-AC-10122,Stove Kraft,280.0,290.0,3.57
CP-803821,2024-11-01,HW-AC-10122,TTK Prestige,280.0,320.0,14.29
CP-803822,2024-11-01,HW-AC-10122,Butterfly,280.0,260.0,-7.14
CP-803823,2024-11-01,HW-AC-10122,Pigeon,280.0,240.0,-14.29
CP-803824,2024-11-01,HW-AC-10122,Stove Kraft,280.0,250.0,-10.71
CP-803825,2024-12-01,HW-AC-10122,TTK Prestige,280.0,320.0,14.29
CP-803826,2024-12-01,HW-AC-10122,Butterfly,280.0,280.0,0.0
CP-803827,2024-12-01,HW-AC-10122,Pigeon,280.0,230.0,-17.86
CP-803828,2024-12-01,HW-AC-10122,Stove Kraft,280.0,290.0,3.57
CP-803829,2025-01-01,HW-AC-10122,TTK Prestige,280.0,300.0,7.14
CP-803830,2025-01-01,HW-AC-10122,Butterfly,280.0,260.0,-7.14
CP-803831,2025-01-01,HW-AC-10122,Pigeon,280.0,220.0,-21.43
CP-803832,2025-01-01,HW-AC-10122,Stove Kraft,280.0,270.0,-3.57
CP-803833,2025-02-01,HW-AC-10122,TTK Prestige,280.0,300.0,7.14
CP-803834,2025-02-01,HW-AC-10122,Butterfly,280.0,250.0,-10.71
CP-803835,2025-02-01,HW-AC-10122,Pigeon,280.0,230.0,-17.86
CP-803836,2025-02-01,HW-AC-10122,Stove Kraft,280.0,270.0,-3.57
CP-803837,2025-03-01,HW-AC-10122,TTK Prestige,280.0,300.0,7.14
CP-803838,2025-03-01,HW-AC-10122,Butterfly,280.0,280.0,0.0
CP-803839,2025-03-01,HW-AC-10122,Pigeon,280.0,240.0,-14.29
CP-803840,2025-03-01,HW-AC-10122,Stove Kraft,280.0,270.0,-3.57
CP-803841,2025-04-01,HW-AC-10122,TTK Prestige,280.0,300.0,7.14
CP-803842,2025-04-01,HW-AC-10122,Butterfly,280.0,270.0,-3.57
CP-803843,2025-04-01,HW-AC-10122,Pigeon,280.0,250.0,-10.71
CP-803844,2025-04-01,HW-AC-10122,Stove Kraft,280.0,260.0,-7.14
CP-803845,2025-05-01,HW-AC-10122,TTK Prestige,280.0,310.0,10.71
CP-803846,2025-05-01,HW-AC-10122,Butterfly,280.0,290.0,3.57
CP-803847,2025-05-01,HW-AC-10122,Pigeon,280.0,230.0,-17.86
CP-803848,2025-05-01,HW-AC-10122,Stove Kraft,280.0,270.0,-3.57
CP-803849,2025-06-01,HW-AC-10122,TTK Prestige,280.0,310.0,10.71
CP-803850,2025-06-01,HW-AC-10122,Butterfly,280.0,250.0,-10.71
CP-803851,2025-06-01,HW-AC-10122,Pigeon,280.0,240.0,-14.29
CP-803852,2025-06-01,HW-AC-10122,Stove Kraft,280.0,270.0,-3.57
CP-803853,2025-07-01,HW-AC-10122,TTK Prestige,280.0,320.0,14.29
CP-803854,2025-07-01,HW-AC-10122,Butterfly,280.0,270.0,-3.57
CP-803855,2025-07-01,HW-AC-10122,Pigeon,280.0,240.0,-14.29
CP-803856,2025-07-01,HW-AC-10122,Stove Kraft,280.0,300.0,7.14
CP-803857,2025-08-01,HW-AC-10122,TTK Prestige,280.0,300.0,7.14
CP-803858,2025-08-01,HW-AC-10122,Butterfly,280.0,280.0,0.0
CP-803859,2025-08-01,HW-AC-10122,Pigeon,280.0,230.0,-17.86
CP-803860,2025-08-01,HW-AC-10122,Stove Kraft,280.0,280.0,0.0
CP-803861,2025-09-01,HW-AC-10122,TTK Prestige,280.0,310.0,10.71
CP-803862,2025-09-01,HW-AC-10122,Butterfly,280.0,290.0,3.57
CP-803863,2025-09-01,HW-AC-10122,Pigeon,280.0,230.0,-17.86
CP-803864,2025-09-01,HW-AC-10122,Stove Kraft,280.0,270.0,-3.57
CP-803865,2025-10-01,HW-AC-10122,TTK Prestige,280.0,320.0,14.29
CP-803866,2025-10-01,HW-AC-10122,Butterfly,280.0,260.0,-7.14
CP-803867,2025-10-01,HW-AC-10122,Pigeon,280.0,240.0,-14.29
CP-803868,2025-10-01,HW-AC-10122,Stove Kraft,280.0,300.0,7.14
CP-803869,2025-11-01,HW-AC-10122,TTK Prestige,280.0,310.0,10.71
CP-803870,2025-11-01,HW-AC-10122,Butterfly,280.0,260.0,-7.14
CP-803871,2025-11-01,HW-AC-10122,Pigeon,280.0,240.0,-14.29
CP-803872,2025-11-01,HW-AC-10122,Stove Kraft,280.0,300.0,7.14
CP-803873,2025-12-01,HW-AC-10122,TTK Prestige,280.0,310.0,10.71
CP-803874,2025-12-01,HW-AC-10122,Butterfly,280.0,270.0,-3.57
CP-803875,2025-12-01,HW-AC-10122,Pigeon,280.0,240.0,-14.29
CP-803876,2025-12-01,HW-AC-10122,Stove Kraft,280.0,260.0,-7.14
CP-803877,2026-01-01,HW-AC-10122,TTK Prestige,280.0,330.0,17.86
CP-803878,2026-01-01,HW-AC-10122,Butterfly,280.0,250.0,-10.71
CP-803879,2026-01-01,HW-AC-10122,Pigeon,280.0,250.0,-10.71
CP-803880,2026-01-01,HW-AC-10122,Stove Kraft,280.0,270.0,-3.57
CP-803881,2026-02-01,HW-AC-10122,TTK Prestige,280.0,360.0,28.57
CP-803882,2026-02-01,HW-AC-10122,Butterfly,280.0,260.0,-7.14
CP-803883,2026-02-01,HW-AC-10122,Pigeon,280.0,250.0,-10.71
CP-803884,2026-02-01,HW-AC-10122,Stove Kraft,280.0,270.0,-3.57
CP-803885,2026-03-01,HW-AC-10122,TTK Prestige,280.0,330.0,17.86
CP-803886,2026-03-01,HW-AC-10122,Butterfly,280.0,290.0,3.57
CP-803887,2026-03-01,HW-AC-10122,Pigeon,280.0,260.0,-7.14
CP-803888,2026-03-01,HW-AC-10122,Stove Kraft,280.0,270.0,-3.57
CP-803889,2023-04-01,HW-AC-10123,TTK Prestige,150.0,160.0,6.67
CP-803890,2023-04-01,HW-AC-10123,Butterfly,150.0,130.0,-13.33
CP-803891,2023-04-01,HW-AC-10123,Pigeon,150.0,110.0,-26.67
CP-803892,2023-04-01,HW-AC-10123,Stove Kraft,150.0,140.0,-6.67
CP-803893,2023-05-01,HW-AC-10123,TTK Prestige,150.0,160.0,6.67
CP-803894,2023-05-01,HW-AC-10123,Butterfly,150.0,140.0,-6.67
CP-803895,2023-05-01,HW-AC-10123,Pigeon,150.0,120.0,-20.0
CP-803896,2023-05-01,HW-AC-10123,Stove Kraft,150.0,130.0,-13.33
CP-803897,2023-06-01,HW-AC-10123,TTK Prestige,150.0,150.0,0.0
CP-803898,2023-06-01,HW-AC-10123,Butterfly,150.0,120.0,-20.0
CP-803899,2023-06-01,HW-AC-10123,Pigeon,150.0,120.0,-20.0
CP-803900,2023-06-01,HW-AC-10123,Stove Kraft,150.0,150.0,0.0
CP-803901,2023-07-01,HW-AC-10123,TTK Prestige,150.0,160.0,6.67
CP-803902,2023-07-01,HW-AC-10123,Butterfly,150.0,140.0,-6.67
CP-803903,2023-07-01,HW-AC-10123,Pigeon,150.0,120.0,-20.0
CP-803904,2023-07-01,HW-AC-10123,Stove Kraft,150.0,150.0,0.0
CP-803905,2023-08-01,HW-AC-10123,TTK Prestige,150.0,160.0,6.67
CP-803906,2023-08-01,HW-AC-10123,Butterfly,150.0,130.0,-13.33
CP-803907,2023-08-01,HW-AC-10123,Pigeon,150.0,120.0,-20.0
CP-803908,2023-08-01,HW-AC-10123,Stove Kraft,150.0,140.0,-6.67
CP-803909,2023-09-01,HW-AC-10123,TTK Prestige,150.0,160.0,6.67
CP-803910,2023-09-01,HW-AC-10123,Butterfly,150.0,150.0,0.0
CP-803911,2023-09-01,HW-AC-10123,Pigeon,150.0,120.0,-20.0
CP-803912,2023-09-01,HW-AC-10123,Stove Kraft,150.0,130.0,-13.33
CP-803913,2023-10-01,HW-AC-10123,TTK Prestige,150.0,150.0,0.0
CP-803914,2023-10-01,HW-AC-10123,Butterfly,150.0,130.0,-13.33
CP-803915,2023-10-01,HW-AC-10123,Pigeon,150.0,120.0,-20.0
CP-803916,2023-10-01,HW-AC-10123,Stove Kraft,150.0,150.0,0.0
CP-803917,2023-11-01,HW-AC-10123,TTK Prestige,150.0,140.0,-6.67
CP-803918,2023-11-01,HW-AC-10123,Butterfly,150.0,130.0,-13.33
CP-803919,2023-11-01,HW-AC-10123,Pigeon,150.0,120.0,-20.0
CP-803920,2023-11-01,HW-AC-10123,Stove Kraft,150.0,150.0,0.0
CP-803921,2023-12-01,HW-AC-10123,TTK Prestige,150.0,170.0,13.33
CP-803922,2023-12-01,HW-AC-10123,Butterfly,150.0,140.0,-6.67
CP-803923,2023-12-01,HW-AC-10123,Pigeon,150.0,120.0,-20.0
CP-803924,2023-12-01,HW-AC-10123,Stove Kraft,150.0,130.0,-13.33
CP-803925,2024-01-01,HW-AC-10123,TTK Prestige,150.0,160.0,6.67
CP-803926,2024-01-01,HW-AC-10123,Butterfly,150.0,150.0,0.0
CP-803927,2024-01-01,HW-AC-10123,Pigeon,150.0,110.0,-26.67
CP-803928,2024-01-01,HW-AC-10123,Stove Kraft,150.0,150.0,0.0
CP-803929,2024-02-01,HW-AC-10123,TTK Prestige,150.0,160.0,6.67
CP-803930,2024-02-01,HW-AC-10123,Butterfly,150.0,150.0,0.0
CP-803931,2024-02-01,HW-AC-10123,Pigeon,150.0,120.0,-20.0
CP-803932,2024-02-01,HW-AC-10123,Stove Kraft,150.0,160.0,6.67
CP-803933,2024-03-01,HW-AC-10123,TTK Prestige,150.0,150.0,0.0
CP-803934,2024-03-01,HW-AC-10123,Butterfly,150.0,130.0,-13.33
CP-803935,2024-03-01,HW-AC-10123,Pigeon,150.0,120.0,-20.0
CP-803936,2024-03-01,HW-AC-10123,Stove Kraft,150.0,140.0,-6.67
CP-803937,2024-04-01,HW-AC-10123,TTK Prestige,150.0,160.0,6.67
CP-803938,2024-04-01,HW-AC-10123,Butterfly,150.0,140.0,-6.67
CP-803939,2024-04-01,HW-AC-10123,Pigeon,150.0,120.0,-20.0
CP-803940,2024-04-01,HW-AC-10123,Stove Kraft,150.0,150.0,0.0
CP-803941,2024-05-01,HW-AC-10123,TTK Prestige,150.0,170.0,13.33
CP-803942,2024-05-01,HW-AC-10123,Butterfly,150.0,110.0,-26.67
CP-803943,2024-05-01,HW-AC-10123,Pigeon,150.0,120.0,-20.0
CP-803944,2024-05-01,HW-AC-10123,Stove Kraft,150.0,140.0,-6.67
CP-803945,2024-06-01,HW-AC-10123,TTK Prestige,150.0,160.0,6.67
CP-803946,2024-06-01,HW-AC-10123,Butterfly,150.0,150.0,0.0
CP-803947,2024-06-01,HW-AC-10123,Pigeon,150.0,120.0,-20.0
CP-803948,2024-06-01,HW-AC-10123,Stove Kraft,150.0,160.0,6.67
CP-803949,2024-07-01,HW-AC-10123,TTK Prestige,150.0,170.0,13.33
CP-803950,2024-07-01,HW-AC-10123,Butterfly,150.0,130.0,-13.33
CP-803951,2024-07-01,HW-AC-10123,Pigeon,150.0,120.0,-20.0
CP-803952,2024-07-01,HW-AC-10123,Stove Kraft,150.0,140.0,-6.67
CP-803953,2024-08-01,HW-AC-10123,TTK Prestige,150.0,170.0,13.33
CP-803954,2024-08-01,HW-AC-10123,Butterfly,150.0,150.0,0.0
CP-803955,2024-08-01,HW-AC-10123,Pigeon,150.0,120.0,-20.0
CP-803956,2024-08-01,HW-AC-10123,Stove Kraft,150.0,110.0,-26.67
CP-803957,2024-09-01,HW-AC-10123,TTK Prestige,150.0,180.0,20.0
CP-803958,2024-09-01,HW-AC-10123,Butterfly,150.0,140.0,-6.67
CP-803959,2024-09-01,HW-AC-10123,Pigeon,150.0,110.0,-26.67
CP-803960,2024-09-01,HW-AC-10123,Stove Kraft,150.0,140.0,-6.67
CP-803961,2024-10-01,HW-AC-10123,TTK Prestige,150.0,160.0,6.67
CP-803962,2024-10-01,HW-AC-10123,Butterfly,150.0,140.0,-6.67
CP-803963,2024-10-01,HW-AC-10123,Pigeon,150.0,120.0,-20.0
CP-803964,2024-10-01,HW-AC-10123,Stove Kraft,150.0,140.0,-6.67
CP-803965,2024-11-01,HW-AC-10123,TTK Prestige,150.0,160.0,6.67
CP-803966,2024-11-01,HW-AC-10123,Butterfly,150.0,140.0,-6.67
CP-803967,2024-11-01,HW-AC-10123,Pigeon,150.0,120.0,-20.0
CP-803968,2024-11-01,HW-AC-10123,Stove Kraft,150.0,140.0,-6.67
CP-803969,2024-12-01,HW-AC-10123,TTK Prestige,150.0,180.0,20.0
CP-803970,2024-12-01,HW-AC-10123,Butterfly,150.0,130.0,-13.33
CP-803971,2024-12-01,HW-AC-10123,Pigeon,150.0,120.0,-20.0
CP-803972,2024-12-01,HW-AC-10123,Stove Kraft,150.0,120.0,-20.0
CP-803973,2025-01-01,HW-AC-10123,TTK Prestige,150.0,160.0,6.67
CP-803974,2025-01-01,HW-AC-10123,Butterfly,150.0,140.0,-6.67
CP-803975,2025-01-01,HW-AC-10123,Pigeon,150.0,130.0,-13.33
CP-803976,2025-01-01,HW-AC-10123,Stove Kraft,150.0,140.0,-6.67
CP-803977,2025-02-01,HW-AC-10123,TTK Prestige,150.0,170.0,13.33
CP-803978,2025-02-01,HW-AC-10123,Butterfly,150.0,140.0,-6.67
CP-803979,2025-02-01,HW-AC-10123,Pigeon,150.0,120.0,-20.0
CP-803980,2025-02-01,HW-AC-10123,Stove Kraft,150.0,150.0,0.0
CP-803981,2025-03-01,HW-AC-10123,TTK Prestige,150.0,170.0,13.33
CP-803982,2025-03-01,HW-AC-10123,Butterfly,150.0,150.0,0.0
CP-803983,2025-03-01,HW-AC-10123,Pigeon,150.0,130.0,-13.33
CP-803984,2025-03-01,HW-AC-10123,Stove Kraft,150.0,140.0,-6.67
CP-803985,2025-04-01,HW-AC-10123,TTK Prestige,150.0,170.0,13.33
CP-803986,2025-04-01,HW-AC-10123,Butterfly,150.0,140.0,-6.67
CP-803987,2025-04-01,HW-AC-10123,Pigeon,150.0,120.0,-20.0
CP-803988,2025-04-01,HW-AC-10123,Stove Kraft,150.0,130.0,-13.33
CP-803989,2025-05-01,HW-AC-10123,TTK Prestige,150.0,170.0,13.33
CP-803990,2025-05-01,HW-AC-10123,Butterfly,150.0,130.0,-13.33
CP-803991,2025-05-01,HW-AC-10123,Pigeon,150.0,130.0,-13.33
CP-803992,2025-05-01,HW-AC-10123,Stove Kraft,150.0,150.0,0.0
CP-803993,2025-06-01,HW-AC-10123,TTK Prestige,150.0,170.0,13.33
CP-803994,2025-06-01,HW-AC-10123,Butterfly,150.0,130.0,-13.33
CP-803995,2025-06-01,HW-AC-10123,Pigeon,150.0,120.0,-20.0
CP-803996,2025-06-01,HW-AC-10123,Stove Kraft,150.0,140.0,-6.67
CP-803997,2025-07-01,HW-AC-10123,TTK Prestige,150.0,180.0,20.0
CP-803998,2025-07-01,HW-AC-10123,Butterfly,150.0,140.0,-6.67
CP-803999,2025-07-01,HW-AC-10123,Pigeon,150.0,120.0,-20.0
CP-804000,2025-07-01,HW-AC-10123,Stove Kraft,150.0,170.0,13.33
CP-804001,2025-08-01,HW-AC-10123,TTK Prestige,150.0,180.0,20.0
CP-804002,2025-08-01,HW-AC-10123,Butterfly,150.0,130.0,-13.33
CP-804003,2025-08-01,HW-AC-10123,Pigeon,150.0,120.0,-20.0
CP-804004,2025-08-01,HW-AC-10123,Stove Kraft,150.0,140.0,-6.67
CP-804005,2025-09-01,HW-AC-10123,TTK Prestige,150.0,170.0,13.33
CP-804006,2025-09-01,HW-AC-10123,Butterfly,150.0,150.0,0.0
CP-804007,2025-09-01,HW-AC-10123,Pigeon,150.0,120.0,-20.0
CP-804008,2025-09-01,HW-AC-10123,Stove Kraft,150.0,150.0,0.0
CP-804009,2025-10-01,HW-AC-10123,TTK Prestige,150.0,180.0,20.0
CP-804010,2025-10-01,HW-AC-10123,Butterfly,150.0,150.0,0.0
CP-804011,2025-10-01,HW-AC-10123,Pigeon,150.0,130.0,-13.33
CP-804012,2025-10-01,HW-AC-10123,Stove Kraft,150.0,160.0,6.67
CP-804013,2025-11-01,HW-AC-10123,TTK Prestige,150.0,160.0,6.67
CP-804014,2025-11-01,HW-AC-10123,Butterfly,150.0,140.0,-6.67
CP-804015,2025-11-01,HW-AC-10123,Pigeon,150.0,120.0,-20.0
CP-804016,2025-11-01,HW-AC-10123,Stove Kraft,150.0,150.0,0.0
CP-804017,2025-12-01,HW-AC-10123,TTK Prestige,150.0,170.0,13.33
CP-804018,2025-12-01,HW-AC-10123,Butterfly,150.0,150.0,0.0
CP-804019,2025-12-01,HW-AC-10123,Pigeon,150.0,120.0,-20.0
CP-804020,2025-12-01,HW-AC-10123,Stove Kraft,150.0,160.0,6.67
CP-804021,2026-01-01,HW-AC-10123,TTK Prestige,150.0,170.0,13.33
CP-804022,2026-01-01,HW-AC-10123,Butterfly,150.0,160.0,6.67
CP-804023,2026-01-01,HW-AC-10123,Pigeon,150.0,130.0,-13.33
CP-804024,2026-01-01,HW-AC-10123,Stove Kraft,150.0,150.0,0.0
CP-804025,2026-02-01,HW-AC-10123,TTK Prestige,150.0,170.0,13.33
CP-804026,2026-02-01,HW-AC-10123,Butterfly,150.0,140.0,-6.67
CP-804027,2026-02-01,HW-AC-10123,Pigeon,150.0,130.0,-13.33
CP-804028,2026-02-01,HW-AC-10123,Stove Kraft,150.0,150.0,0.0
CP-804029,2026-03-01,HW-AC-10123,TTK Prestige,150.0,170.0,13.33
CP-804030,2026-03-01,HW-AC-10123,Butterfly,150.0,140.0,-6.67
CP-804031,2026-03-01,HW-AC-10123,Pigeon,150.0,120.0,-20.0
CP-804032,2026-03-01,HW-AC-10123,Stove Kraft,150.0,160.0,6.67
CP-804033,2023-04-01,HW-PC-10057,TTK Prestige,2630.0,2640.0,0.38
CP-804034,2023-04-01,HW-PC-10057,Butterfly,2630.0,2500.0,-4.94
CP-804035,2023-04-01,HW-PC-10057,Pigeon,2630.0,2120.0,-19.39
CP-804036,2023-04-01,HW-PC-10057,Stove Kraft,2630.0,2190.0,-16.73
CP-804037,2023-05-01,HW-PC-10057,TTK Prestige,2630.0,2820.0,7.22
CP-804038,2023-05-01,HW-PC-10057,Butterfly,2630.0,2210.0,-15.97
CP-804039,2023-05-01,HW-PC-10057,Pigeon,2630.0,1940.0,-26.24
CP-804040,2023-05-01,HW-PC-10057,Stove Kraft,2630.0,2530.0,-3.8
CP-804041,2023-06-01,HW-PC-10057,TTK Prestige,2630.0,2820.0,7.22
CP-804042,2023-06-01,HW-PC-10057,Butterfly,2630.0,2530.0,-3.8
CP-804043,2023-06-01,HW-PC-10057,Pigeon,2630.0,2070.0,-21.29
CP-804044,2023-06-01,HW-PC-10057,Stove Kraft,2630.0,2470.0,-6.08
CP-804045,2023-07-01,HW-PC-10057,TTK Prestige,2630.0,2840.0,7.98
CP-804046,2023-07-01,HW-PC-10057,Butterfly,2630.0,2300.0,-12.55
CP-804047,2023-07-01,HW-PC-10057,Pigeon,2630.0,2150.0,-18.25
CP-804048,2023-07-01,HW-PC-10057,Stove Kraft,2630.0,2320.0,-11.79
CP-804049,2023-08-01,HW-PC-10057,TTK Prestige,2630.0,2690.0,2.28
CP-804050,2023-08-01,HW-PC-10057,Butterfly,2630.0,2360.0,-10.27
CP-804051,2023-08-01,HW-PC-10057,Pigeon,2630.0,2130.0,-19.01
CP-804052,2023-08-01,HW-PC-10057,Stove Kraft,2630.0,2090.0,-20.53
CP-804053,2023-09-01,HW-PC-10057,TTK Prestige,2630.0,2780.0,5.7
CP-804054,2023-09-01,HW-PC-10057,Butterfly,2630.0,2370.0,-9.89
CP-804055,2023-09-01,HW-PC-10057,Pigeon,2630.0,2130.0,-19.01
CP-804056,2023-09-01,HW-PC-10057,Stove Kraft,2630.0,2400.0,-8.75
CP-804057,2023-10-01,HW-PC-10057,TTK Prestige,2630.0,2810.0,6.84
CP-804058,2023-10-01,HW-PC-10057,Butterfly,2630.0,2610.0,-0.76
CP-804059,2023-10-01,HW-PC-10057,Pigeon,2630.0,2200.0,-16.35
CP-804060,2023-10-01,HW-PC-10057,Stove Kraft,2630.0,2210.0,-15.97
CP-804061,2023-11-01,HW-PC-10057,TTK Prestige,2630.0,2710.0,3.04
CP-804062,2023-11-01,HW-PC-10057,Butterfly,2630.0,2480.0,-5.7
CP-804063,2023-11-01,HW-PC-10057,Pigeon,2630.0,2050.0,-22.05
CP-804064,2023-11-01,HW-PC-10057,Stove Kraft,2630.0,2390.0,-9.13
CP-804065,2023-12-01,HW-PC-10057,TTK Prestige,2630.0,2800.0,6.46
CP-804066,2023-12-01,HW-PC-10057,Butterfly,2630.0,2250.0,-14.45
CP-804067,2023-12-01,HW-PC-10057,Pigeon,2630.0,2100.0,-20.15
CP-804068,2023-12-01,HW-PC-10057,Stove Kraft,2630.0,2430.0,-7.6
CP-804069,2024-01-01,HW-PC-10057,TTK Prestige,2630.0,2800.0,6.46
CP-804070,2024-01-01,HW-PC-10057,Butterfly,2630.0,2480.0,-5.7
CP-804071,2024-01-01,HW-PC-10057,Pigeon,2630.0,2370.0,-9.89
CP-804072,2024-01-01,HW-PC-10057,Stove Kraft,2630.0,2470.0,-6.08
CP-804073,2024-02-01,HW-PC-10057,TTK Prestige,2630.0,2950.0,12.17
CP-804074,2024-02-01,HW-PC-10057,Butterfly,2630.0,2340.0,-11.03
CP-804075,2024-02-01,HW-PC-10057,Pigeon,2630.0,2040.0,-22.43
CP-804076,2024-02-01,HW-PC-10057,Stove Kraft,2630.0,2400.0,-8.75
CP-804077,2024-03-01,HW-PC-10057,TTK Prestige,2630.0,2960.0,12.55
CP-804078,2024-03-01,HW-PC-10057,Butterfly,2630.0,2430.0,-7.6
CP-804079,2024-03-01,HW-PC-10057,Pigeon,2630.0,2210.0,-15.97
CP-804080,2024-03-01,HW-PC-10057,Stove Kraft,2630.0,2380.0,-9.51
CP-804081,2024-04-01,HW-PC-10057,TTK Prestige,2630.0,2810.0,6.84
CP-804082,2024-04-01,HW-PC-10057,Butterfly,2630.0,2630.0,0.0
CP-804083,2024-04-01,HW-PC-10057,Pigeon,2630.0,2240.0,-14.83
CP-804084,2024-04-01,HW-PC-10057,Stove Kraft,2630.0,2510.0,-4.56
CP-804085,2024-05-01,HW-PC-10057,TTK Prestige,2630.0,2870.0,9.13
CP-804086,2024-05-01,HW-PC-10057,Butterfly,2630.0,2390.0,-9.13
CP-804087,2024-05-01,HW-PC-10057,Pigeon,2630.0,2110.0,-19.77
CP-804088,2024-05-01,HW-PC-10057,Stove Kraft,2630.0,2560.0,-2.66
CP-804089,2024-06-01,HW-PC-10057,TTK Prestige,2630.0,3070.0,16.73
CP-804090,2024-06-01,HW-PC-10057,Butterfly,2630.0,2520.0,-4.18
CP-804091,2024-06-01,HW-PC-10057,Pigeon,2630.0,2080.0,-20.91
CP-804092,2024-06-01,HW-PC-10057,Stove Kraft,2630.0,2410.0,-8.37
CP-804093,2024-07-01,HW-PC-10057,TTK Prestige,2630.0,2880.0,9.51
CP-804094,2024-07-01,HW-PC-10057,Butterfly,2630.0,2410.0,-8.37
CP-804095,2024-07-01,HW-PC-10057,Pigeon,2630.0,2190.0,-16.73
CP-804096,2024-07-01,HW-PC-10057,Stove Kraft,2630.0,3060.0,16.35
CP-804097,2024-08-01,HW-PC-10057,TTK Prestige,2630.0,2940.0,11.79
CP-804098,2024-08-01,HW-PC-10057,Butterfly,2630.0,2510.0,-4.56
CP-804099,2024-08-01,HW-PC-10057,Pigeon,2630.0,2100.0,-20.15
CP-804100,2024-08-01,HW-PC-10057,Stove Kraft,2630.0,2410.0,-8.37
CP-804101,2024-09-01,HW-PC-10057,TTK Prestige,2630.0,2850.0,8.37
CP-804102,2024-09-01,HW-PC-10057,Butterfly,2630.0,2420.0,-7.98
CP-804103,2024-09-01,HW-PC-10057,Pigeon,2630.0,2130.0,-19.01
CP-804104,2024-09-01,HW-PC-10057,Stove Kraft,2630.0,2710.0,3.04
CP-804105,2024-10-01,HW-PC-10057,TTK Prestige,2630.0,3000.0,14.07
CP-804106,2024-10-01,HW-PC-10057,Butterfly,2630.0,2260.0,-14.07
CP-804107,2024-10-01,HW-PC-10057,Pigeon,2630.0,2300.0,-12.55
CP-804108,2024-10-01,HW-PC-10057,Stove Kraft,2630.0,2580.0,-1.9
CP-804109,2024-11-01,HW-PC-10057,TTK Prestige,2630.0,2800.0,6.46
CP-804110,2024-11-01,HW-PC-10057,Butterfly,2630.0,2320.0,-11.79
CP-804111,2024-11-01,HW-PC-10057,Pigeon,2630.0,2230.0,-15.21
CP-804112,2024-11-01,HW-PC-10057,Stove Kraft,2630.0,2650.0,0.76
CP-804113,2024-12-01,HW-PC-10057,TTK Prestige,2630.0,3010.0,14.45
CP-804114,2024-12-01,HW-PC-10057,Butterfly,2630.0,2870.0,9.13
CP-804115,2024-12-01,HW-PC-10057,Pigeon,2630.0,2100.0,-20.15
CP-804116,2024-12-01,HW-PC-10057,Stove Kraft,2630.0,2350.0,-10.65
CP-804117,2025-01-01,HW-PC-10057,TTK Prestige,2630.0,2970.0,12.93
CP-804118,2025-01-01,HW-PC-10057,Butterfly,2630.0,2580.0,-1.9
CP-804119,2025-01-01,HW-PC-10057,Pigeon,2630.0,2410.0,-8.37
CP-804120,2025-01-01,HW-PC-10057,Stove Kraft,2630.0,2500.0,-4.94
CP-804121,2025-02-01,HW-PC-10057,TTK Prestige,2630.0,3110.0,18.25
CP-804122,2025-02-01,HW-PC-10057,Butterfly,2630.0,2470.0,-6.08
CP-804123,2025-02-01,HW-PC-10057,Pigeon,2630.0,2240.0,-14.83
CP-804124,2025-02-01,HW-PC-10057,Stove Kraft,2630.0,2900.0,10.27
CP-804125,2025-03-01,HW-PC-10057,TTK Prestige,2630.0,2880.0,9.51
CP-804126,2025-03-01,HW-PC-10057,Butterfly,2630.0,2570.0,-2.28
CP-804127,2025-03-01,HW-PC-10057,Pigeon,2630.0,2120.0,-19.39
CP-804128,2025-03-01,HW-PC-10057,Stove Kraft,2630.0,2770.0,5.32
CP-804129,2025-04-01,HW-PC-10057,TTK Prestige,2630.0,3040.0,15.59
CP-804130,2025-04-01,HW-PC-10057,Butterfly,2630.0,2610.0,-0.76
CP-804131,2025-04-01,HW-PC-10057,Pigeon,2630.0,2310.0,-12.17
CP-804132,2025-04-01,HW-PC-10057,Stove Kraft,2630.0,2150.0,-18.25
CP-804133,2025-05-01,HW-PC-10057,TTK Prestige,2630.0,2970.0,12.93
CP-804134,2025-05-01,HW-PC-10057,Butterfly,2630.0,2500.0,-4.94
CP-804135,2025-05-01,HW-PC-10057,Pigeon,2630.0,2160.0,-17.87
CP-804136,2025-05-01,HW-PC-10057,Stove Kraft,2630.0,2480.0,-5.7
CP-804137,2025-06-01,HW-PC-10057,TTK Prestige,2630.0,2840.0,7.98
CP-804138,2025-06-01,HW-PC-10057,Butterfly,2630.0,2490.0,-5.32
CP-804139,2025-06-01,HW-PC-10057,Pigeon,2630.0,2340.0,-11.03
CP-804140,2025-06-01,HW-PC-10057,Stove Kraft,2630.0,2660.0,1.14
CP-804141,2025-07-01,HW-PC-10057,TTK Prestige,2630.0,2910.0,10.65
CP-804142,2025-07-01,HW-PC-10057,Butterfly,2630.0,2540.0,-3.42
CP-804143,2025-07-01,HW-PC-10057,Pigeon,2630.0,2100.0,-20.15
CP-804144,2025-07-01,HW-PC-10057,Stove Kraft,2630.0,2660.0,1.14
CP-804145,2025-08-01,HW-PC-10057,TTK Prestige,2630.0,3270.0,24.33
CP-804146,2025-08-01,HW-PC-10057,Butterfly,2630.0,2710.0,3.04
CP-804147,2025-08-01,HW-PC-10057,Pigeon,2630.0,2150.0,-18.25
CP-804148,2025-08-01,HW-PC-10057,Stove Kraft,2630.0,3020.0,14.83
CP-804149,2025-09-01,HW-PC-10057,TTK Prestige,2630.0,2900.0,10.27
CP-804150,2025-09-01,HW-PC-10057,Butterfly,2630.0,2480.0,-5.7
CP-804151,2025-09-01,HW-PC-10057,Pigeon,2630.0,2280.0,-13.31
CP-804152,2025-09-01,HW-PC-10057,Stove Kraft,2630.0,2840.0,7.98
CP-804153,2025-10-01,HW-PC-10057,TTK Prestige,2630.0,2820.0,7.22
CP-804154,2025-10-01,HW-PC-10057,Butterfly,2630.0,2720.0,3.42
CP-804155,2025-10-01,HW-PC-10057,Pigeon,2630.0,2330.0,-11.41
CP-804156,2025-10-01,HW-PC-10057,Stove Kraft,2630.0,2540.0,-3.42
CP-804157,2025-11-01,HW-PC-10057,TTK Prestige,2630.0,3160.0,20.15
CP-804158,2025-11-01,HW-PC-10057,Butterfly,2630.0,2670.0,1.52
CP-804159,2025-11-01,HW-PC-10057,Pigeon,2630.0,2440.0,-7.22
CP-804160,2025-11-01,HW-PC-10057,Stove Kraft,2630.0,2690.0,2.28
CP-804161,2025-12-01,HW-PC-10057,TTK Prestige,2630.0,3050.0,15.97
CP-804162,2025-12-01,HW-PC-10057,Butterfly,2630.0,2810.0,6.84
CP-804163,2025-12-01,HW-PC-10057,Pigeon,2630.0,2250.0,-14.45
CP-804164,2025-12-01,HW-PC-10057,Stove Kraft,2630.0,2680.0,1.9
CP-804165,2026-01-01,HW-PC-10057,TTK Prestige,2630.0,3010.0,14.45
CP-804166,2026-01-01,HW-PC-10057,Butterfly,2630.0,2420.0,-7.98
CP-804167,2026-01-01,HW-PC-10057,Pigeon,2630.0,2140.0,-18.63
CP-804168,2026-01-01,HW-PC-10057,Stove Kraft,2630.0,2540.0,-3.42
CP-804169,2026-02-01,HW-PC-10057,TTK Prestige,2630.0,3140.0,19.39
CP-804170,2026-02-01,HW-PC-10057,Butterfly,2630.0,2530.0,-3.8
CP-804171,2026-02-01,HW-PC-10057,Pigeon,2630.0,2240.0,-14.83
CP-804172,2026-02-01,HW-PC-10057,Stove Kraft,2630.0,2410.0,-8.37
CP-804173,2026-03-01,HW-PC-10057,TTK Prestige,2630.0,2940.0,11.79
CP-804174,2026-03-01,HW-PC-10057,Butterfly,2630.0,2870.0,9.13
CP-804175,2026-03-01,HW-PC-10057,Pigeon,2630.0,2280.0,-13.31
CP-804176,2026-03-01,HW-PC-10057,Stove Kraft,2630.0,3030.0,15.21
CP-804177,2023-04-01,HW-PC-10058,TTK Prestige,2980.0,3110.0,4.36
CP-804178,2023-04-01,HW-PC-10058,Butterfly,2980.0,2790.0,-6.38
CP-804179,2023-04-01,HW-PC-10058,Pigeon,2980.0,2420.0,-18.79
CP-804180,2023-04-01,HW-PC-10058,Stove Kraft,2980.0,2700.0,-9.4
CP-804181,2023-05-01,HW-PC-10058,TTK Prestige,2980.0,3290.0,10.4
CP-804182,2023-05-01,HW-PC-10058,Butterfly,2980.0,2550.0,-14.43
CP-804183,2023-05-01,HW-PC-10058,Pigeon,2980.0,2400.0,-19.46
CP-804184,2023-05-01,HW-PC-10058,Stove Kraft,2980.0,2670.0,-10.4
CP-804185,2023-06-01,HW-PC-10058,TTK Prestige,2980.0,3090.0,3.69
CP-804186,2023-06-01,HW-PC-10058,Butterfly,2980.0,2540.0,-14.77
CP-804187,2023-06-01,HW-PC-10058,Pigeon,2980.0,2230.0,-25.17
CP-804188,2023-06-01,HW-PC-10058,Stove Kraft,2980.0,2640.0,-11.41
CP-804189,2023-07-01,HW-PC-10058,TTK Prestige,2980.0,2800.0,-6.04
CP-804190,2023-07-01,HW-PC-10058,Butterfly,2980.0,2540.0,-14.77
CP-804191,2023-07-01,HW-PC-10058,Pigeon,2980.0,2550.0,-14.43
CP-804192,2023-07-01,HW-PC-10058,Stove Kraft,2980.0,2480.0,-16.78
CP-804193,2023-08-01,HW-PC-10058,TTK Prestige,2980.0,2990.0,0.34
CP-804194,2023-08-01,HW-PC-10058,Butterfly,2980.0,2290.0,-23.15
CP-804195,2023-08-01,HW-PC-10058,Pigeon,2980.0,2440.0,-18.12
CP-804196,2023-08-01,HW-PC-10058,Stove Kraft,2980.0,2590.0,-13.09
CP-804197,2023-09-01,HW-PC-10058,TTK Prestige,2980.0,3350.0,12.42
CP-804198,2023-09-01,HW-PC-10058,Butterfly,2980.0,2680.0,-10.07
CP-804199,2023-09-01,HW-PC-10058,Pigeon,2980.0,2270.0,-23.83
CP-804200,2023-09-01,HW-PC-10058,Stove Kraft,2980.0,2640.0,-11.41
CP-804201,2023-10-01,HW-PC-10058,TTK Prestige,2980.0,3340.0,12.08
CP-804202,2023-10-01,HW-PC-10058,Butterfly,2980.0,2710.0,-9.06
CP-804203,2023-10-01,HW-PC-10058,Pigeon,2980.0,2350.0,-21.14
CP-804204,2023-10-01,HW-PC-10058,Stove Kraft,2980.0,2780.0,-6.71
CP-804205,2023-11-01,HW-PC-10058,TTK Prestige,2980.0,3140.0,5.37
CP-804206,2023-11-01,HW-PC-10058,Butterfly,2980.0,2530.0,-15.1
CP-804207,2023-11-01,HW-PC-10058,Pigeon,2980.0,2170.0,-27.18
CP-804208,2023-11-01,HW-PC-10058,Stove Kraft,2980.0,2810.0,-5.7
CP-804209,2023-12-01,HW-PC-10058,TTK Prestige,2980.0,3230.0,8.39
CP-804210,2023-12-01,HW-PC-10058,Butterfly,2980.0,2580.0,-13.42
CP-804211,2023-12-01,HW-PC-10058,Pigeon,2980.0,2410.0,-19.13
CP-804212,2023-12-01,HW-PC-10058,Stove Kraft,2980.0,2780.0,-6.71
CP-804213,2024-01-01,HW-PC-10058,TTK Prestige,2980.0,3310.0,11.07
CP-804214,2024-01-01,HW-PC-10058,Butterfly,2980.0,2590.0,-13.09
CP-804215,2024-01-01,HW-PC-10058,Pigeon,2980.0,2280.0,-23.49
CP-804216,2024-01-01,HW-PC-10058,Stove Kraft,2980.0,2790.0,-6.38
CP-804217,2024-02-01,HW-PC-10058,TTK Prestige,2980.0,3320.0,11.41
CP-804218,2024-02-01,HW-PC-10058,Butterfly,2980.0,2620.0,-12.08
CP-804219,2024-02-01,HW-PC-10058,Pigeon,2980.0,2530.0,-15.1
CP-804220,2024-02-01,HW-PC-10058,Stove Kraft,2980.0,2880.0,-3.36
CP-804221,2024-03-01,HW-PC-10058,TTK Prestige,2980.0,3250.0,9.06
CP-804222,2024-03-01,HW-PC-10058,Butterfly,2980.0,2460.0,-17.45
CP-804223,2024-03-01,HW-PC-10058,Pigeon,2980.0,2120.0,-28.86
CP-804224,2024-03-01,HW-PC-10058,Stove Kraft,2980.0,2950.0,-1.01
CP-804225,2024-04-01,HW-PC-10058,TTK Prestige,2980.0,3310.0,11.07
CP-804226,2024-04-01,HW-PC-10058,Butterfly,2980.0,2840.0,-4.7
CP-804227,2024-04-01,HW-PC-10058,Pigeon,2980.0,2400.0,-19.46
CP-804228,2024-04-01,HW-PC-10058,Stove Kraft,2980.0,2520.0,-15.44
CP-804229,2024-05-01,HW-PC-10058,TTK Prestige,2980.0,3450.0,15.77
CP-804230,2024-05-01,HW-PC-10058,Butterfly,2980.0,2760.0,-7.38
CP-804231,2024-05-01,HW-PC-10058,Pigeon,2980.0,2420.0,-18.79
CP-804232,2024-05-01,HW-PC-10058,Stove Kraft,2980.0,3020.0,1.34
CP-804233,2024-06-01,HW-PC-10058,TTK Prestige,2980.0,3330.0,11.74
CP-804234,2024-06-01,HW-PC-10058,Butterfly,2980.0,2370.0,-20.47
CP-804235,2024-06-01,HW-PC-10058,Pigeon,2980.0,2490.0,-16.44
CP-804236,2024-06-01,HW-PC-10058,Stove Kraft,2980.0,2570.0,-13.76
CP-804237,2024-07-01,HW-PC-10058,TTK Prestige,2980.0,3240.0,8.72
CP-804238,2024-07-01,HW-PC-10058,Butterfly,2980.0,2710.0,-9.06
CP-804239,2024-07-01,HW-PC-10058,Pigeon,2980.0,2490.0,-16.44
CP-804240,2024-07-01,HW-PC-10058,Stove Kraft,2980.0,2510.0,-15.77
CP-804241,2024-08-01,HW-PC-10058,TTK Prestige,2980.0,3190.0,7.05
CP-804242,2024-08-01,HW-PC-10058,Butterfly,2980.0,2820.0,-5.37
CP-804243,2024-08-01,HW-PC-10058,Pigeon,2980.0,2130.0,-28.52
CP-804244,2024-08-01,HW-PC-10058,Stove Kraft,2980.0,2780.0,-6.71
CP-804245,2024-09-01,HW-PC-10058,TTK Prestige,2980.0,3220.0,8.05
CP-804246,2024-09-01,HW-PC-10058,Butterfly,2980.0,2650.0,-11.07
CP-804247,2024-09-01,HW-PC-10058,Pigeon,2980.0,2710.0,-9.06
CP-804248,2024-09-01,HW-PC-10058,Stove Kraft,2980.0,3170.0,6.38
CP-804249,2024-10-01,HW-PC-10058,TTK Prestige,2980.0,3170.0,6.38
CP-804250,2024-10-01,HW-PC-10058,Butterfly,2980.0,2730.0,-8.39
CP-804251,2024-10-01,HW-PC-10058,Pigeon,2980.0,2430.0,-18.46
CP-804252,2024-10-01,HW-PC-10058,Stove Kraft,2980.0,2740.0,-8.05
CP-804253,2024-11-01,HW-PC-10058,TTK Prestige,2980.0,3390.0,13.76
CP-804254,2024-11-01,HW-PC-10058,Butterfly,2980.0,2730.0,-8.39
CP-804255,2024-11-01,HW-PC-10058,Pigeon,2980.0,2600.0,-12.75
CP-804256,2024-11-01,HW-PC-10058,Stove Kraft,2980.0,2940.0,-1.34
CP-804257,2024-12-01,HW-PC-10058,TTK Prestige,2980.0,3310.0,11.07
CP-804258,2024-12-01,HW-PC-10058,Butterfly,2980.0,2710.0,-9.06
CP-804259,2024-12-01,HW-PC-10058,Pigeon,2980.0,2540.0,-14.77
CP-804260,2024-12-01,HW-PC-10058,Stove Kraft,2980.0,3000.0,0.67
CP-804261,2025-01-01,HW-PC-10058,TTK Prestige,2980.0,3460.0,16.11
CP-804262,2025-01-01,HW-PC-10058,Butterfly,2980.0,2720.0,-8.72
CP-804263,2025-01-01,HW-PC-10058,Pigeon,2980.0,2230.0,-25.17
CP-804264,2025-01-01,HW-PC-10058,Stove Kraft,2980.0,2770.0,-7.05
CP-804265,2025-02-01,HW-PC-10058,TTK Prestige,2980.0,3490.0,17.11
CP-804266,2025-02-01,HW-PC-10058,Butterfly,2980.0,3080.0,3.36
CP-804267,2025-02-01,HW-PC-10058,Pigeon,2980.0,2560.0,-14.09
CP-804268,2025-02-01,HW-PC-10058,Stove Kraft,2980.0,2750.0,-7.72
CP-804269,2025-03-01,HW-PC-10058,TTK Prestige,2980.0,3250.0,9.06
CP-804270,2025-03-01,HW-PC-10058,Butterfly,2980.0,2650.0,-11.07
CP-804271,2025-03-01,HW-PC-10058,Pigeon,2980.0,2560.0,-14.09
CP-804272,2025-03-01,HW-PC-10058,Stove Kraft,2980.0,2990.0,0.34
CP-804273,2025-04-01,HW-PC-10058,TTK Prestige,2980.0,3340.0,12.08
CP-804274,2025-04-01,HW-PC-10058,Butterfly,2980.0,2820.0,-5.37
CP-804275,2025-04-01,HW-PC-10058,Pigeon,2980.0,2390.0,-19.8
CP-804276,2025-04-01,HW-PC-10058,Stove Kraft,2980.0,2720.0,-8.72
CP-804277,2025-05-01,HW-PC-10058,TTK Prestige,2980.0,3430.0,15.1
CP-804278,2025-05-01,HW-PC-10058,Butterfly,2980.0,2830.0,-5.03
CP-804279,2025-05-01,HW-PC-10058,Pigeon,2980.0,2610.0,-12.42
CP-804280,2025-05-01,HW-PC-10058,Stove Kraft,2980.0,3520.0,18.12
CP-804281,2025-06-01,HW-PC-10058,TTK Prestige,2980.0,3300.0,10.74
CP-804282,2025-06-01,HW-PC-10058,Butterfly,2980.0,2810.0,-5.7
CP-804283,2025-06-01,HW-PC-10058,Pigeon,2980.0,2580.0,-13.42
CP-804284,2025-06-01,HW-PC-10058,Stove Kraft,2980.0,2800.0,-6.04
CP-804285,2025-07-01,HW-PC-10058,TTK Prestige,2980.0,3350.0,12.42
CP-804286,2025-07-01,HW-PC-10058,Butterfly,2980.0,3020.0,1.34
CP-804287,2025-07-01,HW-PC-10058,Pigeon,2980.0,2430.0,-18.46
CP-804288,2025-07-01,HW-PC-10058,Stove Kraft,2980.0,2730.0,-8.39
CP-804289,2025-08-01,HW-PC-10058,TTK Prestige,2980.0,3550.0,19.13
CP-804290,2025-08-01,HW-PC-10058,Butterfly,2980.0,2620.0,-12.08
CP-804291,2025-08-01,HW-PC-10058,Pigeon,2980.0,2450.0,-17.79
CP-804292,2025-08-01,HW-PC-10058,Stove Kraft,2980.0,3050.0,2.35
CP-804293,2025-09-01,HW-PC-10058,TTK Prestige,2980.0,3380.0,13.42
CP-804294,2025-09-01,HW-PC-10058,Butterfly,2980.0,2930.0,-1.68
CP-804295,2025-09-01,HW-PC-10058,Pigeon,2980.0,2560.0,-14.09
CP-804296,2025-09-01,HW-PC-10058,Stove Kraft,2980.0,2840.0,-4.7
CP-804297,2025-10-01,HW-PC-10058,TTK Prestige,2980.0,3260.0,9.4
CP-804298,2025-10-01,HW-PC-10058,Butterfly,2980.0,3230.0,8.39
CP-804299,2025-10-01,HW-PC-10058,Pigeon,2980.0,2560.0,-14.09
CP-804300,2025-10-01,HW-PC-10058,Stove Kraft,2980.0,3350.0,12.42
CP-804301,2025-11-01,HW-PC-10058,TTK Prestige,2980.0,3450.0,15.77
CP-804302,2025-11-01,HW-PC-10058,Butterfly,2980.0,2860.0,-4.03
CP-804303,2025-11-01,HW-PC-10058,Pigeon,2980.0,2630.0,-11.74
CP-804304,2025-11-01,HW-PC-10058,Stove Kraft,2980.0,3190.0,7.05
CP-804305,2025-12-01,HW-PC-10058,TTK Prestige,2980.0,3540.0,18.79
CP-804306,2025-12-01,HW-PC-10058,Butterfly,2980.0,2970.0,-0.34
CP-804307,2025-12-01,HW-PC-10058,Pigeon,2980.0,2470.0,-17.11
CP-804308,2025-12-01,HW-PC-10058,Stove Kraft,2980.0,2840.0,-4.7
CP-804309,2026-01-01,HW-PC-10058,TTK Prestige,2980.0,3400.0,14.09
CP-804310,2026-01-01,HW-PC-10058,Butterfly,2980.0,3170.0,6.38
CP-804311,2026-01-01,HW-PC-10058,Pigeon,2980.0,2540.0,-14.77
CP-804312,2026-01-01,HW-PC-10058,Stove Kraft,2980.0,3350.0,12.42
CP-804313,2026-02-01,HW-PC-10058,TTK Prestige,2980.0,3330.0,11.74
CP-804314,2026-02-01,HW-PC-10058,Butterfly,2980.0,3150.0,5.7
CP-804315,2026-02-01,HW-PC-10058,Pigeon,2980.0,2640.0,-11.41
CP-804316,2026-02-01,HW-PC-10058,Stove Kraft,2980.0,3070.0,3.02
CP-804317,2026-03-01,HW-PC-10058,TTK Prestige,2980.0,3470.0,16.44
CP-804318,2026-03-01,HW-PC-10058,Butterfly,2980.0,2760.0,-7.38
CP-804319,2026-03-01,HW-PC-10058,Pigeon,2980.0,2550.0,-14.43
CP-804320,2026-03-01,HW-PC-10058,Stove Kraft,2980.0,2990.0,0.34
CP-804321,2023-04-01,HW-PC-10059,TTK Prestige,3330.0,3540.0,6.31
CP-804322,2023-04-01,HW-PC-10059,Butterfly,3330.0,2590.0,-22.22
CP-804323,2023-04-01,HW-PC-10059,Pigeon,3330.0,2780.0,-16.52
CP-804324,2023-04-01,HW-PC-10059,Stove Kraft,3330.0,2950.0,-11.41
CP-804325,2023-05-01,HW-PC-10059,TTK Prestige,3330.0,3560.0,6.91
CP-804326,2023-05-01,HW-PC-10059,Butterfly,3330.0,2770.0,-16.82
CP-804327,2023-05-01,HW-PC-10059,Pigeon,3330.0,2750.0,-17.42
CP-804328,2023-05-01,HW-PC-10059,Stove Kraft,3330.0,3310.0,-0.6
CP-804329,2023-06-01,HW-PC-10059,TTK Prestige,3330.0,3520.0,5.71
CP-804330,2023-06-01,HW-PC-10059,Butterfly,3330.0,3080.0,-7.51
CP-804331,2023-06-01,HW-PC-10059,Pigeon,3330.0,2520.0,-24.32
CP-804332,2023-06-01,HW-PC-10059,Stove Kraft,3330.0,3070.0,-7.81
CP-804333,2023-07-01,HW-PC-10059,TTK Prestige,3330.0,3420.0,2.7
CP-804334,2023-07-01,HW-PC-10059,Butterfly,3330.0,2990.0,-10.21
CP-804335,2023-07-01,HW-PC-10059,Pigeon,3330.0,2690.0,-19.22
CP-804336,2023-07-01,HW-PC-10059,Stove Kraft,3330.0,2910.0,-12.61
CP-804337,2023-08-01,HW-PC-10059,TTK Prestige,3330.0,3530.0,6.01
CP-804338,2023-08-01,HW-PC-10059,Butterfly,3330.0,2910.0,-12.61
CP-804339,2023-08-01,HW-PC-10059,Pigeon,3330.0,2710.0,-18.62
CP-804340,2023-08-01,HW-PC-10059,Stove Kraft,3330.0,3100.0,-6.91
CP-804341,2023-09-01,HW-PC-10059,TTK Prestige,3330.0,3680.0,10.51
CP-804342,2023-09-01,HW-PC-10059,Butterfly,3330.0,3110.0,-6.61
CP-804343,2023-09-01,HW-PC-10059,Pigeon,3330.0,2740.0,-17.72
CP-804344,2023-09-01,HW-PC-10059,Stove Kraft,3330.0,2790.0,-16.22
CP-804345,2023-10-01,HW-PC-10059,TTK Prestige,3330.0,3510.0,5.41
CP-804346,2023-10-01,HW-PC-10059,Butterfly,3330.0,3160.0,-5.11
CP-804347,2023-10-01,HW-PC-10059,Pigeon,3330.0,2460.0,-26.13
CP-804348,2023-10-01,HW-PC-10059,Stove Kraft,3330.0,3300.0,-0.9
CP-804349,2023-11-01,HW-PC-10059,TTK Prestige,3330.0,3510.0,5.41
CP-804350,2023-11-01,HW-PC-10059,Butterfly,3330.0,2950.0,-11.41
CP-804351,2023-11-01,HW-PC-10059,Pigeon,3330.0,2560.0,-23.12
CP-804352,2023-11-01,HW-PC-10059,Stove Kraft,3330.0,2900.0,-12.91
CP-804353,2023-12-01,HW-PC-10059,TTK Prestige,3330.0,3600.0,8.11
CP-804354,2023-12-01,HW-PC-10059,Butterfly,3330.0,3010.0,-9.61
CP-804355,2023-12-01,HW-PC-10059,Pigeon,3330.0,2630.0,-21.02
CP-804356,2023-12-01,HW-PC-10059,Stove Kraft,3330.0,3250.0,-2.4
CP-804357,2024-01-01,HW-PC-10059,TTK Prestige,3330.0,3310.0,-0.6
CP-804358,2024-01-01,HW-PC-10059,Butterfly,3330.0,3220.0,-3.3
CP-804359,2024-01-01,HW-PC-10059,Pigeon,3330.0,2770.0,-16.82
CP-804360,2024-01-01,HW-PC-10059,Stove Kraft,3330.0,2830.0,-15.02
CP-804361,2024-02-01,HW-PC-10059,TTK Prestige,3330.0,3430.0,3.0
CP-804362,2024-02-01,HW-PC-10059,Butterfly,3330.0,3060.0,-8.11
CP-804363,2024-02-01,HW-PC-10059,Pigeon,3330.0,2730.0,-18.02
CP-804364,2024-02-01,HW-PC-10059,Stove Kraft,3330.0,3110.0,-6.61
CP-804365,2024-03-01,HW-PC-10059,TTK Prestige,3330.0,3770.0,13.21
CP-804366,2024-03-01,HW-PC-10059,Butterfly,3330.0,2920.0,-12.31
CP-804367,2024-03-01,HW-PC-10059,Pigeon,3330.0,2630.0,-21.02
CP-804368,2024-03-01,HW-PC-10059,Stove Kraft,3330.0,3130.0,-6.01
CP-804369,2024-04-01,HW-PC-10059,TTK Prestige,3330.0,3720.0,11.71
CP-804370,2024-04-01,HW-PC-10059,Butterfly,3330.0,3290.0,-1.2
CP-804371,2024-04-01,HW-PC-10059,Pigeon,3330.0,2470.0,-25.83
CP-804372,2024-04-01,HW-PC-10059,Stove Kraft,3330.0,2870.0,-13.81
CP-804373,2024-05-01,HW-PC-10059,TTK Prestige,3330.0,3960.0,18.92
CP-804374,2024-05-01,HW-PC-10059,Butterfly,3330.0,3260.0,-2.1
CP-804375,2024-05-01,HW-PC-10059,Pigeon,3330.0,2600.0,-21.92
CP-804376,2024-05-01,HW-PC-10059,Stove Kraft,3330.0,3000.0,-9.91
CP-804377,2024-06-01,HW-PC-10059,TTK Prestige,3330.0,3420.0,2.7
CP-804378,2024-06-01,HW-PC-10059,Butterfly,3330.0,3050.0,-8.41
CP-804379,2024-06-01,HW-PC-10059,Pigeon,3330.0,2760.0,-17.12
CP-804380,2024-06-01,HW-PC-10059,Stove Kraft,3330.0,3540.0,6.31
CP-804381,2024-07-01,HW-PC-10059,TTK Prestige,3330.0,3900.0,17.12
CP-804382,2024-07-01,HW-PC-10059,Butterfly,3330.0,2720.0,-18.32
CP-804383,2024-07-01,HW-PC-10059,Pigeon,3330.0,2680.0,-19.52
CP-804384,2024-07-01,HW-PC-10059,Stove Kraft,3330.0,3660.0,9.91
CP-804385,2024-08-01,HW-PC-10059,TTK Prestige,3330.0,3700.0,11.11
CP-804386,2024-08-01,HW-PC-10059,Butterfly,3330.0,3210.0,-3.6
CP-804387,2024-08-01,HW-PC-10059,Pigeon,3330.0,2540.0,-23.72
CP-804388,2024-08-01,HW-PC-10059,Stove Kraft,3330.0,3080.0,-7.51
CP-804389,2024-09-01,HW-PC-10059,TTK Prestige,3330.0,3620.0,8.71
CP-804390,2024-09-01,HW-PC-10059,Butterfly,3330.0,3180.0,-4.5
CP-804391,2024-09-01,HW-PC-10059,Pigeon,3330.0,2640.0,-20.72
CP-804392,2024-09-01,HW-PC-10059,Stove Kraft,3330.0,3230.0,-3.0
CP-804393,2024-10-01,HW-PC-10059,TTK Prestige,3330.0,3840.0,15.32
CP-804394,2024-10-01,HW-PC-10059,Butterfly,3330.0,2970.0,-10.81
CP-804395,2024-10-01,HW-PC-10059,Pigeon,3330.0,2800.0,-15.92
CP-804396,2024-10-01,HW-PC-10059,Stove Kraft,3330.0,3230.0,-3.0
CP-804397,2024-11-01,HW-PC-10059,TTK Prestige,3330.0,3940.0,18.32
CP-804398,2024-11-01,HW-PC-10059,Butterfly,3330.0,2940.0,-11.71
CP-804399,2024-11-01,HW-PC-10059,Pigeon,3330.0,2850.0,-14.41
CP-804400,2024-11-01,HW-PC-10059,Stove Kraft,3330.0,3500.0,5.11
CP-804401,2024-12-01,HW-PC-10059,TTK Prestige,3330.0,3680.0,10.51
CP-804402,2024-12-01,HW-PC-10059,Butterfly,3330.0,2840.0,-14.71
CP-804403,2024-12-01,HW-PC-10059,Pigeon,3330.0,2870.0,-13.81
CP-804404,2024-12-01,HW-PC-10059,Stove Kraft,3330.0,2930.0,-12.01
CP-804405,2025-01-01,HW-PC-10059,TTK Prestige,3330.0,3580.0,7.51
CP-804406,2025-01-01,HW-PC-10059,Butterfly,3330.0,3030.0,-9.01
CP-804407,2025-01-01,HW-PC-10059,Pigeon,3330.0,2870.0,-13.81
CP-804408,2025-01-01,HW-PC-10059,Stove Kraft,3330.0,3230.0,-3.0
CP-804409,2025-02-01,HW-PC-10059,TTK Prestige,3330.0,3570.0,7.21
CP-804410,2025-02-01,HW-PC-10059,Butterfly,3330.0,2910.0,-12.61
CP-804411,2025-02-01,HW-PC-10059,Pigeon,3330.0,2650.0,-20.42
CP-804412,2025-02-01,HW-PC-10059,Stove Kraft,3330.0,2940.0,-11.71
CP-804413,2025-03-01,HW-PC-10059,TTK Prestige,3330.0,3750.0,12.61
CP-804414,2025-03-01,HW-PC-10059,Butterfly,3330.0,2920.0,-12.31
CP-804415,2025-03-01,HW-PC-10059,Pigeon,3330.0,2810.0,-15.62
CP-804416,2025-03-01,HW-PC-10059,Stove Kraft,3330.0,3400.0,2.1
CP-804417,2025-04-01,HW-PC-10059,TTK Prestige,3330.0,3690.0,10.81
CP-804418,2025-04-01,HW-PC-10059,Butterfly,3330.0,2850.0,-14.41
CP-804419,2025-04-01,HW-PC-10059,Pigeon,3330.0,2950.0,-11.41
CP-804420,2025-04-01,HW-PC-10059,Stove Kraft,3330.0,3290.0,-1.2
CP-804421,2025-05-01,HW-PC-10059,TTK Prestige,3330.0,3660.0,9.91
CP-804422,2025-05-01,HW-PC-10059,Butterfly,3330.0,3120.0,-6.31
CP-804423,2025-05-01,HW-PC-10059,Pigeon,3330.0,2840.0,-14.71
CP-804424,2025-05-01,HW-PC-10059,Stove Kraft,3330.0,3320.0,-0.3
CP-804425,2025-06-01,HW-PC-10059,TTK Prestige,3330.0,3540.0,6.31
CP-804426,2025-06-01,HW-PC-10059,Butterfly,3330.0,3130.0,-6.01
CP-804427,2025-06-01,HW-PC-10059,Pigeon,3330.0,2710.0,-18.62
CP-804428,2025-06-01,HW-PC-10059,Stove Kraft,3330.0,3360.0,0.9
CP-804429,2025-07-01,HW-PC-10059,TTK Prestige,3330.0,3880.0,16.52
CP-804430,2025-07-01,HW-PC-10059,Butterfly,3330.0,3580.0,7.51
CP-804431,2025-07-01,HW-PC-10059,Pigeon,3330.0,2790.0,-16.22
CP-804432,2025-07-01,HW-PC-10059,Stove Kraft,3330.0,3030.0,-9.01
CP-804433,2025-08-01,HW-PC-10059,TTK Prestige,3330.0,3700.0,11.11
CP-804434,2025-08-01,HW-PC-10059,Butterfly,3330.0,3290.0,-1.2
CP-804435,2025-08-01,HW-PC-10059,Pigeon,3330.0,2660.0,-20.12
CP-804436,2025-08-01,HW-PC-10059,Stove Kraft,3330.0,3370.0,1.2
CP-804437,2025-09-01,HW-PC-10059,TTK Prestige,3330.0,3900.0,17.12
CP-804438,2025-09-01,HW-PC-10059,Butterfly,3330.0,3320.0,-0.3
CP-804439,2025-09-01,HW-PC-10059,Pigeon,3330.0,2870.0,-13.81
CP-804440,2025-09-01,HW-PC-10059,Stove Kraft,3330.0,3330.0,0.0
CP-804441,2025-10-01,HW-PC-10059,TTK Prestige,3330.0,3600.0,8.11
CP-804442,2025-10-01,HW-PC-10059,Butterfly,3330.0,3230.0,-3.0
CP-804443,2025-10-01,HW-PC-10059,Pigeon,3330.0,2640.0,-20.72
CP-804444,2025-10-01,HW-PC-10059,Stove Kraft,3330.0,3000.0,-9.91
CP-804445,2025-11-01,HW-PC-10059,TTK Prestige,3330.0,3510.0,5.41
CP-804446,2025-11-01,HW-PC-10059,Butterfly,3330.0,3300.0,-0.9
CP-804447,2025-11-01,HW-PC-10059,Pigeon,3330.0,3030.0,-9.01
CP-804448,2025-11-01,HW-PC-10059,Stove Kraft,3330.0,3380.0,1.5
CP-804449,2025-12-01,HW-PC-10059,TTK Prestige,3330.0,4070.0,22.22
CP-804450,2025-12-01,HW-PC-10059,Butterfly,3330.0,3120.0,-6.31
CP-804451,2025-12-01,HW-PC-10059,Pigeon,3330.0,2750.0,-17.42
CP-804452,2025-12-01,HW-PC-10059,Stove Kraft,3330.0,3110.0,-6.61
CP-804453,2026-01-01,HW-PC-10059,TTK Prestige,3330.0,4030.0,21.02
CP-804454,2026-01-01,HW-PC-10059,Butterfly,3330.0,3570.0,7.21
CP-804455,2026-01-01,HW-PC-10059,Pigeon,3330.0,3040.0,-8.71
CP-804456,2026-01-01,HW-PC-10059,Stove Kraft,3330.0,3370.0,1.2
CP-804457,2026-02-01,HW-PC-10059,TTK Prestige,3330.0,3970.0,19.22
CP-804458,2026-02-01,HW-PC-10059,Butterfly,3330.0,3020.0,-9.31
CP-804459,2026-02-01,HW-PC-10059,Pigeon,3330.0,2830.0,-15.02
CP-804460,2026-02-01,HW-PC-10059,Stove Kraft,3330.0,3280.0,-1.5
CP-804461,2026-03-01,HW-PC-10059,TTK Prestige,3330.0,4060.0,21.92
CP-804462,2026-03-01,HW-PC-10059,Butterfly,3330.0,3040.0,-8.71
CP-804463,2026-03-01,HW-PC-10059,Pigeon,3330.0,2980.0,-10.51
CP-804464,2026-03-01,HW-PC-10059,Stove Kraft,3330.0,3070.0,-7.81
CP-804465,2023-04-01,HW-PC-10060,TTK Prestige,3690.0,3790.0,2.71
CP-804466,2023-04-01,HW-PC-10060,Butterfly,3690.0,3430.0,-7.05
CP-804467,2023-04-01,HW-PC-10060,Pigeon,3690.0,2910.0,-21.14
CP-804468,2023-04-01,HW-PC-10060,Stove Kraft,3690.0,3650.0,-1.08
CP-804469,2023-05-01,HW-PC-10060,TTK Prestige,3690.0,3730.0,1.08
CP-804470,2023-05-01,HW-PC-10060,Butterfly,3690.0,3160.0,-14.36
CP-804471,2023-05-01,HW-PC-10060,Pigeon,3690.0,2580.0,-30.08
CP-804472,2023-05-01,HW-PC-10060,Stove Kraft,3690.0,2970.0,-19.51
CP-804473,2023-06-01,HW-PC-10060,TTK Prestige,3690.0,3720.0,0.81
CP-804474,2023-06-01,HW-PC-10060,Butterfly,3690.0,3430.0,-7.05
CP-804475,2023-06-01,HW-PC-10060,Pigeon,3690.0,2970.0,-19.51
CP-804476,2023-06-01,HW-PC-10060,Stove Kraft,3690.0,3430.0,-7.05
CP-804477,2023-07-01,HW-PC-10060,TTK Prestige,3690.0,3900.0,5.69
CP-804478,2023-07-01,HW-PC-10060,Butterfly,3690.0,3300.0,-10.57
CP-804479,2023-07-01,HW-PC-10060,Pigeon,3690.0,2950.0,-20.05
CP-804480,2023-07-01,HW-PC-10060,Stove Kraft,3690.0,3250.0,-11.92
CP-804481,2023-08-01,HW-PC-10060,TTK Prestige,3690.0,3950.0,7.05
CP-804482,2023-08-01,HW-PC-10060,Butterfly,3690.0,3230.0,-12.47
CP-804483,2023-08-01,HW-PC-10060,Pigeon,3690.0,2830.0,-23.31
CP-804484,2023-08-01,HW-PC-10060,Stove Kraft,3690.0,3640.0,-1.36
CP-804485,2023-09-01,HW-PC-10060,TTK Prestige,3690.0,4020.0,8.94
CP-804486,2023-09-01,HW-PC-10060,Butterfly,3690.0,3250.0,-11.92
CP-804487,2023-09-01,HW-PC-10060,Pigeon,3690.0,2780.0,-24.66
CP-804488,2023-09-01,HW-PC-10060,Stove Kraft,3690.0,3610.0,-2.17
CP-804489,2023-10-01,HW-PC-10060,TTK Prestige,3690.0,3870.0,4.88
CP-804490,2023-10-01,HW-PC-10060,Butterfly,3690.0,2940.0,-20.33
CP-804491,2023-10-01,HW-PC-10060,Pigeon,3690.0,2940.0,-20.33
CP-804492,2023-10-01,HW-PC-10060,Stove Kraft,3690.0,3260.0,-11.65
CP-804493,2023-11-01,HW-PC-10060,TTK Prestige,3690.0,3870.0,4.88
CP-804494,2023-11-01,HW-PC-10060,Butterfly,3690.0,3320.0,-10.03
CP-804495,2023-11-01,HW-PC-10060,Pigeon,3690.0,2880.0,-21.95
CP-804496,2023-11-01,HW-PC-10060,Stove Kraft,3690.0,3810.0,3.25
CP-804497,2023-12-01,HW-PC-10060,TTK Prestige,3690.0,3850.0,4.34
CP-804498,2023-12-01,HW-PC-10060,Butterfly,3690.0,3300.0,-10.57
CP-804499,2023-12-01,HW-PC-10060,Pigeon,3690.0,2840.0,-23.04
CP-804500,2023-12-01,HW-PC-10060,Stove Kraft,3690.0,3540.0,-4.07
CP-804501,2024-01-01,HW-PC-10060,TTK Prestige,3690.0,3980.0,7.86
CP-804502,2024-01-01,HW-PC-10060,Butterfly,3690.0,3510.0,-4.88
CP-804503,2024-01-01,HW-PC-10060,Pigeon,3690.0,2750.0,-25.47
CP-804504,2024-01-01,HW-PC-10060,Stove Kraft,3690.0,3240.0,-12.2
CP-804505,2024-02-01,HW-PC-10060,TTK Prestige,3690.0,3830.0,3.79
CP-804506,2024-02-01,HW-PC-10060,Butterfly,3690.0,3120.0,-15.45
CP-804507,2024-02-01,HW-PC-10060,Pigeon,3690.0,2970.0,-19.51
CP-804508,2024-02-01,HW-PC-10060,Stove Kraft,3690.0,3420.0,-7.32
CP-804509,2024-03-01,HW-PC-10060,TTK Prestige,3690.0,4320.0,17.07
CP-804510,2024-03-01,HW-PC-10060,Butterfly,3690.0,3420.0,-7.32
CP-804511,2024-03-01,HW-PC-10060,Pigeon,3690.0,3130.0,-15.18
CP-804512,2024-03-01,HW-PC-10060,Stove Kraft,3690.0,3230.0,-12.47
CP-804513,2024-04-01,HW-PC-10060,TTK Prestige,3690.0,3990.0,8.13
CP-804514,2024-04-01,HW-PC-10060,Butterfly,3690.0,3330.0,-9.76
CP-804515,2024-04-01,HW-PC-10060,Pigeon,3690.0,3100.0,-15.99
CP-804516,2024-04-01,HW-PC-10060,Stove Kraft,3690.0,3750.0,1.63
CP-804517,2024-05-01,HW-PC-10060,TTK Prestige,3690.0,4130.0,11.92
CP-804518,2024-05-01,HW-PC-10060,Butterfly,3690.0,3490.0,-5.42
CP-804519,2024-05-01,HW-PC-10060,Pigeon,3690.0,3090.0,-16.26
CP-804520,2024-05-01,HW-PC-10060,Stove Kraft,3690.0,3320.0,-10.03
CP-804521,2024-06-01,HW-PC-10060,TTK Prestige,3690.0,4320.0,17.07
CP-804522,2024-06-01,HW-PC-10060,Butterfly,3690.0,3350.0,-9.21
CP-804523,2024-06-01,HW-PC-10060,Pigeon,3690.0,2880.0,-21.95
CP-804524,2024-06-01,HW-PC-10060,Stove Kraft,3690.0,3320.0,-10.03
CP-804525,2024-07-01,HW-PC-10060,TTK Prestige,3690.0,4140.0,12.2
CP-804526,2024-07-01,HW-PC-10060,Butterfly,3690.0,3550.0,-3.79
CP-804527,2024-07-01,HW-PC-10060,Pigeon,3690.0,2880.0,-21.95
CP-804528,2024-07-01,HW-PC-10060,Stove Kraft,3690.0,3410.0,-7.59
CP-804529,2024-08-01,HW-PC-10060,TTK Prestige,3690.0,3780.0,2.44
CP-804530,2024-08-01,HW-PC-10060,Butterfly,3690.0,3160.0,-14.36
CP-804531,2024-08-01,HW-PC-10060,Pigeon,3690.0,3160.0,-14.36
CP-804532,2024-08-01,HW-PC-10060,Stove Kraft,3690.0,3400.0,-7.86
CP-804533,2024-09-01,HW-PC-10060,TTK Prestige,3690.0,4200.0,13.82
CP-804534,2024-09-01,HW-PC-10060,Butterfly,3690.0,3670.0,-0.54
CP-804535,2024-09-01,HW-PC-10060,Pigeon,3690.0,3000.0,-18.7
CP-804536,2024-09-01,HW-PC-10060,Stove Kraft,3690.0,3810.0,3.25
CP-804537,2024-10-01,HW-PC-10060,TTK Prestige,3690.0,4150.0,12.47
CP-804538,2024-10-01,HW-PC-10060,Butterfly,3690.0,3490.0,-5.42
CP-804539,2024-10-01,HW-PC-10060,Pigeon,3690.0,3200.0,-13.28
CP-804540,2024-10-01,HW-PC-10060,Stove Kraft,3690.0,3110.0,-15.72
CP-804541,2024-11-01,HW-PC-10060,TTK Prestige,3690.0,4440.0,20.33
CP-804542,2024-11-01,HW-PC-10060,Butterfly,3690.0,3040.0,-17.62
CP-804543,2024-11-01,HW-PC-10060,Pigeon,3690.0,3020.0,-18.16
CP-804544,2024-11-01,HW-PC-10060,Stove Kraft,3690.0,3260.0,-11.65
CP-804545,2024-12-01,HW-PC-10060,TTK Prestige,3690.0,4130.0,11.92
CP-804546,2024-12-01,HW-PC-10060,Butterfly,3690.0,3130.0,-15.18
CP-804547,2024-12-01,HW-PC-10060,Pigeon,3690.0,3090.0,-16.26
CP-804548,2024-12-01,HW-PC-10060,Stove Kraft,3690.0,3330.0,-9.76
CP-804549,2025-01-01,HW-PC-10060,TTK Prestige,3690.0,3960.0,7.32
CP-804550,2025-01-01,HW-PC-10060,Butterfly,3690.0,3390.0,-8.13
CP-804551,2025-01-01,HW-PC-10060,Pigeon,3690.0,2910.0,-21.14
CP-804552,2025-01-01,HW-PC-10060,Stove Kraft,3690.0,3770.0,2.17
CP-804553,2025-02-01,HW-PC-10060,TTK Prestige,3690.0,4170.0,13.01
CP-804554,2025-02-01,HW-PC-10060,Butterfly,3690.0,3480.0,-5.69
CP-804555,2025-02-01,HW-PC-10060,Pigeon,3690.0,3360.0,-8.94
CP-804556,2025-02-01,HW-PC-10060,Stove Kraft,3690.0,3310.0,-10.3
CP-804557,2025-03-01,HW-PC-10060,TTK Prestige,3690.0,3950.0,7.05
CP-804558,2025-03-01,HW-PC-10060,Butterfly,3690.0,3410.0,-7.59
CP-804559,2025-03-01,HW-PC-10060,Pigeon,3690.0,3320.0,-10.03
CP-804560,2025-03-01,HW-PC-10060,Stove Kraft,3690.0,3910.0,5.96
CP-804561,2025-04-01,HW-PC-10060,TTK Prestige,3690.0,4080.0,10.57
CP-804562,2025-04-01,HW-PC-10060,Butterfly,3690.0,4070.0,10.3
CP-804563,2025-04-01,HW-PC-10060,Pigeon,3690.0,3250.0,-11.92
CP-804564,2025-04-01,HW-PC-10060,Stove Kraft,3690.0,3750.0,1.63
CP-804565,2025-05-01,HW-PC-10060,TTK Prestige,3690.0,4300.0,16.53
CP-804566,2025-05-01,HW-PC-10060,Butterfly,3690.0,3580.0,-2.98
CP-804567,2025-05-01,HW-PC-10060,Pigeon,3690.0,3110.0,-15.72
CP-804568,2025-05-01,HW-PC-10060,Stove Kraft,3690.0,3380.0,-8.4
CP-804569,2025-06-01,HW-PC-10060,TTK Prestige,3690.0,4300.0,16.53
CP-804570,2025-06-01,HW-PC-10060,Butterfly,3690.0,3620.0,-1.9
CP-804571,2025-06-01,HW-PC-10060,Pigeon,3690.0,3300.0,-10.57
CP-804572,2025-06-01,HW-PC-10060,Stove Kraft,3690.0,3650.0,-1.08
CP-804573,2025-07-01,HW-PC-10060,TTK Prestige,3690.0,4460.0,20.87
CP-804574,2025-07-01,HW-PC-10060,Butterfly,3690.0,3810.0,3.25
CP-804575,2025-07-01,HW-PC-10060,Pigeon,3690.0,3010.0,-18.43
CP-804576,2025-07-01,HW-PC-10060,Stove Kraft,3690.0,3340.0,-9.49
CP-804577,2025-08-01,HW-PC-10060,TTK Prestige,3690.0,4250.0,15.18
CP-804578,2025-08-01,HW-PC-10060,Butterfly,3690.0,3720.0,0.81
CP-804579,2025-08-01,HW-PC-10060,Pigeon,3690.0,3100.0,-15.99
CP-804580,2025-08-01,HW-PC-10060,Stove Kraft,3690.0,3580.0,-2.98
CP-804581,2025-09-01,HW-PC-10060,TTK Prestige,3690.0,4450.0,20.6
CP-804582,2025-09-01,HW-PC-10060,Butterfly,3690.0,3680.0,-0.27
CP-804583,2025-09-01,HW-PC-10060,Pigeon,3690.0,3190.0,-13.55
CP-804584,2025-09-01,HW-PC-10060,Stove Kraft,3690.0,3690.0,0.0
CP-804585,2025-10-01,HW-PC-10060,TTK Prestige,3690.0,4190.0,13.55
CP-804586,2025-10-01,HW-PC-10060,Butterfly,3690.0,3550.0,-3.79
CP-804587,2025-10-01,HW-PC-10060,Pigeon,3690.0,2890.0,-21.68
CP-804588,2025-10-01,HW-PC-10060,Stove Kraft,3690.0,4050.0,9.76
CP-804589,2025-11-01,HW-PC-10060,TTK Prestige,3690.0,4590.0,24.39
CP-804590,2025-11-01,HW-PC-10060,Butterfly,3690.0,3390.0,-8.13
CP-804591,2025-11-01,HW-PC-10060,Pigeon,3690.0,3210.0,-13.01
CP-804592,2025-11-01,HW-PC-10060,Stove Kraft,3690.0,3320.0,-10.03
CP-804593,2025-12-01,HW-PC-10060,TTK Prestige,3690.0,4140.0,12.2
CP-804594,2025-12-01,HW-PC-10060,Butterfly,3690.0,3640.0,-1.36
CP-804595,2025-12-01,HW-PC-10060,Pigeon,3690.0,3390.0,-8.13
CP-804596,2025-12-01,HW-PC-10060,Stove Kraft,3690.0,4040.0,9.49
CP-804597,2026-01-01,HW-PC-10060,TTK Prestige,3690.0,4460.0,20.87
CP-804598,2026-01-01,HW-PC-10060,Butterfly,3690.0,3890.0,5.42
CP-804599,2026-01-01,HW-PC-10060,Pigeon,3690.0,3110.0,-15.72
CP-804600,2026-01-01,HW-PC-10060,Stove Kraft,3690.0,3570.0,-3.25
CP-804601,2026-02-01,HW-PC-10060,TTK Prestige,3690.0,4330.0,17.34
CP-804602,2026-02-01,HW-PC-10060,Butterfly,3690.0,3550.0,-3.79
CP-804603,2026-02-01,HW-PC-10060,Pigeon,3690.0,3380.0,-8.4
CP-804604,2026-02-01,HW-PC-10060,Stove Kraft,3690.0,3880.0,5.15
CP-804605,2026-03-01,HW-PC-10060,TTK Prestige,3690.0,4390.0,18.97
CP-804606,2026-03-01,HW-PC-10060,Butterfly,3690.0,3610.0,-2.17
CP-804607,2026-03-01,HW-PC-10060,Pigeon,3690.0,3180.0,-13.82
CP-804608,2026-03-01,HW-PC-10060,Stove Kraft,3690.0,3560.0,-3.52
CP-804609,2023-04-01,HW-PC-10061,TTK Prestige,4040.0,4380.0,8.42
CP-804610,2023-04-01,HW-PC-10061,Butterfly,4040.0,3360.0,-16.83
CP-804611,2023-04-01,HW-PC-10061,Pigeon,4040.0,3280.0,-18.81
CP-804612,2023-04-01,HW-PC-10061,Stove Kraft,4040.0,3330.0,-17.57
CP-804613,2023-05-01,HW-PC-10061,TTK Prestige,4040.0,4290.0,6.19
CP-804614,2023-05-01,HW-PC-10061,Butterfly,4040.0,3510.0,-13.12
CP-804615,2023-05-01,HW-PC-10061,Pigeon,4040.0,3270.0,-19.06
CP-804616,2023-05-01,HW-PC-10061,Stove Kraft,4040.0,3590.0,-11.14
CP-804617,2023-06-01,HW-PC-10061,TTK Prestige,4040.0,3980.0,-1.49
CP-804618,2023-06-01,HW-PC-10061,Butterfly,4040.0,3330.0,-17.57
CP-804619,2023-06-01,HW-PC-10061,Pigeon,4040.0,3110.0,-23.02
CP-804620,2023-06-01,HW-PC-10061,Stove Kraft,4040.0,3640.0,-9.9
CP-804621,2023-07-01,HW-PC-10061,TTK Prestige,4040.0,4060.0,0.5
CP-804622,2023-07-01,HW-PC-10061,Butterfly,4040.0,3210.0,-20.54
CP-804623,2023-07-01,HW-PC-10061,Pigeon,4040.0,3010.0,-25.5
CP-804624,2023-07-01,HW-PC-10061,Stove Kraft,4040.0,3360.0,-16.83
CP-804625,2023-08-01,HW-PC-10061,TTK Prestige,4040.0,4820.0,19.31
CP-804626,2023-08-01,HW-PC-10061,Butterfly,4040.0,3550.0,-12.13
CP-804627,2023-08-01,HW-PC-10061,Pigeon,4040.0,3120.0,-22.77
CP-804628,2023-08-01,HW-PC-10061,Stove Kraft,4040.0,3550.0,-12.13
CP-804629,2023-09-01,HW-PC-10061,TTK Prestige,4040.0,4100.0,1.49
CP-804630,2023-09-01,HW-PC-10061,Butterfly,4040.0,3590.0,-11.14
CP-804631,2023-09-01,HW-PC-10061,Pigeon,4040.0,3130.0,-22.52
CP-804632,2023-09-01,HW-PC-10061,Stove Kraft,4040.0,3560.0,-11.88
CP-804633,2023-10-01,HW-PC-10061,TTK Prestige,4040.0,4110.0,1.73
CP-804634,2023-10-01,HW-PC-10061,Butterfly,4040.0,3590.0,-11.14
CP-804635,2023-10-01,HW-PC-10061,Pigeon,4040.0,3140.0,-22.28
CP-804636,2023-10-01,HW-PC-10061,Stove Kraft,4040.0,3910.0,-3.22
CP-804637,2023-11-01,HW-PC-10061,TTK Prestige,4040.0,4140.0,2.48
CP-804638,2023-11-01,HW-PC-10061,Butterfly,4040.0,4150.0,2.72
CP-804639,2023-11-01,HW-PC-10061,Pigeon,4040.0,3180.0,-21.29
CP-804640,2023-11-01,HW-PC-10061,Stove Kraft,4040.0,4170.0,3.22
CP-804641,2023-12-01,HW-PC-10061,TTK Prestige,4040.0,4430.0,9.65
CP-804642,2023-12-01,HW-PC-10061,Butterfly,4040.0,3220.0,-20.3
CP-804643,2023-12-01,HW-PC-10061,Pigeon,4040.0,3480.0,-13.86
CP-804644,2023-12-01,HW-PC-10061,Stove Kraft,4040.0,3440.0,-14.85
CP-804645,2024-01-01,HW-PC-10061,TTK Prestige,4040.0,4410.0,9.16
CP-804646,2024-01-01,HW-PC-10061,Butterfly,4040.0,3590.0,-11.14
CP-804647,2024-01-01,HW-PC-10061,Pigeon,4040.0,3290.0,-18.56
CP-804648,2024-01-01,HW-PC-10061,Stove Kraft,4040.0,4140.0,2.48
CP-804649,2024-02-01,HW-PC-10061,TTK Prestige,4040.0,3940.0,-2.48
CP-804650,2024-02-01,HW-PC-10061,Butterfly,4040.0,3950.0,-2.23
CP-804651,2024-02-01,HW-PC-10061,Pigeon,4040.0,2930.0,-27.48
CP-804652,2024-02-01,HW-PC-10061,Stove Kraft,4040.0,3770.0,-6.68
CP-804653,2024-03-01,HW-PC-10061,TTK Prestige,4040.0,4130.0,2.23
CP-804654,2024-03-01,HW-PC-10061,Butterfly,4040.0,3760.0,-6.93
CP-804655,2024-03-01,HW-PC-10061,Pigeon,4040.0,3200.0,-20.79
CP-804656,2024-03-01,HW-PC-10061,Stove Kraft,4040.0,4070.0,0.74
CP-804657,2024-04-01,HW-PC-10061,TTK Prestige,4040.0,4550.0,12.62
CP-804658,2024-04-01,HW-PC-10061,Butterfly,4040.0,3420.0,-15.35
CP-804659,2024-04-01,HW-PC-10061,Pigeon,4040.0,3310.0,-18.07
CP-804660,2024-04-01,HW-PC-10061,Stove Kraft,4040.0,4040.0,0.0
CP-804661,2024-05-01,HW-PC-10061,TTK Prestige,4040.0,4470.0,10.64
CP-804662,2024-05-01,HW-PC-10061,Butterfly,4040.0,3930.0,-2.72
CP-804663,2024-05-01,HW-PC-10061,Pigeon,4040.0,3280.0,-18.81
CP-804664,2024-05-01,HW-PC-10061,Stove Kraft,4040.0,4120.0,1.98
CP-804665,2024-06-01,HW-PC-10061,TTK Prestige,4040.0,4450.0,10.15
CP-804666,2024-06-01,HW-PC-10061,Butterfly,4040.0,3240.0,-19.8
CP-804667,2024-06-01,HW-PC-10061,Pigeon,4040.0,3010.0,-25.5
CP-804668,2024-06-01,HW-PC-10061,Stove Kraft,4040.0,3290.0,-18.56
CP-804669,2024-07-01,HW-PC-10061,TTK Prestige,4040.0,4430.0,9.65
CP-804670,2024-07-01,HW-PC-10061,Butterfly,4040.0,3530.0,-12.62
CP-804671,2024-07-01,HW-PC-10061,Pigeon,4040.0,3220.0,-20.3
CP-804672,2024-07-01,HW-PC-10061,Stove Kraft,4040.0,3670.0,-9.16
CP-804673,2024-08-01,HW-PC-10061,TTK Prestige,4040.0,4330.0,7.18
CP-804674,2024-08-01,HW-PC-10061,Butterfly,4040.0,3490.0,-13.61
CP-804675,2024-08-01,HW-PC-10061,Pigeon,4040.0,2970.0,-26.49
CP-804676,2024-08-01,HW-PC-10061,Stove Kraft,4040.0,4230.0,4.7
CP-804677,2024-09-01,HW-PC-10061,TTK Prestige,4040.0,4220.0,4.46
CP-804678,2024-09-01,HW-PC-10061,Butterfly,4040.0,3970.0,-1.73
CP-804679,2024-09-01,HW-PC-10061,Pigeon,4040.0,3460.0,-14.36
CP-804680,2024-09-01,HW-PC-10061,Stove Kraft,4040.0,4080.0,0.99
CP-804681,2024-10-01,HW-PC-10061,TTK Prestige,4040.0,4350.0,7.67
CP-804682,2024-10-01,HW-PC-10061,Butterfly,4040.0,3700.0,-8.42
CP-804683,2024-10-01,HW-PC-10061,Pigeon,4040.0,3110.0,-23.02
CP-804684,2024-10-01,HW-PC-10061,Stove Kraft,4040.0,3480.0,-13.86
CP-804685,2024-11-01,HW-PC-10061,TTK Prestige,4040.0,4720.0,16.83
CP-804686,2024-11-01,HW-PC-10061,Butterfly,4040.0,3460.0,-14.36
CP-804687,2024-11-01,HW-PC-10061,Pigeon,4040.0,3400.0,-15.84
CP-804688,2024-11-01,HW-PC-10061,Stove Kraft,4040.0,4110.0,1.73
CP-804689,2024-12-01,HW-PC-10061,TTK Prestige,4040.0,4710.0,16.58
CP-804690,2024-12-01,HW-PC-10061,Butterfly,4040.0,3760.0,-6.93
CP-804691,2024-12-01,HW-PC-10061,Pigeon,4040.0,3240.0,-19.8
CP-804692,2024-12-01,HW-PC-10061,Stove Kraft,4040.0,3980.0,-1.49
CP-804693,2025-01-01,HW-PC-10061,TTK Prestige,4040.0,4600.0,13.86
CP-804694,2025-01-01,HW-PC-10061,Butterfly,4040.0,3380.0,-16.34
CP-804695,2025-01-01,HW-PC-10061,Pigeon,4040.0,3600.0,-10.89
CP-804696,2025-01-01,HW-PC-10061,Stove Kraft,4040.0,3810.0,-5.69
CP-804697,2025-02-01,HW-PC-10061,TTK Prestige,4040.0,4280.0,5.94
CP-804698,2025-02-01,HW-PC-10061,Butterfly,4040.0,3920.0,-2.97
CP-804699,2025-02-01,HW-PC-10061,Pigeon,4040.0,3500.0,-13.37
CP-804700,2025-02-01,HW-PC-10061,Stove Kraft,4040.0,3600.0,-10.89
CP-804701,2025-03-01,HW-PC-10061,TTK Prestige,4040.0,4710.0,16.58
CP-804702,2025-03-01,HW-PC-10061,Butterfly,4040.0,4070.0,0.74
CP-804703,2025-03-01,HW-PC-10061,Pigeon,4040.0,3450.0,-14.6
CP-804704,2025-03-01,HW-PC-10061,Stove Kraft,4040.0,3770.0,-6.68
CP-804705,2025-04-01,HW-PC-10061,TTK Prestige,4040.0,4550.0,12.62
CP-804706,2025-04-01,HW-PC-10061,Butterfly,4040.0,3430.0,-15.1
CP-804707,2025-04-01,HW-PC-10061,Pigeon,4040.0,3450.0,-14.6
CP-804708,2025-04-01,HW-PC-10061,Stove Kraft,4040.0,4360.0,7.92
CP-804709,2025-05-01,HW-PC-10061,TTK Prestige,4040.0,4670.0,15.59
CP-804710,2025-05-01,HW-PC-10061,Butterfly,4040.0,4530.0,12.13
CP-804711,2025-05-01,HW-PC-10061,Pigeon,4040.0,3470.0,-14.11
CP-804712,2025-05-01,HW-PC-10061,Stove Kraft,4040.0,4320.0,6.93
CP-804713,2025-06-01,HW-PC-10061,TTK Prestige,4040.0,4420.0,9.41
CP-804714,2025-06-01,HW-PC-10061,Butterfly,4040.0,3720.0,-7.92
CP-804715,2025-06-01,HW-PC-10061,Pigeon,4040.0,3150.0,-22.03
CP-804716,2025-06-01,HW-PC-10061,Stove Kraft,4040.0,3530.0,-12.62
CP-804717,2025-07-01,HW-PC-10061,TTK Prestige,4040.0,4560.0,12.87
CP-804718,2025-07-01,HW-PC-10061,Butterfly,4040.0,3900.0,-3.47
CP-804719,2025-07-01,HW-PC-10061,Pigeon,4040.0,3250.0,-19.55
CP-804720,2025-07-01,HW-PC-10061,Stove Kraft,4040.0,3890.0,-3.71
CP-804721,2025-08-01,HW-PC-10061,TTK Prestige,4040.0,4720.0,16.83
CP-804722,2025-08-01,HW-PC-10061,Butterfly,4040.0,4170.0,3.22
CP-804723,2025-08-01,HW-PC-10061,Pigeon,4040.0,3420.0,-15.35
CP-804724,2025-08-01,HW-PC-10061,Stove Kraft,4040.0,3970.0,-1.73
CP-804725,2025-09-01,HW-PC-10061,TTK Prestige,4040.0,4390.0,8.66
CP-804726,2025-09-01,HW-PC-10061,Butterfly,4040.0,4000.0,-0.99
CP-804727,2025-09-01,HW-PC-10061,Pigeon,4040.0,3190.0,-21.04
CP-804728,2025-09-01,HW-PC-10061,Stove Kraft,4040.0,4090.0,1.24
CP-804729,2025-10-01,HW-PC-10061,TTK Prestige,4040.0,4550.0,12.62
CP-804730,2025-10-01,HW-PC-10061,Butterfly,4040.0,3730.0,-7.67
CP-804731,2025-10-01,HW-PC-10061,Pigeon,4040.0,3340.0,-17.33
CP-804732,2025-10-01,HW-PC-10061,Stove Kraft,4040.0,4100.0,1.49
CP-804733,2025-11-01,HW-PC-10061,TTK Prestige,4040.0,4840.0,19.8
CP-804734,2025-11-01,HW-PC-10061,Butterfly,4040.0,3820.0,-5.45
CP-804735,2025-11-01,HW-PC-10061,Pigeon,4040.0,3410.0,-15.59
CP-804736,2025-11-01,HW-PC-10061,Stove Kraft,4040.0,4810.0,19.06
CP-804737,2025-12-01,HW-PC-10061,TTK Prestige,4040.0,4510.0,11.63
CP-804738,2025-12-01,HW-PC-10061,Butterfly,4040.0,3990.0,-1.24
CP-804739,2025-12-01,HW-PC-10061,Pigeon,4040.0,3380.0,-16.34
CP-804740,2025-12-01,HW-PC-10061,Stove Kraft,4040.0,3650.0,-9.65
CP-804741,2026-01-01,HW-PC-10061,TTK Prestige,4040.0,4570.0,13.12
CP-804742,2026-01-01,HW-PC-10061,Butterfly,4040.0,3670.0,-9.16
CP-804743,2026-01-01,HW-PC-10061,Pigeon,4040.0,3640.0,-9.9
CP-804744,2026-01-01,HW-PC-10061,Stove Kraft,4040.0,3780.0,-6.44
CP-804745,2026-02-01,HW-PC-10061,TTK Prestige,4040.0,4730.0,17.08
CP-804746,2026-02-01,HW-PC-10061,Butterfly,4040.0,3950.0,-2.23
CP-804747,2026-02-01,HW-PC-10061,Pigeon,4040.0,3560.0,-11.88
CP-804748,2026-02-01,HW-PC-10061,Stove Kraft,4040.0,3930.0,-2.72
CP-804749,2026-03-01,HW-PC-10061,TTK Prestige,4040.0,4640.0,14.85
CP-804750,2026-03-01,HW-PC-10061,Butterfly,4040.0,3480.0,-13.86
CP-804751,2026-03-01,HW-PC-10061,Pigeon,4040.0,3420.0,-15.35
CP-804752,2026-03-01,HW-PC-10061,Stove Kraft,4040.0,4300.0,6.44
CP-804753,2023-04-01,HW-PC-10062,TTK Prestige,4390.0,4440.0,1.14
CP-804754,2023-04-01,HW-PC-10062,Butterfly,4390.0,4040.0,-7.97
CP-804755,2023-04-01,HW-PC-10062,Pigeon,4390.0,3650.0,-16.86
CP-804756,2023-04-01,HW-PC-10062,Stove Kraft,4390.0,3720.0,-15.26
CP-804757,2023-05-01,HW-PC-10062,TTK Prestige,4390.0,4380.0,-0.23
CP-804758,2023-05-01,HW-PC-10062,Butterfly,4390.0,3490.0,-20.5
CP-804759,2023-05-01,HW-PC-10062,Pigeon,4390.0,3500.0,-20.27
CP-804760,2023-05-01,HW-PC-10062,Stove Kraft,4390.0,3820.0,-12.98
CP-804761,2023-06-01,HW-PC-10062,TTK Prestige,4390.0,4510.0,2.73
CP-804762,2023-06-01,HW-PC-10062,Butterfly,4390.0,3800.0,-13.44
CP-804763,2023-06-01,HW-PC-10062,Pigeon,4390.0,3300.0,-24.83
CP-804764,2023-06-01,HW-PC-10062,Stove Kraft,4390.0,3950.0,-10.02
CP-804765,2023-07-01,HW-PC-10062,TTK Prestige,4390.0,4790.0,9.11
CP-804766,2023-07-01,HW-PC-10062,Butterfly,4390.0,4220.0,-3.87
CP-804767,2023-07-01,HW-PC-10062,Pigeon,4390.0,3490.0,-20.5
CP-804768,2023-07-01,HW-PC-10062,Stove Kraft,4390.0,3860.0,-12.07
CP-804769,2023-08-01,HW-PC-10062,TTK Prestige,4390.0,4730.0,7.74
CP-804770,2023-08-01,HW-PC-10062,Butterfly,4390.0,3990.0,-9.11
CP-804771,2023-08-01,HW-PC-10062,Pigeon,4390.0,3060.0,-30.3
CP-804772,2023-08-01,HW-PC-10062,Stove Kraft,4390.0,3950.0,-10.02
CP-804773,2023-09-01,HW-PC-10062,TTK Prestige,4390.0,4480.0,2.05
CP-804774,2023-09-01,HW-PC-10062,Butterfly,4390.0,3920.0,-10.71
CP-804775,2023-09-01,HW-PC-10062,Pigeon,4390.0,3560.0,-18.91
CP-804776,2023-09-01,HW-PC-10062,Stove Kraft,4390.0,4410.0,0.46
CP-804777,2023-10-01,HW-PC-10062,TTK Prestige,4390.0,4630.0,5.47
CP-804778,2023-10-01,HW-PC-10062,Butterfly,4390.0,3700.0,-15.72
CP-804779,2023-10-01,HW-PC-10062,Pigeon,4390.0,3440.0,-21.64
CP-804780,2023-10-01,HW-PC-10062,Stove Kraft,4390.0,3630.0,-17.31
CP-804781,2023-11-01,HW-PC-10062,TTK Prestige,4390.0,4580.0,4.33
CP-804782,2023-11-01,HW-PC-10062,Butterfly,4390.0,4220.0,-3.87
CP-804783,2023-11-01,HW-PC-10062,Pigeon,4390.0,3280.0,-25.28
CP-804784,2023-11-01,HW-PC-10062,Stove Kraft,4390.0,4500.0,2.51
CP-804785,2023-12-01,HW-PC-10062,TTK Prestige,4390.0,4770.0,8.66
CP-804786,2023-12-01,HW-PC-10062,Butterfly,4390.0,3770.0,-14.12
CP-804787,2023-12-01,HW-PC-10062,Pigeon,4390.0,3830.0,-12.76
CP-804788,2023-12-01,HW-PC-10062,Stove Kraft,4390.0,4080.0,-7.06
CP-804789,2024-01-01,HW-PC-10062,TTK Prestige,4390.0,4550.0,3.64
CP-804790,2024-01-01,HW-PC-10062,Butterfly,4390.0,3800.0,-13.44
CP-804791,2024-01-01,HW-PC-10062,Pigeon,4390.0,3600.0,-18.0
CP-804792,2024-01-01,HW-PC-10062,Stove Kraft,4390.0,4110.0,-6.38
CP-804793,2024-02-01,HW-PC-10062,TTK Prestige,4390.0,4720.0,7.52
CP-804794,2024-02-01,HW-PC-10062,Butterfly,4390.0,3800.0,-13.44
CP-804795,2024-02-01,HW-PC-10062,Pigeon,4390.0,3680.0,-16.17
CP-804796,2024-02-01,HW-PC-10062,Stove Kraft,4390.0,4110.0,-6.38
CP-804797,2024-03-01,HW-PC-10062,TTK Prestige,4390.0,4870.0,10.93
CP-804798,2024-03-01,HW-PC-10062,Butterfly,4390.0,3620.0,-17.54
CP-804799,2024-03-01,HW-PC-10062,Pigeon,4390.0,3480.0,-20.73
CP-804800,2024-03-01,HW-PC-10062,Stove Kraft,4390.0,4070.0,-7.29
CP-804801,2024-04-01,HW-PC-10062,TTK Prestige,4390.0,4650.0,5.92
CP-804802,2024-04-01,HW-PC-10062,Butterfly,4390.0,3650.0,-16.86
CP-804803,2024-04-01,HW-PC-10062,Pigeon,4390.0,3320.0,-24.37
CP-804804,2024-04-01,HW-PC-10062,Stove Kraft,4390.0,4450.0,1.37
CP-804805,2024-05-01,HW-PC-10062,TTK Prestige,4390.0,4760.0,8.43
CP-804806,2024-05-01,HW-PC-10062,Butterfly,4390.0,4170.0,-5.01
CP-804807,2024-05-01,HW-PC-10062,Pigeon,4390.0,3300.0,-24.83
CP-804808,2024-05-01,HW-PC-10062,Stove Kraft,4390.0,4400.0,0.23
CP-804809,2024-06-01,HW-PC-10062,TTK Prestige,4390.0,5220.0,18.91
CP-804810,2024-06-01,HW-PC-10062,Butterfly,4390.0,4240.0,-3.42
CP-804811,2024-06-01,HW-PC-10062,Pigeon,4390.0,3110.0,-29.16
CP-804812,2024-06-01,HW-PC-10062,Stove Kraft,4390.0,4320.0,-1.59
CP-804813,2024-07-01,HW-PC-10062,TTK Prestige,4390.0,4830.0,10.02
CP-804814,2024-07-01,HW-PC-10062,Butterfly,4390.0,4150.0,-5.47
CP-804815,2024-07-01,HW-PC-10062,Pigeon,4390.0,3280.0,-25.28
CP-804816,2024-07-01,HW-PC-10062,Stove Kraft,4390.0,4400.0,0.23
CP-804817,2024-08-01,HW-PC-10062,TTK Prestige,4390.0,4730.0,7.74
CP-804818,2024-08-01,HW-PC-10062,Butterfly,4390.0,4370.0,-0.46
CP-804819,2024-08-01,HW-PC-10062,Pigeon,4390.0,3600.0,-18.0
CP-804820,2024-08-01,HW-PC-10062,Stove Kraft,4390.0,4560.0,3.87
CP-804821,2024-09-01,HW-PC-10062,TTK Prestige,4390.0,4670.0,6.38
CP-804822,2024-09-01,HW-PC-10062,Butterfly,4390.0,3330.0,-24.15
CP-804823,2024-09-01,HW-PC-10062,Pigeon,4390.0,3410.0,-22.32
CP-804824,2024-09-01,HW-PC-10062,Stove Kraft,4390.0,4120.0,-6.15
CP-804825,2024-10-01,HW-PC-10062,TTK Prestige,4390.0,5060.0,15.26
CP-804826,2024-10-01,HW-PC-10062,Butterfly,4390.0,3960.0,-9.79
CP-804827,2024-10-01,HW-PC-10062,Pigeon,4390.0,3770.0,-14.12
CP-804828,2024-10-01,HW-PC-10062,Stove Kraft,4390.0,4470.0,1.82
CP-804829,2024-11-01,HW-PC-10062,TTK Prestige,4390.0,5100.0,16.17
CP-804830,2024-11-01,HW-PC-10062,Butterfly,4390.0,4110.0,-6.38
CP-804831,2024-11-01,HW-PC-10062,Pigeon,4390.0,3600.0,-18.0
CP-804832,2024-11-01,HW-PC-10062,Stove Kraft,4390.0,4250.0,-3.19
CP-804833,2024-12-01,HW-PC-10062,TTK Prestige,4390.0,5070.0,15.49
CP-804834,2024-12-01,HW-PC-10062,Butterfly,4390.0,4000.0,-8.88
CP-804835,2024-12-01,HW-PC-10062,Pigeon,4390.0,3420.0,-22.1
CP-804836,2024-12-01,HW-PC-10062,Stove Kraft,4390.0,4300.0,-2.05
CP-804837,2025-01-01,HW-PC-10062,TTK Prestige,4390.0,5120.0,16.63
CP-804838,2025-01-01,HW-PC-10062,Butterfly,4390.0,3910.0,-10.93
CP-804839,2025-01-01,HW-PC-10062,Pigeon,4390.0,3750.0,-14.58
CP-804840,2025-01-01,HW-PC-10062,Stove Kraft,4390.0,4620.0,5.24
CP-804841,2025-02-01,HW-PC-10062,TTK Prestige,4390.0,5000.0,13.9
CP-804842,2025-02-01,HW-PC-10062,Butterfly,4390.0,4150.0,-5.47
CP-804843,2025-02-01,HW-PC-10062,Pigeon,4390.0,3880.0,-11.62
CP-804844,2025-02-01,HW-PC-10062,Stove Kraft,4390.0,4510.0,2.73
CP-804845,2025-03-01,HW-PC-10062,TTK Prestige,4390.0,4990.0,13.67
CP-804846,2025-03-01,HW-PC-10062,Butterfly,4390.0,3860.0,-12.07
CP-804847,2025-03-01,HW-PC-10062,Pigeon,4390.0,3850.0,-12.3
CP-804848,2025-03-01,HW-PC-10062,Stove Kraft,4390.0,4150.0,-5.47
CP-804849,2025-04-01,HW-PC-10062,TTK Prestige,4390.0,4900.0,11.62
CP-804850,2025-04-01,HW-PC-10062,Butterfly,4390.0,4230.0,-3.64
CP-804851,2025-04-01,HW-PC-10062,Pigeon,4390.0,3820.0,-12.98
CP-804852,2025-04-01,HW-PC-10062,Stove Kraft,4390.0,4240.0,-3.42
CP-804853,2025-05-01,HW-PC-10062,TTK Prestige,4390.0,4890.0,11.39
CP-804854,2025-05-01,HW-PC-10062,Butterfly,4390.0,4180.0,-4.78
CP-804855,2025-05-01,HW-PC-10062,Pigeon,4390.0,3590.0,-18.22
CP-804856,2025-05-01,HW-PC-10062,Stove Kraft,4390.0,4080.0,-7.06
CP-804857,2025-06-01,HW-PC-10062,TTK Prestige,4390.0,4920.0,12.07
CP-804858,2025-06-01,HW-PC-10062,Butterfly,4390.0,4320.0,-1.59
CP-804859,2025-06-01,HW-PC-10062,Pigeon,4390.0,3670.0,-16.4
CP-804860,2025-06-01,HW-PC-10062,Stove Kraft,4390.0,4390.0,0.0
CP-804861,2025-07-01,HW-PC-10062,TTK Prestige,4390.0,4940.0,12.53
CP-804862,2025-07-01,HW-PC-10062,Butterfly,4390.0,4240.0,-3.42
CP-804863,2025-07-01,HW-PC-10062,Pigeon,4390.0,3860.0,-12.07
CP-804864,2025-07-01,HW-PC-10062,Stove Kraft,4390.0,4420.0,0.68
CP-804865,2025-08-01,HW-PC-10062,TTK Prestige,4390.0,5120.0,16.63
CP-804866,2025-08-01,HW-PC-10062,Butterfly,4390.0,4030.0,-8.2
CP-804867,2025-08-01,HW-PC-10062,Pigeon,4390.0,3600.0,-18.0
CP-804868,2025-08-01,HW-PC-10062,Stove Kraft,4390.0,4330.0,-1.37
CP-804869,2025-09-01,HW-PC-10062,TTK Prestige,4390.0,4980.0,13.44
CP-804870,2025-09-01,HW-PC-10062,Butterfly,4390.0,4420.0,0.68
CP-804871,2025-09-01,HW-PC-10062,Pigeon,4390.0,3740.0,-14.81
CP-804872,2025-09-01,HW-PC-10062,Stove Kraft,4390.0,4630.0,5.47
CP-804873,2025-10-01,HW-PC-10062,TTK Prestige,4390.0,5360.0,22.1
CP-804874,2025-10-01,HW-PC-10062,Butterfly,4390.0,4110.0,-6.38
CP-804875,2025-10-01,HW-PC-10062,Pigeon,4390.0,3800.0,-13.44
CP-804876,2025-10-01,HW-PC-10062,Stove Kraft,4390.0,4350.0,-0.91
CP-804877,2025-11-01,HW-PC-10062,TTK Prestige,4390.0,4950.0,12.76
CP-804878,2025-11-01,HW-PC-10062,Butterfly,4390.0,4520.0,2.96
CP-804879,2025-11-01,HW-PC-10062,Pigeon,4390.0,3920.0,-10.71
CP-804880,2025-11-01,HW-PC-10062,Stove Kraft,4390.0,4180.0,-4.78
CP-804881,2025-12-01,HW-PC-10062,TTK Prestige,4390.0,4860.0,10.71
CP-804882,2025-12-01,HW-PC-10062,Butterfly,4390.0,3970.0,-9.57
CP-804883,2025-12-01,HW-PC-10062,Pigeon,4390.0,3600.0,-18.0
CP-804884,2025-12-01,HW-PC-10062,Stove Kraft,4390.0,4440.0,1.14
CP-804885,2026-01-01,HW-PC-10062,TTK Prestige,4390.0,4800.0,9.34
CP-804886,2026-01-01,HW-PC-10062,Butterfly,4390.0,4230.0,-3.64
CP-804887,2026-01-01,HW-PC-10062,Pigeon,4390.0,3480.0,-20.73
CP-804888,2026-01-01,HW-PC-10062,Stove Kraft,4390.0,4040.0,-7.97
CP-804889,2026-02-01,HW-PC-10062,TTK Prestige,4390.0,4980.0,13.44
CP-804890,2026-02-01,HW-PC-10062,Butterfly,4390.0,3970.0,-9.57
CP-804891,2026-02-01,HW-PC-10062,Pigeon,4390.0,3820.0,-12.98
CP-804892,2026-02-01,HW-PC-10062,Stove Kraft,4390.0,4540.0,3.42
CP-804893,2026-03-01,HW-PC-10062,TTK Prestige,4390.0,5280.0,20.27
CP-804894,2026-03-01,HW-PC-10062,Butterfly,4390.0,4490.0,2.28
CP-804895,2026-03-01,HW-PC-10062,Pigeon,4390.0,3770.0,-14.12
CP-804896,2026-03-01,HW-PC-10062,Stove Kraft,4390.0,4440.0,1.14
CP-804897,2023-04-01,HW-PC-10063,TTK Prestige,5090.0,5410.0,6.29
CP-804898,2023-04-01,HW-PC-10063,Butterfly,5090.0,4510.0,-11.39
CP-804899,2023-04-01,HW-PC-10063,Pigeon,5090.0,3820.0,-24.95
CP-804900,2023-04-01,HW-PC-10063,Stove Kraft,5090.0,4620.0,-9.23
CP-804901,2023-05-01,HW-PC-10063,TTK Prestige,5090.0,5770.0,13.36
CP-804902,2023-05-01,HW-PC-10063,Butterfly,5090.0,4400.0,-13.56
CP-804903,2023-05-01,HW-PC-10063,Pigeon,5090.0,4210.0,-17.29
CP-804904,2023-05-01,HW-PC-10063,Stove Kraft,5090.0,4170.0,-18.07
CP-804905,2023-06-01,HW-PC-10063,TTK Prestige,5090.0,5030.0,-1.18
CP-804906,2023-06-01,HW-PC-10063,Butterfly,5090.0,4390.0,-13.75
CP-804907,2023-06-01,HW-PC-10063,Pigeon,5090.0,3960.0,-22.2
CP-804908,2023-06-01,HW-PC-10063,Stove Kraft,5090.0,4490.0,-11.79
CP-804909,2023-07-01,HW-PC-10063,TTK Prestige,5090.0,5240.0,2.95
CP-804910,2023-07-01,HW-PC-10063,Butterfly,5090.0,4460.0,-12.38
CP-804911,2023-07-01,HW-PC-10063,Pigeon,5090.0,3880.0,-23.77
CP-804912,2023-07-01,HW-PC-10063,Stove Kraft,5090.0,4550.0,-10.61
CP-804913,2023-08-01,HW-PC-10063,TTK Prestige,5090.0,5300.0,4.13
CP-804914,2023-08-01,HW-PC-10063,Butterfly,5090.0,4080.0,-19.84
CP-804915,2023-08-01,HW-PC-10063,Pigeon,5090.0,4220.0,-17.09
CP-804916,2023-08-01,HW-PC-10063,Stove Kraft,5090.0,4590.0,-9.82
CP-804917,2023-09-01,HW-PC-10063,TTK Prestige,5090.0,5390.0,5.89
CP-804918,2023-09-01,HW-PC-10063,Butterfly,5090.0,4730.0,-7.07
CP-804919,2023-09-01,HW-PC-10063,Pigeon,5090.0,3930.0,-22.79
CP-804920,2023-09-01,HW-PC-10063,Stove Kraft,5090.0,4810.0,-5.5
CP-804921,2023-10-01,HW-PC-10063,TTK Prestige,5090.0,5550.0,9.04
CP-804922,2023-10-01,HW-PC-10063,Butterfly,5090.0,4840.0,-4.91
CP-804923,2023-10-01,HW-PC-10063,Pigeon,5090.0,3970.0,-22.0
CP-804924,2023-10-01,HW-PC-10063,Stove Kraft,5090.0,4920.0,-3.34
CP-804925,2023-11-01,HW-PC-10063,TTK Prestige,5090.0,5200.0,2.16
CP-804926,2023-11-01,HW-PC-10063,Butterfly,5090.0,4620.0,-9.23
CP-804927,2023-11-01,HW-PC-10063,Pigeon,5090.0,3960.0,-22.2
CP-804928,2023-11-01,HW-PC-10063,Stove Kraft,5090.0,4530.0,-11.0
CP-804929,2023-12-01,HW-PC-10063,TTK Prestige,5090.0,5370.0,5.5
CP-804930,2023-12-01,HW-PC-10063,Butterfly,5090.0,4600.0,-9.63
CP-804931,2023-12-01,HW-PC-10063,Pigeon,5090.0,4480.0,-11.98
CP-804932,2023-12-01,HW-PC-10063,Stove Kraft,5090.0,5280.0,3.73
CP-804933,2024-01-01,HW-PC-10063,TTK Prestige,5090.0,5370.0,5.5
CP-804934,2024-01-01,HW-PC-10063,Butterfly,5090.0,4030.0,-20.83
CP-804935,2024-01-01,HW-PC-10063,Pigeon,5090.0,4070.0,-20.04
CP-804936,2024-01-01,HW-PC-10063,Stove Kraft,5090.0,4480.0,-11.98
CP-804937,2024-02-01,HW-PC-10063,TTK Prestige,5090.0,5260.0,3.34
CP-804938,2024-02-01,HW-PC-10063,Butterfly,5090.0,4740.0,-6.88
CP-804939,2024-02-01,HW-PC-10063,Pigeon,5090.0,4330.0,-14.93
CP-804940,2024-02-01,HW-PC-10063,Stove Kraft,5090.0,5270.0,3.54
CP-804941,2024-03-01,HW-PC-10063,TTK Prestige,5090.0,5210.0,2.36
CP-804942,2024-03-01,HW-PC-10063,Butterfly,5090.0,4430.0,-12.97
CP-804943,2024-03-01,HW-PC-10063,Pigeon,5090.0,4300.0,-15.52
CP-804944,2024-03-01,HW-PC-10063,Stove Kraft,5090.0,4880.0,-4.13
CP-804945,2024-04-01,HW-PC-10063,TTK Prestige,5090.0,5530.0,8.64
CP-804946,2024-04-01,HW-PC-10063,Butterfly,5090.0,4440.0,-12.77
CP-804947,2024-04-01,HW-PC-10063,Pigeon,5090.0,3610.0,-29.08
CP-804948,2024-04-01,HW-PC-10063,Stove Kraft,5090.0,4380.0,-13.95
CP-804949,2024-05-01,HW-PC-10063,TTK Prestige,5090.0,5540.0,8.84
CP-804950,2024-05-01,HW-PC-10063,Butterfly,5090.0,4830.0,-5.11
CP-804951,2024-05-01,HW-PC-10063,Pigeon,5090.0,4440.0,-12.77
CP-804952,2024-05-01,HW-PC-10063,Stove Kraft,5090.0,5310.0,4.32
CP-804953,2024-06-01,HW-PC-10063,TTK Prestige,5090.0,5440.0,6.88
CP-804954,2024-06-01,HW-PC-10063,Butterfly,5090.0,5120.0,0.59
CP-804955,2024-06-01,HW-PC-10063,Pigeon,5090.0,4210.0,-17.29
CP-804956,2024-06-01,HW-PC-10063,Stove Kraft,5090.0,4520.0,-11.2
CP-804957,2024-07-01,HW-PC-10063,TTK Prestige,5090.0,5160.0,1.38
CP-804958,2024-07-01,HW-PC-10063,Butterfly,5090.0,4760.0,-6.48
CP-804959,2024-07-01,HW-PC-10063,Pigeon,5090.0,3940.0,-22.59
CP-804960,2024-07-01,HW-PC-10063,Stove Kraft,5090.0,4180.0,-17.88
CP-804961,2024-08-01,HW-PC-10063,TTK Prestige,5090.0,5480.0,7.66
CP-804962,2024-08-01,HW-PC-10063,Butterfly,5090.0,4770.0,-6.29
CP-804963,2024-08-01,HW-PC-10063,Pigeon,5090.0,4260.0,-16.31
CP-804964,2024-08-01,HW-PC-10063,Stove Kraft,5090.0,5120.0,0.59
CP-804965,2024-09-01,HW-PC-10063,TTK Prestige,5090.0,5750.0,12.97
CP-804966,2024-09-01,HW-PC-10063,Butterfly,5090.0,4840.0,-4.91
CP-804967,2024-09-01,HW-PC-10063,Pigeon,5090.0,3960.0,-22.2
CP-804968,2024-09-01,HW-PC-10063,Stove Kraft,5090.0,4730.0,-7.07
CP-804969,2024-10-01,HW-PC-10063,TTK Prestige,5090.0,5530.0,8.64
CP-804970,2024-10-01,HW-PC-10063,Butterfly,5090.0,4190.0,-17.68
CP-804971,2024-10-01,HW-PC-10063,Pigeon,5090.0,4230.0,-16.9
CP-804972,2024-10-01,HW-PC-10063,Stove Kraft,5090.0,4650.0,-8.64
CP-804973,2024-11-01,HW-PC-10063,TTK Prestige,5090.0,5670.0,11.39
CP-804974,2024-11-01,HW-PC-10063,Butterfly,5090.0,4450.0,-12.57
CP-804975,2024-11-01,HW-PC-10063,Pigeon,5090.0,4330.0,-14.93
CP-804976,2024-11-01,HW-PC-10063,Stove Kraft,5090.0,5060.0,-0.59
CP-804977,2024-12-01,HW-PC-10063,TTK Prestige,5090.0,5650.0,11.0
CP-804978,2024-12-01,HW-PC-10063,Butterfly,5090.0,4210.0,-17.29
CP-804979,2024-12-01,HW-PC-10063,Pigeon,5090.0,4110.0,-19.25
CP-804980,2024-12-01,HW-PC-10063,Stove Kraft,5090.0,5020.0,-1.38
CP-804981,2025-01-01,HW-PC-10063,TTK Prestige,5090.0,5510.0,8.25
CP-804982,2025-01-01,HW-PC-10063,Butterfly,5090.0,4340.0,-14.73
CP-804983,2025-01-01,HW-PC-10063,Pigeon,5090.0,4070.0,-20.04
CP-804984,2025-01-01,HW-PC-10063,Stove Kraft,5090.0,5050.0,-0.79
CP-804985,2025-02-01,HW-PC-10063,TTK Prestige,5090.0,5680.0,11.59
CP-804986,2025-02-01,HW-PC-10063,Butterfly,5090.0,4410.0,-13.36
CP-804987,2025-02-01,HW-PC-10063,Pigeon,5090.0,4140.0,-18.66
CP-804988,2025-02-01,HW-PC-10063,Stove Kraft,5090.0,4620.0,-9.23
CP-804989,2025-03-01,HW-PC-10063,TTK Prestige,5090.0,5870.0,15.32
CP-804990,2025-03-01,HW-PC-10063,Butterfly,5090.0,4650.0,-8.64
CP-804991,2025-03-01,HW-PC-10063,Pigeon,5090.0,4050.0,-20.43
CP-804992,2025-03-01,HW-PC-10063,Stove Kraft,5090.0,5550.0,9.04
CP-804993,2025-04-01,HW-PC-10063,TTK Prestige,5090.0,5520.0,8.45
CP-804994,2025-04-01,HW-PC-10063,Butterfly,5090.0,4920.0,-3.34
CP-804995,2025-04-01,HW-PC-10063,Pigeon,5090.0,4400.0,-13.56
CP-804996,2025-04-01,HW-PC-10063,Stove Kraft,5090.0,4980.0,-2.16
CP-804997,2025-05-01,HW-PC-10063,TTK Prestige,5090.0,5690.0,11.79
CP-804998,2025-05-01,HW-PC-10063,Butterfly,5090.0,4670.0,-8.25
CP-804999,2025-05-01,HW-PC-10063,Pigeon,5090.0,4030.0,-20.83
CP-805000,2025-05-01,HW-PC-10063,Stove Kraft,5090.0,4370.0,-14.15
CP-805001,2025-06-01,HW-PC-10063,TTK Prestige,5090.0,5910.0,16.11
CP-805002,2025-06-01,HW-PC-10063,Butterfly,5090.0,4770.0,-6.29
CP-805003,2025-06-01,HW-PC-10063,Pigeon,5090.0,4390.0,-13.75
CP-805004,2025-06-01,HW-PC-10063,Stove Kraft,5090.0,5810.0,14.15
CP-805005,2025-07-01,HW-PC-10063,TTK Prestige,5090.0,6380.0,25.34
CP-805006,2025-07-01,HW-PC-10063,Butterfly,5090.0,5180.0,1.77
CP-805007,2025-07-01,HW-PC-10063,Pigeon,5090.0,4510.0,-11.39
CP-805008,2025-07-01,HW-PC-10063,Stove Kraft,5090.0,5100.0,0.2
CP-805009,2025-08-01,HW-PC-10063,TTK Prestige,5090.0,6090.0,19.65
CP-805010,2025-08-01,HW-PC-10063,Butterfly,5090.0,5030.0,-1.18
CP-805011,2025-08-01,HW-PC-10063,Pigeon,5090.0,4440.0,-12.77
CP-805012,2025-08-01,HW-PC-10063,Stove Kraft,5090.0,5310.0,4.32
CP-805013,2025-09-01,HW-PC-10063,TTK Prestige,5090.0,5860.0,15.13
CP-805014,2025-09-01,HW-PC-10063,Butterfly,5090.0,4530.0,-11.0
CP-805015,2025-09-01,HW-PC-10063,Pigeon,5090.0,4340.0,-14.73
CP-805016,2025-09-01,HW-PC-10063,Stove Kraft,5090.0,4760.0,-6.48
CP-805017,2025-10-01,HW-PC-10063,TTK Prestige,5090.0,5330.0,4.72
CP-805018,2025-10-01,HW-PC-10063,Butterfly,5090.0,4880.0,-4.13
CP-805019,2025-10-01,HW-PC-10063,Pigeon,5090.0,4600.0,-9.63
CP-805020,2025-10-01,HW-PC-10063,Stove Kraft,5090.0,5570.0,9.43
CP-805021,2025-11-01,HW-PC-10063,TTK Prestige,5090.0,5950.0,16.9
CP-805022,2025-11-01,HW-PC-10063,Butterfly,5090.0,4940.0,-2.95
CP-805023,2025-11-01,HW-PC-10063,Pigeon,5090.0,4400.0,-13.56
CP-805024,2025-11-01,HW-PC-10063,Stove Kraft,5090.0,5100.0,0.2
CP-805025,2025-12-01,HW-PC-10063,TTK Prestige,5090.0,5630.0,10.61
CP-805026,2025-12-01,HW-PC-10063,Butterfly,5090.0,4420.0,-13.16
CP-805027,2025-12-01,HW-PC-10063,Pigeon,5090.0,4300.0,-15.52
CP-805028,2025-12-01,HW-PC-10063,Stove Kraft,5090.0,4550.0,-10.61
CP-805029,2026-01-01,HW-PC-10063,TTK Prestige,5090.0,6160.0,21.02
CP-805030,2026-01-01,HW-PC-10063,Butterfly,5090.0,5070.0,-0.39
CP-805031,2026-01-01,HW-PC-10063,Pigeon,5090.0,4060.0,-20.24
CP-805032,2026-01-01,HW-PC-10063,Stove Kraft,5090.0,5600.0,10.02
CP-805033,2026-02-01,HW-PC-10063,TTK Prestige,5090.0,5660.0,11.2
CP-805034,2026-02-01,HW-PC-10063,Butterfly,5090.0,4660.0,-8.45
CP-805035,2026-02-01,HW-PC-10063,Pigeon,5090.0,4240.0,-16.7
CP-805036,2026-02-01,HW-PC-10063,Stove Kraft,5090.0,5160.0,1.38
CP-805037,2026-03-01,HW-PC-10063,TTK Prestige,5090.0,5210.0,2.36
CP-805038,2026-03-01,HW-PC-10063,Butterfly,5090.0,5020.0,-1.38
CP-805039,2026-03-01,HW-PC-10063,Pigeon,5090.0,4680.0,-8.06
CP-805040,2026-03-01,HW-PC-10063,Stove Kraft,5090.0,5190.0,1.96
CP-805041,2023-04-01,HW-PC-10022,TTK Prestige,2750.0,2910.0,5.82
CP-805042,2023-04-01,HW-PC-10022,Butterfly,2750.0,2380.0,-13.45
CP-805043,2023-04-01,HW-PC-10022,Pigeon,2750.0,2020.0,-26.55
CP-805044,2023-04-01,HW-PC-10022,Stove Kraft,2750.0,2730.0,-0.73
CP-805045,2023-05-01,HW-PC-10022,TTK Prestige,2750.0,2990.0,8.73
CP-805046,2023-05-01,HW-PC-10022,Butterfly,2750.0,2270.0,-17.45
CP-805047,2023-05-01,HW-PC-10022,Pigeon,2750.0,2270.0,-17.45
CP-805048,2023-05-01,HW-PC-10022,Stove Kraft,2750.0,2680.0,-2.55
CP-805049,2023-06-01,HW-PC-10022,TTK Prestige,2750.0,2630.0,-4.36
CP-805050,2023-06-01,HW-PC-10022,Butterfly,2750.0,2480.0,-9.82
CP-805051,2023-06-01,HW-PC-10022,Pigeon,2750.0,2210.0,-19.64
CP-805052,2023-06-01,HW-PC-10022,Stove Kraft,2750.0,2740.0,-0.36
CP-805053,2023-07-01,HW-PC-10022,TTK Prestige,2750.0,2930.0,6.55
CP-805054,2023-07-01,HW-PC-10022,Butterfly,2750.0,2250.0,-18.18
CP-805055,2023-07-01,HW-PC-10022,Pigeon,2750.0,2270.0,-17.45
CP-805056,2023-07-01,HW-PC-10022,Stove Kraft,2750.0,2680.0,-2.55
CP-805057,2023-08-01,HW-PC-10022,TTK Prestige,2750.0,2890.0,5.09
CP-805058,2023-08-01,HW-PC-10022,Butterfly,2750.0,2390.0,-13.09
CP-805059,2023-08-01,HW-PC-10022,Pigeon,2750.0,2110.0,-23.27
CP-805060,2023-08-01,HW-PC-10022,Stove Kraft,2750.0,2590.0,-5.82
CP-805061,2023-09-01,HW-PC-10022,TTK Prestige,2750.0,2770.0,0.73
CP-805062,2023-09-01,HW-PC-10022,Butterfly,2750.0,2520.0,-8.36
CP-805063,2023-09-01,HW-PC-10022,Pigeon,2750.0,2290.0,-16.73
CP-805064,2023-09-01,HW-PC-10022,Stove Kraft,2750.0,2350.0,-14.55
CP-805065,2023-10-01,HW-PC-10022,TTK Prestige,2750.0,3150.0,14.55
CP-805066,2023-10-01,HW-PC-10022,Butterfly,2750.0,2440.0,-11.27
CP-805067,2023-10-01,HW-PC-10022,Pigeon,2750.0,2100.0,-23.64
CP-805068,2023-10-01,HW-PC-10022,Stove Kraft,2750.0,2360.0,-14.18
CP-805069,2023-11-01,HW-PC-10022,TTK Prestige,2750.0,2900.0,5.45
CP-805070,2023-11-01,HW-PC-10022,Butterfly,2750.0,2150.0,-21.82
CP-805071,2023-11-01,HW-PC-10022,Pigeon,2750.0,2290.0,-16.73
CP-805072,2023-11-01,HW-PC-10022,Stove Kraft,2750.0,2540.0,-7.64
CP-805073,2023-12-01,HW-PC-10022,TTK Prestige,2750.0,3060.0,11.27
CP-805074,2023-12-01,HW-PC-10022,Butterfly,2750.0,2500.0,-9.09
CP-805075,2023-12-01,HW-PC-10022,Pigeon,2750.0,2390.0,-13.09
CP-805076,2023-12-01,HW-PC-10022,Stove Kraft,2750.0,2520.0,-8.36
CP-805077,2024-01-01,HW-PC-10022,TTK Prestige,2750.0,2820.0,2.55
CP-805078,2024-01-01,HW-PC-10022,Butterfly,2750.0,2530.0,-8.0
CP-805079,2024-01-01,HW-PC-10022,Pigeon,2750.0,2330.0,-15.27
CP-805080,2024-01-01,HW-PC-10022,Stove Kraft,2750.0,2310.0,-16.0
CP-805081,2024-02-01,HW-PC-10022,TTK Prestige,2750.0,3030.0,10.18
CP-805082,2024-02-01,HW-PC-10022,Butterfly,2750.0,2520.0,-8.36
CP-805083,2024-02-01,HW-PC-10022,Pigeon,2750.0,2150.0,-21.82
CP-805084,2024-02-01,HW-PC-10022,Stove Kraft,2750.0,2550.0,-7.27
CP-805085,2024-03-01,HW-PC-10022,TTK Prestige,2750.0,2830.0,2.91
CP-805086,2024-03-01,HW-PC-10022,Butterfly,2750.0,2200.0,-20.0
CP-805087,2024-03-01,HW-PC-10022,Pigeon,2750.0,2330.0,-15.27
CP-805088,2024-03-01,HW-PC-10022,Stove Kraft,2750.0,2610.0,-5.09
CP-805089,2024-04-01,HW-PC-10022,TTK Prestige,2750.0,3070.0,11.64
CP-805090,2024-04-01,HW-PC-10022,Butterfly,2750.0,2420.0,-12.0
CP-805091,2024-04-01,HW-PC-10022,Pigeon,2750.0,2230.0,-18.91
CP-805092,2024-04-01,HW-PC-10022,Stove Kraft,2750.0,2460.0,-10.55
CP-805093,2024-05-01,HW-PC-10022,TTK Prestige,2750.0,3250.0,18.18
CP-805094,2024-05-01,HW-PC-10022,Butterfly,2750.0,2560.0,-6.91
CP-805095,2024-05-01,HW-PC-10022,Pigeon,2750.0,2240.0,-18.55
CP-805096,2024-05-01,HW-PC-10022,Stove Kraft,2750.0,2500.0,-9.09
CP-805097,2024-06-01,HW-PC-10022,TTK Prestige,2750.0,3010.0,9.45
CP-805098,2024-06-01,HW-PC-10022,Butterfly,2750.0,2760.0,0.36
CP-805099,2024-06-01,HW-PC-10022,Pigeon,2750.0,2360.0,-14.18
CP-805100,2024-06-01,HW-PC-10022,Stove Kraft,2750.0,2400.0,-12.73
CP-805101,2024-07-01,HW-PC-10022,TTK Prestige,2750.0,2730.0,-0.73
CP-805102,2024-07-01,HW-PC-10022,Butterfly,2750.0,2360.0,-14.18
CP-805103,2024-07-01,HW-PC-10022,Pigeon,2750.0,2310.0,-16.0
CP-805104,2024-07-01,HW-PC-10022,Stove Kraft,2750.0,2620.0,-4.73
CP-805105,2024-08-01,HW-PC-10022,TTK Prestige,2750.0,3010.0,9.45
CP-805106,2024-08-01,HW-PC-10022,Butterfly,2750.0,2630.0,-4.36
CP-805107,2024-08-01,HW-PC-10022,Pigeon,2750.0,2460.0,-10.55
CP-805108,2024-08-01,HW-PC-10022,Stove Kraft,2750.0,2470.0,-10.18
CP-805109,2024-09-01,HW-PC-10022,TTK Prestige,2750.0,3080.0,12.0
CP-805110,2024-09-01,HW-PC-10022,Butterfly,2750.0,2580.0,-6.18
CP-805111,2024-09-01,HW-PC-10022,Pigeon,2750.0,2480.0,-9.82
CP-805112,2024-09-01,HW-PC-10022,Stove Kraft,2750.0,2770.0,0.73
CP-805113,2024-10-01,HW-PC-10022,TTK Prestige,2750.0,3290.0,19.64
CP-805114,2024-10-01,HW-PC-10022,Butterfly,2750.0,2640.0,-4.0
CP-805115,2024-10-01,HW-PC-10022,Pigeon,2750.0,2300.0,-16.36
CP-805116,2024-10-01,HW-PC-10022,Stove Kraft,2750.0,2750.0,0.0
CP-805117,2024-11-01,HW-PC-10022,TTK Prestige,2750.0,3090.0,12.36
CP-805118,2024-11-01,HW-PC-10022,Butterfly,2750.0,2440.0,-11.27
CP-805119,2024-11-01,HW-PC-10022,Pigeon,2750.0,2230.0,-18.91
CP-805120,2024-11-01,HW-PC-10022,Stove Kraft,2750.0,2880.0,4.73
CP-805121,2024-12-01,HW-PC-10022,TTK Prestige,2750.0,3100.0,12.73
CP-805122,2024-12-01,HW-PC-10022,Butterfly,2750.0,2760.0,0.36
CP-805123,2024-12-01,HW-PC-10022,Pigeon,2750.0,2350.0,-14.55
CP-805124,2024-12-01,HW-PC-10022,Stove Kraft,2750.0,2930.0,6.55
CP-805125,2025-01-01,HW-PC-10022,TTK Prestige,2750.0,3050.0,10.91
CP-805126,2025-01-01,HW-PC-10022,Butterfly,2750.0,2290.0,-16.73
CP-805127,2025-01-01,HW-PC-10022,Pigeon,2750.0,2250.0,-18.18
CP-805128,2025-01-01,HW-PC-10022,Stove Kraft,2750.0,2630.0,-4.36
CP-805129,2025-02-01,HW-PC-10022,TTK Prestige,2750.0,3080.0,12.0
CP-805130,2025-02-01,HW-PC-10022,Butterfly,2750.0,2420.0,-12.0
CP-805131,2025-02-01,HW-PC-10022,Pigeon,2750.0,2210.0,-19.64
CP-805132,2025-02-01,HW-PC-10022,Stove Kraft,2750.0,2540.0,-7.64
CP-805133,2025-03-01,HW-PC-10022,TTK Prestige,2750.0,2930.0,6.55
CP-805134,2025-03-01,HW-PC-10022,Butterfly,2750.0,2540.0,-7.64
CP-805135,2025-03-01,HW-PC-10022,Pigeon,2750.0,2220.0,-19.27
CP-805136,2025-03-01,HW-PC-10022,Stove Kraft,2750.0,2790.0,1.45
CP-805137,2025-04-01,HW-PC-10022,TTK Prestige,2750.0,3190.0,16.0
CP-805138,2025-04-01,HW-PC-10022,Butterfly,2750.0,2770.0,0.73
CP-805139,2025-04-01,HW-PC-10022,Pigeon,2750.0,2260.0,-17.82
CP-805140,2025-04-01,HW-PC-10022,Stove Kraft,2750.0,2460.0,-10.55
CP-805141,2025-05-01,HW-PC-10022,TTK Prestige,2750.0,3000.0,9.09
CP-805142,2025-05-01,HW-PC-10022,Butterfly,2750.0,2730.0,-0.73
CP-805143,2025-05-01,HW-PC-10022,Pigeon,2750.0,2400.0,-12.73
CP-805144,2025-05-01,HW-PC-10022,Stove Kraft,2750.0,2900.0,5.45
CP-805145,2025-06-01,HW-PC-10022,TTK Prestige,2750.0,3030.0,10.18
CP-805146,2025-06-01,HW-PC-10022,Butterfly,2750.0,2300.0,-16.36
CP-805147,2025-06-01,HW-PC-10022,Pigeon,2750.0,2410.0,-12.36
CP-805148,2025-06-01,HW-PC-10022,Stove Kraft,2750.0,2720.0,-1.09
CP-805149,2025-07-01,HW-PC-10022,TTK Prestige,2750.0,2910.0,5.82
CP-805150,2025-07-01,HW-PC-10022,Butterfly,2750.0,2570.0,-6.55
CP-805151,2025-07-01,HW-PC-10022,Pigeon,2750.0,2420.0,-12.0
CP-805152,2025-07-01,HW-PC-10022,Stove Kraft,2750.0,2610.0,-5.09
CP-805153,2025-08-01,HW-PC-10022,TTK Prestige,2750.0,2840.0,3.27
CP-805154,2025-08-01,HW-PC-10022,Butterfly,2750.0,2730.0,-0.73
CP-805155,2025-08-01,HW-PC-10022,Pigeon,2750.0,2480.0,-9.82
CP-805156,2025-08-01,HW-PC-10022,Stove Kraft,2750.0,2740.0,-0.36
CP-805157,2025-09-01,HW-PC-10022,TTK Prestige,2750.0,2930.0,6.55
CP-805158,2025-09-01,HW-PC-10022,Butterfly,2750.0,2570.0,-6.55
CP-805159,2025-09-01,HW-PC-10022,Pigeon,2750.0,2310.0,-16.0
CP-805160,2025-09-01,HW-PC-10022,Stove Kraft,2750.0,2540.0,-7.64
CP-805161,2025-10-01,HW-PC-10022,TTK Prestige,2750.0,3110.0,13.09
CP-805162,2025-10-01,HW-PC-10022,Butterfly,2750.0,2420.0,-12.0
CP-805163,2025-10-01,HW-PC-10022,Pigeon,2750.0,2440.0,-11.27
CP-805164,2025-10-01,HW-PC-10022,Stove Kraft,2750.0,2660.0,-3.27
CP-805165,2025-11-01,HW-PC-10022,TTK Prestige,2750.0,3110.0,13.09
CP-805166,2025-11-01,HW-PC-10022,Butterfly,2750.0,2440.0,-11.27
CP-805167,2025-11-01,HW-PC-10022,Pigeon,2750.0,2430.0,-11.64
CP-805168,2025-11-01,HW-PC-10022,Stove Kraft,2750.0,2670.0,-2.91
CP-805169,2025-12-01,HW-PC-10022,TTK Prestige,2750.0,2970.0,8.0
CP-805170,2025-12-01,HW-PC-10022,Butterfly,2750.0,2400.0,-12.73
CP-805171,2025-12-01,HW-PC-10022,Pigeon,2750.0,2110.0,-23.27
CP-805172,2025-12-01,HW-PC-10022,Stove Kraft,2750.0,2530.0,-8.0
CP-805173,2026-01-01,HW-PC-10022,TTK Prestige,2750.0,3200.0,16.36
CP-805174,2026-01-01,HW-PC-10022,Butterfly,2750.0,2780.0,1.09
CP-805175,2026-01-01,HW-PC-10022,Pigeon,2750.0,2440.0,-11.27
CP-805176,2026-01-01,HW-PC-10022,Stove Kraft,2750.0,2900.0,5.45
CP-805177,2026-02-01,HW-PC-10022,TTK Prestige,2750.0,2970.0,8.0
CP-805178,2026-02-01,HW-PC-10022,Butterfly,2750.0,2520.0,-8.36
CP-805179,2026-02-01,HW-PC-10022,Pigeon,2750.0,2290.0,-16.73
CP-805180,2026-02-01,HW-PC-10022,Stove Kraft,2750.0,3010.0,9.45
CP-805181,2026-03-01,HW-PC-10022,TTK Prestige,2750.0,3150.0,14.55
CP-805182,2026-03-01,HW-PC-10022,Butterfly,2750.0,2510.0,-8.73
CP-805183,2026-03-01,HW-PC-10022,Pigeon,2750.0,2200.0,-20.0
CP-805184,2026-03-01,HW-PC-10022,Stove Kraft,2750.0,2940.0,6.91
CP-805185,2023-04-01,HW-PC-10023,TTK Prestige,2920.0,3280.0,12.33
CP-805186,2023-04-01,HW-PC-10023,Butterfly,2920.0,2630.0,-9.93
CP-805187,2023-04-01,HW-PC-10023,Pigeon,2920.0,2320.0,-20.55
CP-805188,2023-04-01,HW-PC-10023,Stove Kraft,2920.0,2710.0,-7.19
CP-805189,2023-05-01,HW-PC-10023,TTK Prestige,2920.0,2900.0,-0.68
CP-805190,2023-05-01,HW-PC-10023,Butterfly,2920.0,2650.0,-9.25
CP-805191,2023-05-01,HW-PC-10023,Pigeon,2920.0,2350.0,-19.52
CP-805192,2023-05-01,HW-PC-10023,Stove Kraft,2920.0,2300.0,-21.23
CP-805193,2023-06-01,HW-PC-10023,TTK Prestige,2920.0,3110.0,6.51
CP-805194,2023-06-01,HW-PC-10023,Butterfly,2920.0,2530.0,-13.36
CP-805195,2023-06-01,HW-PC-10023,Pigeon,2920.0,2470.0,-15.41
CP-805196,2023-06-01,HW-PC-10023,Stove Kraft,2920.0,2630.0,-9.93
CP-805197,2023-07-01,HW-PC-10023,TTK Prestige,2920.0,3150.0,7.88
CP-805198,2023-07-01,HW-PC-10023,Butterfly,2920.0,2590.0,-11.3
CP-805199,2023-07-01,HW-PC-10023,Pigeon,2920.0,2220.0,-23.97
CP-805200,2023-07-01,HW-PC-10023,Stove Kraft,2920.0,2560.0,-12.33
CP-805201,2023-08-01,HW-PC-10023,TTK Prestige,2920.0,3190.0,9.25
CP-805202,2023-08-01,HW-PC-10023,Butterfly,2920.0,2770.0,-5.14
CP-805203,2023-08-01,HW-PC-10023,Pigeon,2920.0,2360.0,-19.18
CP-805204,2023-08-01,HW-PC-10023,Stove Kraft,2920.0,2560.0,-12.33
CP-805205,2023-09-01,HW-PC-10023,TTK Prestige,2920.0,3200.0,9.59
CP-805206,2023-09-01,HW-PC-10023,Butterfly,2920.0,2220.0,-23.97
CP-805207,2023-09-01,HW-PC-10023,Pigeon,2920.0,2410.0,-17.47
CP-805208,2023-09-01,HW-PC-10023,Stove Kraft,2920.0,2670.0,-8.56
CP-805209,2023-10-01,HW-PC-10023,TTK Prestige,2920.0,3250.0,11.3
CP-805210,2023-10-01,HW-PC-10023,Butterfly,2920.0,2660.0,-8.9
CP-805211,2023-10-01,HW-PC-10023,Pigeon,2920.0,2410.0,-17.47
CP-805212,2023-10-01,HW-PC-10023,Stove Kraft,2920.0,2800.0,-4.11
CP-805213,2023-11-01,HW-PC-10023,TTK Prestige,2920.0,3250.0,11.3
CP-805214,2023-11-01,HW-PC-10023,Butterfly,2920.0,2880.0,-1.37
CP-805215,2023-11-01,HW-PC-10023,Pigeon,2920.0,2400.0,-17.81
CP-805216,2023-11-01,HW-PC-10023,Stove Kraft,2920.0,2500.0,-14.38
CP-805217,2023-12-01,HW-PC-10023,TTK Prestige,2920.0,3300.0,13.01
CP-805218,2023-12-01,HW-PC-10023,Butterfly,2920.0,2310.0,-20.89
CP-805219,2023-12-01,HW-PC-10023,Pigeon,2920.0,2070.0,-29.11
CP-805220,2023-12-01,HW-PC-10023,Stove Kraft,2920.0,3110.0,6.51
CP-805221,2024-01-01,HW-PC-10023,TTK Prestige,2920.0,3160.0,8.22
CP-805222,2024-01-01,HW-PC-10023,Butterfly,2920.0,2530.0,-13.36
CP-805223,2024-01-01,HW-PC-10023,Pigeon,2920.0,2370.0,-18.84
CP-805224,2024-01-01,HW-PC-10023,Stove Kraft,2920.0,2620.0,-10.27
CP-805225,2024-02-01,HW-PC-10023,TTK Prestige,2920.0,3250.0,11.3
CP-805226,2024-02-01,HW-PC-10023,Butterfly,2920.0,2740.0,-6.16
CP-805227,2024-02-01,HW-PC-10023,Pigeon,2920.0,2380.0,-18.49
CP-805228,2024-02-01,HW-PC-10023,Stove Kraft,2920.0,2810.0,-3.77
CP-805229,2024-03-01,HW-PC-10023,TTK Prestige,2920.0,3160.0,8.22
CP-805230,2024-03-01,HW-PC-10023,Butterfly,2920.0,2590.0,-11.3
CP-805231,2024-03-01,HW-PC-10023,Pigeon,2920.0,2420.0,-17.12
CP-805232,2024-03-01,HW-PC-10023,Stove Kraft,2920.0,2920.0,0.0
CP-805233,2024-04-01,HW-PC-10023,TTK Prestige,2920.0,3210.0,9.93
CP-805234,2024-04-01,HW-PC-10023,Butterfly,2920.0,2610.0,-10.62
CP-805235,2024-04-01,HW-PC-10023,Pigeon,2920.0,2220.0,-23.97
CP-805236,2024-04-01,HW-PC-10023,Stove Kraft,2920.0,2610.0,-10.62
CP-805237,2024-05-01,HW-PC-10023,TTK Prestige,2920.0,3320.0,13.7
CP-805238,2024-05-01,HW-PC-10023,Butterfly,2920.0,2530.0,-13.36
CP-805239,2024-05-01,HW-PC-10023,Pigeon,2920.0,2050.0,-29.79
CP-805240,2024-05-01,HW-PC-10023,Stove Kraft,2920.0,2720.0,-6.85
CP-805241,2024-06-01,HW-PC-10023,TTK Prestige,2920.0,3100.0,6.16
CP-805242,2024-06-01,HW-PC-10023,Butterfly,2920.0,2780.0,-4.79
CP-805243,2024-06-01,HW-PC-10023,Pigeon,2920.0,2190.0,-25.0
CP-805244,2024-06-01,HW-PC-10023,Stove Kraft,2920.0,2800.0,-4.11
CP-805245,2024-07-01,HW-PC-10023,TTK Prestige,2920.0,3280.0,12.33
CP-805246,2024-07-01,HW-PC-10023,Butterfly,2920.0,2800.0,-4.11
CP-805247,2024-07-01,HW-PC-10023,Pigeon,2920.0,2240.0,-23.29
CP-805248,2024-07-01,HW-PC-10023,Stove Kraft,2920.0,2660.0,-8.9
CP-805249,2024-08-01,HW-PC-10023,TTK Prestige,2920.0,3270.0,11.99
CP-805250,2024-08-01,HW-PC-10023,Butterfly,2920.0,2800.0,-4.11
CP-805251,2024-08-01,HW-PC-10023,Pigeon,2920.0,2340.0,-19.86
CP-805252,2024-08-01,HW-PC-10023,Stove Kraft,2920.0,2680.0,-8.22
CP-805253,2024-09-01,HW-PC-10023,TTK Prestige,2920.0,3180.0,8.9
CP-805254,2024-09-01,HW-PC-10023,Butterfly,2920.0,2690.0,-7.88
CP-805255,2024-09-01,HW-PC-10023,Pigeon,2920.0,2390.0,-18.15
CP-805256,2024-09-01,HW-PC-10023,Stove Kraft,2920.0,2620.0,-10.27
CP-805257,2024-10-01,HW-PC-10023,TTK Prestige,2920.0,3330.0,14.04
CP-805258,2024-10-01,HW-PC-10023,Butterfly,2920.0,2740.0,-6.16
CP-805259,2024-10-01,HW-PC-10023,Pigeon,2920.0,2570.0,-11.99
CP-805260,2024-10-01,HW-PC-10023,Stove Kraft,2920.0,2820.0,-3.42
CP-805261,2024-11-01,HW-PC-10023,TTK Prestige,2920.0,3180.0,8.9
CP-805262,2024-11-01,HW-PC-10023,Butterfly,2920.0,2590.0,-11.3
CP-805263,2024-11-01,HW-PC-10023,Pigeon,2920.0,2300.0,-21.23
CP-805264,2024-11-01,HW-PC-10023,Stove Kraft,2920.0,2560.0,-12.33
CP-805265,2024-12-01,HW-PC-10023,TTK Prestige,2920.0,3250.0,11.3
CP-805266,2024-12-01,HW-PC-10023,Butterfly,2920.0,2950.0,1.03
CP-805267,2024-12-01,HW-PC-10023,Pigeon,2920.0,2220.0,-23.97
CP-805268,2024-12-01,HW-PC-10023,Stove Kraft,2920.0,2890.0,-1.03
CP-805269,2025-01-01,HW-PC-10023,TTK Prestige,2920.0,3020.0,3.42
CP-805270,2025-01-01,HW-PC-10023,Butterfly,2920.0,2530.0,-13.36
CP-805271,2025-01-01,HW-PC-10023,Pigeon,2920.0,2200.0,-24.66
CP-805272,2025-01-01,HW-PC-10023,Stove Kraft,2920.0,2610.0,-10.62
CP-805273,2025-02-01,HW-PC-10023,TTK Prestige,2920.0,3190.0,9.25
CP-805274,2025-02-01,HW-PC-10023,Butterfly,2920.0,2680.0,-8.22
CP-805275,2025-02-01,HW-PC-10023,Pigeon,2920.0,2720.0,-6.85
CP-805276,2025-02-01,HW-PC-10023,Stove Kraft,2920.0,2860.0,-2.05
CP-805277,2025-03-01,HW-PC-10023,TTK Prestige,2920.0,3150.0,7.88
CP-805278,2025-03-01,HW-PC-10023,Butterfly,2920.0,2610.0,-10.62
CP-805279,2025-03-01,HW-PC-10023,Pigeon,2920.0,2440.0,-16.44
CP-805280,2025-03-01,HW-PC-10023,Stove Kraft,2920.0,2820.0,-3.42
CP-805281,2025-04-01,HW-PC-10023,TTK Prestige,2920.0,3500.0,19.86
CP-805282,2025-04-01,HW-PC-10023,Butterfly,2920.0,2900.0,-0.68
CP-805283,2025-04-01,HW-PC-10023,Pigeon,2920.0,2480.0,-15.07
CP-805284,2025-04-01,HW-PC-10023,Stove Kraft,2920.0,2920.0,0.0
CP-805285,2025-05-01,HW-PC-10023,TTK Prestige,2920.0,3190.0,9.25
CP-805286,2025-05-01,HW-PC-10023,Butterfly,2920.0,2840.0,-2.74
CP-805287,2025-05-01,HW-PC-10023,Pigeon,2920.0,2360.0,-19.18
CP-805288,2025-05-01,HW-PC-10023,Stove Kraft,2920.0,3210.0,9.93
CP-805289,2025-06-01,HW-PC-10023,TTK Prestige,2920.0,3430.0,17.47
CP-805290,2025-06-01,HW-PC-10023,Butterfly,2920.0,2900.0,-0.68
CP-805291,2025-06-01,HW-PC-10023,Pigeon,2920.0,2320.0,-20.55
CP-805292,2025-06-01,HW-PC-10023,Stove Kraft,2920.0,3230.0,10.62
CP-805293,2025-07-01,HW-PC-10023,TTK Prestige,2920.0,3540.0,21.23
CP-805294,2025-07-01,HW-PC-10023,Butterfly,2920.0,2840.0,-2.74
CP-805295,2025-07-01,HW-PC-10023,Pigeon,2920.0,2340.0,-19.86
CP-805296,2025-07-01,HW-PC-10023,Stove Kraft,2920.0,2700.0,-7.53
CP-805297,2025-08-01,HW-PC-10023,TTK Prestige,2920.0,3380.0,15.75
CP-805298,2025-08-01,HW-PC-10023,Butterfly,2920.0,2910.0,-0.34
CP-805299,2025-08-01,HW-PC-10023,Pigeon,2920.0,2590.0,-11.3
CP-805300,2025-08-01,HW-PC-10023,Stove Kraft,2920.0,2910.0,-0.34
CP-805301,2025-09-01,HW-PC-10023,TTK Prestige,2920.0,3240.0,10.96
CP-805302,2025-09-01,HW-PC-10023,Butterfly,2920.0,2710.0,-7.19
CP-805303,2025-09-01,HW-PC-10023,Pigeon,2920.0,2370.0,-18.84
CP-805304,2025-09-01,HW-PC-10023,Stove Kraft,2920.0,3040.0,4.11
CP-805305,2025-10-01,HW-PC-10023,TTK Prestige,2920.0,3300.0,13.01
CP-805306,2025-10-01,HW-PC-10023,Butterfly,2920.0,2620.0,-10.27
CP-805307,2025-10-01,HW-PC-10023,Pigeon,2920.0,2590.0,-11.3
CP-805308,2025-10-01,HW-PC-10023,Stove Kraft,2920.0,2820.0,-3.42
CP-805309,2025-11-01,HW-PC-10023,TTK Prestige,2920.0,3290.0,12.67
CP-805310,2025-11-01,HW-PC-10023,Butterfly,2920.0,2600.0,-10.96
CP-805311,2025-11-01,HW-PC-10023,Pigeon,2920.0,2470.0,-15.41
CP-805312,2025-11-01,HW-PC-10023,Stove Kraft,2920.0,3080.0,5.48
CP-805313,2025-12-01,HW-PC-10023,TTK Prestige,2920.0,3240.0,10.96
CP-805314,2025-12-01,HW-PC-10023,Butterfly,2920.0,2780.0,-4.79
CP-805315,2025-12-01,HW-PC-10023,Pigeon,2920.0,2380.0,-18.49
CP-805316,2025-12-01,HW-PC-10023,Stove Kraft,2920.0,3220.0,10.27
CP-805317,2026-01-01,HW-PC-10023,TTK Prestige,2920.0,3570.0,22.26
CP-805318,2026-01-01,HW-PC-10023,Butterfly,2920.0,2690.0,-7.88
CP-805319,2026-01-01,HW-PC-10023,Pigeon,2920.0,2550.0,-12.67
CP-805320,2026-01-01,HW-PC-10023,Stove Kraft,2920.0,3090.0,5.82
CP-805321,2026-02-01,HW-PC-10023,TTK Prestige,2920.0,3650.0,25.0
CP-805322,2026-02-01,HW-PC-10023,Butterfly,2920.0,3080.0,5.48
CP-805323,2026-02-01,HW-PC-10023,Pigeon,2920.0,2450.0,-16.1
CP-805324,2026-02-01,HW-PC-10023,Stove Kraft,2920.0,2550.0,-12.67
CP-805325,2026-03-01,HW-PC-10023,TTK Prestige,2920.0,3390.0,16.1
CP-805326,2026-03-01,HW-PC-10023,Butterfly,2920.0,2940.0,0.68
CP-805327,2026-03-01,HW-PC-10023,Pigeon,2920.0,2400.0,-17.81
CP-805328,2026-03-01,HW-PC-10023,Stove Kraft,2920.0,3090.0,5.82
CP-805329,2023-04-01,HW-PC-10024,TTK Prestige,3080.0,3210.0,4.22
CP-805330,2023-04-01,HW-PC-10024,Butterfly,3080.0,2560.0,-16.88
CP-805331,2023-04-01,HW-PC-10024,Pigeon,3080.0,2520.0,-18.18
CP-805332,2023-04-01,HW-PC-10024,Stove Kraft,3080.0,3160.0,2.6
CP-805333,2023-05-01,HW-PC-10024,TTK Prestige,3080.0,3210.0,4.22
CP-805334,2023-05-01,HW-PC-10024,Butterfly,3080.0,3020.0,-1.95
CP-805335,2023-05-01,HW-PC-10024,Pigeon,3080.0,2370.0,-23.05
CP-805336,2023-05-01,HW-PC-10024,Stove Kraft,3080.0,3080.0,0.0
CP-805337,2023-06-01,HW-PC-10024,TTK Prestige,3080.0,3060.0,-0.65
CP-805338,2023-06-01,HW-PC-10024,Butterfly,3080.0,2720.0,-11.69
CP-805339,2023-06-01,HW-PC-10024,Pigeon,3080.0,2310.0,-25.0
CP-805340,2023-06-01,HW-PC-10024,Stove Kraft,3080.0,2980.0,-3.25
CP-805341,2023-07-01,HW-PC-10024,TTK Prestige,3080.0,3270.0,6.17
CP-805342,2023-07-01,HW-PC-10024,Butterfly,3080.0,2970.0,-3.57
CP-805343,2023-07-01,HW-PC-10024,Pigeon,3080.0,2340.0,-24.03
CP-805344,2023-07-01,HW-PC-10024,Stove Kraft,3080.0,2910.0,-5.52
CP-805345,2023-08-01,HW-PC-10024,TTK Prestige,3080.0,3160.0,2.6
CP-805346,2023-08-01,HW-PC-10024,Butterfly,3080.0,2980.0,-3.25
CP-805347,2023-08-01,HW-PC-10024,Pigeon,3080.0,2490.0,-19.16
CP-805348,2023-08-01,HW-PC-10024,Stove Kraft,3080.0,3190.0,3.57
CP-805349,2023-09-01,HW-PC-10024,TTK Prestige,3080.0,3270.0,6.17
CP-805350,2023-09-01,HW-PC-10024,Butterfly,3080.0,2850.0,-7.47
CP-805351,2023-09-01,HW-PC-10024,Pigeon,3080.0,2480.0,-19.48
CP-805352,2023-09-01,HW-PC-10024,Stove Kraft,3080.0,2650.0,-13.96
CP-805353,2023-10-01,HW-PC-10024,TTK Prestige,3080.0,3140.0,1.95
CP-805354,2023-10-01,HW-PC-10024,Butterfly,3080.0,2750.0,-10.71
CP-805355,2023-10-01,HW-PC-10024,Pigeon,3080.0,2520.0,-18.18
CP-805356,2023-10-01,HW-PC-10024,Stove Kraft,3080.0,2980.0,-3.25
CP-805357,2023-11-01,HW-PC-10024,TTK Prestige,3080.0,3380.0,9.74
CP-805358,2023-11-01,HW-PC-10024,Butterfly,3080.0,2650.0,-13.96
CP-805359,2023-11-01,HW-PC-10024,Pigeon,3080.0,2580.0,-16.23
CP-805360,2023-11-01,HW-PC-10024,Stove Kraft,3080.0,2990.0,-2.92
CP-805361,2023-12-01,HW-PC-10024,TTK Prestige,3080.0,3190.0,3.57
CP-805362,2023-12-01,HW-PC-10024,Butterfly,3080.0,2580.0,-16.23
CP-805363,2023-12-01,HW-PC-10024,Pigeon,3080.0,2330.0,-24.35
CP-805364,2023-12-01,HW-PC-10024,Stove Kraft,3080.0,2880.0,-6.49
CP-805365,2024-01-01,HW-PC-10024,TTK Prestige,3080.0,3280.0,6.49
CP-805366,2024-01-01,HW-PC-10024,Butterfly,3080.0,2760.0,-10.39
CP-805367,2024-01-01,HW-PC-10024,Pigeon,3080.0,2400.0,-22.08
CP-805368,2024-01-01,HW-PC-10024,Stove Kraft,3080.0,2820.0,-8.44
CP-805369,2024-02-01,HW-PC-10024,TTK Prestige,3080.0,3310.0,7.47
CP-805370,2024-02-01,HW-PC-10024,Butterfly,3080.0,2750.0,-10.71
CP-805371,2024-02-01,HW-PC-10024,Pigeon,3080.0,2330.0,-24.35
CP-805372,2024-02-01,HW-PC-10024,Stove Kraft,3080.0,2790.0,-9.42
CP-805373,2024-03-01,HW-PC-10024,TTK Prestige,3080.0,3160.0,2.6
CP-805374,2024-03-01,HW-PC-10024,Butterfly,3080.0,2590.0,-15.91
CP-805375,2024-03-01,HW-PC-10024,Pigeon,3080.0,2340.0,-24.03
CP-805376,2024-03-01,HW-PC-10024,Stove Kraft,3080.0,2450.0,-20.45
CP-805377,2024-04-01,HW-PC-10024,TTK Prestige,3080.0,3640.0,18.18
CP-805378,2024-04-01,HW-PC-10024,Butterfly,3080.0,2710.0,-12.01
CP-805379,2024-04-01,HW-PC-10024,Pigeon,3080.0,2740.0,-11.04
CP-805380,2024-04-01,HW-PC-10024,Stove Kraft,3080.0,3130.0,1.62
CP-805381,2024-05-01,HW-PC-10024,TTK Prestige,3080.0,3420.0,11.04
CP-805382,2024-05-01,HW-PC-10024,Butterfly,3080.0,2840.0,-7.79
CP-805383,2024-05-01,HW-PC-10024,Pigeon,3080.0,2290.0,-25.65
CP-805384,2024-05-01,HW-PC-10024,Stove Kraft,3080.0,2740.0,-11.04
CP-805385,2024-06-01,HW-PC-10024,TTK Prestige,3080.0,3150.0,2.27
CP-805386,2024-06-01,HW-PC-10024,Butterfly,3080.0,2480.0,-19.48
CP-805387,2024-06-01,HW-PC-10024,Pigeon,3080.0,2630.0,-14.61
CP-805388,2024-06-01,HW-PC-10024,Stove Kraft,3080.0,2750.0,-10.71
CP-805389,2024-07-01,HW-PC-10024,TTK Prestige,3080.0,3250.0,5.52
CP-805390,2024-07-01,HW-PC-10024,Butterfly,3080.0,2760.0,-10.39
CP-805391,2024-07-01,HW-PC-10024,Pigeon,3080.0,2500.0,-18.83
CP-805392,2024-07-01,HW-PC-10024,Stove Kraft,3080.0,2820.0,-8.44
CP-805393,2024-08-01,HW-PC-10024,TTK Prestige,3080.0,3410.0,10.71
CP-805394,2024-08-01,HW-PC-10024,Butterfly,3080.0,2780.0,-9.74
CP-805395,2024-08-01,HW-PC-10024,Pigeon,3080.0,2560.0,-16.88
CP-805396,2024-08-01,HW-PC-10024,Stove Kraft,3080.0,2810.0,-8.77
CP-805397,2024-09-01,HW-PC-10024,TTK Prestige,3080.0,3340.0,8.44
CP-805398,2024-09-01,HW-PC-10024,Butterfly,3080.0,2660.0,-13.64
CP-805399,2024-09-01,HW-PC-10024,Pigeon,3080.0,2490.0,-19.16
CP-805400,2024-09-01,HW-PC-10024,Stove Kraft,3080.0,3020.0,-1.95
CP-805401,2024-10-01,HW-PC-10024,TTK Prestige,3080.0,3390.0,10.06
CP-805402,2024-10-01,HW-PC-10024,Butterfly,3080.0,3260.0,5.84
CP-805403,2024-10-01,HW-PC-10024,Pigeon,3080.0,2360.0,-23.38
CP-805404,2024-10-01,HW-PC-10024,Stove Kraft,3080.0,2730.0,-11.36
CP-805405,2024-11-01,HW-PC-10024,TTK Prestige,3080.0,3420.0,11.04
CP-805406,2024-11-01,HW-PC-10024,Butterfly,3080.0,2870.0,-6.82
CP-805407,2024-11-01,HW-PC-10024,Pigeon,3080.0,2510.0,-18.51
CP-805408,2024-11-01,HW-PC-10024,Stove Kraft,3080.0,3390.0,10.06
CP-805409,2024-12-01,HW-PC-10024,TTK Prestige,3080.0,3340.0,8.44
CP-805410,2024-12-01,HW-PC-10024,Butterfly,3080.0,3140.0,1.95
CP-805411,2024-12-01,HW-PC-10024,Pigeon,3080.0,2620.0,-14.94
CP-805412,2024-12-01,HW-PC-10024,Stove Kraft,3080.0,3040.0,-1.3
CP-805413,2025-01-01,HW-PC-10024,TTK Prestige,3080.0,3270.0,6.17
CP-805414,2025-01-01,HW-PC-10024,Butterfly,3080.0,2850.0,-7.47
CP-805415,2025-01-01,HW-PC-10024,Pigeon,3080.0,2490.0,-19.16
CP-805416,2025-01-01,HW-PC-10024,Stove Kraft,3080.0,3210.0,4.22
CP-805417,2025-02-01,HW-PC-10024,TTK Prestige,3080.0,3390.0,10.06
CP-805418,2025-02-01,HW-PC-10024,Butterfly,3080.0,3140.0,1.95
CP-805419,2025-02-01,HW-PC-10024,Pigeon,3080.0,2410.0,-21.75
CP-805420,2025-02-01,HW-PC-10024,Stove Kraft,3080.0,2770.0,-10.06
CP-805421,2025-03-01,HW-PC-10024,TTK Prestige,3080.0,3480.0,12.99
CP-805422,2025-03-01,HW-PC-10024,Butterfly,3080.0,2810.0,-8.77
CP-805423,2025-03-01,HW-PC-10024,Pigeon,3080.0,2560.0,-16.88
CP-805424,2025-03-01,HW-PC-10024,Stove Kraft,3080.0,3210.0,4.22
CP-805425,2025-04-01,HW-PC-10024,TTK Prestige,3080.0,3730.0,21.1
CP-805426,2025-04-01,HW-PC-10024,Butterfly,3080.0,2810.0,-8.77
CP-805427,2025-04-01,HW-PC-10024,Pigeon,3080.0,2650.0,-13.96
CP-805428,2025-04-01,HW-PC-10024,Stove Kraft,3080.0,2870.0,-6.82
CP-805429,2025-05-01,HW-PC-10024,TTK Prestige,3080.0,3480.0,12.99
CP-805430,2025-05-01,HW-PC-10024,Butterfly,3080.0,2830.0,-8.12
CP-805431,2025-05-01,HW-PC-10024,Pigeon,3080.0,2540.0,-17.53
CP-805432,2025-05-01,HW-PC-10024,Stove Kraft,3080.0,2980.0,-3.25
CP-805433,2025-06-01,HW-PC-10024,TTK Prestige,3080.0,3660.0,18.83
CP-805434,2025-06-01,HW-PC-10024,Butterfly,3080.0,2920.0,-5.19
CP-805435,2025-06-01,HW-PC-10024,Pigeon,3080.0,2730.0,-11.36
CP-805436,2025-06-01,HW-PC-10024,Stove Kraft,3080.0,2790.0,-9.42
CP-805437,2025-07-01,HW-PC-10024,TTK Prestige,3080.0,3550.0,15.26
CP-805438,2025-07-01,HW-PC-10024,Butterfly,3080.0,2830.0,-8.12
CP-805439,2025-07-01,HW-PC-10024,Pigeon,3080.0,2540.0,-17.53
CP-805440,2025-07-01,HW-PC-10024,Stove Kraft,3080.0,2820.0,-8.44
CP-805441,2025-08-01,HW-PC-10024,TTK Prestige,3080.0,3440.0,11.69
CP-805442,2025-08-01,HW-PC-10024,Butterfly,3080.0,2910.0,-5.52
CP-805443,2025-08-01,HW-PC-10024,Pigeon,3080.0,2510.0,-18.51
CP-805444,2025-08-01,HW-PC-10024,Stove Kraft,3080.0,3510.0,13.96
CP-805445,2025-09-01,HW-PC-10024,TTK Prestige,3080.0,3560.0,15.58
CP-805446,2025-09-01,HW-PC-10024,Butterfly,3080.0,2940.0,-4.55
CP-805447,2025-09-01,HW-PC-10024,Pigeon,3080.0,2810.0,-8.77
CP-805448,2025-09-01,HW-PC-10024,Stove Kraft,3080.0,3140.0,1.95
CP-805449,2025-10-01,HW-PC-10024,TTK Prestige,3080.0,3550.0,15.26
CP-805450,2025-10-01,HW-PC-10024,Butterfly,3080.0,3000.0,-2.6
CP-805451,2025-10-01,HW-PC-10024,Pigeon,3080.0,2560.0,-16.88
CP-805452,2025-10-01,HW-PC-10024,Stove Kraft,3080.0,3110.0,0.97
CP-805453,2025-11-01,HW-PC-10024,TTK Prestige,3080.0,3480.0,12.99
CP-805454,2025-11-01,HW-PC-10024,Butterfly,3080.0,3350.0,8.77
CP-805455,2025-11-01,HW-PC-10024,Pigeon,3080.0,2490.0,-19.16
CP-805456,2025-11-01,HW-PC-10024,Stove Kraft,3080.0,3440.0,11.69
CP-805457,2025-12-01,HW-PC-10024,TTK Prestige,3080.0,3720.0,20.78
CP-805458,2025-12-01,HW-PC-10024,Butterfly,3080.0,3000.0,-2.6
CP-805459,2025-12-01,HW-PC-10024,Pigeon,3080.0,2700.0,-12.34
CP-805460,2025-12-01,HW-PC-10024,Stove Kraft,3080.0,3130.0,1.62
CP-805461,2026-01-01,HW-PC-10024,TTK Prestige,3080.0,3680.0,19.48
CP-805462,2026-01-01,HW-PC-10024,Butterfly,3080.0,3260.0,5.84
CP-805463,2026-01-01,HW-PC-10024,Pigeon,3080.0,2690.0,-12.66
CP-805464,2026-01-01,HW-PC-10024,Stove Kraft,3080.0,2760.0,-10.39
CP-805465,2026-02-01,HW-PC-10024,TTK Prestige,3080.0,3530.0,14.61
CP-805466,2026-02-01,HW-PC-10024,Butterfly,3080.0,2810.0,-8.77
CP-805467,2026-02-01,HW-PC-10024,Pigeon,3080.0,2760.0,-10.39
CP-805468,2026-02-01,HW-PC-10024,Stove Kraft,3080.0,3140.0,1.95
CP-805469,2026-03-01,HW-PC-10024,TTK Prestige,3080.0,3350.0,8.77
CP-805470,2026-03-01,HW-PC-10024,Butterfly,3080.0,2970.0,-3.57
CP-805471,2026-03-01,HW-PC-10024,Pigeon,3080.0,2600.0,-15.58
CP-805472,2026-03-01,HW-PC-10024,Stove Kraft,3080.0,3030.0,-1.62
CP-805473,2023-04-01,HW-PC-10025,TTK Prestige,3400.0,3680.0,8.24
CP-805474,2023-04-01,HW-PC-10025,Butterfly,3400.0,3040.0,-10.59
CP-805475,2023-04-01,HW-PC-10025,Pigeon,3400.0,2590.0,-23.82
CP-805476,2023-04-01,HW-PC-10025,Stove Kraft,3400.0,3430.0,0.88
CP-805477,2023-05-01,HW-PC-10025,TTK Prestige,3400.0,3880.0,14.12
CP-805478,2023-05-01,HW-PC-10025,Butterfly,3400.0,3360.0,-1.18
CP-805479,2023-05-01,HW-PC-10025,Pigeon,3400.0,2620.0,-22.94
CP-805480,2023-05-01,HW-PC-10025,Stove Kraft,3400.0,3430.0,0.88
CP-805481,2023-06-01,HW-PC-10025,TTK Prestige,3400.0,3410.0,0.29
CP-805482,2023-06-01,HW-PC-10025,Butterfly,3400.0,3250.0,-4.41
CP-805483,2023-06-01,HW-PC-10025,Pigeon,3400.0,2680.0,-21.18
CP-805484,2023-06-01,HW-PC-10025,Stove Kraft,3400.0,3010.0,-11.47
CP-805485,2023-07-01,HW-PC-10025,TTK Prestige,3400.0,3660.0,7.65
CP-805486,2023-07-01,HW-PC-10025,Butterfly,3400.0,3040.0,-10.59
CP-805487,2023-07-01,HW-PC-10025,Pigeon,3400.0,2640.0,-22.35
CP-805488,2023-07-01,HW-PC-10025,Stove Kraft,3400.0,2830.0,-16.76
CP-805489,2023-08-01,HW-PC-10025,TTK Prestige,3400.0,3580.0,5.29
CP-805490,2023-08-01,HW-PC-10025,Butterfly,3400.0,3590.0,5.59
CP-805491,2023-08-01,HW-PC-10025,Pigeon,3400.0,2660.0,-21.76
CP-805492,2023-08-01,HW-PC-10025,Stove Kraft,3400.0,3650.0,7.35
CP-805493,2023-09-01,HW-PC-10025,TTK Prestige,3400.0,3710.0,9.12
CP-805494,2023-09-01,HW-PC-10025,Butterfly,3400.0,3020.0,-11.18
CP-805495,2023-09-01,HW-PC-10025,Pigeon,3400.0,2510.0,-26.18
CP-805496,2023-09-01,HW-PC-10025,Stove Kraft,3400.0,2870.0,-15.59
CP-805497,2023-10-01,HW-PC-10025,TTK Prestige,3400.0,3530.0,3.82
CP-805498,2023-10-01,HW-PC-10025,Butterfly,3400.0,2550.0,-25.0
CP-805499,2023-10-01,HW-PC-10025,Pigeon,3400.0,2750.0,-19.12
CP-805500,2023-10-01,HW-PC-10025,Stove Kraft,3400.0,3020.0,-11.18
CP-805501,2023-11-01,HW-PC-10025,TTK Prestige,3400.0,3540.0,4.12
CP-805502,2023-11-01,HW-PC-10025,Butterfly,3400.0,2810.0,-17.35
CP-805503,2023-11-01,HW-PC-10025,Pigeon,3400.0,2810.0,-17.35
CP-805504,2023-11-01,HW-PC-10025,Stove Kraft,3400.0,3040.0,-10.59
CP-805505,2023-12-01,HW-PC-10025,TTK Prestige,3400.0,3420.0,0.59
CP-805506,2023-12-01,HW-PC-10025,Butterfly,3400.0,3120.0,-8.24
CP-805507,2023-12-01,HW-PC-10025,Pigeon,3400.0,2740.0,-19.41
CP-805508,2023-12-01,HW-PC-10025,Stove Kraft,3400.0,3320.0,-2.35
CP-805509,2024-01-01,HW-PC-10025,TTK Prestige,3400.0,3600.0,5.88
CP-805510,2024-01-01,HW-PC-10025,Butterfly,3400.0,3470.0,2.06
CP-805511,2024-01-01,HW-PC-10025,Pigeon,3400.0,2700.0,-20.59
CP-805512,2024-01-01,HW-PC-10025,Stove Kraft,3400.0,3300.0,-2.94
CP-805513,2024-02-01,HW-PC-10025,TTK Prestige,3400.0,3590.0,5.59
CP-805514,2024-02-01,HW-PC-10025,Butterfly,3400.0,2930.0,-13.82
CP-805515,2024-02-01,HW-PC-10025,Pigeon,3400.0,2770.0,-18.53
CP-805516,2024-02-01,HW-PC-10025,Stove Kraft,3400.0,3340.0,-1.76
CP-805517,2024-03-01,HW-PC-10025,TTK Prestige,3400.0,3510.0,3.24
CP-805518,2024-03-01,HW-PC-10025,Butterfly,3400.0,3140.0,-7.65
CP-805519,2024-03-01,HW-PC-10025,Pigeon,3400.0,2890.0,-15.0
CP-805520,2024-03-01,HW-PC-10025,Stove Kraft,3400.0,3090.0,-9.12
CP-805521,2024-04-01,HW-PC-10025,TTK Prestige,3400.0,3730.0,9.71
CP-805522,2024-04-01,HW-PC-10025,Butterfly,3400.0,3250.0,-4.41
CP-805523,2024-04-01,HW-PC-10025,Pigeon,3400.0,2920.0,-14.12
CP-805524,2024-04-01,HW-PC-10025,Stove Kraft,3400.0,2920.0,-14.12
CP-805525,2024-05-01,HW-PC-10025,TTK Prestige,3400.0,3840.0,12.94
CP-805526,2024-05-01,HW-PC-10025,Butterfly,3400.0,3040.0,-10.59
CP-805527,2024-05-01,HW-PC-10025,Pigeon,3400.0,2750.0,-19.12
CP-805528,2024-05-01,HW-PC-10025,Stove Kraft,3400.0,3230.0,-5.0
CP-805529,2024-06-01,HW-PC-10025,TTK Prestige,3400.0,3770.0,10.88
CP-805530,2024-06-01,HW-PC-10025,Butterfly,3400.0,3420.0,0.59
CP-805531,2024-06-01,HW-PC-10025,Pigeon,3400.0,2780.0,-18.24
CP-805532,2024-06-01,HW-PC-10025,Stove Kraft,3400.0,2870.0,-15.59
CP-805533,2024-07-01,HW-PC-10025,TTK Prestige,3400.0,3700.0,8.82
CP-805534,2024-07-01,HW-PC-10025,Butterfly,3400.0,3300.0,-2.94
CP-805535,2024-07-01,HW-PC-10025,Pigeon,3400.0,2790.0,-17.94
CP-805536,2024-07-01,HW-PC-10025,Stove Kraft,3400.0,3430.0,0.88
CP-805537,2024-08-01,HW-PC-10025,TTK Prestige,3400.0,3780.0,11.18
CP-805538,2024-08-01,HW-PC-10025,Butterfly,3400.0,3050.0,-10.29
CP-805539,2024-08-01,HW-PC-10025,Pigeon,3400.0,2830.0,-16.76
CP-805540,2024-08-01,HW-PC-10025,Stove Kraft,3400.0,3320.0,-2.35
CP-805541,2024-09-01,HW-PC-10025,TTK Prestige,3400.0,3800.0,11.76
CP-805542,2024-09-01,HW-PC-10025,Butterfly,3400.0,3160.0,-7.06
CP-805543,2024-09-01,HW-PC-10025,Pigeon,3400.0,2750.0,-19.12
CP-805544,2024-09-01,HW-PC-10025,Stove Kraft,3400.0,3340.0,-1.76
CP-805545,2024-10-01,HW-PC-10025,TTK Prestige,3400.0,3680.0,8.24
CP-805546,2024-10-01,HW-PC-10025,Butterfly,3400.0,3380.0,-0.59
CP-805547,2024-10-01,HW-PC-10025,Pigeon,3400.0,2600.0,-23.53
CP-805548,2024-10-01,HW-PC-10025,Stove Kraft,3400.0,3490.0,2.65
CP-805549,2024-11-01,HW-PC-10025,TTK Prestige,3400.0,3490.0,2.65
CP-805550,2024-11-01,HW-PC-10025,Butterfly,3400.0,2800.0,-17.65
CP-805551,2024-11-01,HW-PC-10025,Pigeon,3400.0,2640.0,-22.35
CP-805552,2024-11-01,HW-PC-10025,Stove Kraft,3400.0,3210.0,-5.59
CP-805553,2024-12-01,HW-PC-10025,TTK Prestige,3400.0,3610.0,6.18
CP-805554,2024-12-01,HW-PC-10025,Butterfly,3400.0,3240.0,-4.71
CP-805555,2024-12-01,HW-PC-10025,Pigeon,3400.0,2770.0,-18.53
CP-805556,2024-12-01,HW-PC-10025,Stove Kraft,3400.0,3260.0,-4.12
CP-805557,2025-01-01,HW-PC-10025,TTK Prestige,3400.0,3560.0,4.71
CP-805558,2025-01-01,HW-PC-10025,Butterfly,3400.0,3020.0,-11.18
CP-805559,2025-01-01,HW-PC-10025,Pigeon,3400.0,2880.0,-15.29
CP-805560,2025-01-01,HW-PC-10025,Stove Kraft,3400.0,3010.0,-11.47
CP-805561,2025-02-01,HW-PC-10025,TTK Prestige,3400.0,3630.0,6.76
CP-805562,2025-02-01,HW-PC-10025,Butterfly,3400.0,3080.0,-9.41
CP-805563,2025-02-01,HW-PC-10025,Pigeon,3400.0,3020.0,-11.18
CP-805564,2025-02-01,HW-PC-10025,Stove Kraft,3400.0,3620.0,6.47
CP-805565,2025-03-01,HW-PC-10025,TTK Prestige,3400.0,4070.0,19.71
CP-805566,2025-03-01,HW-PC-10025,Butterfly,3400.0,3380.0,-0.59
CP-805567,2025-03-01,HW-PC-10025,Pigeon,3400.0,2740.0,-19.41
CP-805568,2025-03-01,HW-PC-10025,Stove Kraft,3400.0,3330.0,-2.06
CP-805569,2025-04-01,HW-PC-10025,TTK Prestige,3400.0,3930.0,15.59
CP-805570,2025-04-01,HW-PC-10025,Butterfly,3400.0,3360.0,-1.18
CP-805571,2025-04-01,HW-PC-10025,Pigeon,3400.0,2810.0,-17.35
CP-805572,2025-04-01,HW-PC-10025,Stove Kraft,3400.0,3630.0,6.76
CP-805573,2025-05-01,HW-PC-10025,TTK Prestige,3400.0,3850.0,13.24
CP-805574,2025-05-01,HW-PC-10025,Butterfly,3400.0,3560.0,4.71
CP-805575,2025-05-01,HW-PC-10025,Pigeon,3400.0,2440.0,-28.24
CP-805576,2025-05-01,HW-PC-10025,Stove Kraft,3400.0,3310.0,-2.65
CP-805577,2025-06-01,HW-PC-10025,TTK Prestige,3400.0,3870.0,13.82
CP-805578,2025-06-01,HW-PC-10025,Butterfly,3400.0,3120.0,-8.24
CP-805579,2025-06-01,HW-PC-10025,Pigeon,3400.0,3030.0,-10.88
CP-805580,2025-06-01,HW-PC-10025,Stove Kraft,3400.0,3230.0,-5.0
CP-805581,2025-07-01,HW-PC-10025,TTK Prestige,3400.0,3780.0,11.18
CP-805582,2025-07-01,HW-PC-10025,Butterfly,3400.0,3200.0,-5.88
CP-805583,2025-07-01,HW-PC-10025,Pigeon,3400.0,2960.0,-12.94
CP-805584,2025-07-01,HW-PC-10025,Stove Kraft,3400.0,3310.0,-2.65
CP-805585,2025-08-01,HW-PC-10025,TTK Prestige,3400.0,3630.0,6.76
CP-805586,2025-08-01,HW-PC-10025,Butterfly,3400.0,3000.0,-11.76
CP-805587,2025-08-01,HW-PC-10025,Pigeon,3400.0,2840.0,-16.47
CP-805588,2025-08-01,HW-PC-10025,Stove Kraft,3400.0,2980.0,-12.35
CP-805589,2025-09-01,HW-PC-10025,TTK Prestige,3400.0,3800.0,11.76
CP-805590,2025-09-01,HW-PC-10025,Butterfly,3400.0,3510.0,3.24
CP-805591,2025-09-01,HW-PC-10025,Pigeon,3400.0,2860.0,-15.88
CP-805592,2025-09-01,HW-PC-10025,Stove Kraft,3400.0,3570.0,5.0
CP-805593,2025-10-01,HW-PC-10025,TTK Prestige,3400.0,3890.0,14.41
CP-805594,2025-10-01,HW-PC-10025,Butterfly,3400.0,3460.0,1.76
CP-805595,2025-10-01,HW-PC-10025,Pigeon,3400.0,2740.0,-19.41
CP-805596,2025-10-01,HW-PC-10025,Stove Kraft,3400.0,3350.0,-1.47
CP-805597,2025-11-01,HW-PC-10025,TTK Prestige,3400.0,3940.0,15.88
CP-805598,2025-11-01,HW-PC-10025,Butterfly,3400.0,3430.0,0.88
CP-805599,2025-11-01,HW-PC-10025,Pigeon,3400.0,2820.0,-17.06
CP-805600,2025-11-01,HW-PC-10025,Stove Kraft,3400.0,3150.0,-7.35
CP-805601,2025-12-01,HW-PC-10025,TTK Prestige,3400.0,3930.0,15.59
CP-805602,2025-12-01,HW-PC-10025,Butterfly,3400.0,3020.0,-11.18
CP-805603,2025-12-01,HW-PC-10025,Pigeon,3400.0,3310.0,-2.65
CP-805604,2025-12-01,HW-PC-10025,Stove Kraft,3400.0,3470.0,2.06
CP-805605,2026-01-01,HW-PC-10025,TTK Prestige,3400.0,3760.0,10.59
CP-805606,2026-01-01,HW-PC-10025,Butterfly,3400.0,3480.0,2.35
CP-805607,2026-01-01,HW-PC-10025,Pigeon,3400.0,3240.0,-4.71
CP-805608,2026-01-01,HW-PC-10025,Stove Kraft,3400.0,3480.0,2.35
CP-805609,2026-02-01,HW-PC-10025,TTK Prestige,3400.0,4000.0,17.65
CP-805610,2026-02-01,HW-PC-10025,Butterfly,3400.0,3190.0,-6.18
CP-805611,2026-02-01,HW-PC-10025,Pigeon,3400.0,2900.0,-14.71
CP-805612,2026-02-01,HW-PC-10025,Stove Kraft,3400.0,3010.0,-11.47
CP-805613,2026-03-01,HW-PC-10025,TTK Prestige,3400.0,3920.0,15.29
CP-805614,2026-03-01,HW-PC-10025,Butterfly,3400.0,3240.0,-4.71
CP-805615,2026-03-01,HW-PC-10025,Pigeon,3400.0,3120.0,-8.24
CP-805616,2026-03-01,HW-PC-10025,Stove Kraft,3400.0,3490.0,2.65
CP-805617,2023-04-01,HW-PC-10026,TTK Prestige,3890.0,4360.0,12.08
CP-805618,2023-04-01,HW-PC-10026,Butterfly,3890.0,3490.0,-10.28
CP-805619,2023-04-01,HW-PC-10026,Pigeon,3890.0,2930.0,-24.68
CP-805620,2023-04-01,HW-PC-10026,Stove Kraft,3890.0,3250.0,-16.45
CP-805621,2023-05-01,HW-PC-10026,TTK Prestige,3890.0,4200.0,7.97
CP-805622,2023-05-01,HW-PC-10026,Butterfly,3890.0,3620.0,-6.94
CP-805623,2023-05-01,HW-PC-10026,Pigeon,3890.0,3160.0,-18.77
CP-805624,2023-05-01,HW-PC-10026,Stove Kraft,3890.0,3470.0,-10.8
CP-805625,2023-06-01,HW-PC-10026,TTK Prestige,3890.0,3790.0,-2.57
CP-805626,2023-06-01,HW-PC-10026,Butterfly,3890.0,3460.0,-11.05
CP-805627,2023-06-01,HW-PC-10026,Pigeon,3890.0,3150.0,-19.02
CP-805628,2023-06-01,HW-PC-10026,Stove Kraft,3890.0,3830.0,-1.54
CP-805629,2023-07-01,HW-PC-10026,TTK Prestige,3890.0,3950.0,1.54
CP-805630,2023-07-01,HW-PC-10026,Butterfly,3890.0,3580.0,-7.97
CP-805631,2023-07-01,HW-PC-10026,Pigeon,3890.0,2980.0,-23.39
CP-805632,2023-07-01,HW-PC-10026,Stove Kraft,3890.0,3870.0,-0.51
CP-805633,2023-08-01,HW-PC-10026,TTK Prestige,3890.0,4240.0,9.0
CP-805634,2023-08-01,HW-PC-10026,Butterfly,3890.0,3580.0,-7.97
CP-805635,2023-08-01,HW-PC-10026,Pigeon,3890.0,3070.0,-21.08
CP-805636,2023-08-01,HW-PC-10026,Stove Kraft,3890.0,3750.0,-3.6
CP-805637,2023-09-01,HW-PC-10026,TTK Prestige,3890.0,4290.0,10.28
CP-805638,2023-09-01,HW-PC-10026,Butterfly,3890.0,3680.0,-5.4
CP-805639,2023-09-01,HW-PC-10026,Pigeon,3890.0,3240.0,-16.71
CP-805640,2023-09-01,HW-PC-10026,Stove Kraft,3890.0,3260.0,-16.2
CP-805641,2023-10-01,HW-PC-10026,TTK Prestige,3890.0,3860.0,-0.77
CP-805642,2023-10-01,HW-PC-10026,Butterfly,3890.0,3670.0,-5.66
CP-805643,2023-10-01,HW-PC-10026,Pigeon,3890.0,2940.0,-24.42
CP-805644,2023-10-01,HW-PC-10026,Stove Kraft,3890.0,3220.0,-17.22
CP-805645,2023-11-01,HW-PC-10026,TTK Prestige,3890.0,4230.0,8.74
CP-805646,2023-11-01,HW-PC-10026,Butterfly,3890.0,3550.0,-8.74
CP-805647,2023-11-01,HW-PC-10026,Pigeon,3890.0,3070.0,-21.08
CP-805648,2023-11-01,HW-PC-10026,Stove Kraft,3890.0,3210.0,-17.48
CP-805649,2023-12-01,HW-PC-10026,TTK Prestige,3890.0,4030.0,3.6
CP-805650,2023-12-01,HW-PC-10026,Butterfly,3890.0,3150.0,-19.02
CP-805651,2023-12-01,HW-PC-10026,Pigeon,3890.0,3020.0,-22.37
CP-805652,2023-12-01,HW-PC-10026,Stove Kraft,3890.0,3620.0,-6.94
CP-805653,2024-01-01,HW-PC-10026,TTK Prestige,3890.0,4140.0,6.43
CP-805654,2024-01-01,HW-PC-10026,Butterfly,3890.0,3720.0,-4.37
CP-805655,2024-01-01,HW-PC-10026,Pigeon,3890.0,3250.0,-16.45
CP-805656,2024-01-01,HW-PC-10026,Stove Kraft,3890.0,3450.0,-11.31
CP-805657,2024-02-01,HW-PC-10026,TTK Prestige,3890.0,4290.0,10.28
CP-805658,2024-02-01,HW-PC-10026,Butterfly,3890.0,3370.0,-13.37
CP-805659,2024-02-01,HW-PC-10026,Pigeon,3890.0,3230.0,-16.97
CP-805660,2024-02-01,HW-PC-10026,Stove Kraft,3890.0,3250.0,-16.45
CP-805661,2024-03-01,HW-PC-10026,TTK Prestige,3890.0,4200.0,7.97
CP-805662,2024-03-01,HW-PC-10026,Butterfly,3890.0,3380.0,-13.11
CP-805663,2024-03-01,HW-PC-10026,Pigeon,3890.0,2990.0,-23.14
CP-805664,2024-03-01,HW-PC-10026,Stove Kraft,3890.0,3150.0,-19.02
CP-805665,2024-04-01,HW-PC-10026,TTK Prestige,3890.0,4150.0,6.68
CP-805666,2024-04-01,HW-PC-10026,Butterfly,3890.0,3850.0,-1.03
CP-805667,2024-04-01,HW-PC-10026,Pigeon,3890.0,3180.0,-18.25
CP-805668,2024-04-01,HW-PC-10026,Stove Kraft,3890.0,3550.0,-8.74
CP-805669,2024-05-01,HW-PC-10026,TTK Prestige,3890.0,4270.0,9.77
CP-805670,2024-05-01,HW-PC-10026,Butterfly,3890.0,3330.0,-14.4
CP-805671,2024-05-01,HW-PC-10026,Pigeon,3890.0,3080.0,-20.82
CP-805672,2024-05-01,HW-PC-10026,Stove Kraft,3890.0,3540.0,-9.0
CP-805673,2024-06-01,HW-PC-10026,TTK Prestige,3890.0,4330.0,11.31
CP-805674,2024-06-01,HW-PC-10026,Butterfly,3890.0,3480.0,-10.54
CP-805675,2024-06-01,HW-PC-10026,Pigeon,3890.0,3010.0,-22.62
CP-805676,2024-06-01,HW-PC-10026,Stove Kraft,3890.0,3690.0,-5.14
CP-805677,2024-07-01,HW-PC-10026,TTK Prestige,3890.0,4200.0,7.97
CP-805678,2024-07-01,HW-PC-10026,Butterfly,3890.0,3690.0,-5.14
CP-805679,2024-07-01,HW-PC-10026,Pigeon,3890.0,3180.0,-18.25
CP-805680,2024-07-01,HW-PC-10026,Stove Kraft,3890.0,3930.0,1.03
CP-805681,2024-08-01,HW-PC-10026,TTK Prestige,3890.0,4400.0,13.11
CP-805682,2024-08-01,HW-PC-10026,Butterfly,3890.0,3460.0,-11.05
CP-805683,2024-08-01,HW-PC-10026,Pigeon,3890.0,3180.0,-18.25
CP-805684,2024-08-01,HW-PC-10026,Stove Kraft,3890.0,3560.0,-8.48
CP-805685,2024-09-01,HW-PC-10026,TTK Prestige,3890.0,4470.0,14.91
CP-805686,2024-09-01,HW-PC-10026,Butterfly,3890.0,3690.0,-5.14
CP-805687,2024-09-01,HW-PC-10026,Pigeon,3890.0,3080.0,-20.82
CP-805688,2024-09-01,HW-PC-10026,Stove Kraft,3890.0,3650.0,-6.17
CP-805689,2024-10-01,HW-PC-10026,TTK Prestige,3890.0,4440.0,14.14
CP-805690,2024-10-01,HW-PC-10026,Butterfly,3890.0,3560.0,-8.48
CP-805691,2024-10-01,HW-PC-10026,Pigeon,3890.0,3310.0,-14.91
CP-805692,2024-10-01,HW-PC-10026,Stove Kraft,3890.0,3740.0,-3.86
CP-805693,2024-11-01,HW-PC-10026,TTK Prestige,3890.0,4240.0,9.0
CP-805694,2024-11-01,HW-PC-10026,Butterfly,3890.0,3600.0,-7.46
CP-805695,2024-11-01,HW-PC-10026,Pigeon,3890.0,3260.0,-16.2
CP-805696,2024-11-01,HW-PC-10026,Stove Kraft,3890.0,3580.0,-7.97
CP-805697,2024-12-01,HW-PC-10026,TTK Prestige,3890.0,4330.0,11.31
CP-805698,2024-12-01,HW-PC-10026,Butterfly,3890.0,3690.0,-5.14
CP-805699,2024-12-01,HW-PC-10026,Pigeon,3890.0,3020.0,-22.37
CP-805700,2024-12-01,HW-PC-10026,Stove Kraft,3890.0,4150.0,6.68
CP-805701,2025-01-01,HW-PC-10026,TTK Prestige,3890.0,4170.0,7.2
CP-805702,2025-01-01,HW-PC-10026,Butterfly,3890.0,3960.0,1.8
CP-805703,2025-01-01,HW-PC-10026,Pigeon,3890.0,3150.0,-19.02
CP-805704,2025-01-01,HW-PC-10026,Stove Kraft,3890.0,4090.0,5.14
CP-805705,2025-02-01,HW-PC-10026,TTK Prestige,3890.0,4530.0,16.45
CP-805706,2025-02-01,HW-PC-10026,Butterfly,3890.0,4110.0,5.66
CP-805707,2025-02-01,HW-PC-10026,Pigeon,3890.0,3440.0,-11.57
CP-805708,2025-02-01,HW-PC-10026,Stove Kraft,3890.0,3970.0,2.06
CP-805709,2025-03-01,HW-PC-10026,TTK Prestige,3890.0,4260.0,9.51
CP-805710,2025-03-01,HW-PC-10026,Butterfly,3890.0,3930.0,1.03
CP-805711,2025-03-01,HW-PC-10026,Pigeon,3890.0,3210.0,-17.48
CP-805712,2025-03-01,HW-PC-10026,Stove Kraft,3890.0,3800.0,-2.31
CP-805713,2025-04-01,HW-PC-10026,TTK Prestige,3890.0,4270.0,9.77
CP-805714,2025-04-01,HW-PC-10026,Butterfly,3890.0,3310.0,-14.91
CP-805715,2025-04-01,HW-PC-10026,Pigeon,3890.0,3440.0,-11.57
CP-805716,2025-04-01,HW-PC-10026,Stove Kraft,3890.0,4070.0,4.63
CP-805717,2025-05-01,HW-PC-10026,TTK Prestige,3890.0,4240.0,9.0
CP-805718,2025-05-01,HW-PC-10026,Butterfly,3890.0,3740.0,-3.86
CP-805719,2025-05-01,HW-PC-10026,Pigeon,3890.0,3480.0,-10.54
CP-805720,2025-05-01,HW-PC-10026,Stove Kraft,3890.0,3860.0,-0.77
CP-805721,2025-06-01,HW-PC-10026,TTK Prestige,3890.0,4450.0,14.4
CP-805722,2025-06-01,HW-PC-10026,Butterfly,3890.0,3810.0,-2.06
CP-805723,2025-06-01,HW-PC-10026,Pigeon,3890.0,3270.0,-15.94
CP-805724,2025-06-01,HW-PC-10026,Stove Kraft,3890.0,3520.0,-9.51
CP-805725,2025-07-01,HW-PC-10026,TTK Prestige,3890.0,4590.0,17.99
CP-805726,2025-07-01,HW-PC-10026,Butterfly,3890.0,3730.0,-4.11
CP-805727,2025-07-01,HW-PC-10026,Pigeon,3890.0,3080.0,-20.82
CP-805728,2025-07-01,HW-PC-10026,Stove Kraft,3890.0,3750.0,-3.6
CP-805729,2025-08-01,HW-PC-10026,TTK Prestige,3890.0,4180.0,7.46
CP-805730,2025-08-01,HW-PC-10026,Butterfly,3890.0,3380.0,-13.11
CP-805731,2025-08-01,HW-PC-10026,Pigeon,3890.0,3310.0,-14.91
CP-805732,2025-08-01,HW-PC-10026,Stove Kraft,3890.0,4060.0,4.37
CP-805733,2025-09-01,HW-PC-10026,TTK Prestige,3890.0,4410.0,13.37
CP-805734,2025-09-01,HW-PC-10026,Butterfly,3890.0,3660.0,-5.91
CP-805735,2025-09-01,HW-PC-10026,Pigeon,3890.0,3280.0,-15.68
CP-805736,2025-09-01,HW-PC-10026,Stove Kraft,3890.0,4320.0,11.05
CP-805737,2025-10-01,HW-PC-10026,TTK Prestige,3890.0,4580.0,17.74
CP-805738,2025-10-01,HW-PC-10026,Butterfly,3890.0,3920.0,0.77
CP-805739,2025-10-01,HW-PC-10026,Pigeon,3890.0,2930.0,-24.68
CP-805740,2025-10-01,HW-PC-10026,Stove Kraft,3890.0,4310.0,10.8
CP-805741,2025-11-01,HW-PC-10026,TTK Prestige,3890.0,4580.0,17.74
CP-805742,2025-11-01,HW-PC-10026,Butterfly,3890.0,3720.0,-4.37
CP-805743,2025-11-01,HW-PC-10026,Pigeon,3890.0,3410.0,-12.34
CP-805744,2025-11-01,HW-PC-10026,Stove Kraft,3890.0,3610.0,-7.2
CP-805745,2025-12-01,HW-PC-10026,TTK Prestige,3890.0,4390.0,12.85
CP-805746,2025-12-01,HW-PC-10026,Butterfly,3890.0,3980.0,2.31
CP-805747,2025-12-01,HW-PC-10026,Pigeon,3890.0,3380.0,-13.11
CP-805748,2025-12-01,HW-PC-10026,Stove Kraft,3890.0,3550.0,-8.74
CP-805749,2026-01-01,HW-PC-10026,TTK Prestige,3890.0,4510.0,15.94
CP-805750,2026-01-01,HW-PC-10026,Butterfly,3890.0,3690.0,-5.14
CP-805751,2026-01-01,HW-PC-10026,Pigeon,3890.0,3660.0,-5.91
CP-805752,2026-01-01,HW-PC-10026,Stove Kraft,3890.0,4210.0,8.23
CP-805753,2026-02-01,HW-PC-10026,TTK Prestige,3890.0,4540.0,16.71
CP-805754,2026-02-01,HW-PC-10026,Butterfly,3890.0,4160.0,6.94
CP-805755,2026-02-01,HW-PC-10026,Pigeon,3890.0,3540.0,-9.0
CP-805756,2026-02-01,HW-PC-10026,Stove Kraft,3890.0,3660.0,-5.91
CP-805757,2026-03-01,HW-PC-10026,TTK Prestige,3890.0,4570.0,17.48
CP-805758,2026-03-01,HW-PC-10026,Butterfly,3890.0,4180.0,7.46
CP-805759,2026-03-01,HW-PC-10026,Pigeon,3890.0,3350.0,-13.88
CP-805760,2026-03-01,HW-PC-10026,Stove Kraft,3890.0,4580.0,17.74
